Date,Adj Close,Close,High,Low,Open,Volume,Ticker,Return_1D,Return_5D,Return_20D,MA_5,MA_20,MA_50,Volatility_5D,Volatility_20D,Volume_Change,Volume_MA,RSI,MACD,Target_Return,Target_Direction
2015-03-16,18.667499542236328,18.667499542236328,18.69700050354004,18.336000442504883,18.518999099731445,47082000,AMZN,0.007474781080550219,-0.013762677575744453,-0.022208825984740055,18.540499877929687,18.93509998321533,17.34762990951538,0.017476258071095454,0.013233584427867177,-0.0986330742428303,52395900.0,45.72592448772328,-0.18362795257058784,-0.0038301257588269078,0
2015-03-17,18.59600067138672,18.59600067138672,18.725000381469727,18.48200035095215,18.55550003051757,40740000,AMZN,-0.0038301257588269078,0.006522181477012889,-0.009349224400081568,18.564599990844727,18.926325035095214,17.411029930114747,0.013138229242438092,0.012731370028965537,-0.1347011596788582,50759700.0,37.980373587728074,-0.17325542573396618,0.008657737808293042,1
2015-03-18,18.756999969482425,18.756999969482425,18.79949951171875,18.334999084472656,18.49850082397461,53082000,AMZN,0.008657737808293042,0.023937518806935065,0.004740555746101549,18.652299880981445,18.93074998855591,17.483979930877684,0.012117578747016765,0.01282600129299539,0.3029455081001473,50763200.0,41.757688789941255,-0.15110010700622623,-0.005064739217841785,0
2015-03-19,18.66200065612793,18.66200065612793,18.855499267578125,18.60950088500977,18.693500518798828,38314000,AMZN,-0.005064739217841785,-0.002672041328877439,-0.015197894206672835,18.642300033569335,18.916349983215333,17.561929950714113,0.008147133682662448,0.012389059687214455,-0.2782110696658001,49725100.0,43.8059681617005,-0.1387138266244226,0.014065954686622861,1
2015-03-20,18.92449951171875,18.92449951171875,18.9685001373291,18.79599952697754,18.81450080871582,75272000,AMZN,0.014065954686622861,0.021344929431494908,-0.013475527563389322,18.72140007019043,18.90342493057251,17.641999950408934,0.008340152220020472,0.012492638549543082,0.964608237197891,50230700.0,43.55328848895111,-0.10996904467412016,-0.00893015522852103,0
2015-03-23,18.75550079345703,18.75550079345703,19.088499069213867,18.746999740600582,18.903499603271484,44786000,AMZN,-0.00893015522852103,0.00471414240678536,-0.013231923840122062,18.73900032043457,18.89084997177124,17.7166499710083,0.009849837895131887,0.012483920694790044,-0.4050111595281114,50293000.0,41.80187772408258,-0.09976444523484834,-0.002719233981242075,0
2015-03-24,18.70450019836425,18.70450019836425,18.761999130249023,18.613500595092773,18.699499130249023,44564000,AMZN,-0.002719233981242075,0.005834562436022983,-0.011886229143806992,18.760700225830078,18.879599952697752,17.793809967041014,0.009725970675752885,0.012467645339459503,-0.004956906176037168,50600400.0,42.439109818228424,-0.09395766706890768,-0.008366963084347923,0
2015-03-25,18.54800033569336,18.54800033569336,19.02499961853028,18.51449966430664,18.75849914550781,68590000,AMZN,-0.008366963084347923,-0.011142487291630254,-0.03739258697301184,18.718900299072267,18.84357500076294,17.873359966278077,0.009439067668999272,0.01178903079450146,0.5391347275828022,50855400.0,34.688664396817856,-0.09773032724621478,-0.009731508909358144,0
2015-03-26,18.36750030517578,18.36750030517578,18.56999969482422,18.28249931335449,18.47949981689453,58600000,AMZN,-0.009731508909358144,-0.015780749147891848,-0.04534820563002928,18.660000228881835,18.79995002746582,17.94596996307373,0.010006458984119813,0.011919517697712663,-0.14564805365213584,51098300.0,37.4999906428932,-0.1086183121705889,0.008738237108327551,1
2015-03-27,18.527999877929688,18.527999877929688,18.65850067138672,18.328500747680664,18.355499267578125,52196000,AMZN,0.008738237108327551,-0.020951657587749417,-0.025252501940161376,18.580700302124022,18.775950050354005,18.023259963989258,0.007744775167742182,0.011925976495636606,-0.10928327645051195,51175800.0,42.40120644412772,-0.10138591749020032,0.010875428556369249,1
2015-03-30,18.72949981689453,18.72949981689453,18.80599975585937,18.57749938964844,18.5935001373291,36418000,AMZN,0.010875428556369249,-0.0013863120398027728,-0.028704096976353344,18.575500106811525,18.748274993896484,18.110899963378905,0.009571368264057167,0.011702382048012097,-0.3022836999003755,50857500.0,55.33389889027471,-0.080327527402277,-0.006647282408785982,0
2015-03-31,18.604999542236328,18.604999542236328,18.88500022888184,18.57550048828125,18.66200065612793,50122000,AMZN,-0.006647282408785982,-0.005319610525419072,-0.03252644232676605,18.555599975585938,18.717000007629395,18.19225996017456,0.00997821085432451,0.011758673370738859,0.3762974353341755,51417100.0,56.09962900637377,-0.0723286762066451,-0.004944856555692212,0
2015-04-01,18.51300048828125,18.51300048828125,18.65800094604492,18.41699981689453,18.604999542236328,49162000,AMZN,-0.004944856555692212,-0.0018869876417220155,-0.03255639641076369,18.548600006103516,18.685850048065184,18.27307996749878,0.009452343117534078,0.011759134280169083,-0.01915326603088463,51616100.0,45.13923118853159,-0.07069560032038,0.005374533903473866,1
2015-04-02,18.612499237060547,18.612499237060547,18.66399955749512,18.450000762939453,18.52499961853028,37506000,AMZN,0.005374533903473866,0.013338719358329199,-0.04017230317198317,18.59759979248047,18.64689998626709,18.348079948425294,0.008004130661174311,0.011354031499718606,-0.23709369024856597,50797900.0,52.12630994058881,-0.060756005638853056,0.012867699427462798,1
2015-04-06,18.85199928283692,18.85199928283692,19.01000022888184,18.468000411987305,18.5049991607666,61014000,AMZN,0.012867699427462798,0.017487014628771558,-0.008024423537492331,18.662399673461913,18.639274978637694,18.414799938201906,0.008943537171536562,0.010986126081257513,0.6267797152455608,51221600.0,54.46840276462543,-0.037058064945747024,-0.0069752992676866965,0
2015-04-07,18.72050094604492,18.72050094604492,18.965499877929688,18.701499938964844,18.8075008392334,39098000,AMZN,-0.0069752992676866965,-0.00048046509183852226,-0.010962518804686683,18.66059989929199,18.628900051116943,18.476819953918458,0.008828008286724125,0.011057701490427289,-0.3591962500409742,50865100.0,52.930117808027205,-0.02957073195572127,0.018135119400701116,1
2015-04-08,19.059999465942383,19.059999465942383,19.07900047302246,18.732500076293945,18.732999801635746,52728000,AMZN,0.018135119400701116,0.024455787954905883,0.03163645669950599,18.751599884033205,18.658125019073488,18.548359947204588,0.010918119904785537,0.010345669658091958,0.3486111821576552,50380500.0,56.57838833026469,-0.002511075450836703,0.006138540562031336,1
2015-04-09,19.177000045776367,19.177000045776367,19.22100067138672,18.940000534057617,19.03300094604492,47846000,AMZN,0.006138540562031336,0.03586666342473377,0.04686516377781724,18.884399795532225,18.701049995422363,18.62514995574951,0.0094479571108568,0.01010804970859911,-0.09258837809133669,50277700.0,61.07528840016856,0.021204046856087302,-0.0023205063798260595,0
2015-04-10,19.13249969482422,19.13249969482422,19.356000900268555,19.06599998474121,19.215499877929688,51470000,AMZN,-0.0023205063798260595,0.02793823930578143,0.022472199873665444,18.98839988708496,18.72207498550415,18.70388994216919,0.010381552166586138,0.009085394663767819,0.07574300881996399,50041200.0,54.93594478723091,0.031224753604345304,-0.0007578551960238933,0
2015-04-13,19.11800003051757,19.11800003051757,19.263999938964844,19.006999969482425,19.17650032043457,37890000,AMZN,-0.0007578551960238933,0.014109948960311147,0.031788047020689936,19.04160003662109,18.751525020599367,18.774469947814943,0.009756234611136477,0.008731178810663714,-0.2638430153487469,49324000.0,59.28297205153973,0.03398017018423066,0.007192214809079056,1
2015-04-14,19.25550079345703,19.25550079345703,19.390499114990234,19.06049919128418,19.175500869750977,51672000,AMZN,0.007192214809079056,0.028578286924802798,0.03149866161187331,19.148600006103514,18.7809250831604,18.805049972534178,0.008109887530602726,0.008721398737754507,0.3637371338083928,49553500.0,63.51156806087064,0.04166026463321784,-0.004310466084251341,0
2015-04-15,19.17250061035156,19.17250061035156,19.28899955749512,19.082000732421875,19.232500076293945,38664000,AMZN,-0.004310466084251341,0.005902473639110006,0.03100128619869813,19.17110023498535,18.809750080108643,18.824029998779295,0.005169321651036629,0.008737750086810051,-0.2517417556897352,49449700.0,65.88658167117222,0.03785764110564219,0.006754436369916572,1
2015-04-16,19.302000045776367,19.302000045776367,19.372499465942383,19.177499771118164,19.184499740600582,41608000,AMZN,0.006754436369916572,0.006518224941420403,0.02905582327561196,19.196100234985348,18.83700008392334,18.84652000427246,0.005321855101715727,0.008666496267928262,0.07614318228843375,48876000.0,74.4059010886204,0.040532156211276066,-0.027147454491968093,0
2015-04-17,18.777999877929688,18.777999877929688,19.17799949645996,18.71999931335449,19.131500244140625,76794000,AMZN,-0.027147454491968093,-0.018528672287941084,0.006215797756049746,19.12520027160644,18.842800045013426,18.857330017089843,0.014024415581491867,0.010708750968495535,0.845654681791963,50800000.0,55.48727901762156,0.00532901485854495,0.03714454326424965,1
2015-04-20,19.475500106811523,19.475500106811523,19.597000122070312,18.850000381469727,18.927499771118164,100322000,AMZN,0.03714454326424965,0.018699658736441194,0.029115728780651384,19.196700286865234,18.870350074768066,18.872950019836427,0.023213890095987438,0.013213388171066931,0.3063781024559211,52052500.0,63.44630985311176,0.026171454858751053,0.004287433338775237,1
2015-04-21,19.55900001525879,19.55900001525879,19.729999542236328,19.34000015258789,19.56550025939941,92870000,AMZN,0.004287433338775237,0.01576168935086253,0.042840723404307335,19.257400131225587,18.910525035858154,18.889850006103515,0.02314798858055992,0.012991976005986006,-0.07428081577321022,54456700.0,67.45338225123274,0.041805868249332245,-0.0035278001987215646,0
2015-04-22,19.489999771118164,19.489999771118164,19.714000701904297,19.39999961853028,19.59550094604492,69494000,AMZN,-0.0035278001987215646,0.01656013303737658,0.04199521849948207,19.320899963378906,18.94980001449585,18.909090003967286,0.02308583503134428,0.01300926815428245,-0.2517066867664477,55703200.0,68.02583580315269,0.04352892217246887,0.0004874552925402398,1
2015-04-23,19.499500274658203,19.499500274658203,19.5939998626709,19.3075008392334,19.51049995422364,159600000,AMZN,0.0004874552925402398,0.010232112134154425,0.05129932724520159,19.360400009155274,18.997375011444092,18.926080017089845,0.02303519126813923,0.012781594502715144,1.2966011454226263,60253700.0,66.92750761847742,0.041352803261661464,0.1413112565602248,1
2015-04-24,22.2549991607666,22.2549991607666,22.63249969482422,21.950000762939453,21.950000762939453,343538000,AMZN,0.1413112565602248,0.18516345220150576,0.21165094819654695,20.055799865722655,19.19174995422363,18.996040000915528,0.06107582948043293,0.033291071870059086,1.1524937343358395,74500600.0,83.12890726255958,0.21199578432639185,-0.014693312812301018,0
2015-04-27,21.92799949645996,21.92799949645996,22.34950065612793,21.870500564575195,22.19300079345703,108618000,AMZN,-0.014693312812301018,0.12592741527549678,0.18350602552520034,20.546299743652344,19.361749935150147,19.057430000305175,0.0650882793839713,0.03375187983825088,-0.6838253701191717,77321700.0,80.08064420921119,0.28481200466824075,-0.02109173792187191,0
2015-04-28,21.465499877929688,21.465499877929688,21.950000762939453,21.402000427246094,21.925500869750977,82810000,AMZN,-0.02109173792187191,0.09747430140516178,0.14607971850733614,20.927599716186524,19.498549938201904,19.104910011291505,0.06808384303526362,0.03440706909053819,-0.2376033438288313,79641300.0,72.05060339633572,0.28319872531872736,0.00013977123367614475,1
2015-04-29,21.4685001373291,21.4685001373291,21.71199989318848,21.30150032043457,21.33749961853028,72434000,AMZN,0.00013977123367614475,0.10151361669807901,0.15391027495551235,21.32329978942871,19.64172496795654,19.158850021362305,0.06777937184206786,0.03429489310767847,-0.12529887694722863,80756900.0,71.4539850569293,0.26408069580768156,-0.017677035330704638,0
2015-04-30,21.089000701904297,21.089000701904297,21.58749961853028,20.96199989318848,21.355499267578125,72958000,AMZN,-0.017677035330704638,0.08151493140118204,0.13914547321778858,21.64119987487793,19.770524978637695,19.20726001739502,0.06963065492539329,0.03465828024518269,0.007234171797774636,81946700.0,67.2363788632596,0.20998109645833551,0.0025842226123322654,1
2015-05-01,21.14349937438965,21.14349937438965,21.28199958801269,20.799999237060547,21.19099998474121,71316000,AMZN,0.0025842226123322654,-0.049943825131048225,0.13598389475226758,21.418899917602538,19.89707498550415,19.251129989624022,0.010782617610694078,0.034671063772863456,-0.022506099399654644,83637200.0,67.71936018784163,0.16400987318768612,0.0004020646112508075,1
2015-05-04,21.152000427246094,21.152000427246094,21.488500595092773,21.121000289916992,21.239999771118164,45408000,AMZN,0.0004020646112508075,-0.03538850269214677,0.12200303585323824,21.263700103759767,20.01207504272461,19.290509986877442,0.011292893357232667,0.03467069549538678,-0.3632845364294127,82856900.0,66.97395707789931,0.12223397375537559,-0.004373141299976568,0
2015-05-05,21.059499740600582,21.059499740600582,21.3754997253418,21.051000595092773,21.14249992370605,57128000,AMZN,-0.004373141299976568,-0.01891407792215194,0.12494317333157823,21.182500076293945,20.129024982452393,19.331559982299805,0.008167571420619598,0.03462309051545946,0.2581042988019733,83758400.0,66.86025327932128,0.0785532926995367,-0.004962122471174668,0
2015-05-06,20.95499992370605,20.95499992370605,21.13599967956543,20.727500915527344,21.07150077819824,51050000,AMZN,-0.004962122471174668,-0.023918774499303908,0.09942290193395742,21.079800033569335,20.223775005340578,19.372069969177247,0.007867887509335153,0.034597448660361664,-0.10639266209214393,83674500.0,64.8357577766152,0.035023749599569776,0.018563585797238602,1
2015-05-07,21.3439998626709,21.3439998626709,21.424999237060547,21.14249992370605,21.207500457763672,55322000,AMZN,0.018563585797238602,0.012091571543433766,0.11299993803628339,21.130799865722658,20.332124996185303,19.41357997894287,0.009557121278622828,0.03472501549043235,0.08368266405484825,84048300.0,73.60191773487215,0.02528500272439871,0.0159529554029465,1
2015-05-08,21.684499740600582,21.684499740600582,21.76000022888184,21.50849914550781,21.537500381469727,58176000,AMZN,0.0159529554029465,0.02558707793026116,0.13338560493832063,21.23899993896484,20.459724998474123,19.46246997833252,0.01131493157237284,0.034737728910583694,0.05158887965004877,84383600.0,71.74640930909567,0.034083403264011713,-0.0019368589267426684,0
2015-05-11,21.64249992370605,21.64249992370605,21.950000762939453,21.568500518798828,21.6254997253418,47874000,AMZN,-0.0019368589267426684,0.023189272246238346,0.13204832561767366,21.337099838256833,20.585949993133546,19.51515998840332,0.011603246875212444,0.034752251959961816,-0.17708333333333337,84882800.0,70.67990609973113,0.029551382078982336,-0.004227761531053753,0
2015-05-12,21.551000595092773,21.551000595092773,21.662500381469727,21.33550071716309,21.554000854492188,38956000,AMZN,-0.004227761531053753,0.02333867663269462,0.11921267726341078,21.43540000915527,20.70072498321533,19.560519981384278,0.011575135210773142,0.034838401695846934,-0.1862806533817939,84247000.0,70.36563061650362,0.013675390074070704,-0.00962834448674832,0
2015-05-13,21.3435001373291,21.3435001373291,21.67650032043457,21.290000915527344,21.499000549316406,39926000,AMZN,-0.00962834448674832,0.018539738250418436,0.11323507408341826,21.51310005187988,20.80927495956421,19.602779998779297,0.012681871409621907,0.03494285023450576,0.0248998870520587,84310100.0,67.53519146952613,-0.015912627379594313,0.012673656212196072,1
2015-05-14,21.61400032043457,21.61400032043457,21.64999961853028,21.350500106811523,21.47249984741211,37770000,AMZN,0.012673656212196072,0.012649946565820747,0.11978034758963285,21.56710014343262,20.92487497329712,19.652340011596678,0.011141232630652299,0.034975358994426636,-0.05399989981465714,84118200.0,38.44213639646457,-0.02200287167145132,-0.014527670894737499,0
2015-05-15,21.299999237060547,21.299999237060547,21.520000457763672,21.21500015258789,21.39999961853028,84806000,AMZN,-0.014527670894737499,-0.017731582842103744,0.134306069630719,21.49020004272461,21.050974941253664,19.69050998687744,0.010292254527556634,0.034451724105309625,1.245326979083929,84518800.0,38.62318464999119,-0.0502972626334961,-0.0017840426372131013,0
2015-05-18,21.261999130249023,21.261999130249023,21.363500595092773,21.07299995422364,21.299999237060547,47804000,AMZN,-0.0017840426372131013,-0.017581184927728533,0.09173058528097444,21.414099884033202,21.14029989242554,19.735659980773924,0.010298390972439198,0.033742161200573974,-0.43631346838667073,81892900.0,45.643316523408,-0.0732971686628704,-0.008301120322916078,0
2015-05-19,21.08550071716309,21.08550071716309,21.41200065612793,21.0314998626709,21.24349975585937,49284000,AMZN,-0.008301120322916078,-0.02159991949680884,0.07804594819333377,21.320999908447266,21.21662492752075,19.77881000518799,0.01052900286770509,0.03387132899956072,0.030959752321981338,79713600.0,42.367485202647394,-0.10044448030332509,0.005098293739187243,1
2015-05-20,21.19300079345703,21.19300079345703,21.354999542236328,20.917999267578125,21.030000686645508,43924000,AMZN,0.005098293739187243,-0.00705129631521173,0.08737819611791431,21.290900039672852,21.301774978637695,19.8331600189209,0.010728458075284098,0.033821703814141076,-0.1087574060547033,78435100.0,52.32454435076806,-0.11041514508879513,0.01833144395456987,1
2015-05-21,21.581499099731445,21.581499099731445,21.84499931335449,21.39999961853028,21.39999961853028,82428000,AMZN,0.01833144395456987,-0.0015037114935358975,0.10677190675388926,21.284399795532227,21.405874919891357,19.89841999053955,0.012697432039373312,0.03393986758218469,0.8766050450778617,74576500.0,58.518083837310776,-0.0909128326441172,-0.009267143800650524,0
2015-05-22,21.381500244140625,21.381500244140625,21.621999740600582,21.38050079345703,21.57749938964844,40412000,AMZN,-0.009267143800650524,0.0038263384976218173,-0.0392495596299941,21.300699996948243,21.362199974060058,19.951809997558595,0.011365305856825788,0.011593952091382061,-0.5097297034988111,59420200.0,54.15384742851147,-0.0913090778006212,-0.005051086238223035,0
2015-05-26,21.273500442504883,21.273500442504883,21.350000381469727,21.100000381469727,21.309999465942383,44884000,AMZN,-0.005051086238223035,0.000540932778023473,-0.02984764086941627,21.303000259399415,21.329475021362306,20.006700019836426,0.011642649140213361,0.01123032789354418,0.1106601999406116,56233500.0,53.851709956264195,-0.09807730498147388,0.013984473491185145,1
2015-05-27,21.57099914550781,21.57099914550781,21.592500686645508,21.2504997253418,21.372499465942383,44622000,AMZN,0.013984473491185145,0.023025226427254575,0.004914829292496092,21.40009994506836,21.33474998474121,20.064770011901857,0.011856522389851753,0.010729891790466956,-0.0058372694055788266,54324100.0,60.36688436542838,-0.0823830601319494,-0.011241871375144208,0
2015-05-28,21.328500747680664,21.328500747680664,21.5674991607666,21.273500442504883,21.48550033569336,38248000,AMZN,-0.011241871375144208,0.006393618135732249,-0.006521153725360107,21.427199935913087,21.32775001525879,20.119420013427735,0.013786335849831993,0.011036271157978332,-0.14284433687418763,52614800.0,49.725630179464744,-0.08770607701757183,0.006235760391197553,1
2015-05-29,21.46150016784668,21.46150016784668,21.625,21.36149978637696,21.36149978637696,60322000,AMZN,0.006235760391197553,-0.005560268604615115,0.017663210846626143,21.403200149536133,21.346374988555908,20.17351001739502,0.010799542442323621,0.010323415915284028,0.5771282158544238,51983000.0,45.73939294111477,-0.08175997164215698,0.003937253149593589,1
2015-06-01,21.54599952697754,21.54599952697754,21.65800094604492,21.309999465942383,21.520000457763672,45066000,AMZN,0.003937253149593589,0.0076935332394176825,0.01903659112717282,21.436100006103516,21.366499996185304,20.231189994812013,0.009867562369350581,0.010339273871738454,-0.25290938629355786,50670500.0,48.185736620910305,-0.07197111649851434,0.00016244244026974997,1
2015-06-02,21.54949951171875,21.54949951171875,21.661500930786133,21.3125,21.50349998474121,33378000,AMZN,0.00016244244026974997,0.012973843677480446,0.018792505505088597,21.49129981994629,21.386374950408936,20.28368999481201,0.009248663520875984,0.010340134604241024,-0.25935294900812145,50069000.0,49.9708130007128,-0.06529200232001026,0.012993373070833147,1
2015-06-03,21.82950019836425,21.82950019836425,21.91950035095215,21.637500762939453,21.71999931335449,54558000,AMZN,0.012993373070833147,0.011983731078598403,0.036563093485035836,21.54300003051758,21.42487497329712,20.345169982910157,0.008949882180286597,0.010592865770221591,0.6345497033974474,49940500.0,59.19064444595129,-0.04311770121473446,-0.01330770921135882,0
2015-06-04,21.53899955749512,21.53899955749512,21.83799934387207,21.46299934387207,21.71999931335449,50216000,AMZN,-0.01330770921135882,0.009869367392705497,0.02786922624267829,21.58509979248047,21.454074954986574,20.401859970092772,0.009750017400075224,0.011030675759608312,-0.0795850287767147,49898800.0,48.59232476551877,-0.04870351860462108,-0.008890835879903913,0
2015-06-05,21.34749984741211,21.34749984741211,21.540000915527344,21.325000762939453,21.482999801635746,38158000,AMZN,-0.008890835879903913,-0.0053118523655379946,0.00016397979590188072,21.562299728393555,21.454249954223634,20.45784996032715,0.010431742458107102,0.010481253138988553,-0.24012267006531784,49040600.0,50.934502286723806,-0.06496700939755362,-0.008080600144492966,0
2015-06-08,21.174999237060547,21.174999237060547,21.34000015258789,21.07150077819824,21.2810001373291,43450000,AMZN,-0.008080600144492966,-0.017218987193073465,-0.0234960690647652,21.488099670410158,21.428774929046632,20.513999938964844,0.010388101762654603,0.009926286056812708,0.1386865139682374,48304300.0,48.37443718455783,-0.08570994884170596,0.00467536880062136,1
2015-06-09,21.27400016784668,21.27400016784668,21.374500274658203,20.957000732421875,21.14800071716309,45774000,AMZN,0.00467536880062136,-0.012784489204598515,-0.017026672388051445,21.43299980163574,21.410349941253664,20.568919944763184,0.010958108280746422,0.010008175973773913,0.05348676639815886,48199300.0,53.62708828797084,-0.09065119636830365,0.012433000950446749,1
2015-06-10,21.53849983215332,21.53849983215332,21.61000061035156,21.28300094604492,21.32299995422364,43446000,AMZN,0.012433000950446749,-0.013330601413986343,-0.0005800548742177503,21.374799728393555,21.40972490310669,20.62509994506836,0.01076084228202743,0.010394715077625542,-0.05085856599816485,48423800.0,56.269273392664,-0.07466086621881907,0.0051071621147611435,1
2015-06-11,21.648500442504883,21.648500442504883,21.944499969482425,21.57349967956543,21.614500045776367,58450000,AMZN,0.0051071621147611435,0.005083842669547645,0.014290079097305286,21.396699905395508,21.42497491836548,20.68596996307373,0.009238027982500216,0.0101949885975504,0.345348248400313,49350000.0,51.35247100857809,-0.05607886969221029,-0.007044374874504933,0
2015-06-12,21.496000289916992,21.496000289916992,21.61800003051757,21.413000106811523,21.5625,41088000,AMZN,-0.007044374874504933,0.006956338848405519,-0.005459425778115534,21.426399993896485,21.419074916839598,20.745629959106445,0.008766210807843289,0.009932169790800608,-0.29704020530367836,49515900.0,52.356454174540374,-0.05347093620609886,-0.014537588192468642,0
2015-06-15,21.183500289916992,21.183500289916992,21.40250015258789,21.131999969482425,21.382999420166016,41020000,AMZN,-0.014537588192468642,0.0004014665011919938,-0.005469434334103407,21.428100204467775,21.413249969482422,20.797049980163575,0.010763434591986318,0.009932921555347255,-0.0016549844236760647,47326600.0,48.29156812510589,-0.07110089354084054,0.008473603388360784,1
2015-06-16,21.363000869750977,21.363000869750977,21.398500442504883,21.13349914550781,21.207500457763672,45928000,AMZN,0.008473603388360784,0.004183543348787344,0.004750340684487098,21.44590034484863,21.418300056457518,20.847270011901855,0.011286065340258934,0.010111532852378912,0.11964895173086298,47232800.0,45.866490183904475,-0.06893099635283001,0.0012871901942481667,1
2015-06-17,21.390499114990234,21.390499114990234,21.5674991607666,21.237499237060547,21.417999267578125,43718000,AMZN,0.0012871901942481667,-0.00687144965138875,0.014464840172321969,21.416300201416014,21.43354997634888,20.900669975280763,0.009374046973964928,0.009908251568642737,-0.04811879463508095,46954500.0,51.347204504027324,-0.06400800973773682,0.02706811420855071,1
2015-06-18,21.96949958801269,21.96949958801269,21.98649978637696,21.47050094604492,21.51499938964844,67568000,AMZN,0.02706811420855071,0.014827777395498343,0.036639398173164306,21.48050003051758,21.47237491607666,20.958859977722167,0.01597351278623802,0.011503414406102338,0.5455418820623084,48136700.0,59.246434572495865,-0.022276040130122715,-0.010173162897968213,0
2015-06-19,21.746000289916992,21.746000289916992,22.249500274658203,21.66200065612793,22.01300048828125,89902000,AMZN,-0.010173162897968213,0.011630070553974914,0.007622324539428904,21.53050003051758,21.48059997558594,21.01023998260498,0.016519733572490668,0.011114947247371748,0.3305410845370589,48510400.0,53.46501477764797,-0.010823460902471799,0.0031500284137579992,1
2015-06-22,21.81450080871582,21.81450080871582,21.96199989318848,21.708999633789062,21.850000381469727,36472000,AMZN,0.0031500284137579992,0.029787358565060762,0.020251177870171055,21.656700134277344,21.502250003814698,21.06388000488281,0.013618743679737704,0.010888793813363034,-0.5943138083691131,48313400.0,54.49002213712092,-0.0002903650771626798,0.022232858191701288,1
2015-06-23,22.29949951171875,22.29949951171875,22.35199928283692,21.684499740600582,21.77949905395508,64900000,AMZN,0.022232858191701288,0.04383741065581348,0.048228972565506956,21.8439998626709,21.55354995727539,21.127509994506838,0.015511876387800603,0.011757478562815522,0.779447247203334,49314200.0,57.446123144852876,0.03569485697758251,-0.011547330678381318,0
2015-06-24,22.04199981689453,22.04199981689453,22.32349967956543,22.011499404907227,22.24850082397461,52416000,AMZN,-0.011547330678381318,0.030457480136484083,0.021834902880927043,21.97430000305176,21.577099990844726,21.183239974975585,0.017922518958803136,0.011822031203754451,-0.19235747303543915,49703900.0,58.053160257024864,0.03828070492337826,-0.0016786433370519216,0
2015-06-25,22.0049991607666,22.0049991607666,22.17350006103516,21.819499969482425,21.903499603271484,44750000,AMZN,-0.0016786433370519216,0.001615857139198651,0.0317180481220416,21.981399917602538,21.610924911499023,21.239889945983887,0.013629816051667283,0.011483128062679496,-0.14625305250305254,50029000.0,61.074604731972094,0.033781401862581745,-0.004544352553277231,0
2015-06-26,21.905000686645508,21.905000686645508,22.17449951171875,21.75300025939941,22.08799934387207,52490000,AMZN,-0.004544352553277231,0.007311707652383204,0.020664935597711542,22.01319999694824,21.633099937438963,21.29194995880127,0.012742078693197547,0.01150827898972264,0.17296089385474867,49637400.0,62.603624886965186,0.0209797560961775,-0.018808520575811505,0
2015-06-29,21.49300003051757,21.49300003051757,21.850000381469727,21.450000762939453,21.749000549316406,55064000,AMZN,-0.018808520575811505,-0.014737938814982976,-0.002459830020584919,21.94889984130859,21.630449962615966,21.346249961853026,0.015521829621484127,0.01230779268422948,0.04903791198323493,50137300.0,53.412278246046256,-0.016313621279807095,0.009840420953164841,1
2015-06-30,21.70450019836425,21.70450019836425,21.778499603271484,21.52300071716309,21.709999084472656,51938000,AMZN,0.009840420953164841,-0.026682182397942067,0.007192774317622108,21.829899978637695,21.638199996948238,21.390829963684084,0.010775150499244488,0.012505313811796594,-0.05677030364666569,51065300.0,52.629918556892825,-0.027175413061295256,0.007602064395435981,1
2015-07-01,21.86949920654297,21.86949920654297,22.0,21.77899932861328,21.967500686645508,39742000,AMZN,0.007602064395435981,-0.00782599636079051,0.0018323373332072013,21.795399856567382,21.640199947357175,21.437039947509767,0.011405437505631656,0.01227630865730839,-0.23481843736763064,50324500.0,53.44127991484341,-0.023806663095054276,0.0007316467345481747,1
2015-07-02,21.88549995422364,21.88549995422364,21.90999984741211,21.67399978637696,21.850000381469727,26868000,AMZN,0.0007316467345481747,-0.005430548107269173,0.016087116572131688,21.771500015258788,21.657524967193602,21.484949951171874,0.01144779770487582,0.011859839685313334,-0.3239394091892708,49157100.0,56.334363573423616,-0.021149541389666626,-0.0038153073323398123,0
2015-07-06,21.802000045776367,21.802000045776367,21.98649978637696,21.676000595092773,21.761499404907227,38064000,AMZN,-0.0038153073323398123,-0.004702151912368335,0.021290558688977113,21.750899887084962,21.680249977111817,21.53099994659424,0.011396464717796706,0.011693234770599682,0.41670388566324257,49152400.0,60.868043918330066,-0.025379440541597298,0.0015595081486619033,1
2015-07-07,21.836000442504883,21.836000442504883,21.886499404907227,21.278499603271484,21.78400039672852,69084000,AMZN,0.0015595081486619033,0.015958703368552207,0.031216114723038535,21.819499969482422,21.713300037384034,21.522619972229005,0.005510683845909926,0.011491017058997828,0.8149432534678436,50434100.0,58.75926124771817,-0.02614781278710035,-0.016074364583272494,0
2015-07-08,21.48500061035156,21.48500061035156,21.79949951171875,21.441499710083008,21.717500686645508,47662000,AMZN,-0.016074364583272494,-0.010113091110443229,0.00991823074363718,21.775600051879884,21.723850059509275,21.513759994506835,0.008855996688880156,0.012118380851087646,-0.3100862717850732,50528500.0,51.56278387871685,-0.049216506707798174,0.0109145436816116,1
2015-07-09,21.71949958801269,21.71949958801269,21.93600082397461,21.707500457763672,21.7450008392334,45428000,AMZN,0.0109145436816116,-0.006858850178215303,0.008403545152628089,21.745600128173827,21.732900047302245,21.518839988708496,0.009824730317330386,0.012044632959598242,-0.04687172170702025,50627600.0,45.33407472486168,-0.04757597058630364,0.020995017858973064,1
2015-07-10,22.175500869750977,22.175500869750977,22.23600006103516,21.950000762939453,22.02449989318848,48020000,AMZN,0.020995017858973064,0.013250824341866085,0.024343507239484197,21.803600311279297,21.75925006866455,21.532980003356933,0.014128091364011322,0.012861604685399963,0.05705732147574194,50106100.0,57.37593549536698,-0.016289972549019677,0.027192113362501047,1
2015-07-13,22.778499603271484,22.778499603271484,22.89349937438965,22.37700080871582,22.41449928283692,79136000,AMZN,0.027192113362501047,0.04478944846549937,0.059662229998948435,21.99890022277832,21.823375034332273,21.566769981384276,0.017048089731617092,0.013929190925230898,0.6479800083298626,52008500.0,63.98722529259213,0.041355325076726374,0.021950523902293684,1
2015-07-14,23.278499603271484,23.278499603271484,23.479999542236328,22.90800094604492,23.11599922180176,94724000,AMZN,0.021950523902293684,0.06606059404352749,0.09889769323682907,22.28740005493164,21.928124999999998,21.609469985961915,0.017285224731671302,0.01390171005440511,0.1969773554387384,54693700.0,64.14331849043279,0.10583286356351823,-0.00940781692992465,0
2015-07-15,23.059499740600582,23.059499740600582,23.23500061035156,23.01000022888184,23.152000427246094,59748000,AMZN,-0.00940781692992465,0.07328364372912444,0.07941294770304341,22.60229988098144,22.012949943542477,21.647619972229005,0.014517903566841706,0.014225457607148004,-0.3692411638022043,55384700.0,64.86486938348985,0.12508659312322926,0.030985079263800452,1
2015-07-16,23.77400016784668,23.77400016784668,23.79400062561035,23.239999771118164,23.27499961853028,81912000,AMZN,0.030985079263800452,0.0945924454432594,0.11142802419164277,23.01319999694824,22.1321249961853,21.701909980773927,0.016033435713543834,0.015434371236815934,0.370958023699538,57294400.0,71.57319104197077,0.17427431308688102,0.01583659347889599,1
2015-07-17,24.15049934387207,24.15049934387207,24.270999908447266,23.862499237060547,23.88500022888184,98644000,AMZN,0.01583659347889599,0.08906218108539488,0.09927398423992351,23.40819969177246,22.24117498397827,21.765819969177247,0.015986017947832536,0.014795942020792515,0.20426799492137904,58848200.0,75.65405095387037,0.21767792012667087,0.01053813998417441,1
2015-07-20,24.405000686645508,24.405000686645508,24.65999984741211,24.270000457763672,24.62849998474121,95050000,AMZN,0.01053813998417441,0.07140510181541648,0.12227537759950358,23.733499908447264,22.374125003814694,21.82703998565674,0.015124361897593265,0.01440908361138621,-0.03643404565913788,59105600.0,84.51055642230371,0.24689911971994638,-0.00020491981046999452,0
2015-07-21,24.39999961853028,24.39999961853028,24.444000244140625,24.127500534057617,24.395000457763672,63636000,AMZN,-0.00020491981046999452,0.04817750432253742,0.11852202498172426,23.957799911499027,22.503399944305418,21.881349983215333,0.015447633983800708,0.01446200167019417,-0.3304997369805366,60463800.0,83.58877143479168,0.24857566686184607,0.0005532874522173881,1
2015-07-22,24.41349983215332,24.41349983215332,24.625,24.2450008392334,24.29949951171875,62298000,AMZN,0.0005532874522173881,0.058717669801342964,0.09480034829138773,24.228599929809572,22.609099960327146,21.936769981384277,0.012808459384016228,0.013962615214252181,-0.021025834433339607,60333700.0,82.94482425083116,0.23351402645598085,-0.01247263120517228,0
2015-07-23,24.108999252319336,24.108999252319336,24.58300018310547,23.78499984741211,24.58300018310547,187488000,AMZN,-0.01247263120517228,0.014090985198432326,0.09377549462823742,24.295599746704106,22.712449932098387,21.98792995452881,0.010921876638008109,0.014020456187226173,2.0095348165270153,67087300.0,76.79236454130329,0.18792447701410342,0.09797177370770194,1
2015-07-24,26.47100067138672,26.47100067138672,29.028499603271484,26.467500686645508,28.949499130249023,438188000,AMZN,0.09797177370770194,0.09608502476382341,0.20295395050878673,24.759700012207034,22.93575000762939,22.090479965209962,0.0447420293905409,0.025047651998277947,1.337152244410309,86759200.0,86.31765884054745,0.2953321153659145,0.003758783055256787,1
2015-07-27,26.570499420166016,26.570499420166016,27.247499465942383,26.32999992370605,26.387500762939453,149820000,AMZN,0.003758783055256787,0.08873176285979278,0.21298783781206865,25.192799758911136,23.169024944305416,22.18960994720459,0.04517370359404689,0.02486962661057037,-0.6580919605283577,91625700.0,86.45566924612237,0.34794418466414223,-0.010123976048688199,0
2015-07-28,26.30150032043457,26.30150032043457,26.819499969482425,26.1560001373291,26.799999237060547,105462000,AMZN,-0.010123976048688199,0.07793035785378533,0.223724016335062,25.573099899291993,23.409449958801268,22.28963996887207,0.046370662314127294,0.02441208523473195,-0.29607529034841806,94145600.0,87.56140537199025,0.3391437342437218,0.005646082569271016,1
2015-07-29,26.450000762939453,26.450000762939453,26.648500442504883,26.2509994506836,26.54599952697754,75052000,AMZN,0.005646082569271016,0.08341700062618629,0.21864131959752964,25.98040008544922,23.64672498703003,22.39340000152588,0.046002733055334484,0.024435299959040216,-0.2883503062714532,95301300.0,87.39229612967137,0.3181833086333582,0.014669133071491647,1
2015-07-30,26.83799934387207,26.83799934387207,26.959999084472656,26.214500427246094,26.38249969482422,74862000,AMZN,0.014669133071491647,0.11319425012177553,0.22718856478627614,26.526200103759766,23.895149993896485,22.50844997406006,0.043176543973854335,0.02444674587475772,-0.002531578105846588,97057300.0,87.25528327214785,0.30525903385865816,-0.0011363926292679016,0
2015-07-31,26.8075008392334,26.8075008392334,27.14200019836425,26.72599983215332,26.95450019836425,60512000,AMZN,-0.0011363926292679016,0.012712030497978644,0.2248978042678833,26.5935001373291,24.14125003814697,22.620739974975585,0.009112335319485163,0.024489803987112993,-0.19168603563890896,98739500.0,85.43537039975821,0.27064592118030406,-0.0020890296168917244,0
2015-08-03,26.75149917602539,26.75149917602539,27.02199935913086,26.468000411987305,26.872499465942383,60284000,AMZN,-0.0020890296168917244,0.006812056973306335,0.22702041646898685,26.629700088500975,24.388724994659423,22.724139976501466,0.009293916224758883,0.024439808871791542,-0.0037678476996297894,99850500.0,83.1329786730738,0.222008732848332,-0.005850134291208509,0
2015-08-04,26.59499931335449,26.59499931335449,26.84749984741211,26.45800018310547,26.48450088500977,58692000,AMZN,-0.005850134291208509,0.011159020943451115,0.21794279054812504,26.688399887084962,24.626674938201905,22.828409957885743,0.008088189387454597,0.02463866959454072,-0.026408333886271618,99330900.0,84.1363213464623,0.16021160425215575,0.009607099080793713,1
2015-08-05,26.850500106811523,26.850500106811523,26.957000732421875,26.70599937438965,26.940000534057617,57788000,AMZN,0.009607099080793713,0.015141751694511596,0.24973234089064178,26.768499755859374,24.894949913024902,22.939949951171876,0.008676796847924498,0.023854982243915378,-0.015402439855516925,99837200.0,82.59348409984251,0.11933335235657805,-0.014059348338240296,0
2015-08-06,26.472999572753903,26.472999572753903,27.136999130249023,26.3759994506836,26.96500015258789,76410000,AMZN,-0.014059348338240296,-0.013600111038139184,0.21885863279118722,26.69549980163574,25.132624912261964,23.037989959716796,0.00856213797326643,0.024529500026099157,0.3222468332525783,101386300.0,74.60013584370779,0.05304090185927435,-0.01291878742396313,0
2015-08-07,26.131000518798828,26.131000518798828,26.472999572753903,25.910499572753903,26.45800018310547,79384000,AMZN,-0.01291878742396313,-0.025235486310029143,0.17837250541851102,26.560199737548828,25.330399894714354,23.13403995513916,0.00958284355161473,0.02491447313287865,0.03892160711948689,102954500.0,67.94924739475172,-0.023560785590784672,0.002640551175642436,1
2015-08-10,26.200000762939453,26.200000762939453,26.61400032043457,26.14999961853028,26.426000595092773,52318000,AMZN,0.002640551175642436,-0.020615607725648077,0.15020748597403522,26.44990005493164,25.501474952697755,23.228809967041016,0.010165393455746604,0.024548321292152564,-0.34095031744432125,101613600.0,68.47291913225021,-0.07632580117392229,0.006602993255993894,1
2015-08-11,26.37299919128418,26.37299919128418,26.448999404907227,26.100000381469727,26.1825008392334,53532000,AMZN,0.006602993255993894,-0.00834743853363562,0.1329338076229709,26.40550003051758,25.65619993209839,23.32534996032715,0.011115501578264245,0.024304742283786852,0.023204250927023162,99554000.0,69.47232590105814,-0.10457354021983445,-0.0029385884057527845,0
2015-08-12,26.295499801635746,26.295499801635746,26.375,25.652999877929688,26.1875,79246000,AMZN,-0.0029385884057527845,-0.0206700174286506,0.14033262201857655,26.294499969482423,25.817999935150148,23.42026996612549,0.009196352597467717,0.02412388168949362,0.4803482029440336,100528900.0,72.75473016427547,-0.1317213734373659,0.00713049766745022,1
2015-08-13,26.482999801635746,26.482999801635746,26.732999801635746,26.27449989318848,26.36849975585937,57904000,AMZN,0.00713049766745022,0.00037775201311651685,0.11394799422323865,26.29650001525879,25.9534499168396,23.51333995819092,0.008320051216077248,0.023448076718204345,-0.2693132776417737,99328500.0,50.22812075061198,-0.13954481109842676,0.0035117023254125357,1
2015-08-14,26.576000213623047,26.576000213623047,26.70549964904785,26.412500381469727,26.412500381469727,39896000,AMZN,0.0035117023254125357,0.017029569706069392,0.1004327419990354,26.385499954223633,26.07472496032715,23.614079971313476,0.004029335027377005,0.02332814293594385,-0.31099751312517265,96391100.0,50.10483704455501,-0.1405586665578329,0.006961147819661395,1
2015-08-17,26.76099967956543,26.76099967956543,26.937000274658203,26.356000900268555,26.56450080871582,51634000,AMZN,0.006961147819661395,0.02141217176678567,0.0965375507737285,26.497699737548828,26.192524909973145,23.722349967956543,0.004283835613886606,0.02329747816418846,0.2942149588931222,94220300.0,59.04705323907865,-0.13105973350824018,-0.00037368667096038255,0
2015-08-18,26.7509994506836,26.7509994506836,26.97450065612793,26.64999961853028,26.75200080871582,41426000,AMZN,-0.00037368667096038255,0.014332850680264908,0.09635245364380585,26.573299789428717,26.310074901580812,23.833869972229003,0.0044598660499343854,0.023299440841053197,-0.19769919045590112,93109800.0,56.26820165647999,-0.12761525137998353,-0.0039250698812172136,0
2015-08-19,26.645999908447266,26.645999908447266,26.862499237060547,26.450000762939453,26.687000274658203,46480000,AMZN,-0.0039250698812172136,0.013329281034989648,0.09144531065364392,26.64339981079102,26.421699905395506,23.941309967041015,0.004790016042627446,0.023364382219775135,0.12200067590402153,92318900.0,45.467431407882096,-0.13391792051067852,-0.03216243916147654,0
2015-08-20,25.78899955749512,25.78899955749512,26.662500381469727,25.78849983215332,26.519500732421875,88160000,AMZN,-0.03216243916147654,-0.02620549972959485,0.06968353549615558,26.50459976196289,26.505699920654298,24.026319961547852,0.015617931354914372,0.02450973576128507,0.8967297762478486,87352500.0,32.70502135686371,-0.19368522765786556,-0.041316075756407056,0
2015-08-21,24.723499298095703,24.723499298095703,25.616500854492188,24.723499298095703,25.36800003051757,134130000,AMZN,-0.041316075756407056,-0.06970578343755951,-0.06601568996142793,26.134099578857423,26.418324851989745,24.087819938659667,0.021227690225380003,0.013703686419280213,0.5214382940108893,72149600.0,24.355075700639745,-0.2966945623811592,-0.06289556260132323,0
2015-08-24,23.168500900268555,23.168500900268555,23.82900047302246,22.549999237060547,23.179000854492188,201952000,AMZN,-0.06289556260132323,-0.13424381832940602,-0.12803667955580356,25.415599822998047,26.248224925994872,24.1212699508667,0.026244375444213087,0.01898095653807983,0.5056437784239172,74756200.0,17.991590200445444,-0.4519696434255681,0.006474291072001703,1
2015-08-25,23.318500518798828,23.318500518798828,24.472000122070312,23.3125,24.374500274658203,113586000,AMZN,0.006474291072001703,-0.12831292296995123,-0.11341557573877803,24.729100036621094,26.099074935913087,24.163969955444337,0.028163791416705074,0.019182906175819723,-0.4375594200602123,75162400.0,16.342649795324235,-0.5220249849209162,0.07376114566062553,1
2015-08-26,25.03849983215332,25.03849983215332,25.18600082397461,23.9379997253418,24.201000213623047,127172000,AMZN,0.07376114566062553,-0.06032800727377996,-0.053364872970584676,24.407600021362306,26.02849988937378,24.237479934692384,0.05373454675495531,0.026118702458689146,0.11960981106826551,77768400.0,39.11525234652266,-0.4336103146319188,0.03514591824647484,1
2015-08-27,25.918500900268555,25.918500900268555,26.13450050354004,25.363000869750977,25.68549919128418,122290000,AMZN,0.03514591824647484,0.005021572957288223,-0.034261065134628454,24.433500289916992,25.982524967193605,24.32803997039795,0.05557826918051402,0.02720250491978483,-0.038388953543232796,80139800.0,48.50929697411811,-0.30312299415037264,-0.0006945446600384875,0
2015-08-28,25.90049934387207,25.90049934387207,26.075000762939453,25.652000427246094,25.875,54934000,AMZN,-0.0006945446600384875,0.04760653140500315,-0.03383386988592052,24.668900299072266,25.93717489242554,24.406659965515136,0.05034313792025335,0.027202902418261177,-0.5507891078583694,79860900.0,47.883830266543725,-0.2097232635498541,-0.009883925713222386,0
2015-08-31,25.644500732421875,25.644500732421875,25.97050094604492,25.453500747680664,25.82200050354004,60046000,AMZN,-0.009883925713222386,0.10686922916642483,-0.04138080024298618,25.16410026550293,25.88182497024536,24.484629974365234,0.033982731198688054,0.027269513942569736,0.09305712309316627,79849000.0,44.91236370892352,-0.15917589830329731,-0.03187822124693118,0
2015-09-01,24.82699966430664,24.82699966430664,25.5,24.671499252319336,24.957000732421875,77290000,AMZN,-0.03187822124693118,0.06469108698870651,-0.06647864992273411,25.465800094604493,25.793424987792967,24.54487995147705,0.04155480463436133,0.028083944780969112,0.2871798287979217,80778900.0,40.70510692331705,-0.17360832282614458,0.028215269575580182,1
2015-09-02,25.52750015258789,25.52750015258789,25.542999267578125,24.88599967956543,25.254499435424805,74142000,AMZN,0.028215269575580182,0.019529936845761764,-0.04927282355862006,25.563600158691408,25.72727499008179,24.609439964294435,0.027651097554967856,0.0288241906005102,-0.040729719239228857,81596600.0,44.320953309241204,-0.13074124768092218,-0.01141906139693738,0
2015-09-03,25.23600006103516,25.23600006103516,25.79199981689453,25.12849998474121,25.725000381469727,62994000,AMZN,-0.01141906139693738,-0.02633257385755372,-0.046726836085166035,25.42709999084473,25.66542501449585,24.673319969177246,0.021847194831239005,0.028772679647108123,-0.15036011977017072,80925800.0,42.21925361113746,-0.11721629289419777,-0.01133298848486275,0
2015-09-04,24.950000762939453,24.950000762939453,25.14249992370605,24.78199958801269,24.88249969482422,53850000,AMZN,-0.01133298848486275,-0.036698079381141335,-0.04519535159052768,25.237000274658204,25.60637502670288,24.732220001220703,0.021825006194974027,0.028743171133580683,-0.14515668158872275,79649100.0,39.60629626475365,-0.1221732037461969,0.03715430931582686,1
2015-09-08,25.87700080871582,25.87700080871582,25.917499542236328,25.425500869750977,25.434499740600582,76214000,AMZN,0.03715430931582686,0.009066274236331662,-0.012328242168623271,25.283500289916994,25.590225028991703,24.81166000366211,0.02927682604368112,0.03003821276531293,0.41530176415970277,80843900.0,45.461633252244404,-0.06076509868683219,-0.0012559887037674189,0
2015-09-09,25.84449958801269,25.84449958801269,26.497499465942383,25.75300025939941,26.200000762939453,87414000,AMZN,-0.0012559887037674189,0.04098360403850543,-0.020039419841416772,25.487000274658204,25.563800048828128,24.898689994812013,0.022884480731893034,0.02999600347663457,0.1469546277586795,82538000.0,45.806518055891786,-0.022074435002923012,0.010350361894030602,1
2015-09-10,26.11199951171875,26.11199951171875,26.30649948120117,25.73900032043457,25.75749969482422,51520000,AMZN,0.010350361894030602,0.022896850676215053,-0.006978391409224405,25.603900146484374,25.55462503433228,24.9868399810791,0.020233409512156016,0.030088191670893806,-0.41062072436909425,81151700.0,51.80104783983801,0.019544832294620146,0.013786788338058908,1
2015-09-11,26.472000122070312,26.472000122070312,26.472000122070312,26.030500411987305,26.05349922180176,64558000,AMZN,0.013786788338058908,0.04897765327491643,-0.0004153487009713741,25.851100158691406,25.554075050354008,25.07888999938965,0.01825702606383832,0.030206882637074925,0.2530667701863354,81484400.0,60.582222031368104,0.06667657193332524,-0.01522362783587694,0
2015-09-14,26.069000244140625,26.069000244140625,26.622499465942383,25.929000854492188,26.472000122070312,62604000,AMZN,-0.01522362783587694,0.04484967723381095,-0.01907736173265573,26.07490005493164,25.528725051879885,25.162560005187988,0.01942526912362899,0.030395586877516437,-0.03026735648564083,82619800.0,70.39874959321804,0.0659478207191998,0.001898788264036888,1
2015-09-15,26.11849975585937,26.11849975585937,26.395999908447266,25.86000061035156,26.162500381469727,57318000,AMZN,0.001898788264036888,0.009332570993397793,-0.024008816240025155,26.12319984436035,25.496600055694582,25.248889999389647,0.01135652472292444,0.030351005569419106,-0.08443549932911631,82904000.0,69.97430563719404,0.06398638889615221,0.009610025576882064,1
2015-09-16,26.36949920654297,26.36949920654297,26.415000915527344,25.926000595092773,26.099000930786133,45056000,AMZN,0.009610025576882064,0.02031378540499129,-0.014261158535177065,26.228199768066407,25.47752504348755,25.33955997467041,0.011635162154914402,0.030439988778139183,-0.21392930667504095,83085500.0,62.01262361179346,0.07406857568642355,0.02176762280390343,1
2015-09-17,26.943500518798828,26.943500518798828,27.348499298095703,26.328500747680664,26.349000930786133,83390000,AMZN,0.02176762280390343,0.03184363597689677,0.011164925743966991,26.39449996948242,25.492400074005126,25.448729972839356,0.01404341285852562,0.030817840613565867,0.8508078835227273,84931000.0,59.79173689245204,0.11161535135606906,0.002579470675457829,1
2015-09-18,27.01300048828125,27.01300048828125,27.312000274658203,26.5674991607666,26.731000900268555,123202000,AMZN,0.002579470675457829,0.020436701560751835,0.047462133149341,26.50270004272461,25.553600120544434,25.554599990844725,0.013444903431219953,0.02981265130573118,0.4774193548387098,86683100.0,60.5240831792142,0.1319576441822085,0.015048304717102612,1
2015-09-21,27.41950035095215,27.41950035095215,27.48900032043457,26.97949981689453,27.21649932861328,65666000,AMZN,0.015048304717102612,0.0518048292670934,0.10904609498640427,26.772800064086915,25.688400173187254,25.65947998046875,0.008435709427605152,0.02803996282478147,-0.46700540575640004,83259900.0,66.32633118727477,0.16165591159098414,-0.0182169721645149,0
2015-09-22,26.920000076293945,26.920000076293945,27.177499771118164,26.632999420166016,26.98550033569336,76834000,AMZN,-0.0182169721645149,0.030687073450869518,0.16192239593636826,26.933100128173827,25.875975131988525,25.7423099899292,0.015342420460071742,0.0237507727305037,0.1700727926171839,77004000.0,70.44743668913021,0.1374742316562052,-0.004327669173923021,0
2015-09-23,26.80349922180176,26.80349922180176,27.06049919128418,26.700000762939453,26.915000915527344,44752000,AMZN,-0.004327669173923021,0.016458409462364987,0.14945209277901084,27.019900131225587,26.050225067138673,25.812809982299804,0.015817172158300866,0.023904691831750723,-0.4175495223468777,73562300.0,64.0714426640944,0.10491808483143272,-0.00432776410430058,0
2015-09-24,26.6875,26.6875,26.72800064086914,26.14349937438965,26.52750015258789,70020000,AMZN,-0.00432776410430058,-0.009501383037449518,0.06585858493523267,26.96870002746582,26.132675075531004,25.885369987487792,0.012096785154902713,0.018156242326784942,0.564622810153736,70704700.0,66.65136470454368,0.06861251490175602,-0.017798609141722488,0
2015-09-25,26.21249961853028,26.21249961853028,27.13999938964844,26.06999969482422,27.12849998474121,80620000,AMZN,-0.017798609141722488,-0.029633911645551625,0.011343199183972752,26.808599853515624,26.14737501144409,25.934139976501466,0.013574399726374198,0.017105616199416997,0.15138531848043413,68621200.0,63.88123316784121,0.00879308005795365,-0.03851217999928569,0
2015-09-28,25.202999114990234,25.202999114990234,26.013999938964844,24.71649932861328,26.0009994506836,108690000,AMZN,-0.03851217999928569,-0.08083667490625679,-0.026929991565852185,26.36529960632324,26.1125,25.95518997192383,0.014012548491528984,0.01922686806204803,0.34817663110890607,71309000.0,42.72136867624736,-0.09675914646220912,-0.015851283863707266,0
2015-09-29,24.80349922180176,24.80349922180176,25.573999404907227,24.52499961853028,25.299999237060547,89150000,AMZN,-0.015851283863707266,-0.0786218740153719,-0.032794614307185554,25.941999435424812,26.070449924468996,25.96315994262695,0.013985761456458445,0.01941429930861611,-0.1797773484221179,72764200.0,39.5837500209935,-0.1862932311356027,0.031890676357296366,1
2015-09-30,25.59449958801269,25.59449958801269,25.63999938964844,25.083499908447266,25.27199935913086,80094000,AMZN,0.031890676357296366,-0.0451060372298584,0.030913921701520408,25.70019950866699,26.108824920654296,25.9870499420166,0.025928601237445132,0.019396775019463842,-0.10158160403813798,72904400.0,45.31292701980038,-0.18469438486957765,0.017249788712016434,1
2015-10-01,26.035999298095703,26.035999298095703,26.040000915527344,25.299999237060547,25.549999237060547,75370000,AMZN,0.017249788712016434,-0.02441220428681201,0.019919660854698318,25.569899368286137,26.134249877929687,26.01949993133545,0.028547387177085794,0.018752159116693628,-0.058980697680225735,72965800.0,46.1085261393869,-0.14794235670609712,0.02269939800863896,1
2015-10-02,26.62700080871582,26.62700080871582,26.6299991607666,25.405000686645508,25.64949989318848,91956000,AMZN,0.02269939800863896,0.015813111920563117,0.05511969980648357,25.652799606323242,26.20379991531372,26.06985996246338,0.029593915851111697,0.019096953386879632,0.22006103224094464,74413900.0,54.81865537587103,-0.0812055510023619,0.02091858600765306,1
2015-10-05,27.18400001525879,27.18400001525879,27.295499801635746,26.799999237060547,26.84950065612793,67828000,AMZN,0.02091858600765306,0.0786017922402853,0.08953904545116087,26.048999786376953,26.31549987792969,26.08411994934082,0.018273896322920518,0.019196874190293117,-0.2623863586932881,75112800.0,58.45970491003894,-0.001158185004100587,-0.011403747269289832,0
2015-10-06,26.874000549316406,26.874000549316406,27.575000762939453,26.66650009155273,27.27499961853028,90056000,AMZN,-0.011403747269289832,0.08347617846173572,0.038528411695407216,26.463100051879884,26.365349864959718,26.090189971923827,0.016384049483466733,0.01787072213922932,0.32771126968213715,75804900.0,53.968387805696274,0.02770857704761384,0.008297967113034765,1
2015-10-07,27.097000122070312,27.097000122070312,27.100000381469727,26.450000762939453,27.089500427246094,76242000,AMZN,0.008297967113034765,0.058704040252512746,0.04846294391548445,26.763600158691407,26.427974891662597,26.106099967956542,0.013982285881924366,0.01790552381709056,-0.1533934440792396,75246300.0,51.277991699199525,0.056934684726577756,-0.016201024986077006,0
2015-10-08,26.65800094604492,26.65800094604492,26.96949958801269,25.99449920654297,26.83550071716309,93528000,AMZN,-0.016201024986077006,0.023890062402740497,0.02090998179136494,26.88800048828125,26.455274963378905,26.110259971618653,0.0180001260235601,0.01827502850113914,0.2267254269300385,77346700.0,47.21568986481308,0.04247696316413116,0.012454003049411133,1
2015-10-09,26.989999771118164,26.989999771118164,27.089500427246094,26.513500213623047,26.724000930786133,70748000,AMZN,0.012454003049411133,0.013632739376472358,0.01956783192275613,26.960600280761717,26.4811749458313,26.113299980163575,0.015925569830287624,0.01822906558099556,-0.24356342485672744,77656200.0,46.59153519112541,0.05050343903108173,0.0192478968813401,1
2015-10-12,27.50950050354004,27.50950050354004,27.541000366210938,26.989999771118164,26.99799919128418,55522000,AMZN,0.0192478968813401,0.011973973223165846,0.05525721147373841,27.02570037841797,26.55319995880127,26.127339973449708,0.015461492262529198,0.018231330560327743,-0.21521456436931075,77302100.0,54.663400690816054,0.08405263926241491,-0.002344673932102803,0
2015-10-13,27.44499969482422,27.44499969482422,27.65999984741211,27.155000686645508,27.3129997253418,58760000,AMZN,-0.002344673932102803,0.021247269994654205,0.05078775394315138,27.13990020751953,26.61952495574951,26.141209983825682,0.013877629705514125,0.018267653651405445,0.05831922481178631,77374200.0,55.11685839551446,0.0943790971661525,-0.007414787487514896,0
2015-10-14,27.241500854492188,27.241500854492188,27.612499237060547,26.983999252319336,27.566999435424805,71642000,AMZN,-0.007414787487514896,0.005332720661730406,0.0330685706664029,27.168800354003906,26.663125038146973,26.154140014648437,0.014508107564295627,0.01832230039909666,0.21923076923076934,78703500.0,54.35809425952789,0.08052302138488732,0.032321966796598156,1
2015-10-15,28.121999740600582,28.121999740600582,28.14999961853028,27.350000381469727,27.387500762939453,98740000,AMZN,0.032321966796598156,0.05491780113290412,0.043739647748424426,27.46160011291504,26.72204999923706,26.17957000732422,0.01613880956392366,0.0190649865257591,0.3782418134613774,79471000.0,64.12039361664907,0.12123083460314432,0.014792702156608994,1
2015-10-16,28.538000106811523,28.538000106811523,28.54700088500977,28.015499114990234,28.263500213623047,86316000,AMZN,0.014792702156608994,0.05735458869287813,0.05645428463942204,27.77120018005371,26.798299980163574,26.22087001800537,0.016230445099416176,0.019268400711779987,-0.12582540004051046,77626700.0,77.03471481136629,0.16408474555158092,0.00418737143793213,1
2015-10-19,28.65749931335449,28.65749931335449,28.950000762939453,28.36899948120117,28.538000106811523,87508000,AMZN,0.00418737143793213,0.04173099434018157,0.04515031078454168,28.000799942016602,26.86019992828369,26.271399993896484,0.01578279957790775,0.01906070585492053,0.013809722415311088,78718800.0,82.72760078859575,0.18674132250054398,-0.021407963096704785,0
2015-10-20,28.04400062561035,28.04400062561035,28.64999961853028,27.763999938964844,28.600000381469727,86924000,AMZN,-0.021407963096704785,0.02182550327734556,0.04175336352640713,28.120600128173827,26.91639995574951,26.308279991149902,0.02057476559795966,0.019254585402645602,-0.0066736755496640265,79223300.0,71.44736174090099,0.14834707213960235,-0.00911071130214225,0
2015-10-21,27.78849983215332,27.78849983215332,28.262500762939453,27.6259994506836,28.193500518798828,66872000,AMZN,-0.00911071130214225,0.020079619716361297,0.03674895588074434,28.229999923706053,26.96564998626709,26.336590003967284,0.0208325702821369,0.01936959783809264,-0.23068427591919383,80329300.0,65.86117999866732,0.09620851229940564,0.014646331772892873,1
2015-10-22,28.195499420166016,28.195499420166016,28.457500457763672,27.833499908447266,28.13500022888184,155588000,AMZN,0.014646331772892873,0.002613600748289535,0.05650583307413637,28.24469985961914,27.04104995727539,26.37458999633789,0.015734099093062514,0.019508333050877125,1.3266539059696134,84607700.0,64.68495766184981,0.08024842297404022,0.062279461435710504,1
2015-10-23,29.951499938964844,29.951499938964844,30.97249984741211,29.76799964904785,30.88400077819824,213854000,AMZN,0.062279461435710504,0.04953044456033706,0.14264188363750585,28.527399826049805,27.22799997329712,26.443959999084473,0.03217190500413048,0.0229444299363444,0.3744890351440986,91269400.0,71.15988868857914,0.17370813783124062,0.01599252433196452,1
2015-10-26,30.43050003051757,30.43050003051757,30.49250030517578,29.81450080871582,30.114999771118164,85394000,AMZN,0.01599252433196452,0.061868647287617984,0.20741582744484255,28.881999969482422,27.489375019073485,26.521049995422363,0.03206076276841491,0.02035258688680819,-0.6006901905038017,90104600.0,76.50742753293541,0.2489596535038625,0.003943439612003052,1
2015-10-27,30.550500869750977,30.550500869750977,30.73550033569336,30.276500701904297,30.43000030517578,75742000,AMZN,0.003943439612003052,0.08937741364374507,0.23170124491538346,29.383300018310546,27.776725101470948,26.596840019226075,0.026960683190842796,0.019510458625816005,-0.11302901843220836,89434200.0,76.14111064878755,0.2853758908752345,0.009967059911179632,1
2015-10-28,30.854999542236328,30.854999542236328,30.86149978637696,30.475000381469727,30.614999771118164,78524000,AMZN,0.009967059911179632,0.11035139459147203,0.2055324401297307,29.99659996032715,28.03975009918213,26.678920021057127,0.0233528421922835,0.018859390652657928,0.03672995167806503,89355700.0,82.42930485936434,0.3066657201504124,0.015313558723775822,1
2015-10-29,31.32749938964844,31.32749938964844,31.37700080871582,30.769500732421875,30.88500022888184,77920000,AMZN,0.015313558723775822,0.11108155676938836,0.2032378335460996,30.622999954223634,28.304325103759766,26.77255001068115,0.023306706843227103,0.018822750084803563,-0.0076919158473842675,89483200.0,82.80269991682849,0.3273810511418641,-0.0010374052825050661,0
2015-10-30,31.295000076293945,31.295000076293945,31.535999298095703,31.263999938964844,31.300500869750977,77488000,AMZN,-0.0010374052825050661,0.04485585496776068,0.17531074194620322,30.891699981689452,28.537725067138673,26.88267002105713,0.007346345740299617,0.01869184393780535,-0.005544147843942526,88759800.0,80.90457801308004,0.3136763315499884,0.003914346242011257,1
2015-11-02,31.417499542236328,31.417499542236328,31.43149948120117,31.02050018310547,31.35650062561035,56330000,AMZN,0.003914346242011257,0.03243454792819489,0.15573497368309352,31.089099884033203,28.749400043487547,27.016550025939942,0.006318654252388731,0.018471764672637038,-0.273048730125955,88184900.0,82.12699542914685,0.2882929433061746,-0.004838081625234136,0
2015-11-03,31.265499114990234,31.265499114990234,31.49449920654297,31.100000381469727,31.47649955749512,64938000,AMZN,-0.004838081625234136,0.02340381417272286,0.1634106748496562,31.232099533081055,28.96897497177124,27.178489990234375,0.008137768483175628,0.018175550756636336,0.15281377596307477,86929000.0,82.81683594615245,0.2387452111255839,0.025011642785078614,1
2015-11-04,32.04750061035156,32.04750061035156,32.29650115966797,31.36750030517578,31.38800048828125,96810000,AMZN,0.025011642785078614,0.03864855244878096,0.18269551854373356,31.470599746704103,29.216499996185302,27.35306999206543,0.012303784709946287,0.018581757185365727,0.4908066155409776,87957400.0,82.53627282692656,0.2357107823738811,0.022934724903762138,1
2015-11-05,32.782501220703125,32.782501220703125,32.849998474121094,32.15449905395508,32.35499954223633,94476000,AMZN,0.022934724903762138,0.04644487620788085,0.22974341876024496,31.76160011291504,29.52272500991821,27.507950019836425,0.013860564656437398,0.017881584797302567,-0.024109079640532993,88004800.0,83.41337801781674,0.2584523416371858,0.005673667424738182,1
2015-11-06,32.96849822998047,32.96849822998047,33.112998962402344,32.599998474121094,32.75,81844000,AMZN,0.005673667424738182,0.05347493687830984,0.22150791069142062,32.096299743652345,29.821649932861327,27.648949966430663,0.012914367217624642,0.01790769574623021,-0.13370591472966675,88559600.0,83.5852344170474,0.2605324482950362,-0.005884296824504642,0
2015-11-09,32.77450180053711,32.77450180053711,33.097999572753906,32.39250183105469,32.932498931884766,80976000,AMZN,-0.005884296824504642,0.043192560772587374,0.1913884730956692,32.3677001953125,30.084899997711183,27.786430015563965,0.01477975453743839,0.018120166470387715,-0.010605542251111877,89832300.0,89.43073299672898,0.2247092144352636,0.006392144735131389,1
2015-11-10,32.98400115966797,32.98400115966797,33.0,32.362998962402344,32.550498962402344,69790000,AMZN,0.006392144735131389,0.05496480444330398,0.20182188108707955,32.71140060424805,30.36185007095337,27.933220024108888,0.012973947958924122,0.01793801644187809,-0.13813969571230977,90383800.0,93.64138475099976,0.19224481499616553,0.02057049753208151,1
2015-11-11,33.662498474121094,33.662498474121094,33.79800033569336,33.162498474121094,33.162498474121094,107746000,AMZN,0.02057049753208151,0.050393878867666775,0.23570645589338257,33.034400177001956,30.682899951934814,28.109930000305177,0.011864522309599444,0.017647815351011134,0.5438601518842241,92189000.0,93.9187549262004,0.1930796943874129,-0.0113627838741166,0
2015-11-12,33.279998779296875,33.279998779296875,33.78200149536133,33.21099853515625,33.650001525878906,85694000,AMZN,-0.0113627838741166,0.015175704722602656,0.18341508734350542,33.1338996887207,30.940799903869628,28.264979972839356,0.012375050684398318,0.017544779029420997,-0.20466653054405737,91536700.0,84.31095053427882,0.14659173274890125,-0.03493084485460596,0
2015-11-13,32.11750030517578,32.11750030517578,33.349998474121094,32.022499084472656,33.17850112915039,125222000,AMZN,-0.03493084485460596,-0.025812456450649557,0.12542925870653043,32.96370010375976,31.119774913787843,28.402609977722168,0.02074092879754161,0.019975539314013552,0.4612691670361986,93482000.0,65.24217241032275,0.02276789482877084,0.008500001781597488,1
2015-11-16,32.390499114990234,32.390499114990234,32.4995002746582,31.114500045776367,32.04600143432617,148718000,AMZN,0.008500001781597488,-0.01171650717633732,0.13026258016505143,32.88689956665039,31.30642490386963,28.551419944763182,0.021575852515709204,0.01997693845748647,0.1876347606650588,96542500.0,66.17726812178213,-0.05147933146723482,-0.006961862448069844,0
2015-11-17,32.165000915527344,32.165000915527344,32.662498474121094,32.04999923706055,32.532501220703125,86404000,AMZN,-0.006961862448069844,-0.024830227241869007,0.1469476607468625,32.72309951782226,31.512474918365477,28.677179946899415,0.021072238496971814,0.019165999321689945,-0.41900778654903914,96516500.0,61.67978368818446,-0.12245631850821637,0.03146268285700127,1
2015-11-18,33.176998138427734,33.176998138427734,33.24399948120117,32.31850051879883,32.32550048828125,89396000,AMZN,0.03146268285700127,-0.014422587677697218,0.19391109051664346,32.625999450683594,31.781899833679198,28.823829917907716,0.024619885306837425,0.019509540337805702,0.03462802648025565,97642700.0,65.04272968602427,-0.10840968243408589,-0.0034210053384148287,0
2015-11-19,33.063499450683594,33.063499450683594,33.643001556396484,32.95000076293945,33.2495002746582,94104000,AMZN,-0.0034210053384148287,-0.006505388718582639,0.17265166890556594,32.582699584960935,32.025299835205075,28.962859916687012,0.02417001484918128,0.01965594451242587,0.052664548749384865,94568500.0,64.19687039028099,-0.11338766650504795,0.010857929911606723,1
2015-11-20,33.42250061035156,33.42250061035156,33.44350051879883,32.878501892089844,33.39699935913086,77922000,AMZN,0.010857929911606723,0.040632063291845766,0.11588737386975345,32.8436996459961,32.19884986877442,29.101869926452636,0.015109381344207268,0.015023777185439628,-0.17195868400918135,87771900.0,65.50661835295563,-0.09961668992011719,0.01576783357385514,1
2015-11-23,33.949501037597656,33.949501037597656,34.13850021362305,33.50600051879883,33.57500076293945,87702000,AMZN,0.01576783357385514,0.04813145722369927,0.11564059097126278,33.15550003051758,32.37479991912842,29.25947994232178,0.015503435033385212,0.015015682488595418,0.12551012551012541,87887300.0,69.6199404258974,-0.06386775800521516,-0.01154662347699209,0
2015-11-24,33.557498931884766,33.557498931884766,33.790000915527344,33.06050109863281,33.707000732421875,90868000,AMZN,-0.01154662347699209,0.04329233566678381,0.09842712808388399,33.433999633789064,32.52514982223511,29.408259925842284,0.016804511600630904,0.015497050238917265,0.03609951882511231,88643600.0,61.70543965224077,-0.0747205147128649,0.006242996820356117,1
2015-11-25,33.766998291015625,33.766998291015625,33.98500061035156,33.5620002746582,33.75,53958000,AMZN,0.006242996820356117,0.017783409762576197,0.09437688517198528,33.55199966430664,32.670749759674074,29.556209907531738,0.011027600786148223,0.015454254662976296,-0.4061935995069772,87415300.0,58.308715394303405,-0.07565666614777888,-0.0030799329764649164,0
2015-11-27,33.66299819946289,33.66299819946289,34.04949951171875,33.60499954223633,34.040000915527344,39336000,AMZN,-0.0030799329764649164,0.01813173919093125,0.07455107669992223,33.6718994140625,32.787524700164795,29.69059986114502,0.010974392095440407,0.015332015210883173,-0.27098854664739247,85486100.0,55.94352995253899,-0.0901625726140165,-0.012565622304041901,0
2015-11-30,33.2400016784668,33.2400016784668,34.06449890136719,33.22999954223633,33.79499816894531,113864000,AMZN,-0.012565622304041901,-0.00546036138984296,0.06215055431957639,33.635399627685544,32.88477478027344,29.81513988494873,0.012072030436987399,0.01573151683226153,1.8946512100874515,87304900.0,53.833491245309766,-0.13256542320945397,0.021449981965113052,1
2015-12-01,33.952999114990234,33.952999114990234,34.04999923706055,33.393001556396484,33.6875,95024000,AMZN,0.021449981965113052,0.00010303766729014008,0.08070341719414342,33.63609924316406,33.01154975891113,29.94580986022949,0.014139766089082134,0.016257018668107606,-0.16546054942738708,89239600.0,57.368821989878114,-0.11743208654125192,-0.00449150757114003,0
2015-12-02,33.800498962402344,33.800498962402344,34.24100112915039,33.712501525878906,34.04999923706055,85470000,AMZN,-0.00449150757114003,0.007241303382317543,0.08107978184159892,33.68469924926758,33.138299751281735,30.08341983795166,0.012992429081698086,0.01624726861035293,-0.10054302071055732,90266200.0,51.14069064505022,-0.12199587956979108,-0.014437625993189207,0
2015-12-03,33.3125,33.3125,34.13949966430664,33.07400131225586,33.97200012207031,101294000,AMZN,-0.014437625993189207,-0.013459836941933756,0.03947263797663636,33.59379959106445,33.20154972076416,30.213599853515625,0.014332216121173665,0.015958152613447574,0.1851409851409851,90490400.0,50.26404489507004,-0.1597989072927617,0.009590993455382169,1
2015-12-04,33.63199996948242,33.63199996948242,33.73899841308594,33.06999969482422,33.29999923706055,90696000,AMZN,0.009590993455382169,-0.0009208398431059805,0.0259131767603753,33.58759994506836,33.244024658203124,30.352489852905272,0.015317973486190524,0.015304986235400992,-0.10462613777716345,90301400.0,64.25682736331808,-0.16455703678957545,-0.004177542671197743,0
2015-12-07,33.49150085449219,33.49150085449219,33.77299880981445,33.025001525878906,33.73699951171875,74656000,AMZN,-0.004177542671197743,0.007566160148190226,0.01586370786025415,33.637899780273436,33.27017478942871,30.498069877624513,0.014014000217675567,0.015318429055215596,-0.1768545470583046,89942000.0,60.62950367586129,-0.17733484340963723,0.01119687056215346,1
2015-12-08,33.86650085449219,33.86650085449219,33.9995002746582,32.989498138427734,33.15650177001953,73038000,AMZN,0.01119687056215346,-0.0025475882176151377,0.03331855540019779,33.62060012817383,33.324774742126465,30.671339912414552,0.010751188715403094,0.015396314745191033,-0.021672738962708937,89545100.0,65.96605747863737,-0.16116726334820863,-0.018513950371146337,0
2015-12-09,33.239498138427734,33.239498138427734,33.95000076293945,32.78400039672852,33.900001525878906,103164000,AMZN,-0.018513950371146337,-0.01659741249969815,0.007746088096558301,33.508399963378906,33.33754959106445,30.84005989074707,0.013533412431536983,0.015996853420927847,0.4124702209808593,91213800.0,50.632143639826275,-0.19128294662685685,-0.0037153692502526203,0
2015-12-10,33.11600112915039,33.11600112915039,33.42649841308594,32.97800064086914,33.27949905395508,69110000,AMZN,-0.0037153692502526203,-0.005898652783478009,-0.01623460437408819,33.46910018920899,33.31022472381592,30.990489921569825,0.012094054606545813,0.015300338555262628,-0.330095769842193,89282000.0,50.52994580791034,-0.21626083837604204,-0.03347328773190594,0
2015-12-11,32.00749969482422,32.00749969482422,32.89400100708008,31.981000900268555,32.561500549316406,109488000,AMZN,-0.03347328773190594,-0.048302220389280115,-0.03823615177727302,33.14420013427734,33.24659976959229,31.109919929504393,0.01692513479937028,0.016832858242341098,0.5842569816234988,90471700.0,37.5942303910486,-0.2990768586315693,0.027743513137480136,1
2015-12-14,32.89550018310547,32.89550018310547,32.929500579833984,31.763500213623047,32.087501525878906,86594000,AMZN,0.027743513137480136,-0.017795579659929728,0.024223550106242664,33.025,33.28549976348877,31.235289916992187,0.024061947769382534,0.016163410284259935,-0.20910054069852402,88540300.0,41.309353061070425,-0.2857095995292046,0.001109544564889875,1
2015-12-15,32.93199920654297,32.93199920654297,33.57500076293945,32.86750030517578,33.25149917602539,95068000,AMZN,0.001109544564889875,-0.02759368769641468,0.016717868089353605,32.83809967041016,33.312574768066405,31.35024990081787,0.022933519494690337,0.016074895063714668,0.09785897406286814,85857800.0,44.52132284003376,-0.2664469023687892,0.02600821552275545,1
2015-12-16,33.78850173950195,33.78850173950195,33.86750030517578,32.965999603271484,33.178001403808594,79290000,AMZN,0.02600821552275545,0.016516603192619383,0.05047414201038869,32.947900390625,33.39374980926514,31.48853992462158,0.025095624978786455,0.01689048740250753,-0.16596541422981448,85502100.0,50.16917208615562,-0.19156084657534334,-0.007576557278937912,0
2015-12-17,33.532501220703125,33.532501220703125,34.125,33.532501220703125,34.0,73632000,AMZN,-0.007576557278937912,0.01257700438915954,0.010715348049033624,33.03120040893555,33.41152496337891,31.61724994659424,0.02543164852575159,0.015584775082478823,-0.07135830495648887,84713900.0,48.99733337397657,-0.15629753781735845,-0.009707014879053677,0
2015-12-18,33.207000732421875,33.207000732421875,33.84199905395508,33.20650100708008,33.432498931884766,136826000,AMZN,-0.009707014879053677,0.0374756244328458,0.004340172217775162,33.27110061645508,33.41870002746582,31.748229942321778,0.018142316001506894,0.015733836270481808,0.8582409821816601,86850000.0,49.74258231801484,-0.15179665217931948,0.0005570351622559144,1
2015-12-21,33.22549819946289,33.22549819946289,33.494998931884766,32.94649887084961,33.42499923706055,65018000,AMZN,0.0005570351622559144,0.010031706905824889,-0.005894304952982932,33.337100219726565,33.40884990692139,31.87293991088867,0.014212701243831137,0.015538598163455796,-0.5248125356291933,86204800.0,43.63571926283669,-0.14451388010585198,-0.0020465299978816853,0
2015-12-22,33.157501220703125,33.157501220703125,33.42449951171875,32.9630012512207,33.34149932861328,53356000,AMZN,-0.0020465299978816853,0.006847504542492278,-0.023328761622075866,33.38220062255859,33.36924991607666,31.985899925231934,0.014336027440488692,0.015080072998948639,-0.17936571410993873,84487500.0,44.29055125151409,-0.14105974755435458,0.0008293795242544366,1
2015-12-23,33.185001373291016,33.185001373291016,33.33000183105469,32.83150100708008,33.32500076293945,54458000,AMZN,0.0008293795242544366,-0.01786111650832356,-0.011100277745664133,33.26150054931641,33.35062503814697,32.10069995880127,0.004806808131781355,0.014880211650884686,0.02065372216807848,82667000.0,48.76705658414581,-0.1337704958961552,-0.0013711528431936681,0
2015-12-24,33.13949966430664,33.13949966430664,33.23400115966797,33.029998779296875,33.16749954223633,21824000,AMZN,-0.0013711528431936681,-0.011720019148283578,-0.01858319242062867,33.18290023803711,33.31925010681152,32.21865993499756,0.004293459673316346,0.014797054965593155,-0.5992507987807117,81060300.0,44.97089408751095,-0.12881349873806924,0.018723839029316514,1
2015-12-28,33.7599983215332,33.7599983215332,33.775001525878906,33.275001525878906,33.27799987792969,75672000,AMZN,0.018723839029316514,0.01665304233788878,0.002881505726125777,33.29349975585937,33.32410011291504,32.33141990661621,0.008687926496479313,0.015413217027332837,2.467375366568915,82877100.0,52.49695441448486,-0.08278198800624686,0.027799268721593773,1
2015-12-29,34.69850158691406,34.69850158691406,34.821998596191406,33.894500732421875,33.89899826049805,114700000,AMZN,0.027799268721593773,0.044333522965051664,0.04387785303248326,33.58810043334961,33.3970251083374,32.45462993621826,0.013638954293362142,0.016265067549274242,0.5157521936779788,82918900.0,57.003370290071004,0.007064172303398231,-0.00706090278764171,0
2015-12-30,34.45349884033203,34.45349884033203,34.77450180053711,34.319000244140625,34.59450149536133,70380000,AMZN,-0.00706090278764171,0.03908610636858545,0.014740957747111816,33.84729995727539,33.422050094604494,32.57054992675781,0.014771981656722097,0.01573685957593925,-0.38639930252833476,81686700.0,60.92119613149512,0.04411793247519735,-0.019127241612891477,0
2015-12-31,33.79449844360352,33.79449844360352,34.38750076293945,33.79449844360352,34.30400085449219,74992000,AMZN,-0.019127241612891477,0.018366642913658637,-0.0001775275212799743,33.96919937133789,33.42175006866455,32.685559883117676,0.019164055205478574,0.016327496623430422,0.06552998010798516,81162800.0,55.567380504026666,0.01961910311209314,-0.05755368113308201,0
2016-01-04,31.84950065612793,31.84950065612793,32.88600158691406,31.3754997253418,32.81449890136719,186290000,AMZN,-0.05755368113308201,-0.03892632723022438,-0.04391742870910531,33.711199569702146,33.34860010147095,32.76677989959717,0.0338174098307231,0.020629980615083837,1.484131640708342,85412600.0,48.860036159795584,-0.1242894928396755,-0.005023621850138049,0
2016-01-05,31.68950080871582,31.68950080871582,32.34550094604492,31.38249969482422,32.34299850463867,116452000,AMZN,-0.005023621850138049,-0.0613299056800235,-0.0577574679629288,33.29710006713867,33.251475143432614,32.83665992736817,0.03075221561805846,0.020454468464649142,-0.3748886145257394,86700400.0,40.27733740103056,-0.22130021139058415,-0.001798738144714651,0
2016-01-06,31.63249969482422,31.63249969482422,31.989500045776367,31.015499114990234,31.100000381469727,106584000,AMZN,-0.001798738144714651,-0.08836121883851411,-0.055506654292520996,32.6838996887207,33.15852508544922,32.87027992248535,0.02300125989583192,0.02045276279075947,-0.08473877649160166,88296800.0,39.558065512827426,-0.27675326028481184,-0.03905794191457823,0
2016-01-07,30.39699935913086,30.39699935913086,31.5,30.26049995422364,31.09000015258789,141498000,AMZN,-0.03905794191457823,-0.11773838993828234,-0.10244641187668257,31.872599792480468,32.98505001068115,32.869609909057615,0.023600963369579387,0.021710436240080424,0.32757261877955424,91719800.0,24.312643885390955,-0.3778301169739323,-0.0014639090877944794,0
2016-01-08,30.352500915527344,30.352500915527344,31.207000732421875,30.299999237060547,30.982999801635746,110258000,AMZN,-0.0014639090877944794,-0.10185082444174176,-0.08685441672065353,31.184200286865234,32.84070014953613,32.86564990997314,0.0258256207530356,0.021492238257847764,-0.22078050573152974,92074500.0,25.117366127395385,-0.42533636704027356,0.017609692730401916,1
2016-01-11,30.886999130249023,30.886999130249023,30.99250030517578,29.92849922180176,30.624000549316406,97832000,AMZN,0.017609692730401916,-0.03022030192155367,-0.06730891179186749,30.991699981689454,32.729250049591066,32.866289901733396,0.020551222923304913,0.02204517159216992,-0.11269930526583105,93510600.0,32.421559205439664,-0.3988556008719997,0.0002428724830541018,1
2016-01-12,30.894500732421875,30.894500732421875,31.29949951171875,30.61199951171875,31.262500762939453,94482000,AMZN,0.0002428724830541018,-0.02508717575239583,-0.034773067968889904,30.832699966430663,32.673600101470946,32.857629928588864,0.02074442540414168,0.020869660674067533,-0.034242374683130294,92760300.0,32.30876575342862,-0.3601119918726108,-0.05839229674292812,0
2016-01-13,29.090499877929688,29.090499877929688,31.04400062561035,28.95800018310547,31.04400062561035,153104000,AMZN,-0.05839229674292812,-0.08036038382734767,-0.11566932510513883,30.324300003051757,32.483350086212155,32.81353992462158,0.03135797509375745,0.0232558627201237,0.6204568065874982,96085800.0,25.57064609676604,-0.4304983612736267,0.019233074128955474,1
2016-01-14,29.64999961853028,29.64999961853028,30.112499237060547,28.49399948120117,29.012500762939453,144760000,AMZN,0.019233074128955474,-0.02457478554955428,-0.09965989515026519,30.17490005493164,32.31925010681152,32.77818992614746,0.031575999646265666,0.02388647859414905,-0.054498902706656915,98570400.0,30.041780303103778,-0.4137812378883542,-0.03848225480647072,0
2016-01-15,28.50900077819824,28.50900077819824,29.231000900268555,28.26499938964844,28.61199951171875,155690000,AMZN,-0.03848225480647072,-0.06073635060450755,-0.1562514077128042,29.80620002746582,32.05527505874634,32.72305995941162,0.03484132910380085,0.023838962916774547,0.07550428295109146,102390400.0,26.734673029158117,-0.45092442755119433,0.007541483276127803,1
2016-01-19,28.724000930786133,28.724000930786133,29.200000762939453,28.32250022888184,28.85449981689453,96144000,AMZN,0.007541483276127803,-0.07002940591093454,-0.14339819920585584,29.37360038757324,31.814850044250488,32.65658996582031,0.03294459311496386,0.02409750025344559,-0.3824651551159355,103516000.0,23.622482569425145,-0.4323146747563109,-0.004717374222998116,0
2016-01-20,28.588499069213867,28.588499069213867,28.92250061035156,27.358999252319336,28.218000411987305,159328000,AMZN,-0.004717374222998116,-0.07464116941653631,-0.13908216825793318,28.91240005493164,31.583924961090087,32.57270992279053,0.03248097620929855,0.024098486456688967,0.6571808953236811,104641100.0,15.057753840602672,-0.40111849885062845,0.005684117276542278,1
2016-01-21,28.7509994506836,28.7509994506836,29.44050025939941,28.410999298095703,28.679000854492188,99044000,AMZN,0.005684117276542278,-0.011670491351840173,-0.1346706292233001,28.844499969482428,31.360200023651124,32.48835994720459,0.02201793719991134,0.024212102640515352,-0.3783641293432416,106342400.0,17.077537838645128,-0.3437367147086716,0.037146562340865996,1
2016-01-22,29.819000244140625,29.819000244140625,30.0049991607666,29.20549964904785,29.436500549316406,102402000,AMZN,0.037146562340865996,0.0056998525391118715,-0.10068614502464324,28.87830009460449,31.193274974822998,32.42924991607666,0.02721166459032394,0.026137011215152203,0.03390412341989424,108794700.0,28.08314563735668,-0.21437998018480675,0.00025150725251732453,1
2016-01-25,29.826499938964844,29.826499938964844,30.424999237060547,29.72800064086914,29.89949989318848,87922000,AMZN,0.00025150725251732453,0.046213445747075754,-0.10120540290317015,29.141799926757812,31.02534990310669,32.3660998916626,0.016354582900094877,0.026130590766260814,-0.14140348821312088,110467900.0,35.81744121706572,-0.11388192217503201,0.007912428931255544,1
2016-01-26,30.0625,30.0625,30.225000381469727,29.518999099731445,30.17250061035156,75314000,AMZN,0.007912428931255544,0.046598629224359644,-0.09284991310900104,29.409499740600587,30.871499919891356,32.29409992218017,0.01634612394721054,0.026280301384931978,-0.1433998316689793,113142400.0,38.713926631135905,-0.021898278295210627,-0.02977132499837576,0
2016-01-27,29.167499542236328,29.167499542236328,30.16950035095215,28.93899917602539,30.09950065612793,103058000,AMZN,-0.02977132499837576,0.02025291609820723,-0.13603373837751742,29.52529983520508,30.641874980926513,32.21184993743896,0.023827989047055558,0.026259383628629257,0.36837772525692425,114511700.0,34.681831262969936,-0.012201139128887428,0.08914032475443312,1
2016-01-28,31.76749992370605,31.76749992370605,31.902999877929688,29.877500534057617,30.418500900268555,280304000,AMZN,0.08914032475443312,0.10491810826251924,-0.08447055432253558,30.12859992980957,30.495324897766114,32.20484992980957,0.04495360580270271,0.033197515278778865,1.719866482951348,122791900.0,57.28176159088312,0.16848267044342702,-0.07609977329164319,0
2016-01-29,29.350000381469727,29.350000381469727,29.64999961853028,28.5,28.599000930786133,293552000,AMZN,-0.07609977329164319,-0.015728222235185663,-0.14812714617210476,30.03479995727539,30.240149974822998,32.144039955139164,0.06056297637907991,0.03692530328936115,0.04726297163080084,133950500.0,45.74616915743397,0.12627673917761162,-0.020766639764494776,0
2016-02-01,28.74049949645996,28.74049949645996,29.09000015258789,28.515499114990234,28.90749931335449,127102000,AMZN,-0.020766639764494776,-0.03641058939960129,-0.14955093816757503,29.817599868774415,29.98745002746582,32.075549926757816,0.061119371690168636,0.03695466337815135,-0.5670204938137025,136556000.0,40.949535423253174,0.06167478136317994,-0.039508706324449805,0
2016-02-02,27.604999542236328,27.604999542236328,28.577999114990234,27.504499435424805,28.5,126240000,AMZN,-0.039508706324449805,-0.08174637697342779,-0.13326743046048195,29.32609977722168,29.77522497177124,31.964109954833983,0.06210818684992065,0.03587056521505454,-0.006781954650595612,133553500.0,37.33492365907694,-0.04728663170022884,-0.03809093779645767,0
2016-02-03,26.55349922180176,26.55349922180176,27.799999237060547,26.09499931335449,27.674999237060547,200974000,AMZN,-0.03809093779645767,-0.089620308955498,-0.16207265674255944,28.803299713134766,29.518424892425536,31.83390995025635,0.06269806140230288,0.03655372898424066,0.5919993662864385,137779600.0,39.63135515730012,-0.17287131841655212,0.009772742242836863,1
2016-02-04,26.8129997253418,26.8129997253418,26.949499130249023,25.961000442504883,26.25,123982000,AMZN,0.009772742242836863,-0.15596128780241292,-0.15235912482348002,27.812399673461915,29.277449893951417,31.701719932556152,0.03124506014530241,0.03675091616194547,-0.3830943306099296,138649500.0,38.11379678768326,-0.21823277566363797,-0.06364446787796685,0
2016-02-05,25.10650062561035,25.10650062561035,26.47249984741211,24.95949935913086,26.464000701904297,194178000,AMZN,-0.06364446787796685,-0.14458261331194155,-0.1740467429371877,26.963699722290038,29.01292495727539,31.524859924316406,0.027175141299601708,0.038239944578689074,0.5661789614621477,141283500.0,36.38945942069236,-0.33590204942403057,-0.02794096833428339,0
2016-02-08,24.405000686645508,24.405000686645508,24.674999237060547,23.76049995422364,24.32349967956543,196510000,AMZN,-0.02794096833428339,-0.15084980726756214,-0.19594761714805808,26.096599960327147,28.7155499458313,31.34180995941162,0.02672181320771752,0.03842971291879417,0.012009599439689378,145596100.0,33.37055692624675,-0.4278217566745257,-0.012354038596669725,0
2016-02-09,24.103500366210938,24.103500366210938,24.91900062561035,23.700000762939453,23.90049934387207,141558000,AMZN,-0.012354038596669725,-0.12684293548594383,-0.21962310859117107,25.39630012512207,28.376375007629395,31.148540000915528,0.027531554768066697,0.03787079113291148,-0.2796397129917052,147782400.0,32.94936927130216,-0.4722814180389663,0.017445590692097612,1
2016-02-10,24.52400016784668,24.52400016784668,25.232999801635746,24.299999237060547,24.58799934387207,135724000,AMZN,0.017445590692097612,-0.0764305689808581,-0.20620176450657923,24.990400314331055,28.057849979400636,30.965760040283204,0.0324290251010822,0.038347295914946754,-0.04121278910411286,149844500.0,34.239378338126315,-0.43751060723006274,0.02719783935448805,1
2016-02-11,25.19099998474121,25.19099998474121,25.46500015258789,24.200000762939453,24.558500289916992,147948000,AMZN,0.02719783935448805,-0.060493035364021064,-0.13404719442950996,24.666000366210938,27.86287498474121,30.80478000640869,0.03648563137672274,0.03752138996580754,0.09006513218001233,149586700.0,32.21231461852369,-0.3381741844928623,0.006470569128270043,1
2016-02-12,25.35400009155273,25.35400009155273,25.83749961853028,25.074499130249023,25.53499984741211,107696000,AMZN,0.006470569128270043,0.00985798338179844,-0.1448903737689322,24.715500259399413,27.648075008392333,30.632800025939943,0.02233746419954139,0.03716752616507865,-0.2720685646308162,147733500.0,33.01302957552819,-0.23496998315852258,0.0276485056043132,1
2016-02-16,26.05500030517578,26.05500030517578,26.22249984741211,25.58300018310547,25.974000930786133,102370000,AMZN,0.0276485056043132,0.0676090789636059,-0.08607809484852624,25.045500183105467,27.525374984741212,30.47789005279541,0.016740554207147554,0.037174129676453775,-0.04945401871935817,145067500.0,35.29843611281841,-0.09988221383009765,0.02494721208662387,1
2016-02-17,26.70499992370605,26.70499992370605,26.874000549316406,25.96949958801269,26.437000274658203,96480000,AMZN,0.02494721208662387,0.10793036355590813,-0.07028968603451524,25.56580009460449,27.424424934387208,30.34574005126953,0.008966626226773045,0.03765509363947487,-0.057536387613558615,145084300.0,40.80092821589055,0.04508094707679078,-0.01703800505545583,0
2016-02-18,26.25,26.25,27.059999465942383,26.186500549316406,27.059499740600582,94700000,AMZN,-0.01703800505545583,0.07038002855734238,-0.08179859542651291,25.911000061035157,27.307499980926515,30.198100051879884,0.019366442824492215,0.03778584583692349,-0.01844941956882251,141852900.0,25.454869428202684,0.11801336576949395,0.018857174827938916,1
2016-02-19,26.7450008392334,26.7450008392334,26.79750061035156,25.76749992370605,26.035499572753903,99494000,AMZN,0.018857174827938916,0.0616887323025479,-0.06977143924652351,26.221800231933592,27.207200050354004,30.06317005157471,0.018256166162258218,0.03806957335754138,0.05062302006335795,141875400.0,36.02018264032531,0.20233292579029438,0.04598988609609567,1
2016-02-22,27.975000381469727,27.975000381469727,28.03249931335449,27.054000854492188,27.11000061035156,111332000,AMZN,0.04598988609609567,0.1033762041670987,-0.06183976148003956,26.746000289916992,27.11500005722046,29.945340042114257,0.02308427941387953,0.03860700427330577,0.11898204916879407,142321900.0,46.1484321258353,0.3358142971912428,-0.011724790629712767,0
2016-02-23,27.64699935913086,27.64699935913086,27.84550094604492,27.26650047302246,27.77750015258789,81016000,AMZN,-0.011724790629712767,0.06110147899859486,-0.07307262281172722,27.064400100708006,27.00602502822876,29.83349006652832,0.02634303581210926,0.03865527191829272,-0.272302662307333,141976600.0,50.23000992322557,0.3929186805170286,0.0019893770192320748,1
2016-02-24,27.70199966430664,27.70199966430664,27.713499069213867,26.65749931335449,27.287500381469727,124634000,AMZN,0.0019893770192320748,0.03733382300875987,-0.07851976168626562,27.263800048828124,26.888000011444092,29.725210037231445,0.025556135130183368,0.03858927250817328,0.5383874790164906,144442600.0,57.060307947593685,0.4227046500598628,0.0020034665796739848,1
2016-02-25,27.75749969482422,27.75749969482422,27.96949958801269,27.26449966430664,27.775999069213867,90510000,AMZN,0.0020034665796739848,0.05742855980282746,-0.04834147148508028,27.56529998779297,26.817500019073485,29.640210037231444,0.02215670120520624,0.03809622510744415,-0.27379366785949255,143815200.0,55.95560817464619,0.43287499924876416,0.0001440947537416637,1
2016-02-26,27.761499404907227,27.761499404907227,28.125,27.65850067138672,28.006000518798828,97540000,AMZN,0.0001440947537416637,0.038007049309292995,-0.12610373899172977,27.768599700927734,26.617199993133546,29.53753002166748,0.022167483848609417,0.03155226663886066,0.07767097558280844,134677000.0,71.3184380266496,0.4259442712864602,-0.004880858639777719,0
2016-02-29,27.6259994506836,27.6259994506836,28.24049949645996,27.6254997253418,27.700000762939453,82908000,AMZN,-0.004880858639777719,-0.012475457588100647,-0.05873938359042008,27.698799514770506,26.53099994659424,29.431410026550292,0.005877754855068203,0.026933171530677896,-0.15001025220422393,124144800.0,78.44902029821492,0.39878488384764166,0.04799827119341482,1
2016-03-01,28.95199966430664,28.95199966430664,28.96249961853028,27.799999237060547,27.81450080871582,100770000,AMZN,0.04799827119341482,0.04720224022231134,0.00735895936230091,27.959799575805665,26.541574954986572,29.334679985046385,0.021731626407506904,0.02882473715416772,0.21544362425821384,122828200.0,86.26130058588457,0.4527309194764245,0.0020205958343222363,1
2016-03-02,29.01049995422364,29.01049995422364,29.25,28.684999465942383,29.08749961853028,91644000,AMZN,0.0020205958343222363,0.047234867727002694,0.05091470513654106,28.221499633789062,26.611849975585937,29.244239959716797,0.02172895100437832,0.027222175417884235,-0.09056266746055375,121098400.0,85.47480557023495,0.4727635733180491,-0.004687946770308482,0
2016-03-03,28.874500274658203,28.874500274658203,28.99349975585937,28.655500411987305,28.89800071716309,54826000,AMZN,-0.004687946770308482,0.04024139753633005,0.08740848177745186,28.44489974975586,26.72790002822876,29.157589950561523,0.022495333560885795,0.02555220926864495,-0.40175025097114925,113791000.0,81.79541966433969,0.45699977417128645,-0.004069345064264263,0
2016-03-04,28.756999969482425,28.756999969482425,29.06999969482422,28.55349922180176,29.05349922180176,68330000,AMZN,-0.004069345064264263,0.03585903448713701,0.07250215433013607,28.643999862670903,26.825100040435792,29.068219985961914,0.022943216497090687,0.025589616348828895,0.24630649691752082,111008400.0,79.60674179677709,0.41976480811240696,-0.021455665767943777,0
2016-03-07,28.13999938964844,28.13999938964844,28.68149948120117,27.77750015258789,28.677000045776367,98538000,AMZN,-0.021455665767943777,0.01860565949414439,0.12082523204941253,28.746799850463873,26.976774978637696,28.96786994934082,0.026116776424212857,0.021076637577437645,0.44208985804185574,106226400.0,68.40895587940098,0.3381903795349693,-0.004513109599210141,0
2016-03-08,28.01300048828125,28.01300048828125,28.5674991607666,27.73699951171875,27.89349937438965,94600000,AMZN,-0.004513109599210141,-0.03243296445540622,0.1478385453850879,28.559000015258796,27.15717496871948,28.864429931640625,0.008794933229228561,0.019701366030724237,-0.0399642777405671,101130900.0,62.72373768990457,0.26360105929305006,-0.0014101020775004747,0
2016-03-09,27.973499298095703,27.973499298095703,28.01749992370605,27.506500244140625,27.97800064086914,87546000,AMZN,-0.0014101020775004747,-0.035745700962211746,0.16055754861687443,28.351599884033202,27.35067491531372,28.761109924316408,0.008063405108995144,0.019280094193867222,-0.07456659619450312,98430300.0,68.24000807428341,0.20228306443375607,-0.0009651463197277721,0
2016-03-10,27.94650077819824,27.94650077819824,28.350000381469727,27.395000457763672,28.33699989318848,78398000,AMZN,-0.0009651463197277721,-0.03213906691484547,0.13955719242078568,28.165999984741212,27.521799945831297,28.644839973449706,0.008515690232966035,0.019227056324228595,-0.10449363763050279,95564000.0,64.11370691942037,0.15283451701746917,0.019107883796187997,1
2016-03-11,28.480499267578125,28.480499267578125,28.50300025939941,28.136499404907227,28.34749984741211,75426000,AMZN,0.019107883796187997,-0.009615074666958656,0.13058232244966228,28.11069984436035,27.686274909973143,28.52047992706299,0.014419462662958904,0.01885520772678363,-0.037909130334957575,91937900.0,57.098708059614495,0.14887086163571012,0.006601065203391654,1
2016-03-14,28.668500900268555,28.668500900268555,28.84449958801269,28.15250015258789,28.350000381469727,69084000,AMZN,0.006601065203391654,0.01878114861702973,0.13072891049724844,28.216400146484375,27.851999950408935,28.404779968261717,0.009501715758068225,0.018855284567973925,-0.08408241190040566,90007300.0,64.93205087527258,0.15120401886781792,0.006365834492694233,1
2016-03-15,28.85099983215332,28.85099983215332,29.076000213623047,28.350000381469727,28.549999237060547,77536000,AMZN,0.006365834492694233,0.029914658525159954,0.10731143712257474,28.38400001525879,27.991799926757814,28.305909996032714,0.00830235737744883,0.01817706578325823,0.12234381332870137,88765600.0,66.19223050759254,0.15666579424476945,-0.004765892473030164,0
2016-03-16,28.713499069213867,28.713499069213867,29.06599998474121,28.55699920654297,28.832000732421875,70754000,AMZN,-0.004765892473030164,0.026453600360557772,0.07521060293001058,28.53199996948242,28.092224884033204,28.243189964294434,0.009138596655131807,0.017691411600743945,-0.0874690466364012,87479300.0,63.168038504281,0.143023505591722,-0.025824053883372833,0
2016-03-17,27.972000122070312,27.972000122070312,28.56999969482422,27.7504997253418,28.475500106811523,118562000,AMZN,-0.025824053883372833,0.0009124342283297615,0.06560000465029758,28.537099838256836,28.178324890136718,28.168839950561523,0.016869822728382822,0.018332968006327322,0.6756932470249031,88672400.0,52.40985454359652,0.07925057845995788,-0.013156014189604659,0
2016-03-18,27.60400009155273,27.60400009155273,28.116500854492188,27.304500579833984,28.04700088500977,145938000,AMZN,-0.013156014189604659,-0.030775414707114757,0.03211812396203895,28.36180000305176,28.221274852752686,28.088269958496095,0.013759578415053967,0.018304282640200474,0.23090028845667243,90994600.0,49.760876451865855,0.01105502074004977,0.003441505326743144,1
2016-03-21,27.698999404907227,27.698999404907227,27.761999130249023,26.929000854492188,27.445499420166016,103114000,AMZN,0.003441505326743144,-0.033817655786537726,-0.009865986516494174,28.167899703979494,28.207474803924562,28.034309959411623,0.013083176331943341,0.015078871398918588,-0.29343967986405184,90583700.0,31.40396019985012,-0.026815292481855615,0.011733303365531578,1
2016-03-22,28.02400016784668,28.02400016784668,28.13800048828125,27.252500534057617,27.25550079345703,80012000,AMZN,0.011733303365531578,-0.028664506225707376,0.013636228793534766,28.002499771118163,28.226324844360352,27.987739944458006,0.014568188138240566,0.015063047887393464,-0.22404329189052896,90533500.0,36.43239834463769,-0.028953832890285698,0.016325308843260222,1
2016-03-23,28.48150062561035,28.48150062561035,28.624000549316406,27.905000686645508,28.049999237060547,79674000,AMZN,0.016325308843260222,-0.00807976913730657,0.028138797586806596,27.956100082397462,28.26529989242554,27.939629974365236,0.01764088016461575,0.015459318677197608,-0.004224366345048192,88285500.0,45.03411971520391,-6.247189457268126e-05,0.023383545256862037,1
2016-03-24,29.147499084472656,29.147499084472656,29.177499771118164,28.35400009155273,28.355499267578125,103710000,AMZN,0.023383545256862037,0.04202412974661973,0.0500765344476477,28.19119987487793,28.33479986190796,27.90468994140625,0.014032655149352528,0.016216581217565997,0.30167934332404545,88945500.0,54.333585360628994,0.06006929499491799,-0.005283449127727158,0
2016-03-28,28.99349975585937,28.99349975585937,29.237499237060547,28.777999877929688,29.21999931335449,62430000,AMZN,-0.005283449127727158,0.05033689536654684,0.044378019104197586,28.46909980773926,28.396399879455565,27.902749938964845,0.011165783223292548,0.016304483893581398,-0.3980329765692797,87190000.0,60.55660195750545,0.08416248328160539,0.02412613321909496,1
2016-03-29,29.69300079345703,29.69300079345703,29.792499542236328,28.825000762939453,29.00749969482422,87852000,AMZN,0.02412613321909496,0.07198821009384693,0.07482087105892132,28.867900085449218,28.49974994659424,27.903609962463378,0.011968392265952163,0.01691111779436817,0.40720807304180684,87437200.0,68.2015285246909,0.13868096005663474,0.008133194378816988,1
2016-03-30,29.934499740600582,29.934499740600582,30.16200065612793,29.75,29.83550071716309,77810000,AMZN,0.008133194378816988,0.06817369259603101,0.03393548244286615,29.25,28.548874950408937,27.932119941711427,0.01224815471415279,0.01340750991641871,-0.11430587806765924,86289200.0,70.35501583255218,0.1798667641836763,-0.008435101179096849,0
2016-03-31,29.68199920654297,29.68199920654297,30.037500381469727,29.61050033569336,29.964000701904297,53636000,AMZN,-0.008435101179096849,0.042150116902658574,0.023146765942638092,29.490099716186524,28.582449913024902,27.951279907226564,0.015350450694155755,0.013599099534254989,-0.31067986120035984,84388800.0,67.20871831785578,0.17860103392682544,0.008186781113585173,1
2016-04-01,29.924999237060547,29.924999237060547,29.951499938964844,29.415000915527344,29.52449989318848,58348000,AMZN,0.008186781113585173,0.026674678000147,0.03638154608425603,29.6455997467041,28.634974861145018,27.978009910583495,0.012956039429960204,0.013608810134745046,0.08785144306063097,84564900.0,65.2004653265113,0.18200847658054403,-0.008872151103062609,0
2016-04-04,29.659500122070312,29.659500122070312,29.975000381469727,29.52750015258789,29.950000762939453,49416000,AMZN,-0.008872151103062609,0.022970678663114752,0.0313836684475306,29.77879981994629,28.680099868774413,27.99617992401123,0.01376614689770317,0.01376077574947644,-0.1530815109343936,83619200.0,60.260922629686156,0.1553002880515254,-0.011884924360712312,0
2016-04-05,29.30699920654297,29.30699920654297,29.67350006103516,29.262500762939453,29.53849983215332,46178000,AMZN,-0.011884924360712312,-0.01299974999492537,0.04147120974436902,29.701599502563475,28.73844985961914,27.98593990325928,0.009888768217917432,0.013064267750365925,-0.06552533592358745,81001200.0,54.56090716410108,0.10521008028108064,0.027194899054415078,1
2016-04-06,30.10400009155273,30.10400009155273,30.11949920654297,29.375,29.3759994506836,56998000,AMZN,0.027194899054415078,0.005662374598572439,0.07464389986164499,29.735499572753906,28.842999839782713,27.991489906311035,0.01650788715251816,0.014100473009505333,0.23431071072805243,79121100.0,62.28683684775215,0.11620901170627296,-0.017688656382376045,0
2016-04-07,29.57150077819824,29.57150077819824,29.979999542236328,29.45400047302246,29.9379997253418,63780000,AMZN,-0.017688656382376045,-0.0037227421096478475,0.057125548115152025,29.71339988708496,28.92289991378784,27.981669921875,0.018286356211076524,0.014860331544671417,0.11898663110986352,77932800.0,64.67566667961678,0.0798103893767419,0.005359848498285968,1
2016-04-08,29.729999542236328,29.729999542236328,29.89299964904785,29.450000762939453,29.715999603271484,51838000,AMZN,0.005359848498285968,-0.006516280694928822,0.06381832123431508,29.67439994812012,29.012074851989745,27.992919921875,0.017987529209041415,0.014841345817906531,-0.18723737848855437,76604800.0,70.28626257067023,0.0595279535056642,0.0022367881300682235,1
2016-04-11,29.796499252319336,29.796499252319336,30.200000762939453,29.745500564575195,29.80699920654297,54086000,AMZN,0.0022367881300682235,0.004619064032946429,0.04620705460171948,29.70179977416992,29.077874851226806,27.953499908447267,0.017478474708669072,0.014361431269703274,0.04336587059685937,75537800.0,70.12377000401855,0.0444032289436701,0.012149125841996566,1
2016-04-12,30.15850067138672,30.15850067138672,30.202999114990234,29.61549949645996,29.920000076293945,52822000,AMZN,0.012149125841996566,0.029054542870211364,0.05197341068867001,29.87210006713867,29.152374839782716,27.969669914245607,0.01629913796809192,0.014500593420936483,-0.02337018821876269,74724700.0,70.33439024611835,0.05206114574359749,0.019314572589734125,1
2016-04-13,30.74099922180176,30.74099922180176,30.840499877929688,30.26449966430664,30.38400077819824,84566000,AMZN,0.019314572589734125,0.02115994978447322,0.06550897371473785,29.999499893188478,29.246874809265137,28.009679908752442,0.01392770624353933,0.01495774541062955,0.6009617204952482,75076200.0,71.02447058489456,0.08755029404237336,0.009645137346663946,1
2016-04-14,31.037500381469727,31.037500381469727,31.2189998626709,30.75349998474121,30.75349998474121,70242000,AMZN,0.009645137346663946,0.049574744760749745,0.0809375864172408,30.292699813842773,29.36307487487793,28.07832992553711,0.006575888458513985,0.014896548108238115,-0.16938249414658368,75050600.0,68.88490614006969,0.12017188910206789,0.008280304996334698,1
2016-04-15,31.29450035095215,31.29450035095215,31.338499069213867,30.905500411987305,31.09600067138672,57754000,AMZN,0.008280304996334698,0.05262364052489099,0.11877950144367166,30.60559997558594,29.529199886322022,28.173149948120116,0.00620890514501729,0.013152215404212233,-0.17778537057600863,72010200.0,72.52790715653447,0.14649130970838686,0.015114463162838598,1
2016-04-18,31.76749992370605,31.76749992370605,31.881999969482425,31.24799919128418,31.26749992370605,87218000,AMZN,0.015114463162838598,0.0661487329332251,0.15082958333373653,30.99980010986328,29.73737487792969,28.272239952087403,0.004431425019985002,0.012522020423139555,0.5101637981784812,69074200.0,71.25294133509355,0.18093164868113165,-0.011725803630659892,0
2016-04-19,31.395000457763672,31.395000457763672,31.90049934387207,31.040000915527344,31.85700035095215,81118000,AMZN,-0.011725803630659892,0.041000041741136695,0.13343446089253508,31.24710006713867,29.92217493057251,28.39800994873047,0.011942031541187828,0.013197769947749322,-0.06993969134811617,67974400.0,64.57149446863129,0.16428644924297686,0.008106368266093567,1
2016-04-20,31.64949989318848,31.64949989318848,31.82749938964844,31.14999961853028,31.5,52188000,AMZN,0.008106368266093567,0.029553387800823394,0.1293712426358573,31.428800201416017,30.1034499168396,28.542899932861328,0.010248585104208128,0.013144931036226713,-0.35664094282403414,66583200.0,69.62203402146538,0.15613355593158718,-0.003143830280533,0
2016-04-21,31.549999237060547,31.549999237060547,31.891000747680664,31.424999237060547,31.549999237060547,51926000,AMZN,-0.003143830280533,0.01651224645322258,0.10773654983231551,31.53129997253418,30.25687484741211,28.69182991027832,0.010662790657716255,0.013075043369905701,-0.005020311182647341,65195800.0,66.68378189326522,0.13078354492587152,-0.016640241877203255,0
2016-04-22,31.02499961853028,31.02499961853028,31.412500381469727,30.577999114990234,31.223499298095703,101678000,AMZN,-0.016640241877203255,-0.008611760194269014,0.0644137779579792,31.477399826049805,30.35074987411499,28.82184989929199,0.013273039791595638,0.013209302037511344,0.9581327273427569,65094200.0,63.31026071500956,0.06853117128767594,0.009186135404233298,1
2016-04-25,31.309999465942383,31.309999465942383,31.349000930786133,30.8125,30.83049964904785,53658000,AMZN,0.009186135404233298,-0.014401525422599093,0.07989720901544017,31.38589973449707,30.46657485961914,28.944229888916016,0.011553650348386974,0.013115625519776308,-0.47227522177855585,64655600.0,69.78467903441863,0.03794856117049383,-0.014883411409137182,0
2016-04-26,30.8439998626709,30.8439998626709,31.33749961853028,30.74399948120117,31.308500289916992,50428000,AMZN,-0.014883411409137182,-0.017550584075768594,0.03876331251328069,31.275699615478516,30.524124813079833,29.05402988433838,0.012227198765330707,0.012852430356867395,-0.06019605650601956,62784400.0,57.82075910990348,-0.019194386677368058,-0.016713108458223047,0
2016-04-27,30.328500747680664,30.328500747680664,30.79750061035156,30.06399917602539,30.59000015258789,81376000,AMZN,-0.016713108458223047,-0.04173838923098172,0.013162104277483211,31.01149978637695,30.543824863433837,29.139499893188475,0.011357111184556517,0.01341503702950269,0.6137066708971206,62962700.0,58.0292794797637,-0.09310450721328756,-0.00753417942126311,0
2016-04-28,30.100000381469727,30.100000381469727,31.34000015258789,29.959999084472656,30.777000427246094,157452000,AMZN,-0.00753417942126311,-0.04595876040109581,0.014082648948882559,30.72150001525879,30.564724922180176,29.20739990234375,0.01100978765564315,0.013384085769003295,0.9348702320094378,68153500.0,53.86706684852403,-0.15512168243605573,0.09566443185819673,1
2016-04-29,32.97949981689453,32.97949981689453,33.499000549316406,32.70000076293945,33.29999923706055,206214000,AMZN,0.09566443185819673,0.06299758976296288,0.10207186826094028,31.11240005493164,30.717449951171876,29.34198989868164,0.047248958153009335,0.025098069215048216,0.30969438305007246,75546800.0,70.94906747777755,-0.007734706959159787,0.03678046234647003,1
2016-05-02,34.192501068115234,34.192501068115234,34.275001525878906,33.10150146484375,33.19599914550781,131570000,AMZN,0.03678046234647003,0.0920632913235373,0.15283470481256733,31.68890037536621,30.944099998474123,29.490939903259278,0.04827159083681505,0.025820482571040193,-0.36197348385657613,79654500.0,73.87548135277292,0.15684207263325256,-0.0183227069227061,0
2016-05-03,33.566001892089844,33.566001892089844,34.01499938964844,33.52149963378906,33.86800003051758,98468000,AMZN,-0.0183227069227061,0.08825061734983541,0.14532373838519863,32.23330078125,31.157050132751465,29.60275993347168,0.04888967137216761,0.026112563050007236,-0.2515923082769629,82269000.0,66.63332025381308,0.2058156070190954,-0.000625743965934844,0
2016-05-04,33.54499816894531,33.54499816894531,33.70000076293945,33.10699844360352,33.12950134277344,92710000,AMZN,-0.000625743965934844,0.10605527282817051,0.11430368279722858,32.87660026550293,31.329100036621092,29.72071990966797,0.04650742592121466,0.025724956780583123,-0.058475850022342235,84054600.0,65.25891444220073,0.21793620317351503,-0.01760321687769084,0
2016-05-05,32.954498291015625,32.954498291015625,33.824501037597656,32.79999923706055,33.66550064086914,97682000,AMZN,-0.01760321687769084,0.09483381639101895,0.11440060273543917,33.44749984741211,31.49824991226196,29.82576988220215,0.04824772053359158,0.025720870233843167,0.05362959767015418,85749700.0,59.707588993417545,0.1694820750832603,0.022546240090086433,1
2016-05-06,33.6974983215332,33.6974983215332,33.84749984741211,32.800498962402344,32.8025016784668,87306000,AMZN,0.022546240090086433,0.021771055007658413,0.13345102053097557,33.59109954833984,31.696624851226808,29.94456985473633,0.024512146482423988,0.02599342269368808,-0.106222231322045,87523100.0,60.94103201382463,0.17031549375136978,0.008606007269745364,1
2016-05-09,33.98749923706055,33.98749923706055,34.3489990234375,33.570499420166016,33.6974983215332,79644000,AMZN,0.008606007269745364,-0.005995520206208416,0.1406541066872138,33.5500991821289,31.906174850463866,30.069089851379395,0.017482505141646704,0.025976272251370634,-0.08776029138890795,88801000.0,64.83546708905195,0.17270017399373416,0.03430674196057093,1
2016-05-10,35.153499603271484,35.153499603271484,35.227500915527344,34.67499923706055,34.70000076293945,122112000,AMZN,0.03430674196057093,0.047294810870988746,0.1656249090865396,33.86759872436524,32.155924797058105,30.21963985443115,0.02014620640000508,0.026674599079063662,0.5332228416453217,92265500.0,68.15731300568488,0.23144276587710677,0.014450891828668544,1
2016-05-11,35.6614990234375,35.6614990234375,35.95000076293945,35.08250045776367,35.28950119018555,146764000,AMZN,0.014450891828668544,0.06309437978898336,0.16006310550068537,34.29089889526367,32.40194978713989,30.35382984161377,0.01937541150425927,0.026588221165362455,0.2018802410901468,95375400.0,70.43996352759746,0.27991043316293207,0.006589756930776014,1
2016-05-12,35.89649963378906,35.89649963378906,36.122501373291016,35.57550048828125,35.86899948120117,100964000,AMZN,0.006589756930776014,0.08927465127197864,0.15655253137653746,34.87929916381836,32.64489974975586,30.491549835205078,0.011348618205949243,0.026585686359078556,-0.3120656291733668,96911500.0,74.93728257356737,0.30133710279663983,-0.011157111565377131,0
2016-05-13,35.49599838256836,35.49599838256836,35.962501525878906,35.32550048828125,35.73199844360352,95268000,AMZN,-0.011157111565377131,0.053371916332610514,0.1342567538864181,35.23899917602539,32.85497465133667,30.62397979736328,0.016357419131451188,0.02691361015437624,-0.05641614833009789,98787200.0,71.1777635263332,0.2634487251762627,0.0010424432376223702,1
2016-05-16,35.53300094604492,35.53300094604492,35.662498474121094,35.013999938964844,35.506500244140625,108658000,AMZN,0.0010424432376223702,0.04547265152415614,0.11853312446312203,35.548099517822266,33.043249702453615,30.759499816894532,0.01692316242892167,0.02686457783842713,0.14055086702775332,99859200.0,74.7990113430051,0.21768901485330772,-0.021655945513589514,0
2016-05-17,34.76350021362305,34.76350021362305,35.7234992980957,34.695499420166016,35.494998931884766,102428000,AMZN,-0.021655945513589514,-0.01109418390913608,0.10729414577939211,35.47009963989258,33.21167469024658,30.891969833374024,0.014350736421803673,0.02729667391251658,-0.057335861142299716,100924700.0,72.84196037049051,0.1174291918105963,0.003135505889745094,1
2016-05-18,34.872501373291016,34.872501373291016,35.12699890136719,34.4379997253418,34.47800064086914,85664000,AMZN,0.003135505889745094,-0.022124635019631023,0.10183419930740145,35.31230010986328,33.37282476425171,31.02915985107422,0.01173248264156581,0.02729384433735379,-0.1636661850275315,102598500.0,74.88656077082382,0.04406183308414224,0.0015340830839882802,1
2016-05-19,34.92599868774414,34.92599868774414,34.970001220703125,34.47800064086914,34.59400177001953,60512000,AMZN,0.0015340830839882802,-0.027036088642230616,0.10700473953476175,35.1181999206543,33.54162473678589,31.168209838867188,0.01072193430300393,0.02723855289514024,-0.29361225252147927,103027800.0,64.39184070408083,-0.012246363389142312,0.006127260778355126,1
2016-05-20,35.13999938964844,35.13999938964844,35.36199951171875,35.0,35.0525016784668,58324000,AMZN,0.006127260778355126,-0.010029271161302145,0.13263496605042313,35.047000122070315,33.7473747253418,31.31207981109619,0.011186168505966251,0.026738564166846494,-0.03615811739820196,100860100.0,58.21980595273316,-0.044639575587720914,-0.008608362806592496,0
2016-05-23,34.837501525878906,34.837501525878906,35.29999923706055,34.82099914550781,35.212501525878906,51902000,AMZN,-0.008608362806592496,-0.019573337507352573,0.11266375343677604,34.90790023803711,33.92374982833862,31.439219856262206,0.011368988855836877,0.02694234040075616,-0.11010904601879157,100772300.0,61.68763771675267,-0.09320522244650897,0.010692430348859583,1
2016-05-24,35.209999084472656,35.209999084472656,35.375,34.900001525878906,34.9005012512207,60676000,AMZN,0.010692430348859583,0.012843898574822932,0.14155100639478757,34.99720001220703,34.14204978942871,31.570049819946288,0.007158500255736365,0.026518379028314453,0.16904936225964318,101284700.0,64.37576247829489,-0.1060724820806418,0.005893225309828942,1
2016-05-25,35.41749954223633,35.41749954223633,35.542999267578125,35.2760009765625,35.400001525878906,65354000,AMZN,0.005893225309828942,0.01562830733337428,0.16779592360643947,35.10619964599609,34.396499729156496,31.70137981414795,0.0073168542664326704,0.02593139471246588,0.07709802887467854,100483600.0,72.77182711129137,-0.10617813005164911,0.0092609336974534,1
2016-05-26,35.74549865722656,35.74549865722656,35.75,35.364498138427734,35.416500091552734,48934000,AMZN,0.0092609336974534,0.023463895100299448,0.1875580798740566,35.27009963989258,34.67877464294433,31.842019805908205,0.007701965650209918,0.025669309163772774,-0.2512470545031673,95057700.0,70.50871543336504,-0.09034756459110715,-0.003734712076280511,0
2016-05-27,35.61199951171875,35.61199951171875,35.83000183105469,35.55500030517578,35.75,44984000,AMZN,-0.003734712076280511,0.013431990047482856,0.07982230505132337,35.36449966430664,34.81039962768555,31.994819793701172,0.008461767961586649,0.015666674020933535,-0.08072097110393595,86996200.0,66.79417821697838,-0.09460417415340427,0.014812427266666317,1
2016-05-31,36.13949966430664,36.13949966430664,36.21149826049805,35.566001892089844,35.61650085449219,72366000,AMZN,0.014812427266666317,0.037373464841057746,0.05694226907568911,35.624899291992186,34.907749557495116,32.16552978515625,0.006991035095754836,0.013917121866852568,0.6087053174462032,84036000.0,61.74369366094795,-0.06882884432086578,-0.004634805235053108,0
2016-06-01,35.97200012207031,35.97200012207031,36.32149887084961,35.9109992980957,36.04499816894531,65262000,AMZN,-0.004634805235053108,0.02164160912840507,0.07167961908944132,35.77729949951172,35.02804946899414,32.33098979949951,0.008397109850057354,0.013134953462422603,-0.09816764779039877,82375700.0,54.02464349993077,-0.0697776440913489,0.012231697576333245,1
2016-06-02,36.4119987487793,36.4119987487793,36.41400146484375,35.775001525878906,36.04850006103516,60532000,AMZN,0.012231697576333245,0.028079317269616988,0.08546730470500208,35.976199340820315,35.17139949798584,32.49874977111816,0.009139719924382447,0.01323414764570724,-0.07247709233550914,80766800.0,56.344610449791965,-0.0484987216317474,-0.003707522964191301,0
2016-06-03,36.277000427246094,36.277000427246094,36.34999847412109,35.92150115966797,36.33700180053711,67346000,AMZN,-0.003707522964191301,0.014869054565897821,0.10082089877048084,36.08249969482422,35.337524604797366,32.65465976715088,0.0096617146954975,0.01236598336781222,0.11256855877882765,79250000.0,60.28448027294675,-0.05098779332016856,0.0016400979284734163,1
2016-06-06,36.33649826049805,36.33649826049805,36.57500076293945,36.22100067138672,36.32500076293945,54096000,AMZN,0.0016400979284734163,0.020344231121897316,0.07831441710551212,36.22739944458008,35.4694746017456,32.798439750671385,0.009002512975323777,0.011657965863388088,-0.19674516675080922,77589500.0,60.51838890353716,-0.055715200312454805,-0.004114265077721169,0
2016-06-07,36.1870002746582,36.1870002746582,36.5,36.02750015258789,36.49449920654297,54650000,AMZN,-0.004114265077721169,0.001314368234003993,0.06471500072000835,36.23689956665039,35.57944965362549,32.94230976104736,0.00714244549456562,0.011731092940238087,0.010241052942916218,76339800.0,72.2457632170697,-0.07480837273379204,0.004006976446324195,1
2016-06-08,36.33200073242188,36.33200073242188,36.47100067138672,36.08000183105469,36.31999969482422,44468000,AMZN,0.004006976446324195,0.010007800765315045,0.033524432629766565,36.3088996887207,35.638374710083006,33.07508975982666,0.006685890472572932,0.009182901067822444,-0.1863129002744739,72457600.0,72.55456793092843,-0.08294012688428487,0.0013899306777584997,1
2016-06-09,36.38249969482422,36.38249969482422,36.445499420166016,36.1150016784668,36.15499877929688,43406000,AMZN,0.0013899306777584997,-0.0008101465167733579,0.020217901409945283,36.302999877929686,35.674424743652345,33.20404975891113,0.003578666495254983,0.008678207890287497,-0.023882342358550024,67289700.0,72.52911041956531,-0.08961702376592184,-0.013385542934204464,0
2016-06-10,35.89550018310547,35.89550018310547,36.249000549316406,35.71049880981445,36.11750030517578,68514000,AMZN,-0.013385542934204464,-0.010516311702940428,-2.7842566651115064e-05,36.22669982910156,35.67437477111817,33.328319778442385,0.006980035393270324,0.00914258006413714,0.5784453762152697,65667200.0,60.7759793327544,-0.12912967192827174,-0.0037191053147838105,0
2016-06-13,35.762001037597656,35.762001037597656,36.0994987487793,35.55799865722656,35.70050048828125,67044000,AMZN,-0.0037191053147838105,-0.015810472951515386,0.007493877258004655,36.11180038452149,35.68767490386963,33.445059814453124,0.006668063298117797,0.008808372963584141,-0.021455468955249968,64256000.0,63.85438580444525,-0.16429793437808082,0.005676391395907032,1
2016-06-14,35.96500015258789,35.96500015258789,36.04050064086914,35.61349868774414,35.61650085449219,50138000,AMZN,0.005676391395907032,-0.006134803116736309,0.012157689895062385,36.06740036010742,35.70927486419678,33.57116981506348,0.007680140865978431,0.00888647506664796,-0.2521627587852754,61330000.0,61.919858541303554,-0.1730506405074016,-0.007006781601502476,0
2016-06-15,35.7130012512207,35.7130012512207,36.12799835205078,35.66749954223633,36.09999847412109,54188000,AMZN,-0.007006781601502476,-0.0170373078477013,0.027313159830366196,35.943600463867185,35.75674991607666,33.69928985595703,0.007384877777269317,0.007437436972139718,0.08077705532729662,58918000.0,54.60069939373206,-0.19343024940228304,0.004550120920334022,1
2016-06-16,35.8754997253418,35.8754997253418,35.900001525878906,35.26499938964844,35.602500915527344,61960000,AMZN,0.004550120920334022,-0.013935270356218776,0.02876187002802677,35.842200469970706,35.806899833679196,33.81471984863281,0.008007283014225965,0.007461752632926695,0.14342658891267446,57732800.0,52.13397337714954,-0.19313592209859398,-0.01549803515257031,0
2016-06-17,35.31949996948242,35.31949996948242,35.90999984741211,34.95899963378906,35.90950012207031,117956000,AMZN,-0.01549803515257031,-0.016046585524225332,0.01126671524145606,35.7270004272461,35.826574897766115,33.9296798324585,0.008730083365216046,0.008367980239685454,0.9037443511943188,60605000.0,45.78347042539783,-0.22531168389058054,0.010787256873059592,1
2016-06-20,35.70050048828125,35.70050048828125,36.06549835205078,35.54050064086914,35.67499923706055,73544000,AMZN,0.010787256873059592,-0.001719717787932229,0.015950515320666936,35.714700317382814,35.854599952697754,34.04908985137939,0.010701978414619647,0.008592046707397404,-0.3765132761368646,61366000.0,43.392521464932095,-0.2158416624478714,0.0025349750477419164,1
2016-06-21,35.79100036621094,35.79100036621094,35.91999816894531,35.63600158691406,35.7859992980957,42750000,AMZN,0.0025349750477419164,-0.004838031020123146,0.027369897339616367,35.679900360107425,35.90227489471435,34.16897987365723,0.01034996071669158,0.008304510483804175,-0.41871532687914714,60908400.0,47.211086998944346,-0.1988124304878507,-0.0072923803258784226,0
2016-06-22,35.529998779296875,35.529998779296875,35.849998474121094,35.378501892089844,35.82899856567383,45210000,AMZN,-0.0072923803258784226,-0.005124253507469478,0.009088318748788016,35.64329986572265,35.918274879455566,34.27640983581543,0.0103926060989817,0.008216752068556068,0.0575438596491229,60135100.0,35.61639404228529,-0.19991680087074626,0.016155399154990313,1
2016-06-23,36.104000091552734,36.104000091552734,36.10599899291992,35.625,35.775001525878906,56500000,AMZN,0.016155399154990313,0.006369259465660582,0.01938308909971842,35.68899993896484,35.952599906921385,34.38366985321045,0.01292489908194262,0.008866974595952688,0.24972351249723523,59692400.0,47.532087595626095,-0.15858548384137572,-0.03201856378930534,0
2016-06-24,34.948001861572266,34.948001861572266,35.62649917602539,34.61000061035156,34.650001525878906,152650000,AMZN,-0.03201856378930534,-0.010518215383319318,-0.022310411817211273,35.61470031738281,35.91272506713867,34.4618798828125,0.018992211298819638,0.011310057083745492,1.701769911504425,64878200.0,34.912547440257185,-0.20286603678825188,-0.01087332745432501,0
2016-06-27,34.56800079345703,34.56800079345703,34.840999603271484,34.10599899291992,34.60049819946289,111360000,AMZN,-0.01087332745432501,-0.03172223580439615,-0.029315925322254688,35.38820037841797,35.860525131225586,34.527349891662595,0.017787962179209707,0.011509582944511232,-0.2704880445463479,68197000.0,33.247097330894405,-0.2485004927702854,0.023996131450350733,1
2016-06-28,35.397499084472656,35.397499084472656,35.400001525878906,34.90850067138672,35.0,80740000,AMZN,0.023996131450350733,-0.010994419762286767,-0.020531567584673116,35.30950012207031,35.823425102233884,34.59994987487793,0.02243477521652942,0.012344336565073347,-0.27496408045977017,68615700.0,41.529932591852855,-0.21483750897715664,0.010805839528702954,1
2016-06-29,35.779998779296875,35.779998779296875,35.974998474121094,35.676998138427734,35.787498474121094,61402000,AMZN,0.010805839528702954,0.007036307587651169,-0.005337522020512742,35.359500122070315,35.81382503509521,34.68764984130859,0.022825340640788404,0.012583209329322158,-0.23950953678474118,68422700.0,44.84909480363279,-0.1612738434141207,2.7933222965126348e-05,1
2016-06-30,35.78099822998047,35.78099822998047,35.96849822998047,35.62699890136719,35.86000061035156,57102000,AMZN,2.7933222965126348e-05,-0.00894642867142692,-0.0173294666725754,35.29489974975586,35.78227500915527,34.770279808044435,0.021348301002740884,0.01224026710205628,-0.07003029217289336,68251200.0,48.932381810085175,-0.1220235905319999,0.014057801392656444,1
2016-07-01,36.28400039672852,36.28400039672852,36.400001525878906,35.82699966430664,35.86600112915039,58408000,AMZN,0.014057801392656444,0.038228180839868786,0.0001929588830384965,35.56209945678711,35.78262500762939,34.86495983123779,0.013410944351651596,0.012655886661775586,0.022871353017407392,67804300.0,54.553380154118656,-0.06148751352041387,0.003334758605593846,1
2016-07-05,36.40499877929688,36.40499877929688,36.47800064086914,35.980499267578125,36.13999938964844,48628000,AMZN,0.003334758605593846,0.05314157439465106,0.001885171166130295,35.929499053955084,35.78605003356934,34.97255981445313,0.00943247732956218,0.012672501000681237,-0.1674428160525956,67530900.0,53.893794734095295,-0.015021742102398594,0.013061448430278899,1
2016-07-06,36.88050079345703,36.88050079345703,36.88850021362305,36.12900161743164,36.28549957275391,78764000,AMZN,0.013061448430278899,0.041895663460442156,0.019164354976515918,36.22609939575196,35.82072505950928,35.083969841003416,0.006228454930358904,0.012945860879841705,0.6197252611664061,68736600.0,59.938702464046635,0.04284705300980213,-0.0014100121203947102,0
2016-07-07,36.82849884033203,36.82849884033203,36.977500915527344,36.58150100708008,36.96649932861328,58916000,AMZN,-0.0014100121203947102,0.029304083197505326,0.013665586752757086,36.43579940795899,35.845549964904784,35.20365982055664,0.007285213228899948,0.012936952976604053,-0.25199329642984103,69459000.0,58.26824920552022,0.0710677366492527,0.012544681838379868,1
2016-07-08,37.29050064086914,37.29050064086914,37.30500030517578,36.900001525878906,37.00699996948242,68584000,AMZN,0.012544681838379868,0.0421872637869527,0.024957079740568044,36.737699890136724,35.89095001220703,35.34289981842041,0.006942214644131225,0.013203308039675088,0.16409803788444566,70717900.0,67.38400480184322,0.11186672453297725,0.010686328376066534,1
2016-07-11,37.68899917602539,37.68899917602539,37.79499816894531,37.34999847412109,37.5,63906000,AMZN,0.010686328376066534,0.03872226777462906,0.04996445191656784,37.018699645996094,35.980624961853025,35.49467979431152,0.0063868201640730204,0.012885922187494415,-0.06820832847311331,70487500.0,67.48436790384005,0.15410320253784315,-0.007389413605035089,0
2016-07-12,37.41049957275391,37.41049957275391,37.867000579833984,37.01649856567383,37.84299850463867,112474000,AMZN,-0.007389413605035089,0.027619855162001716,0.04609637289096713,37.2197998046875,36.06304988861084,35.58329978942871,0.009321833074425136,0.01300503874488355,0.7599912371295341,72759000.0,63.78413549390059,0.15147089355852156,-0.007457781419643927,0
2016-07-13,37.13150024414063,37.13150024414063,37.84349822998047,37.0625,37.3380012512207,82846000,AMZN,-0.007457781419643927,0.006805749523014271,0.032434313543824755,37.26999969482422,36.121374893188474,35.64207977294922,0.009670185391789952,0.013158223557970562,-0.2634208794921493,74394400.0,63.58931664987798,0.12047656402705542,-0.0019255583636402784,0
2016-07-14,37.060001373291016,37.060001373291016,37.45199966430664,36.95100021362305,37.44300079345703,47810000,AMZN,-0.0019255583636402784,0.006285961694030728,0.03771735992152925,37.31630020141601,36.18872489929199,35.711959762573244,0.00971023368001655,0.013030104559083936,-0.42290514931318346,74075500.0,58.868287476750865,0.08629784744313518,-0.007771235927900411,0
2016-07-15,36.77199935913086,36.77199935913086,37.32749938964844,36.70249938964844,37.32749938964844,62428000,AMZN,-0.007771235927900411,-0.01390437974356451,0.02498918874029754,37.21259994506836,36.23354988098144,35.77649978637695,0.007907472428074241,0.013190193011038435,0.30575193474168594,74098900.0,70.16802540205295,0.03790150848171325,0.0008566781945107405,1
2016-07-18,36.80350112915039,36.80350112915039,37.08000183105469,36.43600082397461,36.77450180053711,59098000,AMZN,0.0008566781945107405,-0.023494867633372496,0.04201648270644287,37.03550033569336,36.30774993896485,35.853479843139645,0.003963520401170043,0.012585933519883172,-0.053341449349650794,71156000.0,76.78205654356849,0.0034344551974327397,0.005271244261784824,1
2016-07-19,36.997501373291016,36.997501373291016,37.166500091552734,36.615501403808594,36.625,44336000,AMZN,0.005271244261784824,-0.011039633369763546,0.03633004768197878,36.95290069580078,36.37259998321533,35.91947990417481,0.005565987867344459,0.012446026491564292,-0.24978848692003108,69695600.0,72.61164009069864,-0.010132726618015897,0.007797767797718347,1
2016-07-20,37.2859992980957,37.2859992980957,37.3125,37.03499984741211,37.20000076293945,44280000,AMZN,0.007797767797718347,0.004160862150444755,0.04177024717353639,36.9838005065918,36.44734992980957,35.985449905395505,0.006120626333760229,0.012516488574396977,-0.0012630819198845566,69772100.0,71.86409326281395,-0.0038353440553677287,-0.001729842369290413,0
2016-07-21,37.22150039672852,37.22150039672852,37.46799850463867,37.13949966430664,37.375,46342000,AMZN,-0.001729842369290413,0.004357771652806708,0.047607702661033535,37.016100311279295,36.53192501068115,36.02680992126465,0.006099059773839655,0.012357048728293282,0.046567299006323504,69828700.0,70.53457912212579,-0.007936047837375781,0.0005776133030614972,1
2016-07-22,37.24300003051758,37.24300003051758,37.56399917602539,37.17649841308594,37.38949966430664,45554000,AMZN,0.0005776133030614972,0.012808677243429933,0.031547749171187744,37.11030044555664,36.5888750076294,36.05843994140625,0.003873590899629893,0.011927951949202964,-0.017004013637736848,69281400.0,65.84599015692444,-0.012832791563732848,-0.00704832485901663,0
2016-07-25,36.980499267578125,36.980499267578125,37.42499923706055,36.76750183105469,37.32749938964844,53586000,AMZN,-0.00704832485901663,0.0048092744711056845,0.05815775717468785,37.14570007324219,36.69049987792969,36.080119934082035,0.005849266980618805,0.00922111380093867,0.17631821574395223,64328200.0,59.08444954006898,-0.03606677562245414,-0.005435302865131164,0
2016-07-26,36.77949905395508,36.77949905395508,37.15650177001953,36.63750076293945,37.135501861572266,50594000,AMZN,-0.005435302865131164,-0.005892352489871522,0.06397530113794248,37.102099609375,36.80107479095459,36.10578994750976,0.0058424292531937694,0.00886792960083334,-0.05583547941626543,61289900.0,48.25437806490915,-0.06556919797534067,0.0014682324632255828,1
2016-07-27,36.83349990844727,36.83349990844727,37.047000885009766,36.69300079345703,36.89849853515625,58262000,AMZN,0.0014682324632255828,-0.012135906189097101,0.04056786103864973,37.011599731445315,36.87287483215332,36.131799926757814,0.0037112289917605847,0.007386755390378305,0.15155947345535048,60166000.0,50.086374219766185,-0.08103097237741796,0.02163793522176194,1
2016-07-28,37.63050079345703,37.63050079345703,37.667999267578125,36.98500061035156,37.29899978637695,152352000,AMZN,0.02163793522176194,0.010988283448252867,0.05171889539669006,37.09339981079101,36.96539993286133,36.189139938354494,0.011454500188594783,0.008393632308507586,1.6149462771617866,64713500.0,55.26316100268684,-0.03928059675193235,0.008237933380032203,1
2016-07-29,37.94049835205078,37.94049835205078,38.29999923706055,37.75,38.25,135542000,AMZN,0.008237933380032203,0.01872830655322244,0.06035326650727413,37.23289947509765,37.07337493896485,36.250499877929684,0.011686502933156203,0.00846386296093731,-0.1103365889519009,68635500.0,54.00285358671566,0.005150736310136961,0.011768498173212238,1
2016-08-01,38.387001037597656,38.387001037597656,38.525001525878906,37.85300064086914,37.993499755859375,71564000,AMZN,0.011768498173212238,0.03803360684350343,0.05795944818308252,37.514199829101564,37.1785249710083,36.31971992492676,0.01027550275768047,0.008320256541837847,-0.4720160540644228,69293300.0,64.75299861912515,0.0576329763876019,-0.009326118199067812,0
2016-08-02,38.02899932861328,38.02899932861328,38.2504997253418,37.85100173950195,38.19049835205078,72066000,AMZN,-0.009326118199067812,0.033972737715247225,0.044609273555035855,37.7640998840332,37.25972499847412,36.377499923706054,0.011569229266841976,0.00875217404748028,0.007014700128556317,70465200.0,63.243293751041264,0.06093721506151728,-0.007809852750616408,0
2016-08-03,37.73199844360352,37.73199844360352,37.94449996948242,37.61249923706055,37.85300064086914,71630000,AMZN,-0.007809852750616408,0.024393515071593708,0.02308801756557366,37.943799591064455,37.302299880981444,36.435389862060546,0.013251408639754858,0.008635062162810925,-0.006050009713318372,70108500.0,59.29712156556449,0.03699846337816781,0.008123166239300872,1
2016-08-04,38.03850173950195,38.03850173950195,38.25,37.51750183105469,37.685001373291016,63564000,AMZN,0.008123166239300872,0.010842293815974458,0.032855069776691836,38.02539978027344,37.36280002593994,36.49195991516113,0.009951698847374613,0.008747122484052893,-0.11260644981153145,70340900.0,67.43289506847026,0.0356691419911665,0.0068482730644587875,1
2016-08-05,38.29899978637695,38.29899978637695,38.42350006103516,38.15449905395508,38.240501403808594,54088000,AMZN,0.0068482730644587875,0.009449043894985909,0.02704439812219972,38.09710006713867,37.41322498321533,36.54958992004394,0.009758397268602238,0.008461927248618738,-0.14907809451891008,69616100.0,69.36420125065462,0.04556341401440889,0.0007571824009775519,1
2016-08-08,38.32799911499024,38.32799911499024,38.34999847412109,38.05099868774414,38.34049987792969,39726000,AMZN,0.0007571824009775519,-0.0015370287079635725,0.016954547823899935,38.08529968261719,37.44517498016358,36.60123992919922,0.008078244753269525,0.00817284527080274,-0.2655302470048809,68407100.0,67.9967100646431,0.04709618724777925,0.0022829661839738336,1
2016-08-09,38.41550064086914,38.41550064086914,38.630001068115234,38.345001220703125,38.36949920654297,37522000,AMZN,0.0022829661839738336,0.010163331117814867,0.026864144547462,38.16259994506836,37.49542503356934,36.657309951782224,0.006301758752978696,0.007941112179148719,-0.055480038262095355,64659500.0,66.15647706165723,0.046933916343497695,0.0003254093459907903,1
2016-08-10,38.428001403808594,38.428001403808594,38.60499954223633,38.30950164794922,38.4900016784668,32086000,AMZN,0.0003254093459907903,0.018445960694219776,0.03491647660728581,38.30180053710937,37.56025009155274,36.70307998657226,0.003589106129233169,0.007672616234056538,-0.14487500666275788,62121500.0,67.51848631043708,0.040824385756701165,0.003487011188573863,1
2016-08-11,38.5620002746582,38.5620002746582,38.6875,38.45600128173828,38.49700164794922,40394000,AMZN,0.003487011188573863,0.013762333194438314,0.040528840952760214,38.406500244140624,37.6353500366211,36.75487998962402,0.002617566938617517,0.007631668642593969,0.25892912796858436,61750700.0,68.54608415058806,0.03896817807938158,0.0017114796152302159,1
2016-08-12,38.62799835205078,38.62799835205078,38.657501220703125,38.42100143432617,38.42300033569336,31266000,AMZN,0.0017114796152302159,0.008590265216034565,0.050473159612384855,38.47229995727539,37.7281499862671,36.799199981689455,0.001256082639035516,0.007277985320311431,-0.22597415457741243,60192600.0,74.51996993212028,0.03544670813837636,-0.005268169437032899,0
2016-08-15,38.42449951171875,38.42449951171875,38.60200119018555,38.385501861572266,38.595001220703125,42370000,AMZN,-0.005268169437032899,0.002517752007846541,0.04404467870814721,38.491600036621094,37.809199905395516,36.84214996337891,0.0034231143777562274,0.0074764869857571956,0.3551461651634362,59356200.0,74.46458700439915,0.013786631432023189,-0.005790572427475604,0
2016-08-16,38.20199966430664,38.20199966430664,38.436500549316406,38.19100189208984,38.430999755859375,32092000,AMZN,-0.005790572427475604,-0.005557677838392228,0.032556206400607524,38.448899841308595,37.869424819946296,36.87945999145508,0.004193797337699765,0.007643368741399642,-0.2425772952560774,58744000.0,69.38109130199894,-0.019350937982934746,0.0007721861215197467,1
2016-08-17,38.23149871826172,38.23149871826172,38.26100158691406,37.959999084472656,38.22050094604492,37822000,AMZN,0.0007721861215197467,-0.00511352863454928,0.025358028159762958,38.40959930419922,37.916699790954596,36.92034996032715,0.004236488469207572,0.007505218930513787,0.17854917113299273,58421100.0,60.87582009763861,-0.041819165453864326,-0.00022230741123796527,0
2016-08-18,38.22299957275391,38.22299957275391,38.25849914550781,38.02999877929688,38.20000076293945,29176000,AMZN,-0.00022230741123796527,-0.00879105594859586,0.026906469791674992,38.34179916381836,37.966774749755864,36.95816993713379,0.0035135594947786775,0.007480935799471249,-0.22859711279149697,57562800.0,55.73839087015027,-0.058751876464553876,-0.00935295955161386,0
2016-08-19,37.865501403808594,37.865501403808594,38.1245002746582,37.84450149536133,38.095001220703125,46864000,AMZN,-0.00935295955161386,-0.019739488991712295,0.016714587245413304,38.189299774169925,37.997899818420414,36.987829971313474,0.004198496230228338,0.00785542427419296,0.6062517137373185,57628300.0,39.0094800751202,-0.0934657872472589,0.002865342214060762,1
2016-08-22,37.9739990234375,37.9739990234375,37.99250030517578,37.60499954223633,37.875,33586000,AMZN,0.002865342214060762,-0.011724303348280563,0.026865504131535767,38.09919967651367,38.04757480621338,37.029399948120115,0.005058502826124213,0.0076400775758043125,-0.28333048822123597,56628300.0,48.70465204032127,-0.10755305899173023,0.003910632371425082,1
2016-08-23,38.122501373291016,38.122501373291016,38.23500061035156,38.04999923706055,38.16550064086914,30482000,AMZN,0.003910632371425082,-0.0020809981601539462,0.03651497040146667,38.083300018310545,38.11472492218018,37.076609954833984,0.005263196366256567,0.0074872488839217285,-0.09241946048948968,55622700.0,59.88867894637178,-0.10517533132670875,-0.006820175142353779,0
2016-08-24,37.86249923706055,37.86249923706055,38.170501708984375,37.76800155639648,38.150001525878906,34882000,AMZN,-0.006820175142353779,-0.00965171373271101,0.027936507015921208,38.009500122070314,38.16617488861085,37.114559936523435,0.005895728589562265,0.007733164377043726,0.144347483760908,54453700.0,45.435605011357076,-0.11843239153110657,0.0026015001671968463,1
2016-08-25,37.96099853515625,37.96099853515625,38.02799987792969,37.73699951171875,37.79999923706055,32460000,AMZN,0.0026015001671968463,-0.006854538903964591,0.008782709098484442,37.95709991455078,38.18269977569581,37.15951988220215,0.006225501530138617,0.00611403699623541,-0.06943409208187601,48459100.0,40.43028869520137,-0.11764542148303442,0.012881700868071944,1
2016-08-26,38.45000076293945,38.45000076293945,38.5,37.9900016784668,38.00249862670898,55536000,AMZN,0.012881700868071944,0.01543619752707337,0.01342898572815221,38.07399978637695,38.20817489624024,37.2110099029541,0.006983041846869072,0.006501082788707984,0.71090573012939,44458800.0,52.74038099024546,-0.08290805722171635,0.002977844893519377,1
2016-08-29,38.56449890136719,38.56449890136719,38.749000549316406,38.43000030517578,38.43600082397461,43972000,AMZN,0.002977844893519377,0.015550110420691654,0.004623905462051603,38.19209976196289,38.217049789428714,37.275909881591794,0.006982327065658501,0.005989493544237522,-0.20822529530394696,43079200.0,53.30667158814038,-0.05242324547117605,-0.004810053007818782,0
2016-08-30,38.37900161743164,38.37900161743164,38.59199905395508,38.27799987792969,38.5525016784668,34184000,AMZN,-0.004810053007818782,0.006728316214851926,0.009203562938744358,38.24339981079102,38.234549903869635,37.3294799041748,0.007776454288262583,0.005687055986113882,-0.22259619758027838,41185100.0,48.990107852864725,-0.04522743928513445,0.0020583799042324102,1
2016-08-31,38.45800018310547,38.45800018310547,38.48199844360352,38.20000076293945,38.33000183105469,32676000,AMZN,0.0020583799042324102,0.01572798832735356,0.01924100947335372,38.3625,38.270849990844724,37.38281990051269,0.006316451524396631,0.005348574447324749,-0.04411420547624623,39237400.0,47.80682207609796,-0.036023356960447006,0.0018981238371065245,1
2016-09-01,38.53099822998047,38.53099822998047,38.60200119018555,38.337501525878906,38.54499816894531,35846000,AMZN,0.0018981238371065245,0.01501540309315974,0.012947315692170669,38.47649993896484,38.29547481536865,37.44283988952637,0.006339286299956309,0.0050848366887022945,0.0970130982984454,37851500.0,47.96046046046047,-0.026343853837464237,0.00236182352259795,1
2016-09-02,38.62200164794922,38.62200164794922,38.79999923706055,38.584999084472656,38.70550155639648,43636000,AMZN,0.00236182352259795,0.004473364930997592,0.008433689218358076,38.5109001159668,38.311624908447264,37.4931999206543,0.0032170300521590237,0.004892594359807489,0.21731852926407402,37328900.0,54.35891736797971,-0.015664678025777812,0.021270230329795137,1
2016-09-06,39.44350051879883,39.44350051879883,39.4739990234375,38.51100158691406,38.70199966430664,74396000,AMZN,0.021270230329795137,0.022793025774295206,0.029104086557242503,38.686700439453126,38.36739997863769,37.58310989379883,0.009813323421113634,0.0067587172274600205,0.7049225410211752,39062400.0,71.67050645217137,0.041735469419894144,-0.005564959815286041,0
2016-09-07,39.2239990234375,39.2239990234375,39.53950119018555,39.21649932861328,39.47650146484375,48492000,AMZN,-0.005564959815286041,0.02201718049961121,0.021046149837449235,38.855699920654295,38.40782489776611,37.676229858398436,0.009997521148889502,0.006933789971177593,-0.34819076294424434,39610900.0,66.24654372700502,0.05888107118982189,-0.00053538417729182,0
2016-09-08,39.20299911499024,39.20299911499024,39.32500076293945,39.071998596191406,39.19449996948242,40610000,AMZN,-0.00053538417729182,0.01937175433817928,0.020167525837157863,39.00469970703126,38.4465747833252,37.75233985900879,0.010214640341202242,0.006941287467577129,-0.1625422750144354,40037100.0,65.97652970478673,0.06243080848310456,-0.030507848187831588,0
2016-09-09,38.00699996948242,38.00699996948242,39.04999923706055,38.00550079345703,38.96799850463867,85146000,AMZN,-0.030507848187831588,-0.013599394891625982,-0.014392414844219381,38.89990005493164,38.41882476806641,37.7968798828125,0.01861658595491998,0.009856048588837938,1.0966756956414678,42274700.0,51.811530147889776,-0.017855160514223867,0.014931488109319435,1
2016-09-12,38.574501037597656,38.574501037597656,38.632999420166016,37.79999923706055,37.86750030517578,62494000,AMZN,0.014931488109319435,-0.0012298847373199973,-0.0013849362311129099,38.89039993286133,38.41614990234375,37.85274993896484,0.020231925305538998,0.010450143458814043,-0.2660371597021587,43836100.0,56.87938762096549,-0.03389584358794823,-0.01358415691973791,0
2016-09-13,38.05049896240234,38.05049896240234,38.49449920654297,37.95249938964844,38.4384994506836,62344000,AMZN,-0.01358415691973791,-0.03531637755458816,-0.009733387658109938,38.61179962158203,38.39744987487793,37.88807991027832,0.016739154756369404,0.010828658395020811,-0.002400230422120564,44834800.0,49.24048116674962,-0.07840787214183753,0.00010516596472487372,1
2016-09-14,38.054500579833984,38.054500579833984,38.375,37.942501068115234,38.11000061035156,50460000,AMZN,0.00010516596472487372,-0.029815890085676977,-0.0038610304635563475,38.377899932861325,38.3900749206543,37.921069946289066,0.017054199127082212,0.010755132363837721,-0.19061978698832283,45753200.0,52.14096000353905,-0.10455712482019469,0.011299591339365866,1
2016-09-15,38.484500885009766,38.484500885009766,38.54349899291992,37.87900161743164,38.09999847412109,60680000,AMZN,0.011299591339365866,-0.018327634267801263,0.006617636640731561,38.23420028686523,38.402725028991696,37.953149948120114,0.01872729212462426,0.011055450957364347,0.2025366627031311,46896100.0,55.43559458314022,-0.09040161041243508,0.011472093767138869,1
2016-09-16,38.92599868774414,38.92599868774414,39.02299880981445,38.58300018310547,38.66400146484375,109984000,AMZN,0.011472093767138869,0.02417972265634294,0.018392044655002326,38.418000030517575,38.437874984741214,37.99509994506836,0.011719825242475354,0.01132737479814846,0.8125247198417931,50936500.0,54.9915913407611,-0.050786117293892985,-0.004392889723924931,0
2016-09-19,38.755001068115234,38.755001068115234,39.09700012207031,38.54999923706055,38.99850082397461,45944000,AMZN,-0.004392889723924931,0.004679257687394189,0.023491030920751887,38.45410003662109,38.482349967956544,38.02438995361328,0.010704274174130002,0.011142183942259522,-0.5822665114925807,50890500.0,51.97432144684209,-0.03626178749191006,0.006605612482086798,1
2016-09-20,39.01100158691406,39.01100158691406,39.06850051879883,38.79999923706055,38.79999923706055,38744000,AMZN,0.006605612482086798,0.02524283914018577,0.02730822642188735,38.646200561523436,38.53420009613037,38.05083000183105,0.0070059798229941996,0.011202462806913938,-0.15671251958906496,51148400.0,56.455565989580684,-0.01089283053102047,0.012201633012272062,1
2016-09-21,39.48699951171875,39.48699951171875,39.53450012207031,38.95050048828125,39.16249847412109,54372000,AMZN,0.012201633012272062,0.03764335124775964,0.03579246086364396,38.93270034790039,38.602425003051756,38.09236000061035,0.006973894485412452,0.01145060710150238,0.403365682428247,52342900.0,59.72221621520312,0.034007993455037105,0.018942971304031886,1
2016-09-22,40.23500061035156,40.23500061035156,40.29449844360352,39.7135009765625,39.7135009765625,81578000,AMZN,0.018942971304031886,0.0454858367676958,0.06266098173912327,39.28280029296875,38.721050071716306,38.15443000793457,0.008664888158321764,0.011868667493598379,0.5003678363863753,54677700.0,64.2785450072688,0.1060783339173858,0.001304780986035814,1
2016-09-23,40.28749847412109,40.28749847412109,40.38750076293945,40.10599899291992,40.15650177001953,47070000,AMZN,0.001304780986035814,0.03497661800018537,0.06128658435605239,39.55510025024414,38.83737506866455,38.21897994995117,0.009111225394582699,0.011875135304604122,-0.42300620265267597,55408200.0,64.04653437315,0.14677278900141277,-0.008178673372517098,0
2016-09-26,39.95800018310547,39.95800018310547,40.29650115966797,39.85749816894531,40.09000015258789,53028000,AMZN,-0.008178673372517098,0.03104113228834282,0.03921975007135825,39.79570007324219,38.91277503967285,38.28269996643066,0.01035946181001929,0.01189078620020055,0.1265774378585085,55282800.0,54.7319044728782,0.14095554934136967,0.021209766342872083,1
2016-09-27,40.80550003051758,40.80550003051758,40.83200073242188,40.05550003051758,40.09249877929688,76392000,AMZN,0.021209766342872083,0.04599980442966811,0.05811046929151065,40.15459976196289,39.02482509613037,38.362739944458006,0.012374051166493583,0.012645213111984067,0.4405974202308214,56903800.0,63.03901631115424,0.18108263511539846,0.015451367903480895,1
2016-09-28,41.43600082397461,41.43600082397461,41.50699996948242,40.85150146484375,40.900001525878906,88442000,AMZN,0.015451367903480895,0.049358050405360565,0.0796529111678217,40.54440002441406,39.17767505645752,38.45150993347168,0.012659991476984418,0.012805251501582925,0.1577390302649493,59616700.0,66.72912089293914,0.2336421092101233,0.00039816983651275173,1
2016-09-29,41.45249938964844,41.45249938964844,41.875,41.23149871826172,41.41299819946289,98444000,AMZN,0.00039816983651275173,0.030259693322426395,0.0778641425005362,40.787899780273435,39.327400016784665,38.534839935302735,0.011990817667349224,0.012823305777272528,0.11309106533095137,62905100.0,81.35410237379969,0.25152200358264165,0.009963259640341393,1
2016-09-30,41.865501403808594,41.865501403808594,41.997501373291016,41.619998931884766,41.63050079345703,88612000,AMZN,0.009963259640341393,0.03916855077763515,0.0865407938285283,41.10350036621094,39.49412517547607,38.627719955444334,0.011759519281273266,0.012885869358351515,-0.0998740400633863,65543400.0,80.81463130282717,0.27145876988644657,-0.0006807419549713645,0
2016-10-03,41.83700180053711,41.83700180053711,41.99300003051758,41.5625,41.79999923706055,55388000,AMZN,-0.0006807419549713645,0.047024415857180424,0.08324271180695275,41.47930068969727,39.65487518310547,38.71959999084473,0.009473311999203197,0.012927075349303164,-0.37493793165711187,66131000.0,89.08047922957913,0.2628453141917273,-0.0032388043057740568,0
2016-10-04,41.70149993896485,41.70149993896485,42.118499755859375,41.51300048828125,42.045501708984375,59006000,AMZN,-0.0032388043057740568,0.021957822052840248,0.05724642565864202,41.65850067138672,39.76777515411377,38.814020004272464,0.00795707587609235,0.012361603801625992,0.06532100816061237,65361500.0,86.64593725827532,0.22936095225146425,0.012385611223332038,1
2016-10-05,42.21799850463867,42.21799850463867,42.28350067138672,41.805999755859375,41.900001525878906,69382000,AMZN,0.012385611223332038,0.018872421689199337,0.07633080654045932,41.81490020751953,39.91747512817383,38.92278999328613,0.006944184632158411,0.01236935412885099,0.17584652408229662,66406000.0,86.87410613502223,0.22312967775904657,-0.0031976485459955795,0
2016-10-06,42.08300018310547,42.08300018310547,42.36050033569336,42.02999877929688,42.185001373291016,53680000,AMZN,-0.0031976485459955795,0.015210199692192283,0.07346379443234952,41.941000366210936,40.06147518157959,39.027779998779295,0.007540678618330515,0.012432150946774443,-0.2263123000201781,67059500.0,83.18972051445573,0.19222119720835107,-0.002649520849079323,0
2016-10-07,41.97150039672852,41.97150039672852,42.29750061035156,41.872501373291016,42.28950119018555,48524000,AMZN,-0.002649520849079323,0.0025318935487606,0.1043097437427154,41.96220016479493,40.25970020294189,39.114599990844724,0.00671248505530175,0.009657690975224464,-0.09605067064083461,65228400.0,84.2436145482549,0.14852730622757526,0.002716090966688789,1
2016-10-10,42.08549880981445,42.08549880981445,42.2599983215332,42.01350021362305,42.16249847412109,36542000,AMZN,0.002716090966688789,0.005939646690316991,0.09101861794128485,42.0118995666504,40.43525009155273,39.1975,0.006731966427951927,0.009379979528130673,-0.2469293545462039,63930800.0,83.75235461286385,0.11316251815966094,-0.012724087581184262,0
2016-10-11,41.54999923706055,41.54999923706055,42.06449890136719,41.41749954223633,42.05099868774414,71764000,AMZN,-0.012724087581184262,-0.003632979680012527,0.09196989185650528,41.98159942626953,40.61022510528564,39.26075996398926,0.009185862441259655,0.009294741849977027,0.9638771824202288,64401800.0,72.35589662439429,0.04316476668417335,0.0037183888517926533,1
2016-10-12,41.704498291015625,41.704498291015625,41.88349914550781,41.505001068115234,41.70000076293945,47608000,AMZN,0.0037183888517926533,-0.012163063901919124,0.09591500756985005,41.87889938354492,40.792724990844725,39.3342699432373,0.006536256871559157,0.009240811815051472,-0.33660331085223794,64259200.0,68.27509516598562,-0.0009351383456914775,-0.005766706205961869,0
2016-10-13,41.4640007019043,41.4640007019043,41.59000015258789,41.06050109863281,41.45000076293945,61828000,AMZN,-0.005766706205961869,-0.01470901500624644,0.07742077325615226,41.75509948730469,40.94169998168945,39.40890998840332,0.0067105982636488015,0.009379475016710347,0.2986892959166527,64316600.0,63.97771636221265,-0.0516966166616577,-0.007621114382127869,0
2016-10-14,41.14799880981445,41.14799880981445,41.7869987487793,41.14799880981445,41.75400161743164,59996000,AMZN,-0.007621114382127869,-0.019620494362366347,0.05708267474123696,41.590399169921874,41.052799987792966,39.47109992980957,0.007017870370656523,0.009525568860374572,-0.029630588083069176,61817200.0,64.18354940878964,-0.10867312066229096,-0.012163403806223938,0
2016-10-17,40.647499084472656,40.647499084472656,41.09999847412109,40.58399963378906,41.07500076293945,67230000,AMZN,-0.012163403806223938,-0.03416853229755357,0.04883235619142923,41.302799224853516,41.14742488861084,39.518069915771484,0.006636590056570256,0.009982846420339798,0.12057470498033207,62881500.0,47.94697089109165,-0.17808481254135322,0.0057814285169965896,1
2016-10-18,40.88249969482422,40.88249969482422,41.16299819946289,40.7509994506836,41.105499267578125,50250000,AMZN,0.0057814285169965896,-0.016064971227266578,0.04797359800518253,41.16929931640625,41.24099979400635,39.56915992736816,0.007664960451546491,0.009966406579780351,-0.25256581883087903,63456800.0,41.984042888190764,-0.20430815921561973,4.889381476447241e-05,1
2016-10-19,40.884498596191406,40.884498596191406,41.03350067138672,40.75849914550781,41.02000045776367,41814000,AMZN,4.889381476447241e-05,-0.019662140258881133,0.03539137188830743,41.0052993774414,41.31087474822998,39.61853988647461,0.006980852163502785,0.009703901145859405,-0.16788059701492541,62828900.0,41.739361997226005,-0.2164911817588847,-0.009013190047870712,0
2016-10-20,40.51599884033203,40.51599884033203,40.78549957275391,40.15499877929688,40.699501037597656,63040000,AMZN,-0.009013190047870712,-0.022863251146161723,0.006983925083082321,40.81569900512695,41.32492465972901,39.66029983520508,0.0073347548470134635,0.009096777659771103,0.5076290237719425,61902000.0,30.116324034604773,-0.2423862785267843,0.010699531288220099,1
2016-10-21,40.949501037597656,40.949501037597656,40.97100067138672,40.45000076293945,40.46799850463867,55860000,AMZN,0.010699531288220099,-0.0048239957703472,0.016431960001234813,40.77599945068359,41.358024787902835,39.708049850463865,0.009653688726615076,0.009384660473980375,-0.11389593908629436,62341500.0,38.317735422338586,-0.22378403562537186,0.023321359043681378,1
2016-10-24,41.90449905395508,41.90449905395508,41.915000915527344,41.11050033569336,41.247501373291016,81218000,AMZN,0.023321359043681378,0.030924411041135746,0.04871362085013953,41.02739944458008,41.45534973144531,39.773579864501954,0.012070976874333585,0.010379029919348864,0.45395631936985326,63751000.0,52.197915212472644,-0.14447618863843037,-0.003472185240017467,0
2016-10-25,41.75899887084961,41.75899887084961,42.15449905395508,41.6609992980957,41.96500015258789,64968000,AMZN,-0.003472185240017467,0.021439471230188856,0.023366919646099937,41.20269927978516,41.503024673461915,39.84026985168457,0.01283047614140332,0.009455025409552021,-0.20007880026595093,63179800.0,44.59618224344394,-0.10117862712956066,-0.015074535910763909,0
2016-10-26,41.12950134277344,41.12950134277344,41.672000885009766,41.0,41.63800048828125,79962000,AMZN,-0.015074535910763909,0.005992558426651584,-0.007396936844924262,41.25169982910156,41.48769969940186,39.89881988525391,0.015576843432358075,0.009496780378125512,0.23079054303657176,62755800.0,39.945162894202,-0.11337831793572162,-0.005142344747451566,0
2016-10-27,40.917999267578125,40.917999267578125,41.58599853515625,40.77149963378906,41.5620002746582,148128000,AMZN,-0.005142344747451566,0.009922016950151491,-0.012894279716310408,41.33209991455078,41.46097469329834,39.952549896240235,0.015022964512487386,0.009555099329339232,0.8524799279657838,65240000.0,39.12008566235063,-0.13278917797150203,-0.05137097153119685,0
2016-10-28,38.81600189208984,38.81600189208984,39.4744987487793,38.730499267578125,39.09999847412109,216822000,AMZN,-0.05137097153119685,-0.052100736063888875,-0.07284039147901711,40.905400085449216,41.3084997177124,39.96440994262695,0.02698715318559048,0.014531345937579307,0.46374756966947506,71650500.0,26.063404626347022,-0.27604664994473094,0.017389715688315377,1
2016-10-31,39.49100112915039,39.49100112915039,39.685001373291016,39.00550079345703,39.05149841308594,108266000,AMZN,0.017389715688315377,-0.0575951981121916,-0.0560747799895307,40.42270050048828,41.191199684143065,39.99691993713379,0.025208863216150283,0.015270143886256147,-0.5006687513259724,74294400.0,35.22743694167109,-0.31156838317402774,-0.005583574478747688,0
2016-11-01,39.27050018310547,39.27050018310547,40.04199981689453,38.83549880981445,39.95000076293945,106108000,AMZN,-0.005583574478747688,-0.05959191443838152,-0.05829525938916924,39.925000762939455,41.0696496963501,40.02284996032715,0.025057284273391548,0.015282939117730054,-0.01993238874623615,76649500.0,32.70078549730995,-0.33413993685899246,-0.02527343172478269,0
2016-11-02,38.27799987792969,38.27799987792969,39.23749923706055,38.1775016784668,39.19649887084961,100530000,AMZN,-0.02527343172478269,-0.06932983313070895,-0.0933250927628907,39.3547004699707,40.87264976501465,40.02595993041992,0.025779295117112074,0.0156185916296779,-0.05256908055942999,78206900.0,29.54281921212555,-0.3959169538131532,0.0019202044816464259,1
2016-11-03,38.35150146484375,38.35150146484375,38.84999847412109,38.20000076293945,38.25249862670898,77450000,AMZN,0.0019202044816464259,-0.06272295441307096,-0.08866997842420365,38.841400909423825,40.686074829101564,40.035739974975584,0.026567143121688692,0.015687462304126057,-0.22958320899234064,79395400.0,31.46664509327546,-0.41009661709609635,-0.015618758464616245,0
2016-11-04,37.75249862670898,37.75249862670898,38.29999923706055,37.6614990234375,38.13949966430664,102442000,AMZN,-0.015618758464616245,-0.027398578254850814,-0.10052063257544153,38.62870025634765,40.475124740600585,40.031569976806644,0.016373462115530608,0.015873329113802716,0.3226856036152357,82091300.0,31.061102523649083,-0.4356828280010988,0.03957352587370777,1
2016-11-07,39.24649810791016,39.24649810791016,39.38650131225586,38.547000885009766,38.58200073242188,119688000,AMZN,0.03957352587370777,-0.006191360417544534,-0.06745793164371916,38.57979965209961,40.33317470550537,40.047499923706056,0.02489304758980198,0.018720277098324807,0.16834891938853214,86248600.0,40.81104522357252,-0.3325136428396434,0.003592744877303433,1
2016-11-08,39.38750076293945,39.38750076293945,39.58700180053711,38.95500183105469,39.24850082397461,68252000,AMZN,0.003592744877303433,0.002979350384854973,-0.05204569227024802,38.6031997680664,40.225049781799314,40.0639599609375,0.02480842857175863,0.018644199105417973,-0.4297506851146313,86073000.0,41.721064367976155,-0.2396385997418179,-0.020145959442710915,0
2016-11-09,38.59400177001953,38.59400177001953,38.875,38.00450134277344,38.20000076293945,171258000,AMZN,-0.020145959442710915,0.00825544420026092,-0.074584197112046,38.66640014648438,40.069524955749515,40.068259963989256,0.023532345914712004,0.018985622447355115,1.5092011955693607,92255500.0,39.84789575152656,-0.2171759158498685,-0.038218433465590174,0
2016-11-10,37.11899948120117,37.11899948120117,38.94150161743164,35.8849983215332,38.94049835205078,254940000,AMZN,-0.038218433465590174,-0.03213699429140715,-0.10478972475281612,38.41989974975586,39.852274894714355,40.041479949951174,0.029578242400388522,0.02049837243401208,0.48863118803209193,101911100.0,31.772542103243538,-0.2830208259874187,-0.004539427120207162,0
2016-11-11,36.95050048828125,36.95050048828125,37.16299819946289,36.44499969482422,36.7864990234375,132456000,AMZN,-0.004539427120207162,-0.021243577712769746,-0.10200978037678066,38.259500122070314,39.6423999786377,40.009869995117185,0.02910400458933811,0.020491734421140967,-0.48044245704871735,105534100.0,24.519101535414038,-0.31674047644132,-0.02698208778702238,0
2016-11-14,35.95349884033203,35.95349884033203,37.29999923706055,35.505001068115234,37.2755012512207,146426000,AMZN,-0.02698208778702238,-0.08390555658045895,-0.11548066547429314,37.60090026855469,39.40769996643066,39.956499938964846,0.016872711845862656,0.021019235531979704,0.10546898592740228,109493900.0,22.544352032225007,-0.3807081849942239,0.03361285959439342,1
2016-11-15,37.1619987487793,37.1619987487793,37.3390007019043,36.29949951171875,36.5,135116000,AMZN,0.03361285959439342,-0.05650274759890783,-0.09100473243606344,37.155799865722656,39.22167491912842,39.91086990356445,0.027891042187636477,0.0226886675118063,-0.07724038080668738,113737200.0,32.21091498959571,-0.31866382953896066,0.0043728080913219,1
2016-11-16,37.324501037597656,37.324501037597656,37.493499755859375,36.78049850463867,36.99399948120117,72976000,AMZN,0.0043728080913219,-0.032893731517835145,-0.08707450698503572,36.90189971923828,39.04367504119873,39.87287994384766,0.02809166704209121,0.022754936862588292,-0.459901121998875,115295300.0,33.81672837520996,-0.24691684637609623,0.013275426153116943,1
2016-11-17,37.81999969482422,37.81999969482422,37.875,37.400001525878906,37.46599960327149,73802000,AMZN,0.013275426153116943,0.018885213055865657,-0.06654159400419513,37.04209976196289,38.90887508392334,39.845219955444335,0.022337703468069743,0.023055643852332122,0.011318789739092283,115833400.0,44.75568046239101,-0.15103571582030306,0.0049709076377260075,1
2016-11-18,38.007999420166016,38.007999420166016,38.387001037597656,37.88199996948242,38.04999923706055,87468000,AMZN,0.0049709076377260075,0.02861933987119203,-0.07183241658380424,37.25359954833984,38.76180000305176,39.84523994445801,0.02183354193771092,0.022909214658194663,0.18517113357361592,117413800.0,41.769341708240574,-0.06433363904612022,0.026099784123540415,1
2016-11-21,39.0,39.0,39.01750183105469,38.25550079345703,38.29999923706055,92292000,AMZN,0.026099784123540415,0.08473448365059966,-0.06931234400906039,37.86289978027344,38.616575050354,39.853749923706054,0.01299410241495054,0.023087952271293333,0.05515159829880645,117967500.0,48.6171468332253,0.06352620413052124,0.006833296555739166,1
2016-11-22,39.26649856567383,39.26649856567383,39.619998931884766,39.04999923706055,39.40850067138672,106226000,AMZN,0.006833296555739166,0.056630425912267635,-0.059687740907881315,38.283799743652345,38.491950035095215,39.87806991577148,0.009093281856734076,0.023199357576128458,0.15097733281324488,120030400.0,55.45859954457075,0.16403568096413568,-0.006634104297313703,0
2016-11-23,39.00600051879883,39.00600051879883,39.087501525878906,38.65599822998047,39.08649826049805,70806000,AMZN,-0.006634104297313703,0.04505082276940198,-0.05162962726626186,38.62009963989258,38.38577499389648,39.89709991455078,0.011999936911845038,0.02304084234600433,-0.3334400240995613,119572600.0,53.54108490653656,0.20812804202832558,0.00032048307371135287,1
2016-11-25,39.01850128173828,39.01850128173828,39.337501525878906,38.89500045776367,39.32500076293945,36742000,AMZN,0.00032048307371135287,0.031689624446984865,-0.046422064124355567,38.85979995727539,38.29080009460449,39.90777992248535,0.012218084817861925,0.023038919183391293,-0.48108917323390676,114003300.0,57.3137046539293,0.231495633842847,-0.017427637731796786,0
2016-11-28,38.3385009765625,38.3385009765625,38.84999847412109,38.21200180053711,38.8494987487793,88776000,AMZN,-0.017427637731796786,0.008695578863357145,-0.012301651181252815,38.925900268554685,38.26692504882813,39.89602996826172,0.016269844513180594,0.020308306793279315,1.4161994447770945,107601000.0,44.209943020386504,0.19592694828651225,-0.005542770856085566,0
2016-11-29,38.1259994506836,38.1259994506836,38.49449920654297,38.06600189208984,38.400001525878906,65446000,AMZN,-0.005542770856085566,-0.022410270495292317,-0.03456487907213901,38.751100158691415,38.19867496490478,39.883449935913085,0.00900618914936475,0.019892791123290867,-0.2627962512390736,105460000.0,42.028430032566575,0.15467083791613717,-0.01567171630962705,0
2016-11-30,37.52849960327149,37.52849960327149,38.40449905395508,37.51250076293945,38.09999847412109,92518000,AMZN,-0.01567171630962705,-0.044261623161930386,-0.04435901176994439,38.403500366210935,38.11157493591308,39.85379989624023,0.007415486921474734,0.020126451087305958,0.4136540048284081,104780500.0,43.095951968400826,0.08709045375387736,-0.009219677712789864,0
2016-12-01,37.182498931884766,37.182498931884766,37.66849899291992,36.9015007019043,37.62049865722656,93320000,AMZN,-0.009219677712789864,-0.046749258131072224,-0.02861959740682707,38.03880004882812,38.05679988861084,39.80770988464356,0.007299268998254362,0.01946166438469174,0.008668583410795794,104420000.0,50.48196915351091,0.02240479327917655,-0.004451035987987906,0
2016-12-02,37.016998291015625,37.016998291015625,37.42449951171875,36.834999084472656,37.16999816894531,71226000,AMZN,-0.004451035987987906,-0.05129625498095214,-0.03479663436518765,37.6384994506836,37.990074729919435,39.74334983825683,0.005863768408950833,0.019458816163219782,-0.23675525075010717,104108800.0,50.504956873577704,-0.02560755604746051,0.0256909057332686,1
2016-12-05,37.96799850463867,37.96799850463867,38.074501037597656,37.09999847412109,37.25,86294000,AMZN,0.0256909057332686,-0.00966397909376604,0.005708228217171207,37.56439895629883,38.00084972381592,39.69695983886719,0.016001990533547054,0.020074048973795503,0.21155196136242393,103301400.0,65.40490271751528,0.010658330710368313,0.007058616912970717,1
2016-12-06,38.23600006103516,38.23600006103516,38.4119987487793,37.86249923706055,38.199501037597656,75894000,AMZN,0.007058616912970717,0.002885186275414231,-0.025747470362746383,37.58639907836914,37.950324821472165,39.66251983642578,0.016263009597376567,0.017944654508667238,-0.12051822838204274,101111700.0,59.59271759877292,0.05423539420834628,0.007453704544334361,1
2016-12-07,38.52099990844727,38.52099990844727,38.52099990844727,37.79100036621094,38.227500915527344,73698000,AMZN,0.007453704544334361,0.026446575686954965,-0.021999386549234612,37.784899139404295,37.90699977874756,39.616829833984376,0.013503923000658375,0.01801897913622722,-0.028935093683295166,101384000.0,60.45799032405421,0.10107175775719246,-0.004010774754608759,0
2016-12-08,38.36650085449219,38.36650085449219,38.68949890136719,38.259498596191406,38.59349822998047,63792000,AMZN,-0.004010774754608759,0.03184298948751163,-0.005894722109487716,38.02169952392578,37.89562473297119,39.55543983459473,0.012245396619013544,0.01746739411734643,-0.13441341691769115,96010700.0,55.07947786277729,0.11921759174781765,0.0017332256331263896,1
2016-12-09,38.43299865722656,38.43299865722656,38.51250076293945,38.266998291015625,38.5,49418000,AMZN,0.0017332256331263896,0.03825270636691824,0.03539963884777819,38.30489959716797,37.96132469177246,39.49504981994629,0.01114476777888919,0.014994133762212841,-0.22532605969400554,85734600.0,54.041453822061534,0.13226130513504436,-0.011110195752249585,0
2016-12-12,38.00600051879883,38.00600051879883,38.34450149536133,37.86000061035156,38.31999969482422,59278000,AMZN,-0.011110195752249585,0.001000895903309651,0.028565243137973928,38.3125,38.01409969329834,39.41785980224609,0.007868539962100397,0.015211841732448102,0.19952244121575125,82075700.0,39.409757925479674,0.10962812682650902,0.018707533690754286,1
2016-12-13,38.71699905395508,38.71699905395508,39.12300109863281,38.09999847412109,38.24800109863281,105706000,AMZN,0.018707533690754286,0.012579741399521671,0.07686317890494143,38.40869979858398,38.152274703979494,39.355459747314455,0.011351474976575224,0.014096277099908561,0.7832248051553696,80039700.0,44.65206970189284,0.13819425704968602,-0.007128578366329963,0
2016-12-14,38.44100189208984,38.44100189208984,39.042999267578125,38.14049911499024,38.91249847412109,109096000,AMZN,-0.007128578366329963,-0.0020767377936078413,0.034416963198260486,38.3927001953125,38.21622486114502,39.290249786376954,0.011647541986077129,0.012403905680525648,0.032070081168523945,78738700.0,44.517765783479256,0.13405090596786745,-0.010171500111440857,0
2016-12-15,38.04999923706055,38.04999923706055,38.45500183105469,38.01549911499024,38.31399917602539,76038000,AMZN,-0.010171500111440857,-0.008249426202092236,0.0194375860170799,38.32939987182617,38.25249977111817,39.20688980102539,0.012429659569085679,0.012666600410792353,-0.3030175258487937,78891800.0,41.24557170137011,0.10197817597197009,-0.004244389662962256,0
2016-12-16,37.88850021362305,37.88850021362305,38.25650024414063,37.70000076293945,38.25,96964000,AMZN,-0.004244389662962256,-0.01416747229274895,0.001811224731665062,38.22050018310547,38.25592479705811,39.12299980163574,0.012316601255231102,0.012378338976567042,0.2752045030116521,80049900.0,45.511659071003045,0.0684951145735268,0.010860789451083708,1
2016-12-19,38.29999923706055,38.29999923706055,38.525001525878906,37.80799865722656,37.94449996948242,62264000,AMZN,0.010860789451083708,0.007735586861245647,0.0076825884379383425,38.279299926757815,38.27052478790283,39.04956977844238,0.012523408103714615,0.012567369484484824,-0.35786477455550514,78789700.0,51.66922468313889,0.07229460468367158,0.006814662979457875,1
2016-12-20,38.56100082397461,38.56100082397461,38.71950149536133,38.385501861572266,38.432498931884766,54072000,AMZN,0.006814662979457875,-0.004029192184112018,-0.011256389128856181,38.24810028076172,38.248574829101564,38.97907981872559,0.009133638516005488,0.01115706039364581,-0.13156880380316072,76878700.0,60.58867897364946,0.08949373140916503,-0.0008039740674586904,0
2016-12-21,38.52999877929688,38.52999877929688,38.56100082397461,38.28499984741211,38.5,40892000,AMZN,-0.0008039740674586904,0.002315155246392253,-0.018756441579458327,38.265899658203125,38.21174983978271,38.918679809570314,0.008445576185054595,0.011022494750872223,-0.24374907530699808,73612000.0,64.77360651171433,0.09535092021683464,-0.00552809351859862,0
2016-12-22,38.31700134277344,38.31700134277344,38.56050109863281,38.1510009765625,38.40599822998047,50872000,AMZN,-0.00552809351859862,0.0070171382671890825,-0.01766392777678727,38.3193000793457,38.177299880981444,38.85092987060547,0.007133341930145582,0.010994893139840431,0.24405751736280945,72615300.0,64.10595401495743,0.08196031378377924,-0.007503256485194232,0
2016-12-23,38.02949905395508,38.02949905395508,38.32500076293945,37.89950180053711,38.227500915527344,39632000,AMZN,-0.007503256485194232,0.0037214151929227945,-0.025347007068313054,38.34749984741211,38.12784976959229,38.782239837646486,0.007889108187801246,0.01109043904683274,-0.22094668973108977,72759800.0,50.779574207998635,0.05226599015120803,0.014212667910831422,1
2016-12-27,38.56999969482422,38.56999969482422,38.73249816894531,38.060001373291016,38.16999816894531,52774000,AMZN,0.014212667910831422,0.007049620447574512,0.006038282988769961,38.40149993896485,38.13942470550537,38.73067985534668,0.009022189567730834,0.010912766860172408,0.33160072668550655,70959700.0,53.960161380782566,0.06663152578879777,0.0009463060338679163,1
2016-12-28,38.60649871826172,38.60649871826172,39.0,38.525001525878906,38.8125,66020000,AMZN,0.0009463060338679163,0.0011798940202512043,0.012602929090413717,38.41059951782226,38.163449668884276,38.68985984802246,0.008515428124732584,0.010824221677215794,0.2509948080494182,70988400.0,51.077219732062346,0.07554379000930377,-0.009039903514286185,0
2016-12-29,38.25749969482422,38.25749969482422,38.66999816894531,38.04249954223633,38.619998931884766,63166000,AMZN,-0.009039903514286185,-0.007072387570878469,0.019425239464920585,38.356099700927736,38.199899673461914,38.63735984802246,0.009512071722997407,0.010389739921496626,-0.04322932444713723,69520800.0,48.69083225205809,0.05579708939954875,-0.019969939098456124,0
2016-12-30,37.493499755859375,37.493499755859375,38.369998931884766,37.41400146484375,38.32350158691406,82788000,AMZN,-0.019969939098456124,-0.021491806719091677,0.008364172202205644,38.19139938354492,38.21544971466064,38.569539871215824,0.01273295795433597,0.011193965507183965,0.3106418009688756,68994200.0,40.33536082878782,-0.007488902238042175,0.005067508446695346,1
2017-01-03,37.68349838256836,37.68349838256836,37.9379997253418,37.3849983215332,37.89599990844727,70422000,AMZN,0.005067508446695346,-0.00909821796221466,0.01800524413981175,38.12219924926758,38.248774719238284,38.51288986206055,0.013168749996665435,0.011175800022042888,-0.1493694738367879,68954000.0,46.512357036423424,-0.03384789326910692,0.004657284610836365,1
2017-01-04,37.85900115966797,37.85900115966797,37.98400115966797,37.709999084472656,37.91949844360352,50210000,AMZN,0.004657284610836365,-0.018433978241686688,-0.0028707687859128583,37.97999954223633,38.24332485198975,38.451079864501956,0.010741529887180084,0.009604430942004144,-0.2870125812956178,67149800.0,39.50589980823874,-0.036527918910504234,0.03073239887913859,1
2017-01-05,39.022499084472656,39.022499084472656,39.119998931884766,38.01300048828125,38.07749938964844,116602000,AMZN,0.03073239887913859,0.01077539740774669,0.0205695946799358,38.06319961547852,38.28264980316162,38.393439865112306,0.01901420682348456,0.011751867477921122,1.3222863971320455,69185200.0,55.84360322564329,0.03890886029496157,0.01991160088348276,1
2017-01-06,39.79949951171875,39.79949951171875,39.97200012207031,38.92399978637695,39.11800003051758,119724000,AMZN,0.01991160088348276,0.04030581792314947,0.03318967852106858,38.37159957885742,38.346574783325195,38.35424987792969,0.019109599182111914,0.012418518620941494,0.026774840911819586,71486500.0,66.31540002205645,0.1345991702565086,0.0011683855384734265,1
2017-01-09,39.84600067138672,39.84600067138672,40.0885009765625,39.5885009765625,39.900001525878906,68922000,AMZN,0.0011683855384734265,0.06274423382308303,0.03856228178080778,38.84209976196289,38.42054977416992,38.328579864501954,0.012573010708572238,0.012346812702909271,-0.42432594968427384,71743000.0,68.65529153176053,0.1910422213379615,-0.001279990502987438,0
2017-01-10,39.79499816894531,39.79499816894531,39.900001525878906,39.47700119018555,39.83000183105469,51168000,AMZN,-0.001279990502987438,0.056032477795471713,0.03543828374845415,39.264399719238284,38.48864974975586,38.3061198425293,0.013751962117801433,0.012368163590733044,-0.25759554278749897,71830500.0,65.29878509131137,0.21326913309794324,0.003920142024267603,1
2017-01-11,39.95100021362305,39.95100021362305,39.97499847412109,39.47549819946289,39.68299865722656,59856000,AMZN,0.003920142024267603,0.05525763992378474,0.05117612135647276,39.6827995300293,38.58589973449707,38.32881980895996,0.013841129391020224,0.011992397487825691,0.16979362101313322,71859400.0,64.53668360312517,0.225609323267842,0.01829738902683742,1
2017-01-12,40.68199920654297,40.68199920654297,40.70650100708008,39.97499847412109,40.01549911499024,97478000,AMZN,0.01829738902683742,0.0425267515152723,0.05075290442447544,40.01469955444336,38.684149742126465,38.352639770507814,0.009956691146548777,0.011963659509895332,0.6285418337342956,71448000.0,69.63144795561276,0.2672865673780981,0.004301638082535808,1
2017-01-13,40.85699844360352,40.85699844360352,41.08250045776367,40.56999969482422,40.71599960327149,75838000,AMZN,0.004301638082535808,0.026570659049956147,0.0628494688638912,40.226199340820315,38.804949569702146,38.384369735717776,0.007619016673231639,0.011748251144589487,-0.22199880998789467,69785100.0,73.3326745399485,0.28907511288464705,-0.009080412088530276,0
2017-01-17,40.48600006103516,40.48600006103516,40.79999923706055,40.172000885009766,40.78499984741211,73410000,AMZN,-0.009080412088530276,0.01606182248819832,0.06402104790588181,40.35419921875,38.92674961090088,38.42852973937988,0.010006712260224161,0.011685660884113517,-0.03201561222606086,69653700.0,72.224741654639,0.26175246266432817,-0.002766376316502228,0
2017-01-18,40.374000549316406,40.374000549316406,40.58649826049805,40.2135009765625,40.47499847412109,47084000,AMZN,-0.002766376316502228,0.014549627013751953,0.06560038855271655,40.46999969482422,39.05102462768555,38.46897972106934,0.010194569869003408,0.011640878214959375,-0.35861599237161146,67159700.0,67.69322288818546,0.22101228093699948,0.001931914448134897,1
2017-01-19,40.45199966430664,40.45199966430664,40.67549896240234,40.36600112915039,40.5,50816000,AMZN,0.001931914448134897,0.012540348126572232,0.05618800183065642,40.57019958496094,39.15862464904785,38.52296974182129,0.01018528352833646,0.011503878939614937,0.07926259451193607,66587300.0,67.95409151265982,0.18561945483866366,-0.0008775727540912825,0
2017-01-20,40.416500091552734,40.416500091552734,40.80099868774414,40.3129997253418,40.76399993896485,67524000,AMZN,-0.0008775727540912825,-0.0065262061886952605,0.048118545367850096,40.51709976196289,39.25139961242676,38.54636978149414,0.005115836194077946,0.011491154841656056,0.32879408060453397,67259900.0,72.36842417281693,0.14776731269828786,0.011814504334756615,1
2017-01-23,40.89400100708008,40.89400100708008,40.92499923706055,40.25400161743164,40.34000015258789,55950000,AMZN,0.011814504334756615,0.0009056603491719439,0.06135484823979365,40.5245002746582,39.36959972381592,38.57649978637696,0.007648247206294921,0.011650427189490248,-0.1714057224098099,68012800.0,87.4545694422618,0.14275969184987725,0.005575405566935476,1
2017-01-24,41.12200164794922,41.12200164794922,41.199501037597656,40.72499847412109,41.09999847412109,59434000,AMZN,0.005575405566935476,0.015709173194567105,0.07320511018289277,40.65170059204102,39.50984973907471,38.62705978393555,0.005780652440592266,0.011483716784052455,0.062269883824843664,68440900.0,87.55872046268004,0.14235298553712317,0.017119754327643122,1
2017-01-25,41.82600021362305,41.82600021362305,41.87099838256836,41.26449966430664,41.28950119018555,78452000,AMZN,0.017119754327643122,0.03596373023607202,0.09983042780241758,40.942100524902344,39.69967479705811,38.72119979858398,0.007336490510807397,0.011550296411539318,0.3199851936601945,70381900.0,88.84645354861786,0.1749039878317663,0.0031439832513029398,1
2017-01-26,41.95750045776367,41.95750045776367,42.19200134277344,41.650001525878906,41.7765007019043,71726000,AMZN,0.0031439832513029398,0.037216968405777706,0.08782734741359177,41.24320068359375,39.869049835205075,38.821339797973636,0.007139896328297456,0.011340442933864311,-0.08573395197063172,71329500.0,86.02111472646818,0.1894717190688462,-0.004027854767751027,0
2017-01-27,41.78850173950195,41.78850173950195,41.98500061035156,41.47200012207031,41.95000076293945,59974000,AMZN,-0.004027854767751027,0.033946572435547884,0.08242143491077769,41.517601013183594,40.02814998626709,38.93803985595703,0.008119776871183322,0.011471163323981808,-0.16384574631235538,71027200.0,78.69305331001506,0.17239523372332832,-0.0064491599651470555,0
2017-01-30,41.51900100708008,41.51900100708008,41.67499923706055,40.81900024414063,41.650001525878906,74946000,AMZN,-0.0064491599651470555,0.015283415283620538,0.08525129290394018,41.642601013183594,40.19122505187988,39.025179901123046,0.00928267265621678,0.011329558514118184,0.24964151132157264,71616200.0,72.67553143635939,0.12957321669126132,-0.008309477885662386,0
2017-01-31,41.17399978637695,41.17399978637695,41.3494987487793,40.97800064086914,41.1875,62744000,AMZN,-0.008309477885662386,0.0012644846151435019,0.0981636831579693,41.65300064086914,40.375250053405765,39.102169876098635,0.01036094674012946,0.010273280577576508,-0.162810556934326,70614000.0,67.31110151237544,0.06774561171473459,0.010771373223389613,1
2017-02-01,41.61750030517578,41.61750030517578,41.68899917602539,41.24700164794922,41.46049880981445,77004000,AMZN,0.010771373223389613,-0.004984935384267364,0.10439587860630306,41.61130065917969,40.571950149536136,39.178119888305666,0.007874392347255661,0.010361568549537887,0.2272727272727273,70943100.0,69.51178443659354,0.04741271061073471,0.009130799911785559,1
2017-02-02,41.997501373291016,41.997501373291016,42.1245002746582,41.41299819946289,41.829498291015625,147010000,AMZN,0.009130799911785559,0.000953367457330101,0.10931350766939629,41.619300842285156,40.77887516021728,39.25790992736816,0.00902784221951808,0.010401359075410932,0.9091216040725156,75783100.0,66.78151153363635,0.049993320528021745,-0.03541884643413129,0
2017-02-03,40.5099983215332,40.5099983215332,40.915000915527344,40.20000076293945,40.33599853515625,217376000,AMZN,-0.03541884643413129,-0.03059462207902519,0.03811901523376382,41.363600158691405,40.853250122070314,39.288109893798826,0.01858230922690005,0.01222931844978571,0.4786477110400653,80821800.0,46.68386876630463,-0.052493299581404695,-0.003159673101806648,0
2017-02-06,40.38199996948242,40.38199996948242,40.5359992980957,40.150001525878906,40.4900016784668,77946000,AMZN,-0.003159673101806648,-0.027385076953170606,0.01463587394088095,41.136199951171875,40.882375144958495,39.310419921875,0.018623054832855868,0.011512374391472914,-0.6414231561901957,78732900.0,48.95770650318037,-0.12858144927134096,0.006017533324283564,1
2017-02-07,40.625,40.625,40.80799865722656,40.375,40.46549987792969,69322000,AMZN,0.006017533324283564,-0.013333652043166278,0.019550251354903958,41.02639999389648,40.92132511138916,39.34279991149902,0.019157464619498132,0.011571666536533385,-0.11064069997177528,78752900.0,52.4511651956745,-0.1601655694013604,0.008873854417067228,1
2017-02-08,40.98550033569336,40.98550033569336,41.07400131225586,40.625,40.634498596191406,57160000,AMZN,0.008873854417067228,-0.015185918540230658,0.029915874394412567,40.9,40.98085021972656,39.382139892578124,0.018844285365938098,0.011687025889949819,-0.17544213958050836,79052500.0,54.937531509623405,-0.15433608951704192,0.0020129181561270304,1
2017-02-09,41.06800079345703,41.06800079345703,41.25,40.98550033569336,41.08000183105469,49698000,AMZN,0.0020129181561270304,-0.022132282860644503,0.027959264445476695,40.7140998840332,41.03670024871826,39.43672988891601,0.017955025400240795,0.011674360819331367,-0.1305458362491253,78544600.0,55.97761374255804,-0.14275162051799584,0.007426714212598773,1
2017-02-10,41.37300109863281,41.37300109863281,41.400001525878906,41.14250183105469,41.19100189208984,48592000,AMZN,0.007426714212598773,0.0213034513171253,0.016985445788483045,40.88670043945312,41.07125034332275,39.501669921875,0.0048606139093847305,0.011086726209960205,-0.02225441667672745,76100300.0,54.5385607969147,-0.11364253256138368,0.010961226604057517,1
2017-02-13,41.82649993896485,41.82649993896485,42.150001525878906,41.4275016784668,41.58100128173828,83452000,AMZN,0.010961226604057517,0.03577088729072542,0.023729141451728664,41.17560043334961,41.11972541809082,39.587629928588875,0.0033616913920781616,0.011292320255265238,0.7174020414883109,76481000.0,56.40161725067391,-0.06533945552838949,-0.00016735728527716986,0
2017-02-14,41.81949996948242,41.81949996948242,41.91550064086914,41.5724983215332,41.84999847412109,55848000,AMZN,-0.00016735728527716986,0.029403076171875098,0.032937309352292665,41.4145004272461,41.186400413513184,39.68036994934082,0.004708558085044045,0.01103680102640391,-0.33077697358960845,75602900.0,49.93236667423441,-0.036777121504009025,0.007544288006336997,1
2017-02-15,42.1349983215332,42.1349983215332,42.14049911499024,41.64099884033203,41.70000076293945,59378000,AMZN,0.007544288006336997,0.02804645487855062,0.04361712360076275,41.64440002441406,41.27445030212402,39.782729949951175,0.004527128838811763,0.011058954232214792,0.06320727689442762,76217600.0,51.7787132406909,-0.0014202755377366039,0.0017088504510960334,1
2017-02-16,42.20700073242188,42.20700073242188,42.25,41.96900177001953,42.09199905395508,54294000,AMZN,0.0017088504510960334,0.027734487117919704,0.04338477906356242,41.87220001220703,41.36220035552979,39.86750999450684,0.004588244558791452,0.01105934676045116,-0.08562093704739127,76391500.0,54.27693929472826,0.02080566957336849,0.0011017404426045818,1
2017-02-17,42.25350189208984,42.25350189208984,42.36349868774414,42.0364990234375,42.09999847412109,62246000,AMZN,0.0011017404426045818,0.02128201411732067,0.045451778268179366,42.048300170898436,41.45405044555664,39.94786003112793,0.004789907887201176,0.011039340677195905,0.1464618558220061,76127600.0,57.86486700656727,0.031961449040072365,0.01345442812180253,1
2017-02-21,42.821998596191406,42.821998596191406,42.89899826049805,42.36249923706055,42.44200134277344,70154000,AMZN,0.01345442812180253,0.023800668444149853,0.04714622051233208,42.24739990234375,41.55045032501221,40.03388000488282,0.00570770467145283,0.011119657412697511,0.1270443080679884,76837800.0,66.8403667035428,0.0688335483134016,-0.0009691301880624392,0
2017-02-22,42.78049850463867,42.78049850463867,42.92150115966797,42.60900115966797,42.84749984741211,52340000,AMZN,-0.0009691301880624392,0.02297967541117263,0.04033113151660417,42.439599609375,41.63337516784668,40.12215995788575,0.005888047155809881,0.011116521330822644,-0.25392707472132736,76483100.0,62.948095157603575,0.08080578624633439,-0.003997092731641838,0
2017-02-23,42.609500885009766,42.609500885009766,43.042999267578125,42.400001525878906,42.87850189208984,69240000,AMZN,-0.003997092731641838,0.011261482909186826,0.018732383383183837,42.53450012207031,41.672550201416016,40.20569000244141,0.0066433997873021665,0.010599512025738854,0.3228888039740161,76022500.0,57.14619153674831,0.06809526654178977,-0.008155454539350404,0
2017-02-24,42.262001037597656,42.262001037597656,42.29050064086914,41.88750076293945,42.234500885009766,73760000,AMZN,-0.008155454539350404,0.001303108589128632,0.007257357481066151,42.54550018310547,41.687775230407716,40.29081001281739,0.008143268961411114,0.010777873997495633,0.06528018486424036,76124200.0,77.88042323545646,0.02916121625814916,0.004022482721395049,1
2017-02-27,42.43199920654297,42.43199920654297,42.625,41.98350143432617,42.11899948120117,54272000,AMZN,0.004022482721395049,0.0042244383651086626,0.015398912146991961,42.581199645996094,41.719950103759764,40.36511001586914,0.008319191579305864,0.010753416525803307,-0.2642082429501085,75839100.0,82.19225677367552,0.008790802416731802,-0.004242088719402681,0
2017-02-28,42.25199890136719,42.25199890136719,42.704498291015625,42.102500915527344,42.5724983215332,55874000,AMZN,-0.004242088719402681,-0.013310908260010912,0.01765451664316564,42.46719970703125,41.75659999847412,40.441329956054695,0.004527833849122562,0.01068600626039574,0.029517983490566113,74885500.0,76.0653914318889,-0.021232553961080036,0.009514352875576781,1
2017-03-01,42.65399932861328,42.65399932861328,42.74150085449219,42.45050048828125,42.65250015258789,55202000,AMZN,0.009514352875576781,-0.002956935530138205,0.03594500291239644,42.44189987182617,41.83059997558594,40.533409957885745,0.007168566436520445,0.010617884482765943,-0.012027060886995788,74508400.0,76.37947526564199,-0.01854199339085416,-0.00488816785598345,0
2017-03-02,42.445499420166016,42.445499420166016,42.74100112915039,42.36399841308594,42.65399932861328,42642000,AMZN,-0.00488816785598345,-0.0038489412322932903,0.019895455251243366,42.40909957885742,41.87199993133545,40.62454994201661,0.007285145928365922,0.010499899090806617,-0.22752798811637265,72790300.0,70.9442161151382,-0.03440647131276309,0.001142643194159465,1
2017-03-03,42.49399948120117,42.49399948120117,42.5994987487793,42.3134994506836,42.36000061035156,38822000,AMZN,0.001142643194159465,0.0054895281318345646,0.011822086830763467,42.455499267578126,41.89682483673096,40.70842994689942,0.005994573371093425,0.010326373577703187,-0.08958304019511276,67380900.0,68.48615848388114,-0.04458968878182601,-0.003847553226356659,0
2017-03-06,42.33050155639648,42.33050155639648,42.42449951171875,42.055999755859375,42.26150131225586,52208000,AMZN,-0.003847553226356659,-0.002392007259720219,0.044939602821350455,42.43519973754883,41.98784999847412,40.78381996154785,0.006071335857033958,0.00605309492596022,0.34480449229818144,59122500.0,59.19042511307056,-0.06410576844670546,-0.0006969647787666844,0
2017-03-07,42.30099868774414,42.30099868774414,42.42300033569336,42.1875,42.27399826049805,44952000,AMZN,-0.0006969647787666844,0.0011597033903967269,0.047521141095338226,42.44499969482422,42.08379993438721,40.859239959716795,0.005716475481744109,0.005962315698811635,-0.13898253141281025,57472800.0,58.70861713049334,-0.07975107872319187,0.005295450345943475,1
2017-03-08,42.525001525878906,42.525001525878906,42.65349960327149,42.339500427246094,42.400001525878906,45730000,AMZN,0.005295450345943475,-0.003024283883453771,0.04676926832932682,42.41920013427735,42.17880001068115,40.94339996337891,0.004084651818774476,0.005941028487145787,0.017307350062288673,56293200.0,57.2952329847826,-0.07579020190696084,0.002939447278418772,1
2017-03-09,42.650001525878906,42.650001525878906,42.81999969482422,42.51549911499024,42.54999923706055,40964000,AMZN,0.002939447278418772,0.004817992684890582,0.04061195243567561,42.46010055541992,42.26202507019043,41.035810012817386,0.0034858851805402917,0.0057404818329749845,-0.10422042422917122,55483400.0,58.12547928642986,-0.06589357120388323,-0.0006330697838242694,0
2017-03-10,42.62300109863281,42.62300109863281,42.86750030517578,42.58599853515625,42.84999847412109,48728000,AMZN,-0.0006330697838242694,0.003035760789913633,0.0378640370880563,42.48590087890625,42.33977508544922,41.11687004089355,0.0035532702918120093,0.005770774182300127,0.18953227223903912,55434900.0,56.82615166908165,-0.06234545008251474,0.002498620827174447,1
2017-03-13,42.72949981689453,42.72949981689453,42.78450012207031,42.58549880981445,42.5885009765625,38194000,AMZN,0.002498620827174447,0.009425786272966086,0.03278705151284145,42.56570053100586,42.407600021362306,41.19933006286621,0.002555713506589205,0.005624641238436024,-0.21617960925956325,54915000.0,47.939433905184046,-0.05430074866816653,-0.002410527652102701,0
2017-03-14,42.62649917602539,42.62649917602539,42.6875,42.37749862670898,42.6775016784668,42612000,AMZN,-0.002410527652102701,0.007694865331289602,0.019126612033709245,42.63080062866211,42.44759998321533,41.286710052490236,0.0030540831101342667,0.005238477211432875,0.11567261873592716,52873000.0,46.66089885261305,-0.05710539166169998,0.0005160958454508702,1
2017-03-15,42.64849853515625,42.64849853515625,42.72249984741211,42.355499267578125,42.71649932861328,51244000,AMZN,0.0005160958454508702,0.0029041035825052575,0.019823253895402626,42.65550003051758,42.48904991149902,41.38981002807617,0.0022173719065172195,0.005232957145596981,0.2025720454332114,52642800.0,50.903978282591595,-0.058455806807154176,0.0005276363750852386,1
2017-03-16,42.67100143432617,42.67100143432617,42.775001525878906,42.5255012512207,42.76499938964844,36846000,AMZN,0.0005276363750852386,0.0004923776716518891,0.012721090166011528,42.65970001220703,42.51585006713867,41.48956008911133,0.0017992728103795026,0.0050008178137776775,-0.28096947935368044,51516200.0,61.162646876932584,-0.05865858176008587,-0.001300649824284017,0
2017-03-17,42.615501403808594,42.615501403808594,42.69150161743164,42.53200149536133,42.67449951171875,67688000,AMZN,-0.001300649824284017,-0.0001759541710087964,0.00967850508915502,42.658200073242185,42.53627510070801,41.58469009399414,0.0018897416684176761,0.00501235741627317,0.8370515116973349,52185900.0,55.34211099117348,-0.06297567824607964,0.005467444629579932,1
2017-03-20,42.8484992980957,42.8484992980957,42.88999938964844,42.55049896240234,42.57550048828125,45654000,AMZN,0.005467444629579932,0.0027849490799356502,0.014081611685710982,42.68199996948242,42.566024971008304,41.6612100982666,0.0030154618249911293,0.0051338251394732895,-0.325522987826498,51356300.0,66.84549702990776,-0.051090444543214764,-0.01606822787173301,0
2017-03-21,42.15999984741211,42.15999984741211,43.13999938964844,42.06549835205078,42.94200134277344,87658000,AMZN,-0.01606822787173301,-0.010943880863565236,-0.015459314615880015,42.58870010375976,42.532925033569335,41.70842010498047,0.008166079371630271,0.0055078320870373156,0.9200508170149384,52231500.0,37.992251929136124,-0.08836431007194523,0.00576375786046146,1
2017-03-22,42.40299987792969,42.40299987792969,42.46849822998047,41.95249938964844,42.02149963378906,53174000,AMZN,0.00576375786046146,-0.005756325912017579,-0.008824081997736766,42.53960037231445,42.51405010223389,41.759560089111325,0.008901929360571192,0.005697156387147596,-0.39339250268087345,52273200.0,48.983995257854176,-0.09484866813133402,-0.0008018394176448895,0
2017-03-23,42.36899948120117,42.36899948120117,42.54449844360352,42.2400016784668,42.40999984741211,39060000,AMZN,-0.0008018394176448895,-0.0070774517347524935,-0.005644314033568132,42.479199981689455,42.502025032043456,41.81104011535645,0.008860094048094309,0.005636266394659964,-0.26543047353969984,50764200.0,46.990857231015625,-0.09915617947920624,-0.002088814407849471,0
2017-03-24,42.28049850463867,42.28049850463867,42.59000015258789,42.17649841308594,42.58399963378906,42766000,AMZN,-0.002088814407849471,-0.007861057317982922,0.00043768554698964124,42.41219940185547,42.50294990539551,41.85763008117676,0.008865163411999069,0.005345158374313108,0.09487967229902705,49214500.0,48.75117660733154,-0.10512558130959976,0.0014309457261054703,1
2017-03-27,42.34099960327149,42.34099960327149,42.51499938964844,41.67499923706055,41.90349960327149,55116000,AMZN,0.0014309457261054703,-0.011844048289615716,-0.002144598533491804,42.310699462890625,42.498399925231936,41.890810089111326,0.008227748356040237,0.005274362443891537,0.2887808071832765,49256700.0,50.983788043682395,-0.10207513118287403,0.010840547887149832,1
2017-03-28,42.79999923706055,42.79999923706055,42.92300033569336,42.505001068115234,42.587501525878906,60832000,AMZN,0.010840547887149832,0.015180251232560726,0.012969808528410898,42.438699340820314,42.525799942016604,41.92967010498047,0.0052896198666705484,0.00571030813556819,0.10370854198417878,49504600.0,56.06255560993907,-0.06786722680919477,0.021401878096712235,1
2017-03-29,43.71599960327149,43.71599960327149,43.821998596191406,42.95100021362305,42.95249938964844,89716000,AMZN,0.021401878096712235,0.030964783838919097,0.024898023429793525,42.70129928588867,42.57889995574951,41.99427009582519,0.009913329640467662,0.007124101788091381,0.4748158863755918,51230300.0,67.42395239300717,0.013395733637279056,0.0023104067256507488,1
2017-03-30,43.81700134277344,43.81700134277344,43.85300064086914,43.58300018310547,43.747501373291016,55254000,AMZN,0.0023104067256507488,0.03417597487084234,0.03231206939117359,42.990899658203126,42.64747505187988,42.063130111694335,0.009454269905852151,0.00697777021294397,-0.3841232333140131,51860900.0,69.05520286181142,0.06785011299717003,0.011639279409916048,1
2017-03-31,44.32699966430664,44.32699966430664,44.51750183105469,43.83250045776367,43.84999847412109,79152000,AMZN,0.011639279409916048,0.04840295720362531,0.04313550631816532,43.40019989013672,42.73912506103515,42.140630111694335,0.00813672457041821,0.007326461630264358,0.43251167336301455,53877400.0,72.58586972115464,0.128593366795331,0.005606082655188249,1
2017-04-03,44.57550048828125,44.57550048828125,44.67449951171875,44.27099990844727,44.400001525878906,68446000,AMZN,0.005606082655188249,0.05277392848413309,0.05303501846992731,43.84710006713867,42.85137500762939,42.22381011962891,0.007266124058518413,0.007224131302663456,-0.13525874267232663,54689300.0,76.46659034515626,0.17311285383502945,0.017184301509601818,1
2017-04-04,45.34149932861328,45.34149932861328,45.42699813842773,44.51399993896485,44.57500076293945,99694000,AMZN,0.017184301509601818,0.059380844319082415,0.07187775076691194,44.35540008544922,43.003400039672854,42.31276008605957,0.00789750496857679,0.007870643650894425,0.4565350787482103,57426400.0,80.42249515190692,0.23776076832472798,0.0027017495033232475,1
2017-04-05,45.4640007019043,45.4640007019043,46.18600082397461,45.28099822998047,45.54100036621094,150168000,AMZN,0.0027017495033232475,0.039985385545249885,0.0691122650339433,44.70500030517578,43.15034999847412,42.39960006713867,0.006397405841887221,0.007860968201446033,0.5062892450899754,62648300.0,80.85504490654584,0.27002743078026714,-0.012097466755439101,0
2017-04-06,44.91400146484375,44.91400146484375,45.859500885009766,44.7244987487793,45.68999862670898,126882000,AMZN,-0.012097466755439101,0.025035946971556866,0.05308323230870471,44.924400329589844,43.263549995422366,42.46136009216308,0.011073726392603811,0.00859020670343039,-0.15506632571519896,66944200.0,72.89114607315283,0.23677381502158124,-0.003785055396937742,0
2017-04-07,44.74399948120117,44.74399948120117,45.00450134277344,44.46549987792969,44.98249816894531,74218000,AMZN,-0.003785055396937742,0.009407354886469044,0.04976182642935467,45.00780029296875,43.36959991455078,42.51709007263184,0.010911396004276715,0.008681543274989444,-0.4150628142683753,68218700.0,69.11748411025101,0.1879074492554046,0.013588452441311683,1
2017-04-10,45.35200119018555,45.35200119018555,45.42549896240234,44.95000076293945,44.98149871826172,63686000,AMZN,0.013588452441311683,0.017419898675247403,0.06137449266967843,45.16310043334961,43.500724983215335,42.58836006164551,0.012103981716084669,0.009030811053763849,-0.14190627610552697,69493300.0,82.72500582724146,0.18103906891342314,-0.005159665583149842,0
2017-04-11,45.11800003051758,45.11800003051758,45.5620002746582,44.875,45.35200119018555,60254000,AMZN,-0.005159665583149842,-0.004929243659895111,0.0584495772032223,45.11840057373047,43.62530002593994,42.66034004211426,0.009678929583429089,0.009138124231735002,-0.05388939484345068,70375400.0,77.8861532505981,0.14670698338246846,-0.006793286071941518,0
2017-04-12,44.811500549316406,44.811500549316406,45.204498291015625,44.76250076293945,45.15449905395508,49122000,AMZN,-0.006793286071941518,-0.014352017915584825,0.050716955776934025,44.98790054321289,43.73345012664795,42.73309005737305,0.00971463775740333,0.009380747983508565,-0.1847512198360275,70269300.0,73.75739581300327,0.09199987575221058,-0.012898454814163851,0
2017-04-13,44.23350143432617,44.23350143432617,44.74850082397461,44.2244987487793,44.5724983215332,63492000,AMZN,-0.012898454814163851,-0.015151177991794773,0.0366173735670301,44.851800537109376,43.81157512664795,42.78541007995605,0.009909909027781471,0.009991240365193367,0.2925369488213021,71601600.0,67.34459356909,0.009853777298805877,0.01957786036312048,1
2017-04-17,45.0994987487793,45.0994987487793,45.11899948120117,44.375,44.375,57094000,AMZN,0.01957786036312048,0.007945183079297369,0.058288586620940386,44.922900390625,43.93577499389649,42.84745002746582,0.014082366135111012,0.010709931452659048,-0.10076860076860072,71071900.0,71.43189087555153,0.006945705136403579,0.0019845104652858048,1
2017-04-18,45.18899917602539,45.18899917602539,45.480499267578125,45.03900146484375,45.04949951171875,59984000,AMZN,0.0019845104652858048,-0.003594152625737479,0.05462268028681483,44.89029998779297,44.052799987792966,42.94103004455567,0.012492081174423292,0.010694137797651378,0.05061827862822721,71788400.0,69.69171772003678,0.004284890735426261,-0.005067607066505442,0
2017-04-19,44.959999084472656,44.959999084472656,45.525001525878906,44.868499755859375,45.391998291015625,57404000,AMZN,-0.005067607066505442,-0.0035019492428310928,0.06641364438317043,44.858699798583984,44.192799949645995,43.032590026855466,0.012483852362821499,0.00993291991092726,-0.04301146972526004,70275700.0,61.56347933759453,-0.018417188170361087,0.0031806396643336843,1
2017-04-20,45.10300064086914,45.10300064086914,45.26599884033203,44.81449890136719,44.98500061035156,56288000,AMZN,0.0031806396643336843,0.006505028574794736,0.06367475817070134,44.91699981689453,44.32779998779297,43.12215003967285,0.012043802745960286,0.009915523369651548,-0.019441153926555654,70431400.0,61.86127059432841,-0.028708410308599275,-0.003913314530636147,0
2017-04-21,44.92649841308594,44.92649841308594,45.182498931884766,44.8385009765625,45.13349914550781,48410000,AMZN,-0.003913314530636147,0.015666790018616705,0.0603625047369718,45.055599212646484,44.455674934387204,43.2009700012207,0.009857146513883263,0.010004597327624246,-0.13995878339965895,70898900.0,55.891873409919626,-0.051005817806318854,0.009882814370667736,1
2017-04-24,45.37049865722656,45.37049865722656,45.4995002746582,45.19100189208984,45.43399810791016,62458000,AMZN,0.009882814370667736,0.006008933934207095,0.07308334248350645,45.109799194335935,44.6101749420166,43.287019958496096,0.006028217821726076,0.010043290224681416,0.2901879776905598,71883500.0,57.52410990477346,-0.039944332015680706,0.00023146894751158165,1
2017-04-25,45.38100051879883,45.38100051879883,45.4739990234375,45.150001525878906,45.35200119018555,67612000,AMZN,0.00023146894751158165,0.004248851407961718,0.07179804312632365,45.148199462890624,44.76217498779297,43.36717994689941,0.0060231349154460535,0.010060370230667024,0.08251945307246467,72508300.0,50.43623547531762,-0.036127812376123725,0.0018399750444610952,1
2017-04-26,45.464500427246094,45.464500427246094,45.78749847412109,45.37799835205078,45.51499938964844,52178000,AMZN,0.0018399750444610952,0.01122111550370719,0.06225470181500259,45.24909973144531,44.895400047302246,43.439939956665036,0.005033756499373646,0.009915976236671316,-0.2282730876175827,72075600.0,50.005566722050595,-0.03231145802062774,0.00999677301508961,1
2017-04-27,45.91899871826172,45.91899871826172,46.09299850463867,45.605499267578125,45.71950149536133,106110000,AMZN,0.00999677301508961,0.01809188004784712,0.05039342883572928,45.41229934692383,45.00555000305176,43.52192993164063,0.006149934175312509,0.009100723900139813,1.0336157001034918,72895300.0,61.43860715526224,-0.0049453724591090875,0.007197490485894464,1
2017-04-28,46.2495002746582,46.2495002746582,47.47949981689453,46.21649932861328,47.44150161743164,147294000,AMZN,0.007197490485894464,0.029448141037114794,0.055514956691255835,45.67689971923828,45.127174949646,43.60421997070313,0.004553053386627169,0.009160763015252581,0.38812553011026285,77497300.0,66.5312304699608,0.027844742542557532,0.025124568738659425,1
2017-05-01,47.4114990234375,47.4114990234375,47.720001220703125,46.38999938964844,46.38999938964844,109330000,AMZN,0.025124568738659425,0.04498518699630494,0.06958511477181228,46.08509979248047,45.28139991760254,43.708309936523435,0.009903573289064105,0.010278032005685502,-0.2577430173666273,79006200.0,70.16149812420784,0.11531636659306221,-0.0013604062874136291,0
2017-05-02,47.34700012207031,47.34700012207031,47.505001068115234,47.070499420166016,47.33250045776367,76976000,AMZN,-0.0013604062874136291,0.04332208591251918,0.06217540136240718,46.47829971313477,45.419974899291994,43.81017990112305,0.010269845205378637,0.010317983716568873,-0.29592975395591326,79432700.0,72.56986852503772,0.1539408500500078,-0.006241191801434343,0
2017-05-03,47.05149841308594,47.05149841308594,47.29999923706055,46.79499816894531,47.29999923706055,71654000,AMZN,-0.006241191801434343,0.03490631087829543,0.037713774572812664,46.79569931030274,45.50547485351562,43.89476989746094,0.012069892349005074,0.009954734456518517,-0.06913843275826237,78030700.0,72.73185483870968,0.1448312110087856,-0.0037193127310027885,0
2017-05-04,46.87649917602539,46.87649917602539,47.25,46.71099853515625,47.23749923706055,48368000,AMZN,-0.0037193127310027885,0.020851945479875678,0.03106850370213743,46.98719940185547,45.57609977722168,43.97668991088867,0.012742396206120533,0.010030752400934791,-0.3249783682697407,72940700.0,79.21083697320269,0.11364037769704405,-0.003605190686853832,0
2017-05-05,46.70750045776367,46.70750045776367,47.03950119018555,46.51499938964844,47.0260009765625,57328000,AMZN,-0.003605190686853832,0.009902813660376486,0.039931846070846655,47.078799438476565,45.665774726867674,44.05864990234375,0.0130199469562675,0.009591491709603465,0.18524644392987089,69463000.0,71.00862617196923,0.07036848430655485,0.015939607113341525,1
2017-05-08,47.45199966430664,47.45199966430664,47.45249938964844,46.96049880981445,47.04750061035156,68314000,AMZN,0.015939607113341525,0.0008542366662804834,0.06052208596692865,47.08689956665039,45.80117473602295,44.16244987487793,0.008965203618064913,0.00997156420284541,0.19163410549818582,69167800.0,75.24541887601815,0.07992972011617683,0.003982954930507487,1
2017-05-09,47.64099884033203,47.64099884033203,47.89450073242188,47.5099983215332,47.63999938964844,65242000,AMZN,0.003982954930507487,0.006209447641956745,0.05047181138815637,47.14569931030273,45.91562461853027,44.26662986755371,0.009050362091140055,0.009660667789353572,-0.04496882044676054,69245600.0,80.1778359457389,0.08647163178175699,-0.004061638578303994,0
2017-05-10,47.4474983215332,47.4474983215332,47.6875,47.25,47.67499923706055,41930000,AMZN,-0.004061638578303994,0.0084163081262707,0.05163124006915121,47.22489929199219,46.03209953308105,44.370539855957034,0.0086413035255159,0.009617818144295371,-0.3573158394898991,68329400.0,76.09346156262896,0.06617082847347555,-0.00140150282073348,0
2017-05-11,47.38100051879883,47.38100051879883,47.51449966430664,47.03900146484375,47.25550079345703,43882000,AMZN,-0.00140150282073348,0.010762351106446522,0.05734019030794579,47.325799560546876,46.16057453155518,44.465079879760744,0.008334126548354791,0.009415160989758467,0.04655378010970668,68067400.0,78.003473053371,0.0380639330389565,0.014488941596833227,1
2017-05-12,48.067501068115234,48.067501068115234,48.13949966430664,47.57649993896485,47.72499847412109,72518000,AMZN,0.014488941596833227,0.029117392218009464,0.08667637671599282,47.597799682617186,46.35227451324463,44.57751991271973,0.009092909549549916,0.008988622033658338,0.6525682512191786,68518700.0,79.15680686893515,0.05450558047545606,-0.0035159417320134168,0
2017-05-15,47.89849853515625,47.89849853515625,48.157501220703125,47.803001403808594,47.936500549316406,85412000,AMZN,-0.0035159417320134168,0.009409484826947478,0.062062769299685794,47.68709945678711,46.492224502563474,44.685609893798826,0.007723238014261737,0.008371740777464068,0.17780413138806916,69934600.0,76.31441068929357,0.0432870558647771,0.008455434019437602,1
2017-05-16,48.30350112915039,48.30350112915039,48.50299835205078,48.045501708984375,48.04999923706055,62522000,AMZN,0.008455434019437602,0.01390613767437432,0.06892168470014193,47.81959991455078,46.647949600219725,44.80506988525391,0.008264999675955334,0.008453115791628468,-0.26799512949000137,70061500.0,77.8060818459998,0.05185277114447617,-0.022058487311286012,0
2017-05-17,47.23799896240234,47.23799896240234,48.02000045776367,47.20600128173828,47.73500061035156,102912000,AMZN,-0.022058487311286012,-0.004415393151208313,0.05066725810313488,47.77770004272461,46.761849594116214,44.90380989074707,0.013955966670024507,0.010049056362770094,0.6460126035635456,72336900.0,61.537783899798114,-0.02159252566360581,0.014532803344672107,1
2017-05-18,47.92449951171875,47.92449951171875,48.13750076293945,47.23799896240234,47.2400016784668,78786000,AMZN,0.014532803344672107,0.01147082136233668,0.06255678847879054,47.886399841308595,46.90292453765869,45.011799850463866,0.015517971707935209,0.010402593230301571,-0.23443330223880599,73461800.0,63.79280774046495,-0.030732678134545832,0.0014084877005076102,1
2017-05-19,47.992000579833984,47.992000579833984,48.44599914550781,47.98600006103516,48.141998291015625,79442000,AMZN,0.0014084877005076102,-0.0015707179820781958,0.06823372118970084,47.871299743652344,47.056199645996095,45.11863983154297,0.013994122753027954,0.010281388841717292,0.008326352397634018,75013400.0,55.831250675378946,-0.0385215248412788,0.01128313229309863,1
2017-05-22,48.53350067138672,48.53350067138672,48.56900024414063,48.14500045776367,48.20000076293945,52844000,AMZN,0.01128313229309863,0.013257245125635642,0.0697149493122522,47.99830017089844,47.2143497467041,45.236849822998046,0.01467530380888106,0.010332815836910668,-0.3348103018554417,74532700.0,60.87633386625038,-0.014717786384477294,0.0008962673682750832,1
2017-05-23,48.57699966430664,48.57699966430664,48.7599983215332,48.34249877929688,48.7509994506836,48312000,AMZN,0.0008962673682750832,0.005662085123498306,0.0704259295513745,48.052999877929686,47.37414970397949,45.35379981994629,0.014322407100915728,0.010323063435654048,-0.08576186511240635,73567700.0,64.66122356201944,-0.0041079807820756375,0.009068122152297464,1
2017-05-24,49.01750183105469,49.01750183105469,49.04999923706055,48.51150131225586,48.79999923706055,48920000,AMZN,0.009068122152297464,0.037671004440062994,0.07814891553673253,48.40890045166016,47.55179977416992,45.481619873046874,0.006060690125622233,0.010389706043083558,0.012584865043881344,73404800.0,69.57754437859498,0.02302111777566851,0.013291107520177148,1
2017-05-25,49.66899871826172,49.66899871826172,49.95000076293945,49.105499267578125,49.24250030517578,96440000,AMZN,0.013291107520177148,0.036400989563102115,0.08166554377651636,48.75780029296875,47.73929977416992,45.622029876708986,0.005712738857304923,0.010518097106200127,0.9713818479149632,72921300.0,74.88443087937662,0.07249475730427424,0.002416049239541307,1
2017-05-26,49.78900146484375,49.78900146484375,49.932498931884766,49.462501525878906,49.75,69384000,AMZN,0.002416049239541307,0.03744375861182281,0.07653058236663735,49.117200469970705,47.916274833679196,45.76438987731934,0.005470475030933813,0.010495557652588085,-0.28054749066777274,69025800.0,71.93952646540808,0.09929608768877418,0.0009238510168030345,1
2017-05-30,49.834999084472656,49.834999084472656,50.060001373291016,49.7760009765625,49.82550048828125,65262000,AMZN,0.0009238510168030345,0.02681649572113476,0.05111629269171858,49.37750015258789,48.03744983673096,45.908779830932616,0.005588278733841418,0.009218473075734111,-0.05940850916637841,66822400.0,71.16532493703507,0.10553273372945848,-0.0020868886016521815,0
2017-05-31,49.73099899291992,49.73099899291992,50.00600051879883,49.108001708984375,50.0,78262000,AMZN,-0.0020868886016521815,0.023756084908249653,0.05035163504980611,49.608300018310544,48.15664978027344,46.046429824829104,0.0062933037636894425,0.009236049575809242,0.19919708252888357,66886700.0,72.41580489383112,0.08873986478371065,0.0013372266549704914,1
2017-06-01,49.79750061035156,49.79750061035156,49.949501037597656,49.56850051879883,49.929500579833984,49096000,AMZN,0.0013372266549704914,0.015912658747588626,0.05836163118881488,49.76429977416992,48.293949890136716,46.19917984008789,0.005895849892744996,0.009011285858368006,-0.3726712836370142,65758800.0,73.72136548452585,0.06907161658157202,0.010823789217132784,1
2017-06-02,50.33649826049805,50.33649826049805,50.42399978637695,49.78350067138672,49.949501037597656,75046000,AMZN,0.010823789217132784,0.013438957085134762,0.07381095314904074,49.89779968261719,48.46694984436035,46.35784980773926,0.004847712344771602,0.009037571508179363,0.5285562978654066,67092700.0,72.93766765440395,0.07862834322291778,0.004579243496091179,1
2017-06-05,50.56700134277344,50.56700134277344,50.66049957275391,50.17549896240234,50.36149978637695,54398000,AMZN,0.004579243496091179,0.01562593856153227,0.08263128720621227,50.053399658203126,48.65992488861084,46.521809844970704,0.004914028291016161,0.008877750115707116,-0.2751379154118807,66946200.0,76.6450215131089,0.08613512599096751,-0.00824648102164205,0
2017-06-06,50.150001525878906,50.150001525878906,50.82500076293945,50.0625,50.59999847412109,66928000,AMZN,-0.00824648102164205,0.006320907940066567,0.05685749558836184,50.116400146484374,48.79482498168945,46.67919990539551,0.007142512953707663,0.008814999186777406,0.2303393507114233,66876900.0,68.39325355117248,0.05044508398051173,0.00704886052752185,1
2017-06-07,50.50350189208984,50.50350189208984,50.51250076293945,50.09999847412109,50.29750061035156,56460000,AMZN,0.00704886052752185,0.015533629221482048,0.06008486642673949,50.27090072631836,48.937950134277344,46.84244995117187,0.00723339855259894,0.008863074607315497,-0.15640688501075783,66437800.0,87.90482701698392,0.03860758714412671,0.0001979728367069722,1
2017-06-08,50.51350021362305,50.51350021362305,50.68050003051758,50.30550003051758,50.60300064086914,55358000,AMZN,0.0001979728367069722,0.014378223695882486,0.06461883135150237,50.414100646972656,49.09125022888183,46.996719970703126,0.007320561129808603,0.008735750553005602,-0.019518243003896596,67109200.0,85.65134029174918,0.020331452158421026,-0.031635098854680854,0
2017-06-09,48.91550064086914,48.91550064086914,50.64950180053711,46.34999847412109,50.625,152954000,AMZN,-0.031635098854680854,-0.028229965705501736,0.03238640183339925,50.12990112304688,49.16797523498535,47.100709991455076,0.015668892573077464,0.011686413865886366,1.7629972181075906,72562800.0,58.94604510086796,-0.10368723981552153,-0.013697130252466216,0
2017-06-12,48.24549865722656,48.24549865722656,48.79750061035156,47.25,48.34999847412109,188944000,AMZN,-0.013697130252466216,-0.04590943943482706,0.0037030755740576904,49.6656005859375,49.17687511444092,47.18927993774414,0.014805340024920137,0.011757268163878617,0.235299501811002,78384100.0,47.27786423141435,-0.22802309081266725,0.016457546404488266,1
2017-06-13,49.03950119018555,49.03950119018555,49.22499847412109,48.30500030517578,48.89950180053711,91600000,AMZN,0.016457546404488266,-0.022143575312162378,0.023821261415779782,49.44350051879883,49.23392524719238,47.28352996826172,0.018810997746888033,0.01225806799992294,-0.5152002709797612,78693500.0,53.82833527630879,-0.25209078136033247,-0.004404604411325286,0
2017-06-14,48.82350158691406,48.82350158691406,49.516998291015625,48.33549880981445,49.429500579833984,79498000,AMZN,-0.004404604411325286,-0.03326502603255921,0.010765274682125625,49.10750045776367,49.259925270080565,47.36848999023437,0.017746878266023905,0.01219733845362309,-0.132117903930131,79542300.0,48.33218551386238,-0.2759320742484893,-0.012596427099190843,0
2017-06-15,48.20849990844727,48.20849990844727,48.2864990234375,47.542999267578125,47.935001373291016,107478000,AMZN,-0.012596427099190843,-0.04563137172098275,0.02054492077061476,48.64650039672851,49.308450317382814,47.42583000183105,0.0174384343844714,0.011431396948572337,0.35195853983748027,79770600.0,37.36484885447012,-0.3232161407854862,0.024414822186134,1
2017-06-16,49.385501861572266,49.385501861572266,49.98749923706055,49.09999847412109,49.79999923706055,229454000,AMZN,0.024414822186134,0.009608431162829278,0.030485500417093858,48.74050064086914,49.38150043487549,47.504260025024415,0.017406273093059234,0.01222920431717044,1.1348927222315264,87304000.0,47.04893398930557,-0.26761681449678143,0.007552768927631126,1
2017-06-19,49.75849914550781,49.75849914550781,50.84999847412109,49.494998931884766,50.84999847412109,100868000,AMZN,0.007552768927631126,0.031360448754624404,0.036808187704850504,49.04310073852539,49.46982536315918,47.60114997863769,0.015037904795208458,0.012301788687944081,-0.5603999058634845,88375300.0,49.466043975355056,-0.20114652615766182,-0.0025924777666052057,0
2017-06-20,49.62950134277344,49.62950134277344,50.24399948120117,49.60100173950195,49.900001525878906,81536000,AMZN,-0.0025924777666052057,0.012031120591943667,0.022582353554250645,49.16110076904297,49.52462539672852,47.698860015869144,0.014206475084011705,0.012133765648736052,-0.19165642225482804,89809900.0,49.294027933218814,-0.1629247118209014,0.009711934042506698,1
2017-06-21,50.11149978637695,50.11149978637695,50.13600158691406,49.63249969482422,49.935001373291016,58450000,AMZN,0.009711934042506698,0.02638070104763046,0.03158902634321881,49.41870040893555,49.60135040283203,47.79404998779297,0.01389685079128968,0.012281851765550593,-0.2831387362637363,90316800.0,52.06469734511322,-0.1050484529738599,-0.0009279538602159354,0
2017-06-22,50.06499862670898,50.06499862670898,50.34799957275391,49.86000061035156,50.11149978637695,45068000,AMZN,-0.0009279538602159354,0.03850977984769033,0.02136985273677605,49.79000015258789,49.65372524261475,47.8929899597168,0.010768104281161742,0.012165999565899845,-0.2289478186484174,90124200.0,48.09112355825807,-0.07137532153828852,0.002436865101283381,1
2017-06-23,50.1870002746582,50.1870002746582,50.23099899291992,49.9010009765625,50.12699890136719,57582000,AMZN,0.002436865101283381,0.01622942731922694,0.010429071850929672,49.95029983520508,49.67962532043457,48.000499954223635,0.005303783952314771,0.011832402836242715,0.2776692997248602,88181300.0,47.28687026601555,-0.04372130833940946,-0.009723612882453048,0
2017-06-26,49.69900131225586,49.69900131225586,50.4900016784668,49.59999847412109,50.42499923706055,67724000,AMZN,-0.009723612882453048,-0.0011957320713786856,-0.0018076312024742913,49.93840026855469,49.67512531280518,48.109809951782225,0.007108986367805416,0.0120430639661094,0.1761314299607517,88098300.0,46.81226936697284,-0.060118795083942245,-0.017304182934144485,0
2017-06-27,48.8390007019043,48.8390007019043,49.93999862670898,48.79999923706055,49.53450012207031,75648000,AMZN,-0.017304182934144485,-0.01592803915980201,-0.019985921558463238,49.78030014038086,49.62532539367676,48.184599990844724,0.0105490820715596,0.012642585615810399,0.1170043116177426,88617600.0,39.02116714967878,-0.12687057843658456,0.013872066463946231,1
2017-06-28,49.51649856567383,49.51649856567383,49.53400039672852,48.46049880981445,48.9275016784668,74752000,AMZN,0.013872066463946231,-0.011873546456194428,-0.004313213721619191,49.66129989624024,49.614600372314456,48.271149978637695,0.011896295200081916,0.013062559438015311,-0.011844331641285955,88442100.0,43.95610138731382,-0.12327549613974925,-0.014540555710960135,0
2017-06-29,48.79650115966797,48.79650115966797,49.37799835205078,48.26250076293945,48.95000076293945,86060000,AMZN,-0.014540555710960135,-0.025337011921224395,-0.020101399436009304,49.40760040283203,49.56455039978027,48.3478800201416,0.013001692534291695,0.013445277488122805,0.15127354452054798,90290300.0,49.19267640130621,-0.16468073497520802,-0.008125575079485081,0
2017-06-30,48.400001525878906,48.400001525878906,49.17350006103516,48.38050079345703,49.00600051879883,67806000,AMZN,-0.008125575079485081,-0.03560680532806493,-0.03847102602563879,49.050200653076175,49.467725563049314,48.413820037841795,0.012321010717671051,0.013239607410381283,-0.21210783174529402,89928300.0,51.08858552150616,-0.2111005594770245,-0.014814108389417546,0
2017-07-03,47.68299865722656,47.68299865722656,48.7244987487793,47.54999923706055,48.63949966430664,58182000,AMZN,-0.014814108389417546,-0.040564248813831694,-0.05703329461830997,48.64700012207031,49.32352542877197,48.46895004272461,0.012786861852702183,0.013450439909136419,-0.14193434209362,90117500.0,40.337608600313345,-0.2782026520390273,0.018602039774678225,1
2017-07-05,48.56999969482422,48.56999969482422,48.75,47.76250076293945,48.07649993896485,73060000,AMZN,0.018602039774678225,-0.0055079138232569935,-0.031505519102314694,48.5931999206543,49.24452533721924,48.53294006347656,0.016049675826033696,0.014201873443119848,0.255714825891169,90424100.0,48.35185003308502,-0.25175252479609167,-0.006444301571102318,0
2017-07-06,48.25699996948242,48.25699996948242,48.720001220703125,47.95100021362305,48.233001708984375,65192000,AMZN,-0.006444301571102318,-0.02543593817565537,-0.044482102001708435,48.34130020141602,49.13220024108887,48.590460052490236,0.013749814848830798,0.014094307555709807,-0.10769230769230764,90860700.0,50.32821333608689,-0.24405968830584687,0.014111937258636909,1
2017-07-07,48.9379997253418,48.9379997253418,49.00550079345703,48.45700073242188,48.477500915527344,52868000,AMZN,0.014111937258636909,0.002899768678308101,-0.031189691500656536,48.36959991455078,49.0534252166748,48.659930038452146,0.014747683615744451,0.014553671106574895,-0.18904160019634308,90736200.0,46.753699581476035,-0.18453584334681697,0.01809436157060018,1
2017-07-10,49.82350158691406,49.82350158691406,49.97200012207031,49.17499923706055,49.25,70926000,AMZN,0.01809436157060018,0.029411157358621765,0.01856264239655525,48.654299926757815,49.09882526397705,48.73802009582519,0.015483343882740601,0.013327417704246227,0.34156767799046683,86634800.0,50.43890919731132,-0.082174223577154,-0.0023483010247660197,0
2017-07-11,49.70650100708008,49.70650100708008,49.79949951171875,49.18600082397461,49.650001525878906,59654000,AMZN,-0.0023483010247660197,0.04243655824583592,0.03028266658064016,49.059000396728514,49.171875381469725,48.80716011047363,0.011901341348779588,0.012903390443604477,-0.15892620477680963,80170300.0,50.52076050383095,-0.02211875381906811,0.012453089005661555,1
2017-07-12,50.32550048828125,50.32550048828125,50.4275016784668,49.90499877929688,50.032501220703125,72172000,AMZN,0.012453089005661555,0.036143726672580145,0.026223743449353742,49.41010055541992,49.23617534637451,48.865440139770506,0.010855763485217603,0.012689543828720947,0.20984343044892206,79198900.0,51.420986906930025,0.055292051335450954,-0.0058419432575773644,0
2017-07-13,50.03150177001953,50.03150177001953,50.34400177001953,49.79499816894531,50.23099899291992,57616000,AMZN,-0.0058419432575773644,0.036771904628536856,0.024742186525786636,49.765000915527345,49.29657535552978,48.919130172729496,0.010668590019990284,0.012727989659717834,-0.20168486393615248,78104800.0,49.784655377484626,0.08113140823736686,0.001179219208357063,1
2017-07-14,50.09049987792969,50.09049987792969,50.22249984741211,49.84450149536133,50.119998931884766,42050000,AMZN,0.001179219208357063,0.023550209633743657,0.03903875816622637,49.99550094604492,49.3906753540039,48.97991020202637,0.010157830206480404,0.012302035214728751,-0.27016800888642045,74833400.0,49.37455156457297,0.09563475658398363,0.00821511113764739,1
2017-07-17,50.50199890136719,50.50199890136719,50.73749923706055,50.19049835205078,50.234500885009766,74252000,AMZN,0.00821511113764739,0.01361801745847857,0.0226077896894612,50.13120040893555,49.44650020599365,49.052420196533205,0.007521588384128628,0.011234730533997317,0.7658026159334126,67073300.0,55.2565981855458,0.12455043886450892,0.014266780755591402,1
2017-07-18,51.22249984741211,51.22249984741211,51.30149841308594,50.20000076293945,50.29999923706055,80152000,AMZN,0.014266780755591402,0.03049900535376837,0.029422123396912525,50.434400177001955,49.51970024108887,49.14272018432617,0.008341844249421956,0.011531614564354802,0.07945913914776703,66037500.0,65.89317927685298,0.18041959016729728,0.0023622115853150216,1
2017-07-19,51.34349822998047,51.34349822998047,51.579498291015625,51.125,51.25,59280000,AMZN,0.0023622115853150216,0.02022826860780591,0.03453584744624094,50.6379997253418,49.60540008544922,49.22055015563965,0.00759391815102354,0.01149190382406003,-0.2604052300628805,64924700.0,63.15903424711356,0.21158383465218578,0.0017821758638392193,1
2017-07-20,51.435001373291016,51.435001373291016,51.74850082397461,51.1259994506836,51.579498291015625,61950000,AMZN,0.0017821758638392193,0.028052318111956076,0.02641113502002712,50.91869964599609,49.67157516479492,49.29643020629883,0.005624648578481788,0.011338950611846536,0.045040485829959565,65099700.0,70.89569057555465,0.22326528134347334,-0.002945478717979899,0
2017-07-21,51.28350067138672,51.28350067138672,51.30500030517578,50.54999923706055,51.06399917602539,54692000,AMZN,-0.002945478717979899,0.02381690732502917,0.02433840163989709,51.1572998046875,49.73250026702881,49.3731502532959,0.006638995777805838,0.011369359472670145,-0.11715899919289752,65580900.0,73.75790628995576,0.20610612264557693,0.012947588238978236,1
2017-07-24,51.9474983215332,51.9474983215332,52.1505012512207,51.37149810791016,51.41699981689453,65760000,AMZN,0.012947588238978236,0.028622617948036888,0.035078766159370556,51.4463996887207,49.82052516937256,49.46448020935058,0.007535752174994108,0.011665475426677206,0.2023696335844365,65989800.0,85.44593376865258,0.22334318480878146,0.0008855370482221403,1
2017-07-25,51.993499755859375,51.993499755859375,52.166500091552734,51.624000549316406,51.90250015258789,48952000,AMZN,0.0008855370482221403,0.015051977368227165,0.046167898408809416,51.600599670410155,49.93525009155273,49.54300018310547,0.00593008952262761,0.011351354333686762,-0.25559610705596103,65051200.0,83.08049458002571,0.2212874175230226,0.012434239603503539,1
2017-07-26,52.63999938964844,52.63999938964844,52.65999984741211,52.15999984741211,52.15999984741211,58426000,AMZN,0.012434239603503539,0.025251515856216322,0.07782711835043621,51.85989990234375,50.12530002593994,49.63783020019531,0.007225713479093994,0.01056598176903013,0.1935365255760746,64190100.0,89.78758062427237,0.24506507865104366,-0.006458969538946313,0
2017-07-27,52.29999923706055,52.29999923706055,54.16550064086914,52.00899887084961,53.477500915527344,219834000,AMZN,-0.006458969538946313,0.016817300295022486,0.05621360055770008,52.03289947509766,50.26447505950928,49.717760162353514,0.00889602541153637,0.010524629884184532,2.7626056892479376,71444200.0,82.53338137081045,0.2202735033360783,-0.02481836242119062,0
2017-07-28,51.00199890136719,51.00199890136719,51.64250183105469,50.04999923706055,50.60699844360352,154188000,AMZN,-0.02481836242119062,-0.0054891293756120785,0.04519786643068047,51.97659912109375,50.374749946594235,49.793040161132815,0.015617970245477512,0.011610331548483017,-0.2986162286088594,74850600.0,60.56096133545554,0.10469990541172725,-0.03162619107383846,0
2017-07-31,49.38899993896485,49.38899993896485,50.95249938964844,49.35100173950195,50.95249938964844,147042000,AMZN,-0.03162619107383846,-0.049251618754233784,0.020433850865833936,51.46489944458008,50.42419986724853,49.822330169677734,0.018176703991199854,0.013716660180323493,-0.04634601914545877,78812400.0,47.75633370516163,-0.08205665529001804,0.00851407620125988,1
2017-08-01,49.80950164794922,49.80950164794922,50.31999969482422,49.57899856567383,49.80550003051758,91452000,AMZN,0.00851407620125988,-0.042005214462679685,0.04459667073392781,51.028099822998044,50.530525016784665,49.85868019104004,0.019576371522593998,0.013276815112075938,-0.37805524952054514,80475900.0,46.24837194441424,-0.1736789445696052,-0.00030121169353869437,0
2017-08-02,49.79449844360352,49.79449844360352,50.16049957275391,49.08649826049805,50.0885009765625,81400000,AMZN,-0.00030121169353869437,-0.05405586966257603,0.02521101001591708,50.45899963378906,50.59174995422363,49.88390014648437,0.016824475910497638,0.012713741072569226,-0.10991558413156632,80892900.0,48.20397692681722,-0.22826698047972216,-0.0090069743894452,0
2017-08-03,49.34600067138672,49.34600067138672,49.97499847412109,49.22949981689453,49.9734992980957,65116000,AMZN,-0.0090069743894452,-0.056481808963021574,0.022566688824273706,49.8681999206543,50.646199989318845,49.89928016662598,0.016692962347755743,0.012808702764363966,-0.2000491400491401,80889100.0,44.67263770027492,-0.2839254127827177,0.0006687663761180129,1
2017-08-04,49.37900161743164,49.37900161743164,49.58349990844727,49.09999847412109,49.48400115966797,54606000,AMZN,0.0006687663761180129,-0.03182222891056219,0.009011440895927647,49.543600463867186,50.66825008392334,49.90651016235351,0.015433219288049912,0.01244268267346675,-0.16140426316112788,80976000.0,41.50403662660726,-0.30596179503662274,0.0047489228747330525,1
2017-08-07,49.61349868774414,49.61349868774414,49.75,49.35699844360352,49.532501220703125,53532000,AMZN,0.0047489228747330525,0.00454552125081964,-0.004214936575735906,49.58850021362305,50.65774993896484,49.90540016174317,0.0065656269578155185,0.011791570638353767,-0.019668168333150216,80106300.0,36.86100872963062,-0.29221298337629914,-0.00244889215886257,0
2017-08-08,49.492000579833984,49.492000579833984,49.81399917602539,49.28950119018555,49.71749877929688,58056000,AMZN,-0.00244889215886257,-0.00637430726288557,-0.004315339500874149,49.525,50.647024917602536,49.89946014404297,0.005054090801577139,0.011792581533983701,0.08451019950683714,80026400.0,34.88203314272825,-0.2788082089778161,-0.00791041735602449,0
2017-08-09,49.10049819946289,49.10049819946289,49.400001525878906,48.76350021362305,49.130001068115234,71394000,AMZN,-0.00791041735602449,-0.013937287568558276,-0.024341581840872317,49.386199951171875,50.58577480316162,49.88477012634277,0.005783256469734878,0.011523219014502536,0.22974369574204223,79987500.0,31.828417905767708,-0.28291735247813815,-0.02554958858013978,0
2017-08-10,47.84600067138672,47.84600067138672,48.99300003051758,47.73400115966797,48.81499862670898,113682000,AMZN,-0.02554958858013978,-0.030397600202477504,-0.04368250045099453,49.08619995117188,50.47649974822998,49.84707015991211,0.011815350246044385,0.012724025555142977,0.5923186822422053,82790800.0,27.164011016580588,-0.35221798066205107,0.011568388608943936,1
2017-08-11,48.39950180053711,48.39950180053711,48.51950073242188,47.56900024414063,48.0,69360000,AMZN,0.011568388608943936,-0.01983636332875449,-0.033758858097114874,48.89029998779297,50.391949844360354,49.81911018371582,0.014150680924025764,0.01307446948190876,-0.38987702538660474,84156300.0,26.078773288890204,-0.3425614885194793,0.015816260219888134,1
2017-08-14,49.165000915527344,49.165000915527344,49.275001525878906,48.80950164794922,48.920501708984375,63458000,AMZN,0.015816260219888134,-0.009039833595278934,-0.02647415973476741,48.80060043334961,50.32509994506836,49.79568023681641,0.016513648820043983,0.013480014735901812,-0.08509227220299886,83616600.0,32.61631418239652,-0.2696124291688309,-0.0005695083374003262,0
2017-08-15,49.137001037597656,49.137001037597656,49.58700180053711,49.09999847412109,49.44499969482422,50986000,AMZN,-0.0005695083374003262,-0.0071728670911915815,-0.04071450663335441,48.729600524902345,50.220825004577634,49.76708023071289,0.016513868218124384,0.012979916501416326,-0.19653944341139018,82158300.0,26.699486840128728,-0.21084167581347535,-0.0046401008619690876,0
2017-08-16,48.90900039672852,48.90900039672852,49.323001861572266,48.6609992980957,49.08250045776367,62642000,AMZN,-0.0046401008619690876,-0.0039001193420978852,-0.04741589329085483,48.69130096435548,50.09910011291504,49.742260208129885,0.016250696435819945,0.012950596127330188,0.2286117757815871,82326400.0,27.10331263110608,-0.1763215006059785,-0.018002837643680936,0
2017-08-17,48.02849960327149,48.02849960327149,48.891998291015625,48.01599884033203,48.891998291015625,70248000,AMZN,-0.018002837643680936,0.0038142985688229825,-0.06622925399178548,48.72780075073242,49.928775024414065,49.692760162353515,0.013476435799656763,0.013367642691279238,0.12142013345678615,82741300.0,28.72272184070694,-0.20004988560881917,-0.0021861924295710766,0
2017-08-18,47.92350006103516,47.92350006103516,48.27149963378906,47.73249816894531,48.06999969482422,65696000,AMZN,-0.0021861924295710766,-0.009834847917725154,-0.06551816015606449,48.63260040283203,49.76077499389648,49.640960159301756,0.012067789420608805,0.013369884381624246,-0.06479899783623733,83291500.0,36.62743017700972,-0.2090968262424035,-0.005404423101813438,0
2017-08-21,47.66450119018555,47.66450119018555,48.060001373291016,47.27299880981445,47.87850189208984,63290000,AMZN,-0.005404423101813438,-0.030519672478393156,-0.08244857345848888,48.33250045776367,49.5466251373291,49.615940170288084,0.0068952616892728755,0.012814558839230425,-0.036623234291281004,83168000.0,29.832628089759496,-0.21781876981345533,0.014276873008747692,1
2017-08-22,48.345001220703125,48.345001220703125,48.39649963378906,47.775001525878906,47.7760009765625,55000000,AMZN,0.014276873008747692,-0.016118196067532176,-0.07017220522350176,48.17410049438477,49.36420021057129,49.617930221557614,0.011538261292941025,0.013430123591807822,-0.13098435771843897,83470400.0,37.887534689969016,-0.1654267147464909,-0.009204668188810716,0
2017-08-23,47.900001525878906,47.900001525878906,48.09999847412109,47.709999084472656,47.96900177001953,53366000,AMZN,-0.009204668188810716,-0.02063012661606367,-0.09004555316734375,47.97230072021485,49.127200317382815,49.59514022827148,0.01185769878803121,0.012937680891393482,-0.029709090909090907,83217400.0,37.90969750322145,-0.1489257895619484,-0.005793322416450586,0
2017-08-24,47.622501373291016,47.622501373291016,47.95000076293945,47.05699920654297,47.87099838256836,103914000,AMZN,-0.005793322416450586,-0.00845327739434154,-0.08943590692167713,47.89110107421875,48.89332542419434,49.571120223999024,0.009250511457206215,0.012933574956439478,0.9471948431585653,77421400.0,35.89041952204859,-0.14475687355058392,-0.0075489710670970656,0
2017-08-25,47.26300048828125,47.26300048828125,47.88100051879883,47.20500183105469,47.79999923706055,66496000,AMZN,-0.0075489710670970656,-0.0137823734057968,-0.07331082101932496,47.75900115966797,48.70637550354004,49.5522102355957,0.009629562591645891,0.012059167700512383,-0.36008622514771826,73036800.0,31.49067908774076,-0.1534391284227467,0.0008039734902636209,1
2017-08-28,47.30099868774414,47.30099868774414,47.650001525878906,47.11249923706055,47.32699966430664,51934000,AMZN,0.0008039734902636209,-0.007626273083001567,-0.04227664568630807,47.686300659179686,48.601975440979004,49.51052017211914,0.00959950996644547,0.010138048930942079,-0.21899061597690084,68281400.0,32.516738768070496,-0.14400392833707654,0.008498772507952612,1
2017-08-29,47.70299911499024,47.70299911499024,47.79999923706055,46.81650161743164,47.0,57486000,AMZN,0.008498772507952612,-0.013279596431946206,-0.04229117865598453,47.55790023803711,48.496650314331056,49.46941017150879,0.007298443721254285,0.010137205521265269,0.10690491778025946,66583100.0,38.867204831081196,-0.10014968137345925,0.01418154498320856,1
2017-08-30,48.37950134277344,48.37950134277344,48.47050094604492,47.84550094604492,47.922000885009766,58092000,AMZN,0.01418154498320856,0.010010434271812585,-0.028416735684820504,47.65380020141602,48.42590045928955,49.44441017150879,0.009273204027858684,0.010770645988876124,0.010541697108861214,65417700.0,54.681061005684725,-0.019274829719961528,0.013445724293737804,1
2017-08-31,49.02999877929688,49.02999877929688,49.04999923706055,48.63800048828125,48.73500061035156,66630000,AMZN,0.013445724293737804,0.029555301914385712,-0.006403799452648906,47.93529968261719,48.41010036468506,49.422780151367185,0.009207565365360838,0.01109951295072717,0.14697376575087784,65493400.0,55.43954109086367,0.07894859259139364,-0.002396498227640431,0
2017-09-01,48.91249847412109,48.91249847412109,49.22499847412109,48.84400177001953,49.209999084472656,50718000,AMZN,-0.002396498227640431,0.03490040769309233,-0.009447399259402411,48.26519927978516,48.386775207519534,49.39973014831543,0.0074499944837185025,0.011107137485688149,-0.2388113462404322,65299000.0,47.547328933307384,0.13370496728468767,-0.013268556723623814,0
2017-09-05,48.26350021362305,48.26350021362305,48.8385009765625,48.01850128173828,48.77000045776367,57664000,AMZN,-0.013268556723623814,0.020348439833856924,-0.027210305860864037,48.457699584960935,48.319275283813475,49.361260147094725,0.011749470827209478,0.011393190364593,0.13695334989550068,65505600.0,42.42869716970964,0.12412292048688439,0.0026210112293032495,1
2017-09-06,48.38999938964844,48.38999938964844,48.59199905395508,48.02999877929688,48.41600036621094,42598000,AMZN,0.0026210112293032495,0.014401615986494809,-0.02226624863159332,48.59509963989258,48.264175224304196,49.33508010864258,0.011489529227993936,0.011423034601653455,-0.2612721975582686,64732700.0,45.42084548075514,0.12392463771977413,0.0120582747635265,1
2017-09-07,48.9734992980957,48.9734992980957,49.02949905395508,48.62749862670898,48.70000076293945,51336000,AMZN,0.0120582747635265,0.012277885030557378,-0.0025865094250423493,48.71389923095703,48.25782527923584,49.33777008056641,0.010997805415304509,0.011663205819264073,0.20512700126766514,63729800.0,58.79888784069458,0.15850058055307814,-0.013854454733169819,0
2017-09-08,48.29499816894531,48.29499816894531,48.99399948120117,48.17350006103516,48.95500183105469,52106000,AMZN,-0.013854454733169819,-0.014990834767508177,0.009384222113826723,48.566899108886716,48.28027515411377,49.31334007263184,0.010976895730692996,0.010559146271436805,0.014999220819697623,60651000.0,53.12524870800197,0.13216059340724978,0.012485778315173057,1
2017-09-11,48.89799880981445,48.89799880981445,49.09700012207031,48.71099853515625,48.72299957275391,43734000,AMZN,0.012485778315173057,-0.0002964408844153832,0.010299631003057419,48.56399917602539,48.305200004577635,49.31537002563476,0.013001600959742407,0.01061152945721242,-0.16067247533873263,59369700.0,59.80912858035588,0.15050169555426612,0.004724177128713647,1
2017-09-12,49.12900161743164,49.12900161743164,49.23350143432617,48.7760009765625,49.16350173950195,49622000,AMZN,0.004724177128713647,0.017932835372024947,-0.0007322139209873235,48.73709945678711,48.30340003967285,49.32995002746582,0.01069321524941063,0.010047396653451626,0.13463209402295706,58677900.0,56.7146302560708,0.17180351150079592,0.017321701984327253,1
2017-09-13,49.97999954223633,49.97999954223633,50.0,48.97100067138672,49.19850158691406,67494000,AMZN,0.017321701984327253,0.032858032086027,0.017156083742140504,49.05509948730469,48.345549964904784,49.37589004516602,0.01226050038386477,0.010763877829457508,0.3601628310023779,59503300.0,66.6559752496751,0.23301943410908582,-0.007392941375093831,0
2017-09-14,49.61050033569336,49.61050033569336,49.928001403808594,49.387001037597656,49.84000015258789,78266000,AMZN,-0.007392941375093831,0.013007055789914235,0.014342962098480294,49.182499694824216,48.38062496185303,49.396700057983395,0.013129747214613826,0.010855738078537241,0.15959937179601158,60284500.0,65.68812675201568,0.2376233316464981,-0.005462551407736771,0
2017-09-15,49.339500427246094,49.339500427246094,49.8125,49.20149993896485,49.6505012512207,75204000,AMZN,-0.005462551407736771,0.021627545251102553,0.027296310207560737,49.39140014648437,48.446175003051756,49.418350067138675,0.010825637355647308,0.010046471478422773,-0.039122990826157,60532300.0,66.61865346476613,0.21224696816323824,-0.012768695723707313,0
2017-09-18,48.70949935913086,48.70949935913086,49.63949966430664,48.40850067138672,49.52000045776367,68226000,AMZN,-0.012768695723707313,-0.003854952253092181,0.01640112464854715,49.35370025634766,48.48547496795654,49.41378005981446,0.011909376454044062,0.010512878369616762,-0.09278761767991062,60658800.0,60.296809586967484,0.14601545970120594,-0.004444704451118442,0
2017-09-19,48.49300003051758,48.49300003051758,48.9119987487793,48.37300109863281,48.86249923706055,53422000,AMZN,-0.004444704451118442,-0.012945542672872068,0.01738188420405895,49.22649993896484,48.526899909973146,49.387170028686526,0.011563230758441824,0.010484903131264562,-0.21698472723008821,60165400.0,55.93628640846267,0.08370461920912552,0.0034540973363357264,1
2017-09-20,48.66049957275391,48.66049957275391,48.740501403808594,48.108001708984375,48.589500427246094,57776000,AMZN,0.0034540973363357264,-0.02640055985529477,0.0065259767108183375,48.96259994506836,48.54267482757568,49.36625,0.005864114541346073,0.01002828223191735,0.0815020029201452,60304200.0,52.28639856376109,0.051432745754394014,-0.008795663989611957,0
2017-09-21,48.23249816894531,48.23249816894531,48.584999084472656,48.10100173950195,48.56549835205078,46752000,AMZN,-0.008795663989611957,-0.027776421471738533,0.006941474581932283,48.68699951171875,48.55929965972901,49.324389953613284,0.006019399551294759,0.01000811977121145,-0.19080587094987533,59973500.0,43.26719689181908,0.001559755011274852,-0.009899903985017278,0
2017-09-22,47.755001068115234,47.755001068115234,48.28049850463867,47.72100067138672,48.05049896240234,52836000,AMZN,-0.009899903985017278,-0.03211421569756856,0.0027822917949147374,48.37009963989258,48.565924644470215,49.2788599395752,0.006313355933708383,0.01018233874383087,0.13013347022587274,57419600.0,40.787919745901355,-0.05989310522206518,-0.016029796096028393,0
2017-09-25,46.98949813842773,46.98949813842773,47.47100067138672,46.64450073242188,47.46549987792969,102480000,AMZN,-0.016029796096028393,-0.03531141242125513,-0.005786817320693305,48.026099395751956,48.55224952697754,49.216839904785154,0.007226448528388618,0.010685657347440104,0.9395866454689985,59218800.0,40.045306594494036,-0.14362589349466265,-0.0012661942691252204,0
2017-09-26,46.93000030517578,46.93000030517578,47.43149948120117,46.587501525878906,47.27450180053711,71296000,AMZN,-0.0012661942691252204,-0.032231450402288364,-0.007843351998072845,47.71349945068359,48.53369960784912,49.14539993286133,0.007650538043772579,0.010685080421208144,-0.30429352068696336,60186900.0,38.47126566965644,-0.19155094954353252,0.013072633363619968,1
2017-09-27,47.54349899291992,47.54349899291992,47.76499938964844,47.165000915527344,47.400001525878906,62978000,AMZN,0.013072633363619968,-0.022954975588853732,-0.0033436078449876616,47.490099334716795,48.52572460174561,49.071819915771485,0.011177742766153267,0.010930333615176884,-0.11666853680430878,60461500.0,38.76139252650265,-0.17113445302696237,0.005815741536933761,1
2017-09-28,47.81999969482422,47.81999969482422,47.98500061035156,47.505001068115234,47.59299850463867,50452000,AMZN,0.005815741536933761,-0.008552293366108188,-0.011564849418043699,47.40759963989258,48.49774951934815,49.00134994506836,0.011699138072128116,0.0105064539659079,-0.1988948521705992,60079500.0,46.01511286001212,-0.13006943597449971,0.005175687471152379,1
2017-09-29,48.067501068115234,48.067501068115234,48.24150085449219,47.91899871826172,48.00550079345703,50876000,AMZN,0.005175687471152379,0.006543817254956563,-0.019630792069039726,47.47009963989258,48.449624633789064,48.933999938964845,0.010964722802621722,0.010081656373484222,0.008404027590581231,59291800.0,42.590795175015295,-0.07976923717851736,-0.0022468758846300174,0
2017-10-02,47.95949935913086,47.95949935913086,48.365501403808594,47.60599899291992,48.20000076293945,48858000,AMZN,-0.0022468758846300174,0.020642936382201382,-0.01948375455599438,47.664099884033206,48.40197467803955,48.86751991271973,0.006198535642043545,0.010080576133605258,-0.03966506800849123,59198800.0,39.33227645931432,-0.048822990882524564,-0.002178918009798525,0
2017-10-03,47.85499954223633,47.85499954223633,48.18450164794922,47.51850128173828,47.900001525878906,53332000,AMZN,-0.002178918009798525,0.01971019030567822,-0.008463966964240455,47.849099731445314,48.38154964447021,48.78566993713379,0.006406405986595063,0.00966280270140313,0.09157149289778532,58982200.0,27.560720949493003,-0.031294920388044045,0.008724261753839224,1
2017-10-04,48.272499084472656,48.272499084472656,48.38949966430664,47.70249938964844,47.71049880981445,50548000,AMZN,0.008724261753839224,0.01533332857266756,-0.002428193979289839,47.99489974975586,48.375674629211424,48.711249923706056,0.004994078475143962,0.009857007854499094,-0.05220130503262577,59379700.0,36.012952262458825,0.010288154116163573,0.015951120666370278,1
2017-10-05,49.04249954223633,49.04249954223633,49.07550048828125,48.48199844360352,48.5,64584000,AMZN,0.015951120666370278,0.02556461428719814,0.0014089302404272086,48.23939971923828,48.37912464141846,48.639299926757815,0.007711127308830474,0.010143489477360124,0.2776766637651342,60042100.0,47.18855735585656,0.08724092177074222,0.00890045477678969,1
2017-10-06,49.479000091552734,49.479000091552734,49.78749847412109,48.78200149536133,48.78200149536133,75642000,AMZN,0.00890045477678969,0.02936493456227951,0.02451603618382081,48.52169952392578,48.438324737548825,48.58287994384766,0.007899687002063711,0.009762641395633322,0.17121887774061695,61218900.0,57.56117308384309,0.1608467118800315,0.0014248351833214823,1
2017-10-09,49.54949951171875,49.54949951171875,49.92499923706055,49.375,49.6619987487793,58772000,AMZN,0.0014248351833214823,0.03315297644543014,0.013323667997912736,48.83969955444336,48.470899772644046,48.553829956054685,0.007090370510374743,0.009399605262928917,-0.2230242457893763,61970800.0,60.68790341813778,0.20477220495100557,-0.003824436235170703,0
2017-10-10,49.36000061035156,49.36000061035156,49.897499084472656,49.005001068115234,49.83349990844727,61698000,AMZN,-0.003824436235170703,0.03144919198644924,0.004701886570354308,49.140699768066405,48.48244972229004,48.55324996948242,0.0076163314114666815,0.009401535884034884,0.04978561219628386,62574600.0,57.04502948331576,0.21073281315805154,0.007901122058873167,1
2017-10-11,49.75,49.75,49.775001525878906,49.334999084472656,49.5634994506836,46742000,AMZN,0.007901122058873167,0.030607508282134877,-0.004601831619505337,49.43619995117187,48.470949745178224,48.552059936523435,0.007557751823950098,0.008713411043746308,-0.24240656099063174,61537000.0,65.40142413345598,0.2290872265136772,0.005959822304883788,1
2017-10-12,50.04650115966797,50.04650115966797,50.422000885009766,49.619998931884766,49.84049987792969,81346000,AMZN,0.005959822304883788,0.020472072728817015,0.008788478669321531,49.637000274658206,48.492749786376955,48.557099990844726,0.005265482182673925,0.008644107787373574,0.7403191990073168,61691000.0,74.14391421256346,0.24775869341394258,0.0020080964130191337,1
2017-10-13,50.14699935913086,50.14699935913086,50.38850021362305,50.05149841308594,50.34999847412109,48630000,AMZN,0.0020080964130191337,0.013500662227249993,0.016366175678561357,49.770600128173825,48.53312473297119,48.57311996459961,0.004537371745152054,0.008534836012892457,-0.4021832665404568,60362300.0,88.69014787627694,0.25257695098524113,0.0033900729019715747,1
2017-10-16,50.31700134277344,50.31700134277344,50.47850036621094,50.05199813842773,50.422000885009766,40178000,AMZN,0.0033900729019715747,0.015489598050796971,0.03300181699242288,49.92410049438477,48.61349983215332,48.59187995910644,0.0044847719044312315,0.007920864089425083,-0.1738021797244499,58959900.0,90.40801131574683,0.252319599477196,0.0027724160936446474,1
2017-10-17,50.45650100708008,50.45650100708008,50.57350158691406,50.21900177001953,50.27949905395508,46394000,AMZN,0.0027724160936446474,0.022214351360817508,0.04049040016758765,50.14340057373047,48.71167488098145,48.60874000549316,0.00245361403615194,0.0077917153101389695,0.15471153367514567,58608500.0,89.18482332536253,0.2463727711531527,-0.012020305032128253,0
2017-10-18,49.84999847412109,49.84999847412109,51.115501403808594,49.82749938964844,50.4635009765625,49994000,AMZN,-0.012020305032128253,0.00201001958032343,0.02444485592649359,50.16340026855468,48.77114982604981,48.61589996337891,0.00711210314862913,0.00838690997168546,0.07759624089321893,58219400.0,75.08026219297224,0.18900198073786623,-0.010421202279360164,0
2017-10-19,49.33050155639648,49.33050155639648,49.5525016784668,49.012001037597656,49.5,62164000,AMZN,-0.010421202279360164,-0.014306686515150657,0.022764804418903495,50.02020034790039,48.826049995422366,48.620500030517576,0.00767412346952811,0.008496461930436522,0.24342921150538066,58990000.0,64.62144497438605,0.10752884012378205,-0.0037502431042487627,0
2017-10-20,49.14550018310547,49.14550018310547,49.73099899291992,49.09999847412109,49.67649841308594,47302000,AMZN,-0.0037502431042487627,-0.01997126824783857,0.029117350725359703,49.81990051269531,48.895574951171874,48.646490020751955,0.007178059208859847,0.008180529603468427,-0.23907727945434654,58713300.0,63.489545594571254,0.03632141422987556,-0.016898832106748807,0
2017-10-23,48.31499862670898,48.31499862670898,49.3390007019043,48.125,49.33649826049805,69882000,AMZN,-0.016898832106748807,-0.03978779860958448,0.028208441051581712,49.41949996948242,48.961849975585935,48.64479995727539,0.007669736339753664,0.008280064744280509,0.47735825123673425,57083400.0,54.490423042491855,-0.06599594715707924,0.009934793664073238,1
2017-10-24,48.79499816894531,48.79499816894531,48.99250030517578,48.25,48.45000076293945,54478000,AMZN,0.009934793664073238,-0.0329294105808412,0.03973999257706895,49.08719940185547,49.05509986877441,48.63739990234375,0.010387045996201017,0.008465232172159415,-0.22042872270398672,56242500.0,55.03904830157913,-0.09866523159773966,-0.0030637973450112765,0
2017-10-25,48.64550018310547,48.64550018310547,49.22200012207031,48.3120002746582,48.900001525878906,60662000,AMZN,-0.0030637973450112765,-0.024162453919450266,0.023178798648152865,48.846299743652345,49.11019992828369,48.627569885253905,0.0099900230772746,0.008114518307344389,0.11351371195712034,56126700.0,45.650751196272246,-0.12591605644221104,-0.0004934079227257859,0
2017-10-26,48.62149810791016,48.62149810791016,49.14500045776367,48.4275016784668,49.01649856567383,112374000,AMZN,-0.0004934079227257859,-0.01437251651852256,0.016760736474297655,48.704499053955075,49.15027484893799,48.62181983947754,0.009581625820157803,0.008047077034100649,0.8524611783323992,59222800.0,39.67238541897352,-0.14004631851775856,0.13216381132847,1
2017-10-27,55.04750061035156,55.04750061035156,55.27899932861328,52.52750015258789,52.90700149536133,331300000,AMZN,0.13216381132847,0.12009238699894231,0.14521244889234297,49.8848991394043,49.499274826049806,48.76219985961914,0.06103644634723173,0.03047479792336277,1.9481908626550624,73244000.0,76.16350584602962,0.2667312832962432,0.008992214476522209,1
2017-10-30,55.54249954223633,55.54249954223633,56.13949966430664,54.678001403808594,54.7504997253418,132262000,AMZN,0.008992214476522209,0.14959124745854635,0.1581125800818386,51.33039932250976,49.87842483520508,48.91457984924316,0.057669814272492535,0.03039472248005797,-0.6007787503773016,77414200.0,78.58958034993242,0.5368910992846493,-0.005014171230441233,0
2017-10-31,55.26399993896485,55.26399993896485,55.527000427246094,55.055999755859375,55.45000076293945,69540000,AMZN,-0.005014171230441233,0.13257510016952145,0.15482186746631177,52.62419967651367,50.24887485504151,49.06656982421875,0.059302544882944785,0.030450146010608633,-0.47422540109782096,78224600.0,75.76393731079813,0.6566727569746409,-0.0014476301234627176,0
2017-11-01,55.18399810791016,55.18399810791016,55.44850158691406,54.83700180053711,55.27000045776367,75110000,AMZN,-0.0014476301234627176,0.13441115622602862,0.1431767394379766,53.93189926147461,50.594449806213376,49.20334976196289,0.05910508039112228,0.030515816689122177,0.08009778544722468,79452700.0,74.50042751368959,0.6870921199778175,-0.008571317573420112,0
2017-11-02,54.71099853515625,54.71099853515625,55.09700012207031,54.34349822998047,54.89049911499024,73698000,AMZN,-0.008571317573420112,0.12524296173949834,0.11558340308568704,55.14979934692383,50.877874755859374,49.33956970214844,0.06014033681575863,0.030634866871737682,-0.018799094661163585,79908400.0,71.0186820627111,0.6332600749456601,0.015883521031699654,1
2017-11-03,55.58000183105469,55.58000183105469,55.63399887084961,54.42599868774414,54.557498931884766,75030000,AMZN,0.015883521031699654,0.009673485894888811,0.12330487132345147,55.256299591064455,51.182924842834474,49.498719711303714,0.010179339030254825,0.030710598542772336,0.01807376048196696,79877800.0,72.77170787809085,0.6136430044396375,0.008150397626239814,1
2017-11-06,56.03300094604492,56.03300094604492,56.27050018310547,55.4384994506836,55.45750045776367,67622000,AMZN,0.008150397626239814,0.0088311006499735,0.13084897926754602,55.354399871826175,51.50709991455078,49.67411972045898,0.010040136624059214,0.030691842074235514,-0.09873383979741435,80320300.0,73.49086620044223,0.5885525448657116,0.0022397466354273643,1
2017-11-07,56.15850067138672,56.15850067138672,56.52999877929688,55.875,56.23699951171875,53780000,AMZN,0.0022397466354273643,0.016185957104259296,0.13773298170521908,55.53330001831055,51.84702491760254,49.851269760131835,0.009306605663608835,0.03061347324357801,-0.2046966963414274,79924400.0,77.6967992529045,0.5391050781613145,0.008645179801616942,1
2017-11-08,56.64400100708008,56.64400100708008,56.777000427246094,55.95550155639648,56.14099884033203,51630000,AMZN,0.008645179801616942,0.02645699748530239,0.13857288456442363,55.82530059814453,52.191724967956546,50.03008979797363,0.00912551182493305,0.03061522416291099,-0.0399776868724433,80168800.0,82.20526951644142,0.498728897576576,-0.003310147529595686,0
2017-11-09,56.45650100708008,56.45650100708008,56.48099899291992,55.78850173950195,56.29800033569336,74654000,AMZN,-0.003310147529595686,0.03190405071481561,0.1280808787603691,56.174401092529294,52.512224960327146,50.191629791259764,0.007238887085303869,0.03070062511526318,0.44594228161921357,79834200.0,82.18718373919403,0.42206899628384886,-0.0033476955293720856,0
2017-11-10,56.26750183105469,56.26750183105469,56.587501525878906,56.20299911499024,56.30500030517578,43598000,AMZN,-0.0033476955293720856,0.012369556987237518,0.12205122041483407,56.3119010925293,52.81825008392334,50.336379852294925,0.005867459311355311,0.03076478737386951,-0.41599914271171,79582600.0,87.10746331886207,0.3256281459541648,0.0033944652095283523,1
2017-11-13,56.45849990844727,56.45849990844727,56.994998931884766,56.117000579833984,56.150001525878906,58368000,AMZN,0.0033944652095283523,0.0075937207577383425,0.12205613215772204,56.39700088500977,53.12532501220703,50.487299880981446,0.005045407176391248,0.03076476633765739,0.3387770081196386,80492100.0,86.75010838764918,0.24535293328185803,0.0067925847503862435,1
2017-11-14,56.84199905395508,56.84199905395508,56.900001525878906,56.19449996948242,56.50550079345703,62768000,AMZN,0.0067925847503862435,0.012170880176589405,0.12655451566050901,56.53370056152344,53.44459991455078,50.65886985778808,0.005588419704185723,0.030754380136956066,0.07538377192982448,81310800.0,88.44330128208574,0.1911439478943011,-0.00892825205430392,0
2017-11-15,56.33449935913086,56.33449935913086,56.587501525878906,56.08150100708008,56.35049819946289,78574000,AMZN,-0.00892825205430392,-0.005463979281946085,0.13008026245730187,56.47180023193359,53.76882495880127,50.817759857177734,0.006198981583827617,0.0306645857855561,0.25181621208258975,82739800.0,84.60606853104386,0.09881737319626938,0.009408067619774974,1
2017-11-16,56.86449813842773,56.86449813842773,56.90800094604492,56.50249862670898,56.507999420166016,44266000,AMZN,0.009408067619774974,0.007226751996133762,0.15272491347808614,56.553399658203126,54.14552478790283,50.975579833984376,0.007522965475871112,0.03040654843275154,-0.43663298292055897,81844900.0,67.31134211557341,0.05342484763753541,-0.006515465173448587,0
2017-11-17,56.49399948120117,56.49399948120117,56.93999862670898,56.29050064086914,56.91400146484375,48268000,AMZN,-0.006515465173448587,0.004025372422371776,0.1495253740569693,56.59869918823242,54.512949752807614,51.13955986022949,0.008137743609000816,0.030466810264419508,0.09040798807210959,81893200.0,59.28564940354139,-0.01776018269415669,-0.0031596475871705776,0
2017-11-20,56.31549835205078,56.31549835205078,56.67100143432617,56.12749862670898,56.48849868774414,43278000,AMZN,-0.0031596475871705776,-0.0025328614226092228,0.16559039537919085,56.570098876953125,54.912974739074706,51.28790985107422,0.008149304917563811,0.030042005116519683,-0.10338112206845118,80563000.0,60.46579794666175,-0.08908650566654841,0.01170193669616193,1
2017-11-21,56.9744987487793,56.9744987487793,57.0,56.40999984741211,56.64300155639648,49588000,AMZN,0.01170193669616193,0.0023310175051804993,0.16762989828411712,56.59659881591797,55.3219497680664,51.44481979370117,0.009438468553059264,0.030050321218782903,0.14580156199454697,80318500.0,65.97948743787705,-0.10311190742537946,0.014629350441896172,1
2017-11-22,57.80799865722656,57.80799865722656,58.01350021362305,57.04999923706055,57.04999923706055,71106000,AMZN,0.014629350441896172,0.02615625087394835,0.18835243629179943,56.89129867553711,55.78007469177246,51.601379776000975,0.009434387503366651,0.029962321883006904,0.4339356295878034,80840700.0,75.96848443285548,-0.06911580306517084,0.025809587159050906,1
2017-11-24,59.29999923706055,59.29999923706055,59.34199905395508,58.03499984741211,58.03499984741211,70560000,AMZN,0.025809587159050906,0.04282990579999435,0.2196250947564513,57.37839889526367,56.31399974822998,51.79516975402832,0.013312160651451107,0.030097846568132584,-0.007678676904902537,78750000.0,78.2417278171354,0.03537862239896494,0.008288378765863635,1
2017-11-27,59.791500091552734,59.791500091552734,60.670501708984375,59.557498931884766,60.132999420166016,134880000,AMZN,0.008288378765863635,0.05836904167935275,0.08618010679142585,58.037899017333984,56.551199722290036,52.004209747314455,0.010485788707629139,0.009223868113686964,0.91156462585034,68929000.0,78.36818744054384,0.11465206914158355,-0.0018648099848008748,0
2017-11-28,59.68000030517578,59.68000030517578,60.266998291015625,59.42599868774414,60.24399948120117,91188000,AMZN,-0.0018648099848008748,0.05974380146815261,0.07449252008893059,58.71079940795899,56.75807476043701,52.22361976623535,0.010041214398019676,0.009245335419174276,-0.32393238434163696,66875300.0,76.6356666447382,0.1352184425235854,-0.027086140184754415,0
2017-11-29,58.0634994506836,58.0634994506836,59.7400016784668,57.259498596191406,59.7400016784668,185150000,AMZN,-0.027086140184754415,0.019113826814099566,0.050656838354274036,58.92859954833985,56.89804973602295,52.415029754638674,0.020048475507085765,0.011399112598542068,1.0304206693863227,72655800.0,59.16811332683226,0.02155639399855236,0.013330269145295004,1
2017-11-30,58.837501525878906,58.837501525878906,58.92850112915039,58.0,58.35499954223633,90184000,AMZN,0.013330269145295004,0.01780900381548922,0.06620584849297173,59.134500122070314,57.08072490692139,52.61856979370117,0.01988330067104471,0.011604433985828748,-0.5129138536321901,73409500.0,64.29515352921376,-0.01777189560023018,-0.012237114119919568,0
2017-12-01,58.11750030517578,58.11750030517578,58.98249816894531,57.59999847412109,58.602500915527344,82142000,AMZN,-0.012237114119919568,-0.019940960322065937,0.06226356420511281,58.89800033569336,57.25104999542236,52.81626983642578,0.016253340848471454,0.01182817722599406,-0.08917324580856911,73831700.0,60.44134909104378,-0.10375086559573399,-0.02443329420890661,0
2017-12-04,56.6974983215332,56.6974983215332,58.7599983215332,56.400001525878906,58.692501068115234,118638000,AMZN,-0.02443329420890661,-0.051746515228452195,0.020106089486563006,58.27919998168945,57.30692481994629,52.99511978149414,0.016693515242527712,0.012918555881976731,0.44430376664799986,76012100.0,51.18456727333228,-0.25889836276140743,0.00671988235950316,1
2017-12-05,57.07849884033203,57.07849884033203,57.9635009765625,56.23699951171875,56.41299819946289,81596000,AMZN,0.00671988235950316,-0.043590842016435705,0.018658609687777217,57.7588996887207,57.35919971466065,53.196899795532225,0.01817412229314529,0.012881228325392175,-0.31222711104367906,76710800.0,51.17247352823812,-0.33374041059572646,0.009443161186693416,1
2017-12-06,57.61750030517578,57.61750030517578,57.79449844360352,56.80400085449219,56.89950180053711,57066000,AMZN,0.009443161186693416,-0.00768123088906536,0.025980031809012205,57.66969985961914,57.432149696350095,53.41064979553223,0.016189941901801872,0.013017589272427474,-0.300627481739301,76875100.0,56.34081202422372,-0.3434813015840772,0.00645633412212665,1
2017-12-07,57.98949813842773,57.98949813842773,58.15950012207031,57.54999923706055,57.829498291015625,50232000,AMZN,0.00645633412212665,-0.014412634212181752,0.023753568028845207,57.500099182128906,57.49942455291748,53.61956977844238,0.014859852773315281,0.012962236200515585,-0.11975607191672799,76805200.0,55.64815332628031,-0.3217823333305203,0.0019055232281814938,1
2017-12-08,58.09999847412109,58.09999847412109,58.63949966430664,57.85499954223633,58.52000045776367,61002000,AMZN,0.0019055232281814938,-0.0003011456267525414,0.029110863013542154,57.49659881591797,57.581599426269534,53.82516975402832,0.013934037181799327,0.012917957075948776,0.214405160057334,76122600.0,58.27919121727627,-0.2974697185279489,0.00595526128181989,1
2017-12-11,58.44599914550781,58.44599914550781,58.494998931884766,57.84999847412109,58.22999954223633,47270000,AMZN,0.00595526128181989,0.030839117698964635,0.038716794660515585,57.84629898071289,57.69052429199219,54.03273971557617,0.00270658737363435,0.01290111158420549,-0.22510737352873678,76306200.0,60.796629815584794,-0.2570863532331482,-0.0032850414208537293,0
2017-12-12,58.25400161743164,58.25400161743164,58.68000030517578,58.08050155639648,58.32550048828125,44718000,AMZN,-0.0032850414208537293,0.02059449356556997,0.03180215046265733,58.081399536132814,57.78029937744141,54.238629760742185,0.004921842105561237,0.012948949993990192,-0.053987730061349715,75623700.0,56.80622429002317,-0.2424949520366848,-0.0008154051057901457,0
2017-12-13,58.20650100708008,58.20650100708008,58.54349899291992,58.01350021362305,58.5,52336000,AMZN,-0.0008154051057901457,0.010222600751240707,0.024005171806674053,58.19919967651367,57.848524475097655,54.44565979003906,0.004223763453530038,0.012901480863989172,0.17035645601323846,75102100.0,52.313241177176586,-0.235060208860135,0.008701781336744707,1
2017-12-14,58.7130012512207,58.7130012512207,58.89649963378906,58.122501373291016,58.18550109863281,64286000,AMZN,0.008701781336744707,0.012476450668117423,0.042221053158331356,58.34390029907227,57.96744956970215,54.65446983337402,0.004878848562263136,0.01276990412134473,0.22833231427697953,74387700.0,46.152349727650424,-0.1966100717551469,0.004155799839922203,1
2017-12-15,58.95700073242188,58.95700073242188,59.13750076293945,58.46649932861328,58.95149993896485,95572000,AMZN,0.004155799839922203,0.0147504695491949,0.03679804909031792,58.51530075073242,58.07207469940185,54.85275985717774,0.004914831418496923,0.012666320983955775,0.4866689481380082,76953000.0,44.3465968559327,-0.15703977764421317,0.009701962262080421,1
2017-12-18,59.52899932861328,59.52899932861328,59.73899841308594,59.045501708984375,59.368499755859375,58952000,AMZN,0.009701962262080421,0.018529928462839962,0.053722516997969594,58.73190078735352,58.223824691772464,55.05375984191895,0.005710264296379891,0.012619250812574707,-0.38316661783786043,77487200.0,49.0371068056388,-0.09755166835504259,-0.0026877630938977326,0
2017-12-19,59.36899948120117,59.36899948120117,59.64849853515625,58.95700073242188,59.45750045776367,51756000,AMZN,-0.0026877630938977326,0.01914027934238738,0.054221328382139555,58.95490036010742,58.37649974822998,55.25014984130859,0.005531265925670984,0.012608162765205246,-0.12206540914642416,77911100.0,60.2239763297063,-0.07519001397680891,-0.008219760593352499,0
2017-12-20,58.88100051879883,58.88100051879883,59.54999923706055,58.79999923706055,59.525001525878906,47424000,AMZN,-0.008219760593352499,0.011588044291422017,0.03346237021629572,59.08980026245117,58.47182483673096,55.44056983947754,0.007660847934138056,0.012648046390077801,-0.08370044052863435,77802900.0,50.35663686092007,-0.09803150115290626,-0.00242865364271172,0
2017-12-21,58.73799896240234,58.73799896240234,58.95849990844727,58.38199996948242,58.79499816894531,42462000,AMZN,-0.00242865364271172,0.00042576108611225294,0.016087744374099877,59.0947998046875,58.518324851989746,55.62032981872559,0.0069287666125844175,0.012302365253098217,-0.10463056680161942,76370700.0,55.61893234067594,-0.1257676911280241,-0.005447916178231371,0
2017-12-22,58.417999267578125,58.417999267578125,58.73099899291992,58.39149856567383,58.604000091552734,31702000,AMZN,-0.005447916178231371,-0.00914228095302938,-0.014873524128668159,58.98699951171875,58.47422485351562,55.78775978088379,0.006855613284067964,0.010869387806030655,-0.25340304272055014,74427800.0,69.45608932686493,-0.1661267667673132,0.007189598906302885,1
2017-12-26,58.8380012512207,58.8380012512207,58.91600036621094,58.02750015258789,58.417999267578125,40104000,AMZN,0.007189598906302885,-0.011607755634831296,-0.015947063359708857,58.84879989624024,58.42654991149902,55.96157981872559,0.005813143626324448,0.01082428905634864,0.2650305974386473,69689000.0,69.72315749773581,-0.16467811831337842,0.004673811233108838,1
2017-12-27,59.11299896240234,59.11299896240234,59.36449813842773,58.78049850463867,58.99549865722656,37344000,AMZN,0.004673811233108838,-0.0043120234640284805,-0.009500692692259727,58.79759979248047,58.39819984436035,56.137499771118165,0.00657825840323392,0.010887321429831889,-0.06882106523040099,66996800.0,67.81842510494629,-0.14597963806320668,0.0032480392831288896,1
2017-12-28,59.30500030517578,59.30500030517578,59.505001068115234,59.21900177001953,59.45000076293945,36834000,AMZN,0.0032480392831288896,0.007200960966034842,0.02138177798853902,58.88239974975586,58.460274887084964,56.314469757080076,0.0052247979791655835,0.008910456059044645,-0.013656812339331581,59581000.0,66.37623100367466,-0.12241341987379184,-0.01402075715034623,0
2017-12-29,58.4734992980957,58.4734992980957,59.20000076293945,58.375,59.11750030517578,53768000,AMZN,-0.01402075715034623,-0.004503041795413165,-0.006186568401839843,58.82949981689453,58.4420747756958,56.48693977355957,0.008754269598052615,0.009032051412697594,0.45973828527990435,57760200.0,53.94196183772222,-0.16207010188059412,0.016708444028718628,1
2018-01-02,59.45050048828125,59.45050048828125,59.5,58.5255012512207,58.59999847412109,53890000,AMZN,0.016708444028718628,0.017674368065462964,0.02293629588516133,59.03600006103515,58.508724784851076,56.68933975219726,0.011140876147986678,0.009327987425736895,0.002269007588156624,56347600.0,59.355512605519706,-0.12349102831470271,0.012775310383486449,1
2018-01-03,60.209999084472656,60.209999084472656,60.27450180053711,59.415000915527344,59.415000915527344,62176000,AMZN,0.012775310383486449,0.02331822638559622,0.0619516004572187,59.31039962768555,58.684349822998044,56.910629730224606,0.01185312551429754,0.007478727474688789,0.15375765448135081,53524500.0,66.47571761733116,-0.05149672400932537,0.004476012896857506,1
2018-01-04,60.47949981689453,60.47949981689453,60.79349899291992,60.233001708984375,60.25,60442000,AMZN,0.004476012896857506,0.02311675737110419,0.059584625483516174,59.583699798583986,58.854399871826175,57.15391975402832,0.011853468760220573,0.007437278030074608,-0.027888574369531627,52466800.0,68.45565492543749,0.006514391675659814,0.016162516530176196,1
2018-01-05,61.45700073242188,61.45700073242188,61.45700073242188,60.5,60.8754997253418,70894000,AMZN,0.016162516530176196,0.036286997996327175,0.06663774733214511,60.0140998840332,59.04637489318848,57.40715980529785,0.012840948899044823,0.00788551802914675,0.17292611098242938,53158200.0,70.69692873498136,0.09788814714163563,0.014424678832250848,1
2018-01-08,62.34349822998047,62.34349822998047,62.65399932861328,61.60150146484375,61.79999923706055,85590000,AMZN,0.014424678832250848,0.06618380938954349,0.07508256203837527,60.788099670410155,59.264074897766115,57.681119766235355,0.004961138243562469,0.008248448691559166,0.20729539876435243,54926100.0,73.28610099780711,0.19935226320884314,0.0046757095740346255,1
2018-01-09,62.6349983215332,62.6349983215332,62.96649932861328,62.0880012512207,62.845001220703125,73226000,AMZN,0.0046757095740346255,0.053565534471483156,0.07805507687632907,61.42499923706055,59.49082489013672,57.961389770507814,0.005541998146617208,0.008240715183347808,-0.14445612805234254,55537300.0,72.21426470644406,0.26339619663084957,0.0013012055442500614,1
2018-01-10,62.71649932861328,62.71649932861328,62.71649932861328,61.86149978637695,62.25749969482422,53720000,AMZN,0.0013012055442500614,0.04162930214670957,0.0730674510751983,61.926299285888675,59.70434989929199,58.114769744873044,0.006633815681312909,0.008242278438967701,-0.2663807937071532,55859800.0,74.21337243408233,0.286626611516106,0.01781828254348916,1
2018-01-11,63.83399963378906,63.83399963378906,63.8385009765625,62.823001861572266,62.98699951171875,62500000,AMZN,0.01781828254348916,0.05546507208311069,0.09578737702866569,62.597199249267575,59.98334980010986,58.2805997467041,0.0073968904696973614,0.008659510769506022,0.16344005956813112,56748900.0,82.83609606234614,0.3485199018320093,0.022339231610462695,1
2018-01-12,65.26000213623047,65.26000213623047,65.28800201416016,63.66949844360352,63.66949844360352,108874000,AMZN,0.022339231610462695,0.061880686634326665,0.12118064145948959,63.3577995300293,60.336024856567384,58.48051979064942,0.008869584293612755,0.009409940249396436,0.741984,59575800.0,86.95184017442566,0.45029532704880615,-0.0002605871874575838,0
2018-01-16,65.24299621582031,65.24299621582031,66.99700164794922,64.61499786376953,66.1500015258789,144414000,AMZN,-0.0002605871874575838,0.04650842618974971,0.1112188923311741,63.93769912719726,60.66252460479736,58.68169975280762,0.010238089247914379,0.009476511676458228,0.32643238973492283,63582200.0,90.04334837067601,0.478617125259029,-0.00755630863716783,0
2018-01-17,64.75,64.75,65.69999694824219,64.04399871826172,65.61199951171875,105076000,AMZN,-0.00755630863716783,0.03376709084607232,0.09825803883528295,64.36069946289062,60.95217456817627,58.88247978210449,0.012738100729780686,0.009905031558626319,-0.2723974129932001,64057400.0,84.39206099606369,0.4279474837373196,-0.0012972916415299185,0
2018-01-18,64.66600036621094,64.66600036621094,65.2300033569336,64.20099639892578,64.69750213623047,80538000,AMZN,-0.0012972916415299185,0.031084340779017783,0.08629409356001894,64.75059967041015,61.209024620056155,59.06419975280762,0.013063723692749796,0.009920585594801794,-0.23352620960066994,65136700.0,83.03782012291995,0.35554955194064575,0.0009741736041779525,1
2018-01-19,64.72899627685547,64.72899627685547,65.6500015258789,64.64949798583984,65.5999984741211,91570000,AMZN,0.0009741736041779525,0.014020688789687874,0.09028275434137156,64.92959899902344,61.477024459838866,59.23811965942383,0.011385466588251746,0.0098201799513616,0.13697881745263096,67127400.0,82.77338351368819,0.2818985108514409,0.025282411609683475,1
2018-01-22,66.3655014038086,66.3655014038086,66.37249755859375,64.83300018310547,64.8584976196289,82802000,AMZN,0.025282411609683475,0.0169399207997325,0.12711232518238558,65.15069885253907,61.85124950408935,59.44225967407227,0.012651340466626628,0.010398722349153414,-0.09575188380473953,68896300.0,93.4581343537222,0.31109813286285526,0.02654236704761037,1
2018-01-23,68.12699890136719,68.12699890136719,68.24500274658203,66.86699676513672,66.90450286865234,103386000,AMZN,0.02654236704761037,0.04420401963157472,0.15984541701828592,65.72749938964844,62.320699501037595,59.671919631958005,0.015946696939711024,0.011146178966904043,0.24859302915388515,71942500.0,93.9783906694716,0.41049953103494863,-0.0036915667119321594,0
2018-01-24,67.87550354003906,67.87550354003906,69.40799713134766,66.9000015258789,68.74099731445312,136150000,AMZN,-0.0036915667119321594,0.048270324942688125,0.1618936696058646,66.35260009765625,62.79357471466064,59.90029968261719,0.015023283712257309,0.011045255305957617,0.3169094461532509,77164900.0,90.96353073081235,0.4192911439224114,0.015056912893923968,1
2018-01-25,68.89749908447266,68.89749908447266,68.91699981689453,67.88099670410156,68.4000015258789,95060000,AMZN,0.015056912893923968,0.06543622141926608,0.1709694010559757,67.19889984130859,63.29654960632324,60.15289962768555,0.0137983101432576,0.011169702158465543,-0.30179948586118255,79912700.0,91.63618881725819,0.4511449930895739,0.017489776074125496,1
2018-01-26,70.10250091552734,70.10250091552734,70.12650299072266,69.04550170898438,69.60050201416016,97146000,AMZN,0.017489776074125496,0.08301541732067963,0.18590668966253365,68.27360076904297,63.846024703979495,60.42577964782715,0.012125168667062772,0.01133632590081068,0.021944035346097124,82902800.0,91.82027199084752,0.5064347567373626,0.011147987016343786,1
2018-01-29,70.88400268554688,70.88400268554688,71.56950378417969,70.02200317382812,70.45899963378906,114038000,AMZN,0.011147987016343786,0.06808509219639491,0.19524495946019838,69.17730102539062,64.42497482299805,60.70661972045898,0.011060575675349415,0.011276681455489395,0.17388260968027502,86763000.0,91.73633155191068,0.5453342650063457,0.014206254114237371,1
2018-01-30,71.89099884033203,71.89099884033203,71.9625015258789,69.5999984741211,70.15850067138672,117438000,AMZN,0.014206254114237371,0.05524975413072708,0.22946291402596608,69.93010101318359,65.09584980010986,61.01774971008301,0.008434969065200405,0.009927196100262494,0.029814623195776768,89946500.0,92.27644528727677,0.5850690999740884,0.009090198056924459,1
2018-01-31,72.54450225830078,72.54450225830078,73.62899780273438,72.50199890136719,72.56500244140625,128494000,AMZN,0.009090198056924459,0.0687876844332731,0.2202504884311376,70.86390075683593,65.75054988861083,61.33134979248047,0.003307854814545331,0.009819129832596921,0.0941432926310053,93676700.0,92.65997623554627,0.5993519643596157,-0.04196737400527717,0
2018-02-01,69.5,69.5,72.99400329589844,69.25700378417969,72.25,182276000,AMZN,-0.04196737400527717,0.008744888037062637,0.154293324311362,70.98440093994141,66.21504993438721,61.591469802856444,0.024779084599138093,0.01518343768193364,0.41855650847510395,99681700.0,71.06946573808126,0.3595691679112538,0.02874097206609716,1
2018-02-02,71.49749755859375,71.49749755859375,74.9000015258789,70.69999694824219,73.86949920654297,222514000,AMZN,0.02874097206609716,0.01989938482718845,0.1821773952340362,71.26340026855469,66.76594982147216,61.895109786987305,0.026953617134151498,0.0158976646474275,0.2207531435844543,107785300.0,72.24896737116019,0.2940618661503378,-0.027938006598856924,0
2018-02-05,69.5,69.5,72.9489974975586,66.03600311279297,70.13099670410156,229900000,AMZN,-0.027938006598856924,-0.01952489466045726,0.13087197832182862,70.98659973144531,67.16809978485108,62.14561981201172,0.029951764358078555,0.017734689880209733,0.03319341704342205,115735600.0,63.30481170191255,0.08559958736870588,0.03801436389950541,1
2018-02-06,72.14199829101562,72.14199829101562,72.19950103759766,67.5895004272461,68.072998046875,221336000,AMZN,0.03801436389950541,0.0034913891131358454,0.1571695580008876,71.03679962158203,67.65802478790283,62.4322998046875,0.03495891391259208,0.01903865593608977,-0.03725097868638538,122522900.0,70.36701166503123,0.0943505232491022,-0.018061620618718965,0
2018-02-07,70.83899688720703,70.83899688720703,73.04949951171875,70.75749969482422,72.44999694824219,143254000,AMZN,-0.018061620618718965,-0.02350978114125246,0.13098106147555177,70.69569854736328,68.06822471618652,62.66307975769043,0.035528732113538034,0.019876510014947304,-0.3527758701702389,126024300.0,65.93772541807851,-0.013187952771388733,-0.046782076355553315,0
2018-02-08,67.5250015258789,67.5250015258789,71.6875,67.49700164794922,71.48400115966797,171572000,AMZN,-0.046782076355553315,-0.02841724423195824,0.07667044954264268,70.30069885253906,68.3086498260498,62.81774978637695,0.036847584710700196,0.023157898531875953,0.19767685370042032,131916900.0,56.181205712755194,-0.31628391296749214,-0.008071057484337008,0
2018-02-09,66.9800033569336,66.9800033569336,69.17500305175781,63.29650115966797,68.67449951171875,282830000,AMZN,-0.008071057484337008,-0.0631839484725738,0.04928413919216901,69.39720001220704,68.46595001220703,62.96374984741211,0.03168524112403242,0.023065723154077043,0.6484624530809222,142933400.0,51.427382550716175,-0.5486309176401734,0.0348088545167482,1
2018-02-12,69.3115005493164,69.3115005493164,69.69049835205078,67.20050048828125,68.2334976196289,134778000,AMZN,0.0348088545167482,-0.0027122223119941946,0.06208241312386753,69.35950012207032,68.66852493286133,63.188709869384766,0.03618243122051635,0.023782958243059624,-0.5234663932397554,144228600.0,52.680415966443135,-0.5396321789254035,0.020400675986486094,1
2018-02-13,70.72550201416016,70.72550201416016,70.98600006103516,69.17649841308594,69.29650115966797,118358000,AMZN,0.020400675986486094,-0.019634835607705625,0.0840320971802706,69.07620086669922,68.94265022277833,63.42646987915039,0.03219113122755462,0.024067804547627244,-0.12182997225066405,142925800.0,56.12692395630465,-0.437156835654652,0.025832207585371192,1
2018-02-14,72.55249786376953,72.55249786376953,72.60299682617188,70.16799926757812,70.3125,119184000,AMZN,0.025832207585371192,0.024188667991598134,0.1205018975099541,69.41890106201171,69.3327751159668,63.71516983032227,0.03321025037831158,0.02435693826478292,0.00697882694874874,143631200.0,57.59464854609281,-0.25411138875595407,0.007380856462852581,1
2018-02-15,73.08799743652344,73.08799743652344,73.4469985961914,71.84200286865234,73.34449768066406,113054000,AMZN,0.007380856462852581,0.08238423968805852,0.13023841002408942,70.53150024414063,69.75387496948242,64.04297981262206,0.01675926602985919,0.02429753257206414,-0.051433078265539,145257000.0,56.38104239374007,-0.11200281056192907,-0.008941218962002284,0
2018-02-16,72.43450164794922,72.43450164794922,73.29000091552734,72.3280029296875,72.86849975585938,89452000,AMZN,-0.008941218962002284,0.0814347270475464,0.11904255919767648,71.62239990234374,70.1391502380371,64.35009986877441,0.01707418744582538,0.02451474507724084,-0.2087674916411626,145151100.0,53.33218777269236,-0.07862586427419016,0.013570904563712238,1
2018-02-20,73.4175033569336,73.4175033569336,74.4384994506836,72.32450103759766,72.32450103759766,129984000,AMZN,0.013570904563712238,0.05923984872749499,0.10626005686623641,72.44360046386718,70.49175033569335,64.66609992980958,0.013450121679703886,0.024165462762340526,0.4531145195188482,147510200.0,53.28400805171374,-0.010532821674033244,0.009922706887337096,1
2018-02-21,74.14600372314453,74.14600372314453,75.17449951171875,73.94599914550781,74.25,126088000,AMZN,0.009922706887337096,0.048363060163214566,0.08834977202638172,73.12770080566406,70.79270057678222,64.9892300415039,0.012530434772904227,0.02367890608727841,-0.02997291974396854,148645300.0,53.43426900225056,0.05953237301757763,0.001631842065593636,1
2018-02-22,74.26699829101562,74.26699829101562,75.12699890136719,73.78800201416016,74.76799774169922,97162000,AMZN,0.001631842065593636,0.02363117022470229,0.09416496994687162,73.47060089111328,71.11227531433106,65.3125700378418,0.008784250208407004,0.023611680036561427,-0.2294112048727872,146695900.0,61.687844282791886,0.08825545402420598,0.009869817359685173,1
2018-02-23,75.0,75.0,75.0,74.32499694824219,74.76699829101562,88362000,AMZN,0.009869817359685173,0.02616028117526592,0.08857362018388071,73.85300140380859,71.41740036010742,65.64365005493164,0.009040028182831832,0.023521131128203875,-0.09057038760009062,146361000.0,59.15520371664418,0.12841610168752515,0.014633382161458375,1
2018-02-26,76.09750366210938,76.09750366210938,76.14199829101562,75.3499984741211,75.45999908447266,99100000,AMZN,0.014633382161458375,0.050569851808511146,0.08551767295443469,74.58560180664062,71.71715049743652,66.0005200958252,0.005104924066630985,0.023446771332931896,0.12152282655440128,146458700.0,68.09668665067277,0.19660928386969445,-0.006550867172796515,0
2018-02-27,75.5989990234375,75.5989990234375,76.33899688720703,75.3604965209961,76.2249984741211,96176000,AMZN,-0.006550867172796515,0.029713563751931682,0.06651707238948013,75.0219009399414,71.95290031433106,66.34837005615235,0.008388307942993776,0.02351157732292382,-0.029505549949545906,145565600.0,60.74604466553969,0.17649628279658902,0.0003108313001467522,1
2018-02-28,75.62249755859375,75.62249755859375,76.43499755859375,75.5999984741211,75.97550201416016,90300000,AMZN,0.0003108313001467522,0.0199133299343055,0.05190495025043784,75.31719970703125,72.13947525024415,66.6865599822998,0.008337570135596136,0.023383184697156913,-0.06109632340708704,144208700.0,66.15448434363864,0.1349997859146561,-0.012562358807392093,0
2018-03-01,74.67250061035156,74.67250061035156,75.92449951171875,73.25,75.68000030517578,136704000,AMZN,-0.012562358807392093,0.0054600607088894915,0.02933369567377908,75.39830017089844,72.24587516784668,67.0008699798584,0.011245806647902222,0.023576817915010918,0.5138870431893687,144619200.0,78.72444934204353,0.019841943755862346,0.004553166629101657,1
2018-03-02,75.01249694824219,75.01249694824219,75.05249786376953,72.75050354003906,73.45500183105469,131752000,AMZN,0.004553166629101657,0.00016662597656247335,0.07931650285240566,75.40079956054687,72.5215000152588,67.31053993225098,0.010436247177242033,0.02121745037556781,-0.03622425093632964,142093000.0,82.82189042566657,-0.05316950413174615,0.01557072907976953,1
2018-03-05,76.18049621582031,76.18049621582031,76.26899719238281,74.05000305175781,74.71199798583984,104678000,AMZN,0.01557072907976953,0.0010906080977299837,0.06549877711997887,75.41739807128906,72.75564994812012,67.64676986694336,0.010766301512735789,0.020605980864100745,-0.20549213674175726,136201200.0,81.01689519960257,-0.04297463119570599,0.00920849302913429,1
2018-03-06,76.88200378417969,76.88200378417969,77.10649871826172,76.4000015258789,76.66000366210938,91234000,AMZN,0.00920849302913429,0.016971187149507516,0.106215881786758,75.6739990234375,73.1247501373291,68.00678993225098,0.010577494801717968,0.01926506065989832,-0.1284319532279944,129267900.0,79.71142240887323,-0.010834542984345052,0.004786506564700588,1
2018-03-07,77.25,77.25,77.29499816894531,76.12550354003906,76.32599639892578,83482000,AMZN,0.004786506564700588,0.021521405586283793,0.07080482700768931,75.99949951171875,73.38015022277833,68.37702995300293,0.01043745568925193,0.017655102579822547,-0.08496832321283732,122375200.0,76.38602358543528,0.012116323218432257,0.0044401594736043215,1
2018-03-08,77.59300231933594,77.59300231933594,77.74400329589844,77.26249694824219,77.5,77252000,AMZN,0.0044401594736043215,0.039110806322448566,0.09534304167071883,76.58359985351562,73.71785049438476,68.76053001403808,0.004828063651507368,0.016904705734375712,-0.07462686567164178,119075100.0,75.86407780598613,0.026481773125371255,0.01741782666536884,1
2018-03-09,78.94450378417969,78.94450378417969,78.9469985961914,77.9540023803711,78.17500305175781,90686000,AMZN,0.01741782666536884,0.05241802360812686,0.1691151721621844,77.37000122070313,74.2888256072998,69.16266006469726,0.006007715995033698,0.01199733078415895,0.1738984103971417,115030800.0,84.60188403034887,0.09901269191407414,0.012350428812454961,1
2018-03-12,79.91950225830078,79.91950225830078,80.2665023803711,79.33499908447266,79.62999725341797,103484000,AMZN,0.012350428812454961,0.04908088327342752,0.19318450661181896,78.11780242919922,74.93580055236816,69.57879013061523,0.00544568517140955,0.011420726413658277,0.1411243190790199,106063500.0,84.58877255983623,0.1799451978895643,-0.006387748444923624,0
2018-03-13,79.40899658203125,79.40899658203125,80.87699890136719,78.90049743652344,80.7979965209961,130638000,AMZN,-0.006387748444923624,0.0328684565109052,0.1456828369417611,78.62320098876953,75.4406753540039,69.98087005615234,0.009037383773773226,0.010152601699952487,0.26239805187275334,105856500.0,78.66239312332917,0.16668950427553986,0.001775698923243585,1
2018-03-14,79.55000305175781,79.55000305175781,80.3219985961914,79.54450225830078,79.8499984741211,85188000,AMZN,0.001775698923243585,0.02977350228812692,0.12477113327284517,79.0832015991211,75.88190040588378,70.40240013122559,0.009278958202282084,0.009690013136240263,-0.347907959399256,104198000.0,78.70880168756779,0.13629142125893257,-0.005455760159082668,0
2018-03-15,79.11599731445312,79.11599731445312,79.84549713134766,78.90550231933594,79.75,81394000,AMZN,-0.005455760159082668,0.019627994143714966,0.09046552005704545,79.38780059814454,76.21007537841797,70.79571006774903,0.010630310678089753,0.008793805030955427,-0.04453678921913884,102308500.0,73.11832472578989,0.05973576697290417,-0.006724274466889391,0
2018-03-16,78.58399963378906,78.58399963378906,79.47200012207031,78.375,79.17250061035156,108500000,AMZN,-0.006724274466889391,-0.004566551604101243,0.07519705546781297,79.31569976806641,76.48487548828125,71.16319007873535,0.008178096574223637,0.009100422020911991,0.33302209008035,102080800.0,64.91327776374506,-0.048127151658527545,-0.01702002356856136,0
2018-03-19,77.24649810791016,77.24649810791016,78.08300018310547,76.26750183105469,77.72650146484375,131616000,AMZN,-0.01702002356856136,-0.03344620618070726,0.06643238167563448,78.78109893798828,76.7254753112793,71.49853004455566,0.006707590840103318,0.009839028588350207,0.2130506912442396,104189000.0,58.97769348265876,-0.22125418671350383,0.02691387223103381,1
2018-03-20,79.32550048828125,79.32550048828125,79.3499984741211,77.27050018310547,77.51699829101562,91632000,AMZN,0.02691387223103381,-0.0010514689436196267,0.08047123453142735,78.76439971923828,77.02087516784668,71.85590003967285,0.01652361865652203,0.010962672590397756,-0.30379285193289574,102271400.0,66.48560668228184,-0.20767431954280546,-0.0029309385697435797,0
2018-03-21,79.09300231933594,79.09300231933594,79.5,78.15850067138672,79.32250213623047,95016000,AMZN,-0.0029309385697435797,-0.005744823568699764,0.0667196928733087,78.67299957275391,77.26822509765626,72.19089012145996,0.016523964642170732,0.010969890057947988,0.03693033001571511,100717800.0,71.02294002734342,-0.2248232954357734,-0.023352257063312565,0
2018-03-22,77.24600219726562,77.24600219726562,78.69249725341797,77.12000274658203,78.27349853515625,126412000,AMZN,-0.023352257063312565,-0.02363611887182626,0.04011208174291303,78.2990005493164,77.41717529296875,72.48311019897461,0.019405695037208417,0.012486536521665509,0.33042855940052207,102180300.0,59.29038293831884,-0.36285486230090447,-0.03194990354365934,0
2018-03-23,74.77799987792969,74.77799987792969,77.45099639892578,74.76799774169922,76.95050048828125,160120000,AMZN,-0.03194990354365934,-0.04843224795881851,-0.0029600016276041252,77.53780059814453,77.40607528686523,72.72434020996094,0.023029414560442208,0.014453403483935397,0.266651900136063,105768200.0,44.73558204482608,-0.6082213423069547,0.0403193371656132,1
2018-03-26,77.79299926757812,77.79299926757812,77.84950256347656,74.9625015258789,76.5,112494000,AMZN,0.0403193371656132,0.007074769381836932,0.022280568006503243,77.64710083007813,77.49085006713867,73.00352020263672,0.03125907755536147,0.016780534733900787,-0.297439420434674,106437900.0,52.91350402258071,-0.5567021308708548,-0.037799009933227934,0
2018-03-27,74.85250091552734,74.85250091552734,78.79850006103516,74.11599731445312,78.62000274658203,139992000,AMZN,-0.037799009933227934,-0.056387914922953475,-0.009874444338591415,76.75250091552735,77.45352516174316,73.19537017822266,0.031655750493244726,0.018868510138779705,0.24443970345085075,108628700.0,43.415822810006006,-0.7005985578464518,-0.043839574227757305,0
2018-03-28,71.57099914550781,71.57099914550781,72.79499816894531,69.30850219726562,72.3499984741211,274106000,AMZN,-0.043839574227757305,-0.09510327024201504,-0.0535753055490763,75.24810028076172,77.25095024108887,73.3219302368164,0.034188109537038665,0.021225466676726878,0.9580118863935081,117819000.0,35.7602326521187,-0.9795996683276178,0.011121789958675743,1
2018-03-29,72.36699676513672,72.36699676513672,72.77349853515625,68.26000213623047,70.30000305175781,251622000,AMZN,0.011121789958675743,-0.06316191509392588,-0.030874871289568673,74.27229919433594,77.13567504882812,73.47427017211913,0.036566220862945344,0.021297105419594856,-0.08202666121865265,123564900.0,34.02704774764527,-1.066206886716414,-0.05206094449224363,0
2018-04-02,68.59950256347656,68.59950256347656,71.06800079345703,67.75,70.88099670410156,209272000,AMZN,-0.05206094449224363,-0.08262453294470473,-0.08549234655114235,73.0365997314453,76.81502532958984,73.55294021606446,0.04017794668337289,0.02405503944891552,-0.16830801758192848,127440900.0,25.793357777054865,-1.3164865330506008,0.014621073252283123,1
2018-04-03,69.60250091552734,69.60250091552734,70.69999694824219,67.7665023803711,69.56900024414062,204624000,AMZN,0.014621073252283123,-0.1052858024393507,-0.08634749873061243,71.39850006103515,76.48612556457519,73.65041030883789,0.031888701110575464,0.024014903287309108,-0.022210329141022167,132438200.0,29.46240971163006,-1.3487905845866923,0.013304155601610468,1
2018-04-04,70.52850341796875,70.52850341796875,70.76950073242188,67.64399719238281,67.91200256347656,139646000,AMZN,0.013304155601610468,-0.05776690751372915,-0.08263963025789822,70.53370056152343,76.16845054626465,73.7336703491211,0.03354197620428784,0.02415258140302356,-0.3175482836812886,134858800.0,31.707861900828235,-1.2446178531020886,0.02919384373872269,1
2018-04-05,72.5875015258789,72.5875015258789,72.97799682617188,71.35350036621094,72.09950256347656,128270000,AMZN,0.02919384373872269,0.01420271328481082,-0.06035596730253845,70.73700103759765,75.9353256225586,73.82288040161133,0.031720399805138515,0.025214433390894103,-0.08146312819558021,137098200.0,37.581088372938154,-0.9852231562322489,-0.032044139547784845,0
2018-04-06,70.2614974975586,70.2614974975586,72.625,70.01300048828125,71.49849700927734,117646000,AMZN,-0.032044139547784845,-0.029094744312955445,-0.09448667537833311,70.31590118408204,75.56875038146973,73.87060028076172,0.03476556021976297,0.025971242039449324,-0.08282529040305608,139117900.0,35.17993753235126,-0.9197313065539425,0.0006049309856379637,1
2018-04-09,70.30400085449219,70.30400085449219,71.92400360107422,70.12850189208984,71.25150299072266,84164000,AMZN,0.0006049309856379637,0.024847094035972406,-0.10945034189218683,70.65680084228515,75.13672523498535,73.89873031616212,0.023121194763095994,0.025487723449278146,-0.2845995613960526,138791800.0,37.039600725466855,-0.8259583342012439,0.02143542524562969,1
2018-04-10,71.81099700927734,71.81099700927734,71.91899871826172,70.78500366210938,71.59950256347656,85082000,AMZN,0.02143542524562969,0.03173012556589483,-0.10145840526905003,71.09850006103515,74.73129997253417,73.9329002380371,0.024004044085469307,0.02589963158322169,0.01090727627013921,137871700.0,35.66563326913287,-0.6240320010613213,-0.006384761566404218,0
2018-04-11,71.35250091552734,71.35250091552734,72.43900299072266,71.24449920654297,71.97200012207031,71650000,AMZN,-0.006384761566404218,0.01168318421100456,-0.10145570418058825,71.26329956054687,74.32847518920899,73.94227020263672,0.024222514490963732,0.025899623251845274,-0.15787123010742576,134922300.0,35.360749621596355,-0.48891337710352745,0.015031037769792865,1
2018-04-12,72.42500305175781,72.42500305175781,72.60600280761719,71.75299835205078,71.9749984741211,62700000,AMZN,0.015031037769792865,-0.0022386563899455814,-0.08956630706053204,71.23079986572266,73.97222518920898,73.95295028686523,0.020934415372184455,0.02624973805832103,-0.12491277041172366,133797900.0,40.6070993251479,-0.30393260969174074,-0.012226519005276604,0
2018-04-13,71.53949737548828,71.53949737548828,72.98899841308594,71.22599792480469,72.45700073242188,73706000,AMZN,-0.012226519005276604,0.01818919213861192,-0.09576444962011177,71.4863998413086,73.59340019226075,73.93285018920898,0.01421155588839958,0.026308333667203677,0.17553429027113232,133413500.0,43.27567366509741,-0.221658974680928,0.007485369514734552,1
2018-04-16,72.07499694824219,72.07499694824219,72.3499984741211,71.3740005493164,72.25,56172000,AMZN,0.007485369514734552,0.025190544950854488,-0.08282860017153126,71.8405990600586,73.2679500579834,73.98435012817383,0.014170960987210936,0.02644201898758972,-0.23789108078039778,130797100.0,36.76449500333065,-0.11688265948363907,0.04323969457439136,1
2018-04-17,75.19149780273438,75.19149780273438,75.3594970703125,72.85099792480469,73.11499786376953,102288000,AMZN,0.04323969457439136,0.0470749736704017,-0.02660315167044891,72.51669921875,73.1652000427246,74.05823013305664,0.021779348891213527,0.028249252881841398,0.8209784234138005,129330700.0,50.77833696229096,0.1614852234627142,0.015965907361371823,1
2018-04-18,76.39199829101562,76.39199829101562,76.69000244140625,75.20549774169922,75.73249816894531,104550000,AMZN,0.015965907361371823,0.07062818136472093,-0.03698056966812324,73.52459869384765,73.01852493286133,74.19607009887696,0.01993807521370224,0.02778280186618694,0.022114030971374987,129976600.0,62.23852395070643,0.4114217089067511,0.019026846696625466,1
2018-04-19,77.84549713134766,77.84549713134766,78.4260025024414,76.9530029296875,77.16100311279297,130474000,AMZN,0.019026846696625466,0.07484285607438834,-0.01577263666071893,74.60869750976562,72.95614967346191,74.31014007568359,0.020074402816912654,0.02815518750556411,0.24795791487326646,131749500.0,63.458373910233774,0.6456439121175381,-0.018896413095091713,0
2018-04-20,76.37449645996094,76.37449645996094,78.05999755859375,75.80449676513672,78.05999755859375,110832000,AMZN,-0.018896413095091713,0.06758503011413786,-0.011282211538651499,75.57569732666016,72.91257438659667,74.42085006713867,0.022398032446971715,0.027981227407164733,-0.15054340328341276,130970500.0,71.5290218559656,0.66963211298478,-0.006304443768269441,0
2018-04-23,75.89299774169922,75.89299774169922,77.4000015258789,75.17050170898438,77.33450317382812,89308000,AMZN,-0.006304443768269441,0.05297261123991137,0.014910774099196278,76.33929748535157,72.96832427978515,74.58820999145507,0.024088133873090497,0.027020436814186862,-0.19420384004619606,127429900.0,67.93645531222835,0.6222136889177656,-0.03806011733462866,0
2018-04-24,73.00450134277344,73.00450134277344,76.9749984741211,72.42250061035156,76.79000091552734,149894000,AMZN,-0.03806011733462866,-0.029085688194409265,-0.0615543554032939,75.90189819335937,72.72889938354493,74.70869995117188,0.02399221545483821,0.02671344018260809,0.6783938728893268,129299900.0,56.34936348674814,0.3774976082105339,5.476104433066453e-05,1
2018-04-25,73.00849914550781,73.00849914550781,73.49949645996094,70.7509994506836,72.9000015258789,131746000,AMZN,5.476104433066453e-05,-0.0442912768509911,-0.024635139073048817,75.2251983642578,72.63669929504394,74.7826399230957,0.021313455729264196,0.025414812365074976,-0.12107222437188947,128887600.0,51.20678094501614,0.20567942908388764,0.03957763154732241,1
2018-04-26,75.89800262451172,75.89800262451172,76.47100067138672,73.92500305175781,74.25050354003906,176022000,AMZN,0.03957763154732241,-0.0250174329743178,0.060457497179924324,74.83569946289063,72.85304946899414,74.88608993530273,0.028723348144564616,0.024841770804714943,0.3360709243544395,123983400.0,65.6513066129751,0.27223668143539126,0.03600877473825914,1
2018-04-27,78.63099670410156,78.63099670410156,81.90499877929688,78.36949920654297,81.70050048828125,261064000,AMZN,0.03600877473825914,0.02954520617132439,0.08655879363481578,75.28699951171875,73.16624946594239,75.00765991210938,0.03223234826674639,0.02586009496712151,0.4831327902194045,124455500.0,70.11644074969146,0.47410544828804013,-0.004126787422321976,0
2018-04-30,78.30650329589844,78.30650329589844,79.80000305175781,78.0469970703125,79.125,109282000,AMZN,-0.004126787422321976,0.031801426034237634,0.1415024944742096,75.76970062255859,73.65159950256347,75.11203002929688,0.032034314199436545,0.022323687690731314,-0.5813976649403978,119456000.0,66.6427789786782,0.5540002658385993,0.010299216955919732,1
2018-05-01,79.11299896240234,79.11299896240234,79.25,77.60900115966797,78.16100311279297,91442000,AMZN,0.010299216955919732,0.08367289012698076,0.13664017703066955,76.99140014648438,74.12712440490722,75.24559997558593,0.02029430396566631,0.022265604828192013,-0.16324737834227043,113796900.0,69.53556404354893,0.6241703585213059,-0.007950625194139027,0
2018-05-02,78.48400115966797,78.48400115966797,79.42500305175781,78.31800079345703,79.04900360107422,87206000,AMZN,-0.007950625194139027,0.07499814512345115,0.11279833480306589,78.08650054931641,74.52489929199218,75.34692993164063,0.02213485414015678,0.02243832501592157,-0.0463244460969795,111174900.0,65.6007087614943,0.5915342997109814,0.001528911821702117,1
2018-05-03,78.60399627685547,78.60399627685547,78.73999786376953,77.3010025024414,78.00050354003906,85038000,AMZN,0.001528911821702117,0.035653028522121266,0.08288609780612943,78.62769927978516,74.82572402954102,75.43608978271484,0.017532383444243356,0.02174920732422016,-0.02486067472421627,109013300.0,68.93614915327443,0.5426229250035893,0.005642261901468659,1
2018-05-04,79.04750061035156,79.04750061035156,79.24500274658203,78.1094970703125,78.12249755859375,68872000,AMZN,0.005642261901468659,0.005296942983151531,0.12504719406383646,78.71100006103515,75.26502418518066,75.53169982910157,0.0073258537652332355,0.02000521514440144,-0.19010324795973566,106574600.0,68.78218908376458,0.5054833676824539,0.012138311349751518,1
2018-05-07,80.00700378417969,80.00700378417969,80.34750366210938,79.3915023803711,79.46700286865234,76038000,AMZN,0.012138311349751518,0.02171595482760269,0.13801494668517877,79.05110015869141,75.75017433166504,75.63183990478515,0.008015346929391466,0.020004782189962232,0.10404808920896746,106168300.0,64.67741125344624,0.5094468160848882,-0.004843383195326512,0
2018-05-08,79.61949920654297,79.61949920654297,79.84400177001953,79.12550354003906,79.75,61358000,AMZN,-0.004843383195326512,0.00640223794804351,0.10873685817587009,79.15240020751953,76.14059944152832,75.70227981567383,0.008057478011430332,0.019846606937585942,-0.19306136405481467,104982100.0,60.350204320106556,0.45184104147563087,0.009802904151798408,1
2018-05-09,80.4000015258789,80.4000015258789,80.4000015258789,79.5999984741211,80.0,72746000,AMZN,0.009802904151798408,0.02441262343790318,0.12680004897183217,79.53560028076171,76.5929744720459,75.79829986572265,0.006768856125705091,0.01967172308394988,0.1855992698588611,105036900.0,58.56153945287809,0.43217429492690296,0.0006716524063099527,1
2018-05-10,80.4540023803711,80.4540023803711,80.77999877929688,80.1719970703125,80.42400360107422,56350000,AMZN,0.0006716524063099527,0.023535776692569454,0.11085949589640243,79.90560150146484,76.99442443847656,75.8949299621582,0.00688400598172405,0.019593167134011106,-0.22538696285706428,104719400.0,65.10761629165262,0.38996932063283274,-0.003834516470754168,0
2018-05-11,80.14550018310547,80.14550018310547,80.55500030517578,79.89450073242188,80.54949951171875,45278000,AMZN,-0.003834516470754168,0.013890376852852881,0.12029722214075655,80.12520141601563,77.42472457885742,76.00438995361328,0.0077976255768845764,0.019282040880766863,-0.19648624667258208,103298000.0,65.95267751655416,0.31182735946452156,-0.0008546543966294617,0
2018-05-14,80.0770034790039,80.0770034790039,80.55899810791016,80.00250244140625,80.19999694824219,50190000,AMZN,-0.0008546543966294617,0.0008749195884529826,0.11102333499241146,80.13920135498047,77.8248249053955,76.10568008422851,0.005815128642234,0.019335405643878527,0.10848535712708163,102998900.0,83.65136720806117,0.22986299411521016,-0.015872268790349864,0
2018-05-15,78.80599975585938,78.80599975585938,79.38999938964844,78.26100158691406,79.38999938964844,101550000,AMZN,-0.015872268790349864,-0.010217339455668717,0.04807062046572974,79.97650146484375,78.00555000305175,76.1581901550293,0.00926771104273367,0.01770470530286009,1.0233114166168558,102962000.0,74.61679704659339,0.07253443440906837,0.007080662119067549,1
2018-05-16,79.36399841308594,79.36399841308594,79.72149658203125,78.83350372314453,78.875,51412000,AMZN,0.007080662119067549,-0.012885610611083176,0.03890459980832639,79.76930084228516,78.15415000915527,76.20783004760742,0.008442970788225432,0.01745875817699689,-0.4937272279665189,100305100.0,68.35026736023875,-0.0072261808159366225,-0.003477659670395261,0
2018-05-17,79.08799743652344,79.08799743652344,79.7020034790039,78.6500015258789,79.02799987792969,42952000,AMZN,-0.003477659670395261,-0.016978707129937987,0.015961106948541026,79.49609985351563,78.21627502441406,76.2445899963379,0.008247348688639883,0.017027184508252198,-0.16455302264062865,95929000.0,53.27036470845163,-0.08739496625815035,-0.004672001043388829,0
2018-05-18,78.71849822998047,78.71849822998047,79.17949676513672,78.6050033569336,79.06649780273438,52852000,AMZN,-0.004672001043388829,-0.01780514127262023,0.030690896551420987,79.21069946289063,78.33347511291504,76.26709991455078,0.008267071289998474,0.016442526291072318,0.2304898491339169,93030000.0,52.9294270689238,-0.16938465248155543,0.007044143460552821,1
2018-05-21,79.27300262451172,79.27300262451172,79.60250091552734,78.75,79.25,58504000,AMZN,0.007044143460552821,-0.01004034641110163,0.044536452418394434,79.04989929199219,78.50247535705566,76.27366989135743,0.009565769020672764,0.016373834334874993,0.1069401347158101,91489800.0,51.17996556652076,-0.18886379613887927,-0.0025608078786804045,0
2018-05-22,79.06999969482422,79.06999969482422,79.49449920654297,78.76249694824219,79.49449920654297,42312000,AMZN,-0.0025608078786804045,0.0033499979669404656,0.08308389538299599,79.10269927978516,78.80575027465821,76.25667984008788,0.005871619053738764,0.013426342500945918,-0.27676740051962256,86110700.0,54.611243056839655,-0.21605330280974933,0.012937936366005598,1
2018-05-23,80.09300231933594,80.09300231933594,80.09300231933594,78.31700134277344,78.55249786376953,67238000,AMZN,0.012937936366005598,0.009185574326227464,0.09703669102563706,79.24850006103516,79.15997543334962,76.27035995483398,0.007750758786281208,0.013531553064698025,0.5891000189071658,82885300.0,60.25906414365959,-0.1679169572980712,0.0007553855752788774,1
2018-05-24,80.15350341796875,80.15350341796875,80.41200256347656,79.41899871826172,79.90149688720703,68600000,AMZN,0.0007553855752788774,0.013472410681538483,0.05606867962665851,79.46160125732422,79.37275047302246,76.2824299621582,0.007236900981853942,0.010772292301916031,0.020256402629465375,77514200.0,58.04479950987356,-0.13613309580664135,0.004416479152626884,1
2018-05-25,80.50749969482422,80.50749969482422,80.70600128173828,80.02249908447266,80.1500015258789,53968000,AMZN,0.004416479152626884,0.02272657005748613,0.023864672576696222,79.81940155029297,79.4665756225586,76.31026000976563,0.005948819672800126,0.007447349781730047,-0.21329446064139945,67159400.0,53.99213998566259,-0.09722436556039593,0.0016893033249025802,1
2018-05-29,80.64350128173828,80.64350128173828,81.0895004272461,80.00749969482422,80.0354995727539,76930000,AMZN,0.0016893033249025802,0.01728834044192995,0.029844238824060065,80.09350128173828,79.58342552185059,76.35145004272461,0.005861864082304921,0.007340937734773341,0.4254743551734361,65541800.0,58.50922194805886,-0.06957988338455356,0.00745252767120097,1
2018-05-30,81.24449920654297,81.24449920654297,81.30000305175781,80.64649963378906,80.90499877929688,58148000,AMZN,0.00745252767120097,0.027500942457460154,0.026942478127438996,80.52840118408203,79.69000053405762,76.43141006469726,0.004932791222608675,0.007187278346567722,-0.24414402703756666,63877100.0,57.23337350058944,-0.02061121651376352,0.0029110106331380337,1
2018-05-31,81.48100280761719,81.48100280761719,81.75,81.06749725341797,81.1500015258789,63326000,AMZN,0.0029110106331380337,0.017329859639262812,0.038186147541740656,80.80600128173828,79.83985061645508,76.47452011108399,0.0026270559079856234,0.006849571975193679,0.08904863451881395,62683100.0,58.52988701674788,0.015941818687855713,0.007314596664868223,1
2018-06-01,82.0770034790039,82.0770034790039,82.33650207519531,81.75450134277344,81.85150146484375,66268000,AMZN,0.007314596664868223,0.023997704142822984,0.04418359583036935,81.19070129394531,80.0135009765625,76.53420013427734,0.002585612305259821,0.006954543664131683,0.04645801092758117,61744600.0,65.31113847434133,0.0657027345308554,0.014455850842866047,1
2018-06-04,83.26349639892578,83.26349639892578,83.28399658203125,82.27449798583984,82.44499969482422,63754000,AMZN,0.014455850842866047,0.03423279464085427,0.05333496639389157,81.74190063476563,80.22430076599122,76.65455001831054,0.005013478524736863,0.007446822398122524,-0.037936862437375485,61488700.0,71.45640085648881,0.15866763062784606,0.018663651200122366,1
2018-06-05,84.81749725341797,84.81749725341797,84.94999694824219,83.50299835205078,83.64949798583984,95644000,AMZN,0.018663651200122366,0.05175861545367799,0.06012590450474398,82.57669982910156,80.46482543945312,76.8553399658203,0.0062996228155427995,0.00800729322714737,0.5002039087743515,62469000.0,88.9926353639116,0.29693043327061996,-0.0003536862117876627,0
2018-06-06,84.7874984741211,84.7874984741211,85.7249984741211,84.32350158691406,85.22550201416016,109464000,AMZN,-0.0003536862117876627,0.04360909725803053,0.06490871355736227,83.2852996826172,80.72322540283203,76.99522994995117,0.007901794232775181,0.007838338711933325,0.14449416586508312,64874300.0,87.76545614309104,0.35457320095028044,-0.003803651977406841,0
2018-06-07,84.46499633789062,84.46499633789062,84.99500274658203,83.80549621582031,84.9280014038086,75314000,AMZN,-0.003803651977406841,0.03662195392119649,0.05055963600576918,83.88209838867188,80.92647514343261,77.18747985839843,0.009515763443317289,0.007823591218737422,-0.31197471314770153,65002700.0,87.20074150864917,0.3391881385067077,-0.003143258294014406,0
2018-06-08,84.19950103759766,84.19950103759766,84.47200012207031,83.65049743652344,84.05599975585938,59102000,AMZN,-0.003143258294014406,0.025859832457659104,0.04655453484487393,84.30659790039063,81.11375007629394,77.44004989624024,0.010588357496025927,0.007916422278204079,-0.21525878322755398,65140300.0,88.47397137611848,0.28170212203475065,0.0030463392416790747,1
2018-06-11,84.45600128173828,84.45600128173828,84.71199798583984,84.02950286865234,84.07550048828125,46710000,AMZN,0.0030463392416790747,0.014322061099849348,0.05378344496927179,84.54509887695312,81.32927513122559,77.68182998657227,0.009227118551435412,0.007783856300996038,-0.20967141551893342,65211900.0,87.97070311190006,0.23351203523381447,0.005701178257960349,1
2018-06-12,84.9375,84.9375,84.97550201416016,84.57599639892578,84.6500015258789,45184000,AMZN,0.005701178257960349,0.0014148347978659714,0.06069778225743061,84.56909942626953,81.57229995727539,78.00858993530274,0.0040570258571831766,0.007766454511779136,-0.03266966388353676,64961600.0,91.3001077256358,0.20750131685705298,0.0035967177727189714,1
2018-06-13,85.24299621582031,85.24299621582031,85.6875,85.00599670410156,85.1405029296875,66550000,AMZN,0.0035967177727189714,0.005372227626673665,0.08168155317999548,84.66019897460937,81.89414978027344,78.32139984130859,0.004279065688792499,0.00637464760369519,0.4728665014164306,63211600.0,90.3226191841572,0.18505071575460041,0.011144664310384744,1
2018-06-14,86.19300079345703,86.19300079345703,86.23999786376953,85.44349670410156,85.67400360107422,63488000,AMZN,0.011144664310384744,0.02045823158097071,0.08604660194697411,85.00579986572265,82.235599899292,78.63468978881836,0.005148169248508671,0.006542173370622676,-0.0460105184072126,63815400.0,91.50577854957933,0.20671767474533564,-0.004576946257703773,0
2018-06-15,85.79850006103516,85.79850006103516,86.04350280761719,85.4260025024414,85.69999694824219,95552000,AMZN,-0.004576946257703773,0.01899059975098316,0.08484855909896583,85.32559967041016,82.57112503051758,78.89890975952149,0.005664352985213993,0.006613907372332483,0.5050403225806452,66445400.0,86.1605010626516,0.1686265086362717,0.004557175708828076,1
2018-06-18,86.18949890136719,86.18949890136719,86.33699798583984,85.12799835205078,85.31300354003906,62154000,AMZN,0.004557175708828076,0.020525452227439622,0.09490781505459833,85.67229919433593,82.94467506408691,79.21746978759765,0.005655563052532002,0.006283293768852785,-0.34952695914266574,66910500.0,86.62662682837119,0.14482132303212936,0.006375480989251114,1
2018-06-19,86.73899841308594,86.73899841308594,86.80549621582031,85.01950073242188,85.4520034790039,85802000,AMZN,0.006375480989251114,0.021209694340967644,0.09418081240013088,86.03259887695313,83.31797485351562,79.54616973876954,0.005711512585783599,0.006271160928711548,0.38047430575666885,68275400.0,86.53503721102481,0.14100328588050082,0.008819555259391043,1
2018-06-20,87.50399780273438,87.50399780273438,88.14649963378906,87.06800079345703,87.125,86652000,AMZN,0.008819555259391043,0.026524191866621027,0.10666495687949551,86.48479919433593,83.73967475891114,79.86002975463867,0.006037453928356594,0.006108189688368317,0.009906528985338392,70492400.0,87.41925514709925,0.1633442777319145,-0.011348009699612582,0
2018-06-21,86.51100158691406,86.51100158691406,88.15499877929688,85.87799835205078,88.0,98822000,AMZN,-0.011348009699612582,0.003689403902052968,0.0801318352630751,86.54839935302735,84.06057472229004,80.1631997680664,0.008455698474241496,0.00683800013676659,0.14044684485066705,72071600.0,76.2522574286228,0.08834662327539466,-0.008409345657574563,0
2018-06-22,85.78350067138672,85.78350067138672,87.1500015258789,85.59500122070312,87.13099670410156,81502000,AMZN,-0.008409345657574563,-0.00017482111735944716,0.07024018930351383,86.54539947509765,84.34207458496094,80.43036972045898,0.009201814719106362,0.007346821764530864,-0.17526461719050412,72716700.0,65.77765252116095,-0.02698757795549578,-0.030611940875939325,0
2018-06-25,83.15750122070312,83.15750122070312,85.25,82.31549835205078,85.12550354003906,150224000,AMZN,-0.030611940875939325,-0.03517827251941441,0.03291620701082687,85.93899993896484,84.47457466125488,80.66272979736328,0.01587112899614906,0.010567463859939374,0.8431940320482934,77529500.0,40.83684214516079,-0.28265416697227064,0.016799393006361685,1
2018-06-26,84.55449676513672,84.55449676513672,85.07849884033203,83.16699981689453,83.61849975585938,87732000,AMZN,0.016799393006361685,-0.025184769110956795,0.048497342268596144,85.502099609375,84.67012443542481,80.91231979370117,0.018534249095778797,0.01109555212539479,-0.4159921184364682,78069600.0,48.88248449968677,-0.3554935447377199,-0.018083004300295413,0
2018-06-27,83.02549743652344,83.02549743652344,85.59750366210938,83.0,85.40550231933594,97444000,AMZN,-0.018083004300295413,-0.0511805229323018,0.021921462343595044,84.60639953613281,84.75917434692383,81.06899978637695,0.017408298462442903,0.011925307994764153,0.11070077052842753,80034400.0,43.81205880771002,-0.49584192334157895,0.024655133217022396,1
2018-06-28,85.07250213623047,85.07250213623047,85.2750015258789,83.05850219726562,83.62699890136719,90594000,AMZN,0.024655133217022396,-0.0166279366126445,0.04407775070089759,84.31869964599609,84.93874931335449,81.24260986328125,0.02332335329644974,0.013033711274346368,-0.07029678584622967,81397800.0,53.25431098228282,-0.4418039949514134,-0.0009698112831901806,0
2018-06-29,84.98999786376953,84.98999786376953,86.17050170898438,84.71600341796875,85.8499984741211,90870000,AMZN,-0.0009698112831901806,-0.009250063256999508,0.035490993351271705,84.15999908447266,85.08439903259277,81.38549987792969,0.02313892891788139,0.012995534982219444,0.003046559374793034,82627900.0,52.01675597114442,-0.4036545797358595,0.008224557530564391,1
2018-07-02,85.68900299072266,85.68900299072266,85.69450378417969,83.90299987792969,84.13500213623047,63714000,AMZN,0.008224557530564391,0.030442253950137665,0.029130491712430207,84.66629943847656,85.20567436218262,81.57179000854492,0.01656864858659698,0.012749156426326007,-0.2988445031363486,82625900.0,52.79234095582704,-0.3266695175907237,-0.011565135656379955,0
2018-07-03,84.697998046875,84.697998046875,86.25,84.6240005493164,86.197998046875,43546000,AMZN,-0.011565135656379955,0.0016971454769210137,-0.0014088980506690163,84.69499969482422,85.19969940185547,81.74789001464843,0.016853662722109614,0.012396000520718228,-0.31653953605173113,80021000.0,48.07312386236244,-0.3364866571288707,0.0034062854005068033,1
2018-07-05,84.98650360107422,84.98650360107422,85.53450012207031,84.10749816894531,85.26899719238281,59662000,AMZN,0.0034062854005068033,0.02361932448583115,0.0023471045912961674,85.08720092773437,85.20964965820312,81.98753005981445,0.013313455033677807,0.012418800972077579,0.3700913976025353,77530900.0,45.52503285381665,-0.3177728123959791,0.006412761389779309,1
2018-07-06,85.53150177001953,85.53150177001953,85.76349639892578,84.58350372314453,84.80000305175781,53006000,AMZN,0.006412761389779309,0.005395393602671383,0.012626596559153214,85.17900085449219,85.26297492980957,82.23799011230469,0.007889763477001804,0.01245591124247041,-0.11156179812946265,76415500.0,49.020621903412206,-0.26506428214520916,0.01659616164256117,1
2018-07-09,86.95099639892578,86.95099639892578,86.97799682617188,85.8115005493164,86.20249938964844,60240000,AMZN,0.01659616164256117,0.023073286085964373,0.032678285826177156,85.57120056152344,85.40054969787597,82.45904998779297,0.010284294661044724,0.012909028066214818,0.13647511602460094,76472400.0,52.59728194994304,-0.13739915364326838,0.0023289787055904565,1
2018-07-10,87.15350341796875,87.15350341796875,87.5,86.55000305175781,86.92649841308594,60058000,AMZN,0.0023289787055904565,0.017090879531001857,0.03193973305972442,85.86410064697266,85.5354248046875,82.62950012207031,0.010103358510105702,0.01290605314679819,-0.0030212483399734147,77139800.0,51.44805087501399,-0.04679724419320008,0.006844206585369106,1
2018-07-11,87.75,87.75,87.8479995727539,86.69999694824219,86.89949798583984,64196000,AMZN,0.006844206585369106,0.03603393260175891,0.0331125827814569,86.47450103759766,85.6760498046875,82.81837005615235,0.005637362463159081,0.012927437578698188,0.06890006327217013,78090400.0,50.86963369876432,0.04107480964719379,0.023715114321803732,1
2018-07-12,89.83100128173828,89.83100128173828,89.9000015258789,88.10900115966797,88.22550201416016,90654000,AMZN,0.023715114321803732,0.05700314138588514,0.05382266308779138,87.44340057373047,85.9054500579834,83.03273010253906,0.008751144823843532,0.013833004667401573,0.41214405881986416,79295600.0,60.8980957089213,0.21727344867540088,0.00913376889672457,1
2018-07-13,90.65149688720705,90.65149688720705,90.76499938964844,89.7614974975586,90.19650268554688,87664000,AMZN,0.00913376889672457,0.05986092856120262,0.05172689258648555,88.46739959716797,86.1283748626709,83.27608001708984,0.008460391350044115,0.013775704365779242,-0.03298254903258546,80504400.0,65.88251986379117,0.3586591186888777,0.0052177800587498435,1
2018-07-16,91.12449645996094,91.12449645996094,92.09750366210938,90.72250366210938,91.09750366210938,109324000,AMZN,0.0052177800587498435,0.047998300581713726,0.062075635298251,89.302099609375,86.3946746826172,83.52649002075195,0.008351710264083424,0.013680335167366407,0.24707975908012414,81193000.0,80.24213400429312,0.44781918203780213,0.011764193682617163,1
2018-07-17,92.19650268554688,92.19650268554688,92.58450317382812,89.86900329589844,90.5780029296875,113658000,AMZN,0.011764193682617163,0.05786341420370711,0.06969530929810763,90.31069946289062,86.69502487182618,83.78947006225586,0.007346503615834472,0.013814858983476895,0.0396436281145951,83768200.0,79.74232207068772,0.5367778637513521,-0.0005477318654329988,0
2018-07-18,92.14600372314452,92.14600372314452,92.94400024414062,91.5634994506836,92.4000015258789,97238000,AMZN,-0.0005477318654329988,0.05009690852586335,0.06233649695040566,91.18990020751953,86.9653751373291,84.03225006103516,0.009027577051453843,0.013824834744968548,-0.14446849319889488,84340000.0,90.1129793737982,0.5480878782134921,-0.016251439318926697,0
2018-07-19,90.64849853515624,90.64849853515624,92.0500030517578,90.5634994506836,91.4729995727539,93538000,AMZN,-0.016251439318926697,0.009100391198513247,0.035935509363934415,91.35339965820313,87.12260017395019,84.25283004760742,0.011136615345394053,0.014405211421806894,-0.038050967728665785,84684300.0,75.76940787873093,0.41654256271235535,0.000402643441726358,1
2018-07-20,90.68499755859376,90.68499755859376,91.74199676513672,90.50299835205078,91.25050354003906,77688000,AMZN,0.000402643441726358,0.00036955453067033517,0.04824815220161627,91.36009979248047,87.33129997253418,84.45852996826171,0.010369719670927327,0.014073732855237255,-0.16944984925912465,83627600.0,76.43177499803471,0.2993012970661115,-0.006450891550112137,0
2018-07-23,90.0999984741211,90.0999984741211,90.9499969482422,88.49949645996094,90.6104965209961,77770000,AMZN,-0.006450891550112137,-0.011242838376506081,0.050318508442196874,91.1552001953125,87.5471248626709,84.65144989013672,0.010247122628850193,0.01400080002309374,0.001055504067552171,83441000.0,70.69139029617095,0.15682678811822615,0.01511653201758878,1
2018-07-24,91.46199798583984,91.46199798583984,92.0,90.46900177001952,91.45050048828124,85574000,AMZN,0.01511653201758878,-0.007966730605955763,0.09986467418130163,91.0082992553711,87.96234970092773,84.8777798461914,0.011431771847489313,0.011872077439756696,0.1003471775749003,80208500.0,80.66181327707537,0.1299007821973437,0.018789205001256803,1
2018-07-25,93.18049621582033,93.18049621582033,93.19200134277344,91.13200378417967,91.46499633789062,74764000,AMZN,0.018789205001256803,0.011226666929408768,0.10201703966902742,91.21519775390625,88.39364967346191,85.13984970092774,0.014667047170980356,0.01198539363874044,-0.1263234159908383,79560100.0,82.88119268386309,0.19926469034537986,-0.029839878546057186,0
2018-07-26,90.4000015258789,90.4000015258789,92.23400115966795,90.2249984741211,91.9499969482422,198488000,AMZN,-0.029839878546057186,-0.00274132515477854,0.08882216086683004,91.16549835205078,88.76237487792969,85.37172973632812,0.01944834354296336,0.013380941312933093,1.6548606281097853,84612300.0,66.56459872659073,0.0377756982846047,0.005127223105519718,1
2018-07-27,90.8635025024414,90.8635025024414,94.00250244140624,90.32649993896484,93.80249786376952,193620000,AMZN,0.005127223105519718,0.0019684065573504217,0.06807135350195237,91.20119934082031,89.05192489624024,85.60171981811523,0.019610970232222233,0.01250504443844822,-0.024525412115593892,89763600.0,64.23816568047329,-0.05300377303817694,-0.020938043492589764,0
2018-07-30,88.96099853515625,88.96099853515625,91.4749984741211,88.3010025024414,91.3665008544922,131246000,AMZN,-0.020938043492589764,-0.012641508970635429,0.04672315297326901,90.97339935302735,89.25047492980957,85.79917984008789,0.021846414880131136,0.01361764715599897,-0.32214647247185213,91782400.0,55.853477268706676,-0.2455771785177996,-0.0010004034202905077,0
2018-07-31,88.87200164794922,88.87200164794922,90.09149932861328,86.96600341796875,89.32450103759766,114774000,AMZN,-0.0010004034202905077,-0.02831773189878939,0.03714594109084435,90.45540008544921,89.4096248626709,86.00224990844727,0.01970968290260473,0.013565192203391729,-0.12550477728845066,94335400.0,53.75703759566759,-0.3755645284906515,0.011100188511422582,1
2018-08-01,89.8584976196289,89.8584976196289,89.9219970703125,88.8010025024414,89.19999694824219,83062000,AMZN,0.011100188511422582,-0.03565122242424168,0.06092823551623838,89.79100036621094,89.66764984130859,86.21395980834961,0.017511067433962003,0.013324551501053973,-0.27629951034206357,96311200.0,50.099354471612855,-0.3900185704496797,0.020676972776122904,1
2018-08-02,91.71649932861328,91.71649932861328,91.8280029296875,89.30000305175781,89.4384994506836,87094000,AMZN,0.020676972776122904,0.014563028545497403,0.0791889940446262,90.0542999267578,90.00414962768555,86.46688980102539,0.01558562174181845,0.013896470305016282,0.04854205292432168,97682800.0,53.579840139180604,-0.2747944770609221,-0.006018567620502124,0
2018-08-03,91.16449737548828,91.16449737548828,92.0500030517578,91.0749969482422,91.88700103759766,69210000,AMZN,-0.006018567620502124,0.0033126047836289363,0.06585872443365925,90.11449890136718,90.28579940795899,86.68831970214843,0.015995767506065857,0.014055731722570883,-0.2053413553172434,98493000.0,50.13374651986097,-0.2375053694027882,0.013415305387102894,1
2018-08-06,92.3874969482422,92.3874969482422,92.38849639892578,90.9459991455078,91.29049682617188,67836000,AMZN,0.013415305387102894,0.0385168609784865,0.06252372916319549,90.79979858398437,90.5576244354248,86.9329995727539,0.010914469939341642,0.013914512415160837,-0.01985262245340269,98872800.0,50.63222216722348,-0.13720138415614436,0.00797189690599387,1
2018-08-07,93.1240005493164,93.1240005493164,93.48600006103516,92.3134994506836,92.72650146484376,67550000,AMZN,0.00797189690599387,0.04784407712803329,0.06850553216104793,91.65019836425782,90.85614929199218,87.18532958984375,0.009822816397833709,0.013954584305204916,-0.0042160504746742156,99247400.0,53.09669053097032,-0.03339332175098808,0.012907476510019888,1
2018-08-08,94.32599639892578,94.32599639892578,94.57550048828124,92.7249984741211,93.0500030517578,79260000,AMZN,0.012907476510019888,0.04971704288010459,0.07494012990228804,92.54369812011718,91.18494911193848,87.4589794921875,0.009932320755223755,0.014098210300774443,0.17335307179866755,100000600.0,61.86634827242401,0.09695197612767625,0.006360983466085601,1
2018-08-09,94.9260025024414,94.9260025024414,95.72850036621094,93.8740005493164,94.0999984741211,97208000,AMZN,0.006360983466085601,0.03499373828397778,0.056717626966258594,93.18559875488282,91.43969917297363,87.73260955810547,0.007855954914641465,0.013314721734348497,0.2264446126671713,100328300.0,63.20445059943884,0.19845883078639215,-0.006436593187619577,0
2018-08-10,94.31500244140624,94.31500244140624,94.9749984741211,93.9104995727539,94.42549896240234,72798000,AMZN,-0.006436593187619577,0.034558464716167414,0.04041307292208862,93.81569976806641,91.6228744506836,87.98928955078125,0.00802850256153737,0.013382805100801348,-0.25111101966916305,99585000.0,63.10228227290981,0.19883323876515435,0.005248317917343481,1
2018-08-13,94.80999755859376,94.80999755859376,96.25,94.68350219726562,94.9250030517578,110630000,AMZN,0.005248317917343481,0.026221087164085777,0.040444679990656374,94.30019989013672,91.80714950561523,88.24394943237304,0.007138777597651618,0.013383185080421219,0.5196846067199647,99650300.0,61.00013385786901,0.20592900863783292,0.012366845697121098,1
2018-08-14,95.98249816894533,95.98249816894533,96.05049896240234,95.0,95.96949768066406,79722000,AMZN,0.012366845697121098,0.030695605888571453,0.04106441538581218,94.87189941406251,91.99644927978515,88.49832946777343,0.007803431516994946,0.013406818479356814,-0.27938172285998375,97953500.0,59.54880899886013,0.2596330898807948,-0.019289990364543486,0
2018-08-15,94.13099670410156,94.13099670410156,95.8105010986328,93.489501953125,95.47750091552734,154014000,AMZN,-0.019289990364543486,-0.0020672953614984113,0.021541823852947672,94.83289947509766,92.095698928833,88.68459945678711,0.012588352539873837,0.014231304490146413,0.9318883118837962,100792300.0,63.5741618799071,0.14615859690815225,0.002071577924933621,1
2018-08-16,94.32599639892578,94.32599639892578,95.25,94.17749786376952,95.1969985961914,79142000,AMZN,0.002071577924933621,-0.006320777107412634,0.040568767527277894,94.71289825439453,92.27957382202149,88.8753694152832,0.012155376077853873,0.013628242256664555,-0.486137623852377,100072500.0,62.848318073980906,0.06411813083663076,-0.002279290398177758,0
2018-08-17,94.11100006103516,94.11100006103516,94.4000015258789,92.77749633789062,94.29000091552734,82086000,AMZN,-0.002279290398177758,-0.0021629897162736,0.03777915415642785,94.67209777832032,92.45087394714355,89.06828948974609,0.011846573879765043,0.013658765940311951,0.037198958833489115,100292400.0,71.84611749932834,-0.020230526526963333,-0.002927367006458015,0
2018-08-20,93.83550262451172,93.83550262451172,94.5875015258789,93.3030014038086,94.52850341796876,57240000,AMZN,-0.002927367006458015,-0.010278398472479577,0.041459536222562265,94.47719879150391,92.63764915466308,89.26100952148437,0.011433121878675854,0.013567190409680765,-0.30268255244499676,99265900.0,70.72703407056235,-0.10541914678778253,0.0035753524597155195,1
2018-08-21,94.1709976196289,94.1709976196289,94.8874969482422,93.72049713134766,94.0,62112000,AMZN,0.0035753524597155195,-0.018873238182734897,0.029618854753298507,94.11489868164062,92.77309913635254,89.45530944824219,0.009108794950332965,0.013226525508920554,0.08511530398322842,98092800.0,69.04394829865589,-0.1474361301209579,0.011404839643848863,1
2018-08-22,95.24500274658205,95.24500274658205,95.29000091552734,93.83200073242188,93.83200073242188,61610000,AMZN,0.011404839643848863,0.011834635576868813,0.022155994168350457,94.33769989013672,92.87632446289062,89.66145950317383,0.00576299078837342,0.012816502681664888,-0.008082174137042708,97435100.0,66.74101680877891,-0.11272534002217172,-0.0010499879325084338,0
2018-08-23,95.1449966430664,95.1449966430664,95.9749984741211,95.03800201416016,95.3584976196289,71260000,AMZN,-0.0010499879325084338,0.0086826566949465,0.052488883153714916,94.50149993896484,93.11357421875,89.85949951171875,0.005968680252871246,0.010569534542225202,0.15663041714007475,91073700.0,69.7318120687593,-0.10640839514635902,0.0013085721135976947,1
2018-08-24,95.26950073242188,95.26950073242188,95.80049896240234,95.1269989013672,95.52549743652344,56018000,AMZN,0.0013085721135976947,0.012309939014943927,0.04849029707898489,94.73320007324219,93.33387413024903,90.04102951049805,0.005566050351359046,0.010556234046749805,-0.21389278697726632,84193600.0,66.0324970545192,-0.10364906479570579,0.0116984128662041,1
2018-08-27,96.38400268554688,96.38400268554688,96.38500213623048,95.46399688720705,95.75,71380000,AMZN,0.0116984128662041,0.027159230672351375,0.08344110646933833,95.24290008544922,93.70502433776855,90.25273956298828,0.005860861281978067,0.009188835029696892,0.27423328215930587,81200300.0,67.40337612341253,-0.039848638928585256,0.0026663776936470818,1
2018-08-28,96.64099884033205,96.64099884033205,97.08899688720705,96.44100189208984,96.8864974975586,62014000,AMZN,0.0026663776936470818,0.026228895128411533,0.08741782618060445,95.73690032958984,94.09347419738769,90.46176956176758,0.005944620419296136,0.009118969047494846,-0.13121322499299526,78562300.0,63.74540433682014,0.004233445645084766,0.03377448472317157,1
2018-08-29,99.90499877929688,99.90499877929688,99.93450164794922,97.4469985961914,97.67250061035156,130636000,AMZN,0.03377448472317157,0.04892640976780327,0.11180357368309024,96.66889953613281,94.59579925537109,90.7250895690918,0.01430928481268733,0.011191017948068142,1.106556583997162,80941000.0,72.45826201208159,0.2255359079064876,0.0021420801683240676,1
2018-08-30,100.11900329589844,100.11900329589844,101.27850341796876,99.34500122070312,99.87100219726562,145546000,AMZN,0.0021420801683240676,0.05227817361213294,0.09161387567987767,97.66370086669922,95.01592445373535,90.97738967895508,0.013772027765564103,0.010609236952644607,0.11413392939159195,83863600.0,77.15194111205801,0.3511580043514504,0.005158808357790701,1
2018-08-31,100.635498046875,100.635498046875,101.11900329589844,100.23699951171876,100.3499984741211,84088000,AMZN,0.005158808357790701,0.056324398398227116,0.10388913386290688,98.73690032958984,95.48947448730469,91.2598796081543,0.013239691370952007,0.01031944221266471,-0.42225825512209203,84607500.0,77.19780924346503,0.42872804322464875,0.013315420436047276,1
2018-09-04,101.97550201416016,101.97550201416016,102.5250015258789,100.6500015258789,101.3249969482422,114422000,AMZN,0.013315420436047276,0.05801273212169411,0.10378033156682864,99.8552001953125,95.96887474060058,91.58371963500977,0.01327802187522209,0.010315180681800715,0.3607411283417372,86936800.0,77.54895764871401,0.5236909101026388,-0.021912171605654396,0
2018-09-05,99.74099731445312,99.74099731445312,102.0189971923828,99.49449920654295,101.90550231933594,164412000,AMZN,-0.021912171605654396,0.03207746723771776,0.07105576141601122,100.47519989013672,96.29972457885742,91.91538955688476,0.02011460375486628,0.011904003793089164,0.4368915068780479,91779900.0,74.91117115847439,0.3952667642791834,-0.018302408612638987,0
2018-09-06,97.91549682617188,97.91549682617188,100.375,96.760498046875,100.32550048828124,149774000,AMZN,-0.018302408612638987,-0.019913938015454713,0.03805420100801582,100.07729949951172,96.47919960021973,92.18260955810547,0.015385100022119756,0.01263009653192434,-0.0890324307228183,95305600.0,63.92303435459,0.1587609729097137,-0.0031863848938521455,0
2018-09-07,97.60350036621094,97.60350036621094,98.76000213623048,96.86750030517578,96.9355010986328,97852000,AMZN,-0.0031863848938521455,-0.02512512956459434,0.028206158409553428,99.57419891357422,96.6130744934082,92.47416961669921,0.015040942145989835,0.01263481935494205,-0.34666898126510615,95337800.0,63.44561090619212,-0.0368638327129851,-0.006690332574955105,0
2018-09-10,96.95050048828124,96.95050048828124,98.6520004272461,96.57599639892578,98.5500030517578,90896000,AMZN,-0.006690332574955105,-0.03661727352784927,0.027943571845977733,98.83719940185547,96.74484939575196,92.71172958374024,0.013935946469712102,0.012643298178473922,-0.07108694763520418,96242700.0,61.653553330642644,-0.21828827425756892,0.024827078442519523,1
2018-09-11,99.35749816894533,99.35749816894533,99.44400024414062,95.8499984741211,96.41349792480467,100672000,AMZN,0.024827078442519523,-0.02567287038068511,0.04796435742487115,98.3135986328125,96.97222442626953,92.99907958984375,0.018430699209052635,0.013668863162573439,0.10755148741418763,95744800.0,66.79945336690889,-0.1855222150798752,0.0014342332856687179,1
2018-09-12,99.5,99.5,100.0,98.12200164794922,99.6999969482422,88280000,AMZN,0.0014342332856687179,-0.002416231248353551,0.03664732527448167,98.26539916992188,97.14809951782226,93.2752995300293,0.0158713342729062,0.013467840360299447,-0.12309281627463442,96172700.0,64.66733396416257,-0.16431534276589788,-6.53290868404266e-05,0
2018-09-13,99.49349975585938,99.49349975585938,100.43800354003906,99.10150146484376,100.0,72430000,AMZN,-6.53290868404266e-05,0.016115967143473853,0.05696851451190632,98.58099975585938,97.41622467041016,93.57120956420898,0.012450853710682525,0.012530258912728747,-0.17954236520163114,92093500.0,65.08691359462554,-0.1605997005680213,-0.009890105002663963,0
2018-09-14,98.5094985961914,98.5094985961914,99.68250274658205,97.96099853515624,99.64649963378906,72840000,AMZN,-0.009890105002663963,0.009282435840734626,0.04435152934481246,98.76219940185547,97.62539978027344,93.84166946411133,0.013624684423419096,0.012850655356800949,0.005660637857241468,91778400.0,60.608333029409934,-0.2300577882543,-0.03155027437226776,0
2018-09-17,95.40149688720705,95.40149688720705,97.84100341796876,94.37049865722656,97.73650360107422,141004000,AMZN,-0.03155027437226776,-0.01597726255432197,0.013712497214299457,98.45239868164063,97.68992462158204,94.03906936645508,0.020403435866130762,0.01489747197322179,0.9358045030203186,94724300.0,47.154549508085495,-0.47676304926017155,0.01730581836168099,1
2018-09-18,97.05249786376952,97.05249786376952,97.91000366210938,95.77200317382812,95.93250274658205,85374000,AMZN,0.01730581836168099,-0.023199057420472013,0.03428334851181858,97.99139862060547,97.85077438354492,94.24109939575196,0.017966159898998246,0.015313190230463547,-0.3945278148137642,96131000.0,51.10271147297515,-0.5168356342892371,-0.007537144683164243,0
2018-09-19,96.3209991455078,96.3209991455078,97.04149627685548,95.24500274658205,97.0250015258789,81136000,AMZN,-0.007537144683164243,-0.0319497573315799,0.02283082456621166,97.35559844970703,97.95827445983886,94.42444931030273,0.017664160619701268,0.015446339463942976,-0.04964040574413753,97082200.0,38.88751686641416,-0.576161781646511,0.009281436034859869,1
2018-09-20,97.21499633789062,97.21499633789062,97.75,96.6125030517578,96.9290008544922,63098000,AMZN,0.009281436034859869,-0.02290102794212512,0.02068343256338734,96.89989776611328,98.0567741394043,94.61374923706055,0.018943429658045755,0.015379968139131171,-0.22231808321830016,97156600.0,41.36020766335149,-0.5393971733829113,-0.015064474134848682,0
2018-09-21,95.75050354003906,95.75050354003906,97.8655014038086,95.5250015258789,97.71099853515624,137118000,AMZN,-0.015064474134848682,-0.028007401270632504,0.006364043495047822,96.34809875488281,98.08704948425293,94.73213928222657,0.01944763022562568,0.015798390218911978,1.1730958192018766,100449500.0,36.24255066066422,-0.5936159286463882,0.010104372755515678,1
2018-09-24,96.71800231933594,96.71800231933594,96.84400177001952,93.25,95.1894989013672,84274000,AMZN,0.010104372755515678,0.013799630771888172,0.01520425294326233,96.6113998413086,98.15947456359864,94.85346939086914,0.013525679435641083,0.01594570800622755,-0.38539068539506116,101862300.0,34.87615588789002,-0.5454620651294264,0.020776882772626015,1
2018-09-25,98.72750091552734,98.72750091552734,98.79550170898438,96.94249725341795,97.1449966430664,90768000,AMZN,0.020776882772626015,0.01725873201232786,0.02431418248551198,96.94640045166015,98.27664947509766,95.00552947998047,0.014508540046663656,0.016392962590849793,0.07705816740631755,102831700.0,47.04631715164303,-0.36792612014943316,0.00015192716831013975,1
2018-09-26,98.74250030517578,98.74250030517578,99.7624969482422,98.07599639892578,98.4250030517578,86270000,AMZN,0.00015192716831013975,0.025139909066038024,0.021745444377244016,97.43070068359376,98.38172454833985,95.13644943237304,0.013410534700325995,0.01639181138634867,-0.0495549092191081,104044500.0,52.69452712474565,-0.24504842245208847,0.019307813394711104,1
2018-09-27,100.64900207519533,100.64900207519533,100.80799865722656,99.4290008544922,99.66200256347656,86588000,AMZN,0.019307813394711104,0.03532382725571592,0.007447107802303732,98.11750183105468,98.41892471313477,95.30650939941407,0.014871480484235377,0.01515112760447282,0.0036861017735017043,101842100.0,58.988823756183535,-0.04160112926055204,-0.004957829079553222,0
2018-09-28,100.1500015258789,100.1500015258789,101.32599639892578,99.822998046875,100.22049713134766,81702000,AMZN,-0.004957829079553222,0.045947518009658905,0.00030961384911964984,98.99740142822266,98.42047462463378,95.49653945922852,0.011393481097327606,0.015193261785277691,-0.0564281424677785,98649900.0,59.529987424093505,0.04826186126511267,0.0006789894400496266,1
2018-10-01,100.21800231933594,100.21800231933594,101.65950012207033,100.18000030517578,101.09950256347656,69210000,AMZN,0.0006789894400496266,0.036187678778186294,-0.004148593047600291,99.69740142822266,98.39959983825683,95.68719955444335,0.011947198959075492,0.015148104615690617,-0.15289711390174043,97906000.0,52.97803937555906,0.09829634745162386,-0.016489093067526883,0
2018-10-02,98.56549835205078,98.56549835205078,100.66950225830078,98.28849792480467,99.99949645996094,108014000,AMZN,-0.016489093067526883,-0.001640906150507937,-0.033439439814043403,99.66500091552734,98.22909965515137,95.85650955200195,0.01293641906251164,0.015224861638896263,0.560670423349227,97585600.0,47.07190398076862,0.010721576603828997,-0.00940996473691802,0
2018-10-03,97.63800048828124,97.63800048828124,99.48500061035156,97.4905014038086,99.08499908447266,105062000,AMZN,-0.00940996473691802,-0.011185657781410785,-0.021084577884676436,99.44410095214843,98.12394981384277,95.98002960205078,0.01355210901500999,0.014589919008253316,-0.02732979058270224,94618100.0,44.50336256688742,-0.11226943728233818,-0.022194225670922108,0
2018-10-04,95.47100067138672,95.47100067138672,97.8000030517578,94.82849884033205,97.4499969482422,145140000,AMZN,-0.022194225670922108,-0.05144612760233924,-0.024965365381588556,98.40850067138672,98.00172500610351,96.0258396911621,0.009075991951315233,0.014856853427724397,0.38146998914926433,94386400.0,41.58846409243054,-0.3298575081859457,-0.010353955604213705,0
2018-10-05,94.48249816894533,94.48249816894533,96.4540023803711,93.1415023803711,95.89949798583984,136446000,AMZN,-0.010353955604213705,-0.056590147484611775,-0.031976334717049415,97.275,97.84567489624024,96.10748962402344,0.008562309409588577,0.014994163070908437,-0.0599007854485325,96316100.0,47.11767946097459,-0.5193700981462659,-0.013351652655319346,0
2018-10-08,93.22100067138672,93.22100067138672,95.0999984741211,91.53299713134766,93.6999969482422,147864000,AMZN,-0.013351652655319346,-0.0698178120299573,-0.03846808214615993,95.87559967041015,97.65919990539551,96.15463958740234,0.005183534848001166,0.015187866437143323,0.08368145640033431,99164500.0,37.68204597899636,-0.6975891107542092,0.003164503350325809,1
2018-10-09,93.51599884033205,93.51599884033205,94.83399963378906,92.61599731445312,92.99949645996094,95458000,AMZN,0.003164503350325809,-0.0512298887150473,-0.0587927377023979,94.8656997680664,97.36712493896485,96.24573959350586,0.009121264049982248,0.013903387657713965,-0.35442027809338306,98903800.0,40.72174444539233,-0.7584651288669996,-0.061524252143350444,0
2018-10-10,87.76249694824219,87.76249694824219,92.9280014038086,87.72049713134766,92.89450073242188,219778000,AMZN,-0.061524252143350444,-0.10114405754575373,-0.11796485479153584,92.89059906005859,96.78024978637696,96.22354949951172,0.02449127520022235,0.019040766897678908,1.3023528672295668,105478700.0,26.339761090325283,-1.12687405792535,-0.020447169250033426,0
2018-10-11,85.96800231933594,85.96800231933594,87.7699966430664,84.25499725341797,86.19999694824219,278718000,AMZN,-0.020447169250033426,-0.09953806166503176,-0.1359435286698405,90.98999938964843,96.10397491455078,96.14573959350587,0.024479796920556438,0.019246188749842234,0.268179708615057,115793100.0,25.911691305821407,-1.4135030843389367,0.04027654247009993,1
2018-10-12,89.43049621582031,89.43049621582031,90.44750213623048,87.12650299072266,90.4000015258789,188892000,AMZN,0.04027654247009993,-0.053470241060851964,-0.09216372542497242,89.97959899902344,95.65002479553223,96.10001953125,0.036998148416341074,0.021943479153643027,-0.32228273739048074,121595700.0,34.018971352240925,-1.2951380990599963,-0.015464474245241777,0
2018-10-15,88.04750061035156,88.04750061035156,89.75250244140625,86.71150207519531,89.75,128744000,AMZN,-0.015464474245241777,-0.055497152184326604,-0.07708470534325151,88.94489898681641,95.28232498168946,96.03767959594727,0.03705265000388575,0.021185049953867535,-0.31842534358257624,120982700.0,25.917728149948346,-1.2354115397675847,0.033510326446840155,1
2018-10-16,90.9980010986328,90.9980010986328,91.19400024414062,88.07749938964844,89.17500305175781,117198000,AMZN,0.033510326446840155,-0.026925849832374005,-0.06238372940833825,88.44129943847656,94.97960014343262,96.00988967895508,0.04205875906028013,0.02231400834482775,-0.08968184925122724,122573900.0,34.5785410635975,-0.936200025136749,0.006467185756362515,1
2018-10-17,91.58650207519533,91.58650207519533,92.25,90.3499984741211,92.1395034790039,105904000,AMZN,0.006467185756362515,0.04357220065432199,-0.049153321833386276,89.20610046386719,94.742875289917,95.97913970947266,0.027617716921081076,0.022383003514181286,-0.09636683219850173,123812300.0,30.954323341664576,-0.6511726436601577,-0.03330729849140657,0
2018-10-18,88.53600311279297,88.53600311279297,91.50749969482422,88.39350128173828,91.07450103759766,117480000,AMZN,-0.03330729849140657,0.029871588546607875,-0.08927627991603315,89.71970062255859,94.30892562866211,95.86333984375,0.031373817208049715,0.023235162044399477,0.10930654177368182,126531400.0,27.956185480423642,-0.6207255289385307,-0.0037781598679350603,0
2018-10-19,88.20149993896484,88.20149993896484,90.45500183105467,87.6500015258789,89.25800323486328,118144000,AMZN,-0.0037781598679350603,-0.013742474087246048,-0.07884035406578849,89.4739013671875,93.9314754486084,95.72884979248047,0.02497976134641984,0.02309934040373494,0.005652025876744959,125582700.0,27.420644603024513,-0.5766972162389792,0.014325112382443717,1
2018-10-22,89.46499633789062,89.46499633789062,90.4749984741211,87.80000305175781,89.19999694824219,90000000,AMZN,0.014325112382443717,0.01609921596539232,-0.07499127160937324,89.75740051269531,93.56882514953614,95.63184967041016,0.024669514472123427,0.023252235595915764,-0.23821776814734563,125869000.0,32.64619609511374,-0.4231694995390136,-0.011512868959461908,0
2018-10-23,88.43499755859375,88.43499755859375,88.81700134277344,85.69999694824219,87.11199951171875,134478000,AMZN,-0.011512868959461908,-0.02816549274814295,-0.10425163466600873,89.2447998046875,93.05419998168945,95.50434967041015,0.01836161118397732,0.022579583651063346,0.4942,128054500.0,32.519072774205426,-0.35445886973289964,-0.059082926650834144,0
2018-10-24,83.20999908447266,83.20999908447266,88.885498046875,82.8280029296875,88.68499755859375,138568000,AMZN,-0.059082926650834144,-0.09146001649724878,-0.15730309818667776,87.56949920654297,92.2775749206543,95.2488996887207,0.02832456534727816,0.02552689075487946,0.030413896696857456,130669400.0,29.13445878291077,-0.6094190683409162,0.07088689580645524,1
2018-10-25,89.1084976196289,89.1084976196289,89.7405014038086,84.60050201416016,85.16699981689453,205714000,AMZN,0.07088689580645524,0.006466233924142584,-0.11466089298078141,87.68399810791016,91.70054969787597,95.14844970703125,0.04702201885772854,0.030561928254083024,0.4845707522660354,136625700.0,42.164118749954106,-0.3426198547957515,-0.07819674751655215,0
2018-10-26,82.1405029296875,82.1405029296875,84.9229965209961,80.1500015258789,82.47949981689453,299276000,AMZN,-0.07819674751655215,-0.06871761833383261,-0.17982524534997357,86.47179870605468,90.80007476806641,94.90473983764649,0.059497339547072876,0.034598557272175555,0.45481590946654094,147504400.0,36.14850333301608,-0.5831066447089324,-0.06326358495753426,0
2018-10-29,76.94400024414062,76.94400024414062,83.28700256347656,74.75,83.0,277322000,AMZN,-0.06326358495753426,-0.13995413408905544,-0.2322337457998288,83.96759948730468,89.63637466430664,94.5613998413086,0.06078559131455316,0.03652933712765258,-0.07335703497774626,157910000.0,31.545239005138328,-1.0145622597281982,-0.005497459446531794,0
2018-10-30,76.52100372314453,76.52100372314453,77.04949951171875,73.81800079345703,74.30799865722656,249202000,AMZN,-0.005497459446531794,-0.1347203501368952,-0.22365325593108598,81.58480072021484,88.53414993286133,94.21510986328126,0.061256974340309744,0.036548640596779855,-0.1013983744528022,164969400.0,35.79488650813806,-1.236149414101479,0.04416426273766638,1
2018-10-31,79.90049743652344,79.90049743652344,81.19550323486328,78.25450134277344,78.49949645996094,187804000,AMZN,0.04416426273766638,-0.03977288408078816,-0.18166598008002732,80.922900390625,87.64727478027343,93.92969985961913,0.06503664738777143,0.03864670700009104,-0.24637843998041753,169106500.0,42.6281982355432,-1.0690956403725886,0.04225254609166407,1
2018-11-01,83.27649688720703,83.27649688720703,83.52249908447266,79.9219970703125,81.17649841308594,162710000,AMZN,0.04225254609166407,-0.06544831175716281,-0.12772992530112293,79.75650024414062,87.03754959106445,93.69032974243164,0.057336620479129075,0.04016822581043284,-0.13361802730506267,169985000.0,42.50736289812736,-0.6649928074591065,0.0,0
2018-11-02,83.27649688720703,83.27649688720703,84.87200164794922,82.59149932861328,83.92949676513672,139110000,AMZN,0.0,0.013829888021162251,-0.11860399014535694,79.98369903564453,86.47724952697754,93.45295974731445,0.04389167857620384,0.04017637621331456,-0.14504332862147373,170118200.0,43.98875392462,-0.34742869977167645,-0.022653420449634698,0
2018-11-05,81.38999938964844,81.38999938964844,82.90450286865234,79.81800079345703,82.87850189208984,112494000,AMZN,-0.022653420449634698,0.05778227193024543,-0.12691347653994545,80.87289886474609,85.88569946289063,93.17536972045899,0.03000073156580987,0.04032538406884587,-0.19133060168212201,168349700.0,37.56084060088529,-0.22035262660468247,0.00922107808904249,1
2018-11-06,82.1405029296875,82.1405029296875,83.25,80.72750091552734,80.9175033569336,85148000,AMZN,0.00922107808904249,0.07343734312313122,-0.12164224359156894,81.99679870605469,85.31692466735839,92.8904997253418,0.028585918843185315,0.040420331768156424,-0.24308852027663697,167834200.0,37.821665428609194,-0.05054282693424961,0.06858973168176319,1
2018-11-07,87.77449798583984,87.77449798583984,87.96150207519531,83.2040023803711,83.6500015258789,163844000,AMZN,0.06858973168176319,0.09854757857511287,0.00013674448671086026,83.57159881591797,85.31752471923828,92.71316970825195,0.03602185301719669,0.04141796516440063,0.9242260534598581,165037500.0,49.07954029026223,0.44891815148060754,-0.0003303844428476088,0
2018-11-08,87.74549865722656,87.74549865722656,89.19999694824219,86.25550079345703,87.75,130698000,AMZN,-0.0003303844428476088,0.0536646225173536,0.020676255001110144,84.46539916992188,85.40639953613281,92.46997970581054,0.03428434807774156,0.04111737075893297,-0.20230218988794224,157636500.0,49.444713147781236,0.7663932853969264,-0.024206376188181555,0
2018-11-09,85.62149810791016,85.62149810791016,87.19599914550781,85.09349822998047,86.625,118044000,AMZN,-0.024206376188181555,0.028159220288520137,-0.042591713890505534,84.9343994140625,85.2159496307373,92.18002960205078,0.03775344438967245,0.0404670238002437,-0.09681862002479003,154094100.0,45.41572718383009,0.8177157975873088,-0.04413610380713673,0
2018-11-12,81.84249877929688,81.84249877929688,85.42749786376953,81.50050354003906,84.91200256347656,136124000,AMZN,-0.04413610380713673,0.005559643605378639,-0.07047334436572494,85.02489929199218,84.90569953918457,91.80416961669921,0.042740298974264984,0.04148673613127317,0.15316322727118692,154463100.0,42.62080186263924,0.5920466963921265,-0.003470038015299326,0
2018-11-13,81.55850219726562,81.55850219726562,83.85299682617188,80.6875,82.4645004272461,118666000,AMZN,-0.003470038015299326,-0.007085429376054164,-0.10373303575246329,84.90849914550782,84.43372459411621,91.39582962036133,0.04256794836733242,0.040596500215352105,-0.12825071258558374,154536500.0,47.92152003796215,0.42628808147470254,-0.019715929862163195,0
2018-11-14,79.95050048828125,79.95050048828125,83.6500015258789,79.85350036621094,82.81600189208984,129738000,AMZN,-0.019715929862163195,-0.08913747930316607,-0.12704930664739833,83.3436996459961,83.8519245147705,91.00001968383789,0.017657884220635047,0.04064038015669104,0.09330389496570213,155728200.0,37.07883891393773,0.2213030283426356,0.012776650897123432,1
2018-11-15,80.97200012207031,80.97200012207031,81.24099731445312,77.32550048828125,79.05049896240234,168546000,AMZN,0.012776650897123432,-0.07719482638780806,-0.08543420444546468,81.98899993896484,83.47372436523438,90.66114974975586,0.021549808957177643,0.04031489753694113,0.2991259307219165,158281500.0,48.01891497831592,0.16978149722155234,-0.016073437868940443,0
2018-11-16,79.67050170898438,79.67050170898438,80.7239990234375,78.65599822998047,79.375,121322000,AMZN,-0.016073437868940443,-0.06950353042673518,-0.09672169108103479,80.79880065917969,83.04717445373535,90.30248977661132,0.021053196235479264,0.04041008419813404,-0.2801846380216677,158440400.0,55.325930213634535,0.06851349763113834,-0.05090968010562913,0
2018-11-19,75.614501953125,75.614501953125,79.05950164794922,75.16799926757812,78.85050201416016,155800000,AMZN,-0.05090968010562913,-0.07609734452227312,-0.15481467559060968,79.5532012939453,82.35464973449707,89.8757698059082,0.023538452572538407,0.041447375676319564,0.28418588549479895,161730400.0,48.44933671646264,-0.23456798556900837,-0.011128808718927297,0
2018-11-20,74.77300262451172,74.77300262451172,76.73750305175781,71.0,71.875,217576000,AMZN,-0.011128808718927297,-0.08319794245781775,-0.1544862928845574,78.19610137939453,81.67154998779297,89.38407989501952,0.0227992351766963,0.04144553577964144,0.3965083440308088,165885300.0,40.39488844812944,-0.4425776828560348,0.014223040580892299,1
2018-11-21,75.83650207519531,75.83650207519531,77.5,75.75,77.14949798583984,114336000,AMZN,0.014223040580892299,-0.05145681875611208,-0.08861311249134807,77.37330169677735,81.3028751373291,88.91080993652344,0.026537929886554835,0.0398582964594796,-0.47450086406588965,164673700.0,34.74097007482311,-0.4575127187940278,-0.009672192531983259,0
2018-11-23,75.10299682617188,75.10299682617188,76.80999755859375,75.09049987792969,75.8499984741211,54152000,AMZN,-0.009672192531983259,-0.07248188617115237,-0.1571735711810709,76.19950103759766,80.60260009765625,88.42299987792968,0.023385898797977995,0.03576607467507703,-0.526378393506857,157095600.0,33.72622886820626,-0.4642872559866129,0.052774205345442304,1
2018-11-26,79.06649780273438,79.06649780273438,79.2405014038086,76.21099853515625,76.94999694824219,125154000,AMZN,0.052774205345442304,-0.00758127403861808,-0.0374237436747189,76.07870025634766,80.44889984130859,88.03413986206054,0.03805313902568816,0.03417250242752819,1.31116117594918,148389500.0,45.72720778094732,-0.16478164940071505,5.693110101656629e-05,1
2018-11-27,79.07099914550781,79.07099914550781,79.88249969482422,77.90049743652344,78.79949951171875,115664000,AMZN,5.693110101656629e-05,0.045712093620950744,0.02764346660712058,76.76999969482422,80.55524978637695,87.70752990722656,0.02634836480863594,0.030912444738066817,-0.07582658165140543,140306600.0,44.19610836923926,0.058715301893830674,0.06091358215761211,1
2018-11-28,83.88749694824219,83.88749694824219,84.07250213623047,80.06099700927734,80.69599914550781,169174000,AMZN,0.06091358215761211,0.1218955238363344,0.09626759800158746,78.59289855957032,80.92357444763184,87.44422988891601,0.031593759099135726,0.0335409330256745,0.46263314427998337,136305200.0,42.41590353367862,0.5298119694097099,-0.0024914277024860043,0
2018-11-29,83.67849731445312,83.67849731445312,84.49949645996094,82.61650085449219,83.74949645996094,132264000,AMZN,-0.0024914277024860043,0.10340660532420287,0.04728380922698383,80.16129760742187,81.11247444152832,87.19137985229492,0.0336585765201192,0.03228232152527977,-0.21817773416718877,133528200.0,42.12004692464975,0.809480621919195,0.009918938050902604,1
2018-11-30,84.50849914550781,84.50849914550781,84.80000305175781,83.32499694824219,83.9749984741211,115236000,AMZN,0.009918938050902604,0.12523471388372487,0.014794117240179538,82.04239807128906,81.17407455444337,86.93724990844727,0.03026398524838102,0.030986231842099744,-0.12874251497005984,131154500.0,47.72968563297796,1.0189668864155146,0.04862821032044029,1
2018-12-03,88.61799621582031,88.61799621582031,88.91699981689453,86.5,88.4729995727539,137246000,AMZN,0.04862821032044029,0.12080335766124728,0.06414173900528053,83.95269775390625,81.44114952087402,86.79459976196289,0.029328890321642154,0.03274628937421478,0.19099934048387657,131061300.0,63.636908059687556,1.380449866640085,-0.05865623540184539,0
2018-12-04,83.41999816894531,83.41999816894531,88.51699829101562,83.25,87.80000305175781,173890000,AMZN,-0.05865623540184539,0.055001189695787156,0.02494162421083712,84.82249755859375,81.54264945983887,86.52863967895507,0.04727639754496547,0.03516651296629113,0.2669950308205704,134131100.0,53.127881229994834,1.221122989616112,0.0184548674019982,1
2018-12-06,84.95950317382812,84.95950317382812,85.05249786376953,80.49250030517578,80.74349975585938,175788000,AMZN,0.0184548674019982,0.01277909419859502,0.03431924743087711,85.03689880371094,81.6835994720459,86.2532797241211,0.03937054535326732,0.03532909211832172,0.010914946230375477,138663100.0,58.43607196218403,1.1709032804276198,-0.041231479123390424,0
2018-12-07,81.45649719238281,81.45649719238281,85.94650268554688,81.27300262451172,85.25350189208984,151522000,AMZN,-0.041231479123390424,-0.02655401558802284,-0.07197991373845603,84.59249877929688,81.36769943237304,85.90755966186524,0.04427049831038372,0.032933254331417056,-0.13804127699274127,138047000.0,50.7530376931509,0.8672324340732616,0.007304527462037358,1
2018-12-10,82.05149841308594,82.05149841308594,82.89949798583984,79.54350280761719,81.19200134277344,149896000,AMZN,0.007304527462037358,-0.029074007434345517,-0.06489222047029397,84.1010986328125,81.08299942016602,85.53560958862305,0.044071472627367235,0.0330125907847347,-0.010731114953604126,139006900.0,53.78380278957885,0.6801709004747205,0.0013467657815862122,1
2018-12-11,82.16200256347656,82.16200256347656,83.97350311279297,80.9800033569336,83.9000015258789,124894000,AMZN,0.0013467657815862122,-0.07285194800185757,-0.04040452013667806,82.80989990234374,80.91002464294434,85.175849609375,0.03345485740341939,0.03263413111639815,-0.1667956449805198,139349400.0,61.89696837286263,0.5435341814890532,0.01235363498916997,1
2018-12-12,83.177001953125,83.177001953125,85.24949645996094,83.01349639892578,83.44999694824219,131960000,AMZN,0.01235363498916997,-0.0029129252116283366,0.016305748159362254,82.76130065917968,80.97674980163575,84.83502960205078,0.02370533392514713,0.031166293355681506,0.05657597642801093,139141200.0,65.17459485656082,0.5021494307607802,-0.0031018578309504052,0
2018-12-13,82.91899871826172,82.91899871826172,84.60600280761719,82.07499694824219,84.0,105426000,AMZN,-0.0031018578309504052,-0.02401737744854171,0.01668123474981753,82.3531997680664,81.04477462768554,84.522099609375,0.021263793517208186,0.031163454738524582,-0.2010760836617157,138479200.0,63.17158157391488,0.44025167176004,-0.04008130390245668,0
2018-12-14,79.59549713134766,79.59549713134766,82.12850189208984,79.25,81.9000015258789,127344000,AMZN,-0.04008130390245668,-0.022846551535844584,-0.004440289363612293,81.98099975585937,81.02702445983887,84.16124954223633,0.02076980881738403,0.03220133628535678,0.20789937965966643,138359500.0,57.62073191722867,0.17210517350665844,-0.04460045543160707,0
2018-12-17,76.04550170898438,76.04550170898438,78.80650329589844,75.25050354003906,78.30000305175781,176596000,AMZN,-0.04460045543160707,-0.07319789181502256,-0.06084199977348881,80.77980041503906,80.78069953918457,83.77273956298828,0.02579774483595271,0.033555890723122844,0.38676341248900625,138762000.0,44.802500042003395,-0.22610392622989905,0.020099752835132323,1
2018-12-18,77.5739974975586,77.5739974975586,78.37750244140625,76.15049743652344,77.0,130460000,AMZN,0.020099752835132323,-0.05584095960140911,-0.026314685692375384,79.86219940185546,80.67587432861328,83.43456954956055,0.029789505597320652,0.0337655834248154,-0.2612516704795126,139218900.0,47.552799734794654,-0.3603461844426895,-0.03635238334743507,0
2018-12-19,74.75399780273438,74.75399780273438,79.22650146484375,74.15899658203125,77.15249633789062,175844000,AMZN,-0.03635238334743507,-0.10126602248945527,-0.011380147037456823,78.17759857177734,80.63284912109376,83.0652294921875,0.028134146255699544,0.03277055916310636,0.34787674382952627,140221100.0,34.02648424832492,-0.598791460302845,-0.022908494210543306,0
2018-12-20,73.04149627685547,73.04149627685547,75.4749984741211,71.6344985961914,74.19999694824219,199836000,AMZN,-0.022908494210543306,-0.11912230724067907,-0.02315683852300776,76.2020980834961,80.54627380371093,82.65573944091797,0.026356187636815014,0.033084285834180924,0.1364391164896157,139334100.0,32.32645877610791,-0.8180067608182042,-0.0570771264386426,0
2018-12-21,68.87249755859375,68.87249755859375,74.0,68.197998046875,73.24949645996094,272806000,AMZN,-0.0570771264386426,-0.1347186707692638,-0.0918291894541291,74.05749816894532,80.19807357788086,82.277939453125,0.029707682837538534,0.03517273509862832,0.36514942252647176,147257600.0,26.615221360109544,-1.168580966163697,-0.024313035987901577,0
2018-12-24,67.197998046875,67.197998046875,69.80149841308594,65.3499984741211,67.30000305175781,144400000,AMZN,-0.024313035987901577,-0.11634486541975286,-0.10525543737746224,72.28799743652344,79.80282363891601,81.90253936767579,0.028251966572407083,0.03544358411272352,-0.47068612860420955,151770000.0,15.448282482204576,-1.4212541649131438,0.09445222040160872,1
2018-12-26,73.54499816894531,73.54499816894531,73.65799713134766,68.15049743652344,68.44450378417969,208236000,AMZN,0.09445222040160872,-0.05193749785474289,-0.06983361837481195,71.48219757080078,79.52674865722656,81.58482940673828,0.05955999646595506,0.039954193084152705,0.4420775623268698,155924100.0,34.64039614168179,-1.0841666701100907,-0.006295430662189294,0
2018-12-27,73.08200073242188,73.08200073242188,73.44999694824219,69.5155029296875,72.70999908447266,194440000,AMZN,-0.006295430662189294,-0.022366657562912895,-0.07574203535818336,71.14779815673828,79.22729873657227,81.28551940917968,0.05762478546828698,0.03995499825971018,-0.06625175281891704,159862900.0,30.88559359700143,-0.827226381287776,0.011206593086295902,1
2018-12-28,73.9010009765625,73.9010009765625,75.67350006103516,72.44999694824219,73.6675033569336,176580000,AMZN,0.011206593086295902,0.011767347925748517,-0.11904629813714984,71.31969909667968,78.72797393798828,80.94357940673828,0.0567246790774454,0.0372098606091519,-0.09185352808064184,160233200.0,36.69127417925981,-0.5502905297252396,0.016204139597652434,1
2018-12-31,75.09850311279297,75.09850311279297,76.03800201416016,74.3499984741211,75.54000091552734,139090000,AMZN,0.016204139597652434,0.09039900939997714,-0.10253523279006349,72.56490020751953,78.29897422790528,80.61381942749023,0.045482589291803203,0.03752731919601809,-0.21231170007928413,160574500.0,38.0071140658742,-0.24992995183594724,0.024740760502233394,1
2019-01-02,76.95649719238281,76.95649719238281,77.66799926757812,73.04650115966797,73.26000213623047,159662000,AMZN,0.024740760502233394,0.1452200873410041,-0.08936381582309094,74.5166000366211,77.92137413024902,80.38222930908204,0.03880669605055715,0.03797555683589252,0.14790423466820046,162795800.0,41.5317674147748,0.09208808659874812,-0.025241497784936007,0
2019-01-03,75.01399993896484,75.01399993896484,76.9000015258789,74.85549926757812,76.00050354003906,139512000,AMZN,-0.025241497784936007,0.019974190041381013,-0.15351279489240865,74.810400390625,77.24117431640624,80.11847930908203,0.019950192359374147,0.03613617107282659,-0.12620410617429323,162909100.0,37.10955148162793,0.19953869792272938,0.05006399867375011,1
2019-01-04,78.76950073242188,78.76950073242188,79.69999694824219,75.91549682617188,76.5,183652000,AMZN,0.05006399867375011,0.07782353990039037,-0.055747992550959746,75.947900390625,77.00864944458007,79.90456939697266,0.027197449879499715,0.0362422164468209,0.3163885543895866,163397200.0,44.09920246150907,0.5175123863946935,0.03435341415874271,1
2019-01-07,81.47550201416016,81.47550201416016,81.72799682617188,79.45950317382812,80.1155014038086,159864000,AMZN,0.03435341415874271,0.10249524279109412,-0.04100778641018721,77.46280059814453,76.83444938659667,79.76537948608399,0.02825569890821013,0.03688881483803195,-0.12952758477990978,162601000.0,52.721254310765616,0.8826130325106942,0.01661235994563981,1
2019-01-08,82.8290023803711,82.8290023803711,83.83049774169922,80.83049774169922,83.2344970703125,177628000,AMZN,0.01661235994563981,0.10293812722162299,0.016849548351517196,79.00890045166015,76.9030746459961,79.75775955200196,0.028242488274134017,0.03585918564554753,0.11111945153380365,163906300.0,60.48568313135847,1.169787661131912,0.0017143547179709895,1
2019-01-09,82.97100067138672,82.97100067138672,83.38999938964844,82.06999969482422,82.64900207519531,126976000,AMZN,0.0017143547179709895,0.07815458991030089,0.011206404222767086,80.21180114746093,76.94904975891113,79.63500961303711,0.029160213607874855,0.03583283125066758,-0.2851577454004999,162760300.0,58.716092802640134,1.3130841882466875,-0.0019284287379283116,0
2019-01-10,82.81099700927734,82.81099700927734,83.1624984741211,81.08100128173828,82.05049896240234,130154000,AMZN,-0.0019284287379283116,0.1039405587844473,0.007898960901048913,81.77120056152344,76.98149948120117,79.64841949462891,0.022002433710883784,0.035839410498347185,0.025028351814516236,163023300.0,64.23498323285267,1.3364230243901574,-0.009455231305329326,0
2019-01-11,82.02799987792969,82.02799987792969,83.0145034790039,81.81099700927734,82.02749633789062,93724000,AMZN,-0.009455231305329326,0.041367523155654506,-0.013813939529136232,82.422900390625,76.9240493774414,79.75009948730468,0.01740048238652184,0.03580738942734129,-0.2798991963366474,161111500.0,66.41640917573633,1.2405472772596342,-0.014232985793521946,0
2019-01-14,80.8604965209961,80.8604965209961,82.41000366210938,79.75749969482422,80.75,120118000,AMZN,-0.014232985793521946,-0.0075483486196522565,-0.024825458930828437,82.29989929199219,76.82112426757813,79.83688934326172,0.01187412119689052,0.035942828466294596,0.28161410097733763,161846100.0,74.59682607863954,1.0476103567729274,0.035462313843586335,1
2019-01-15,83.72799682617188,83.72799682617188,83.75800323486328,81.30049896240234,81.5999984741211,119970000,AMZN,0.035462313843586335,0.010853619142632942,0.05191876228883663,82.47969818115234,77.02774925231934,79.91343933105469,0.01955432184450364,0.035548391017947,-0.0012321217469488666,161477400.0,82.33315286070996,1.0590682366977313,0.005505997778829874,1
2019-01-16,84.18900299072266,84.18900299072266,85.25,83.79399871826172,84.21099853515625,127338000,AMZN,0.005505997778829874,0.014679855726459579,0.10708721881936345,82.72329864501953,77.43492431640625,79.931689453125,0.01959882080149133,0.03372681812439051,0.06141535383845964,159014500.0,77.04818933738352,1.042045511951737,0.005606434395265758,1
2019-01-17,84.66100311279297,84.66100311279297,85.00849914550781,83.875,84.0,84178000,AMZN,0.005606434395265758,0.02234010180203927,0.09135800453570053,83.09329986572266,77.78927459716797,79.95937957763672,0.019407115085422352,0.03355483125790108,-0.3389404576795615,156700400.0,79.41071711638806,1.006390631498126,0.0017598946424279838,1
2019-01-18,84.80999755859375,84.80999755859375,85.80999755859375,84.5770034790039,85.5999984741211,120410000,AMZN,0.0017598946424279838,0.03391522022728943,0.13452123032129726,83.64969940185547,78.29207458496094,80.02777954101562,0.017975082490304436,0.032140834443668595,0.4304212502078928,153928700.0,78.68524042122765,0.9380193290816731,-0.03774908655967102,0
2019-01-22,81.6084976196289,81.6084976196289,84.09349822998047,80.51000213623047,84.05000305175781,128336000,AMZN,-0.03774908655967102,0.009250513301493068,0.11728951047636249,83.79929962158204,78.72042465209961,80.01713943481445,0.026100784449079525,0.03302231109242317,0.06582509758325727,150353700.0,65.48597786861862,0.6367674837894728,0.004809570602366753,1
2019-01-23,82.0009994506836,82.0009994506836,82.87149810791016,80.5999984741211,82.80000305175781,104504000,AMZN,0.004809570602366753,-0.020626283214128627,0.19062038342548382,83.45390014648437,79.3768497467041,79.90166946411132,0.018923744587076786,0.029506094383307452,-0.18570003740182017,141938600.0,62.899227715919004,0.43325222021271903,0.009091336230296898,1
2019-01-24,82.74649810791016,82.74649810791016,82.86299896240234,81.58899688720703,82.05349731445312,81798000,AMZN,0.009091336230296898,-0.017134124785531224,0.23138338213869192,83.16539916992187,80.15427474975586,79.801689453125,0.019435643514384263,0.028437461783315982,-0.2172739799433514,138808500.0,71.06200935651515,0.32320492232624676,0.009450615167288179,1
2019-01-25,83.52850341796875,83.52850341796875,84.17400360107422,83.08049774169922,83.5250015258789,98918000,AMZN,0.009450615167288179,-0.013376875458413817,0.13574689642509252,82.93889923095703,80.65345001220703,79.75982955932618,0.019945219451825737,0.020537186980751305,0.20929607080857715,133342600.0,65.46837198368085,0.27910351566071556,-0.019562216712664893,0
2019-01-28,81.89450073242188,81.89450073242188,82.25,80.70449829101562,82.17949676513672,96754000,AMZN,-0.019562216712664893,-0.03437680592028802,0.12058372665884676,82.35579986572266,81.09407501220703,79.76086959838867,0.021048271905674446,0.021179295130163044,-0.021876705958470688,128458300.0,51.46390314819544,0.12382746522641275,-0.02686994204251958,0
2019-01-29,79.69400024414062,79.69400024414062,81.61900329589844,79.53600311279297,81.5634994506836,92656000,AMZN,-0.02686994204251958,-0.023459534623607614,0.07838864414590763,81.972900390625,81.38372497558593,79.72357955932617,0.017271576653188597,0.022357709586630442,-0.042354838042871656,124262100.0,39.658927385920315,-0.12942566513544285,0.04802744720961405,1
2019-01-30,83.52149963378906,83.52149963378906,83.84750366210938,80.98400115966797,81.1500015258789,115676000,AMZN,0.04802744720961405,0.01854245915648778,0.11215931306041238,82.2770004272461,81.80487480163575,79.79499954223633,0.02958958697445302,0.0243172525818729,0.24844586427214654,123091400.0,51.460712097906885,-0.045825126516297,0.02891472167185971,1
2019-01-31,85.9365005493164,85.9365005493164,86.82050323486328,83.9540023803711,84.64250183105469,218206000,AMZN,0.02891472167185971,0.03855150990494072,0.11668934637818262,82.91500091552734,82.25387496948242,79.89428955078125,0.031691145195402996,0.02450726714399057,0.8863549915280611,126018600.0,57.40692928100718,0.15448837947075844,-0.05381880772938674,0
2019-02-01,81.3115005493164,81.3115005493164,83.65299987792969,81.10050201416016,81.94400024414062,230124000,AMZN,-0.05381880772938674,-0.02654187227033955,0.08395100401892353,82.47160034179687,82.56875,79.92710952758789,0.041937974972533196,0.027108420771123146,0.05461811315912479,130549200.0,48.56358345342602,-0.032173974657909166,0.004353581897566405,1
2019-02-04,81.66549682617188,81.66549682617188,82.48149871826172,80.67500305175781,81.1500015258789,98582000,AMZN,0.004353581897566405,-0.002796328254057401,0.036765449403921346,82.42579956054688,82.7135498046875,80.04812942504883,0.04117048290616937,0.02489100016656716,-0.5716135648606838,126295700.0,51.66825566227914,-0.1337789103484176,0.015612487224473615,1
2019-02-05,82.94049835205078,82.94049835205078,83.26300048828125,82.125,82.16699981689453,89062000,AMZN,0.015612487224473615,0.04073704542330159,0.017980820021655353,83.07509918212891,82.78679962158203,80.2114793395996,0.03850494939825753,0.023947864802332634,-0.09656935343166095,122755600.0,48.252683211884445,-0.11766389282094514,-0.011182689786027766,0
2019-02-06,82.01300048828125,82.01300048828125,83.61299896240234,81.66699981689453,83.5374984741211,78798000,AMZN,-0.011182689786027766,-0.018061207618661368,-0.009851644576649221,82.77339935302734,82.74599952697754,80.33500930786133,0.03189163582060862,0.02381036140339111,-0.11524555927331526,117814100.0,45.26976532670467,-0.1688992508730185,-0.015784110453143985,0
2019-02-07,80.71849822998047,80.71849822998047,81.2770004272461,79.64550018310547,81.25,92532000,AMZN,-0.015784110453143985,-0.06071927860666704,-0.027148068881650222,81.72979888916015,82.63337440490723,80.4473193359375,0.026427045477279636,0.024055598200132745,0.17429376380111172,116091900.0,41.72559737192859,-0.28269908492550866,-0.016198209157239574,0
2019-02-08,79.41100311279297,79.41100311279297,79.42949676513672,78.33799743652344,79.30000305175781,113150000,AMZN,-0.016198209157239574,-0.023373045924429348,-0.04105727523246061,81.34969940185547,82.463374710083,80.45420944213868,0.014068030603567722,0.024291939469646643,0.22282021354774573,115241700.0,39.19423193149609,-0.42993239061516797,0.0017503863887402549,1
2019-02-11,79.55000305175781,79.55000305175781,80.4645004272461,79.30000305175781,80.04900360107422,66346000,AMZN,0.0017503863887402549,-0.02590437647023658,-0.030209158212555653,80.92660064697266,82.33947486877442,80.46378952026367,0.013695220345056509,0.024235557407605832,-0.41364560318161736,113872800.0,45.30442219076495,-0.4971110973452285,0.029547382710171766,1
2019-02-12,81.90049743652344,81.90049743652344,81.97000122070312,79.94400024414062,80.19999694824219,97172000,AMZN,0.029547382710171766,-0.01253912064903373,0.012861668679678528,80.71860046386719,82.39147491455078,80.4240495300293,0.01926472211468932,0.024967558553232433,0.4646248455068882,112725500.0,49.78954656895246,-0.3683260877255545,0.001214920135908626,1
2019-02-13,82.0,82.0,82.81900024414062,81.85549926757812,82.3499984741211,71206000,AMZN,0.001214920135908626,-0.00015851740826267058,-0.020638220089743475,80.71600036621093,82.3050750732422,80.39047958374023,0.018634991097253837,0.023612655184996806,-0.2672168937554028,110287300.0,48.39334922605887,-0.2662794898060312,-0.010579272014338836,0
2019-02-14,81.13249969482422,81.13249969482422,81.8949966430664,80.3030014038086,81.2249984741211,82410000,AMZN,-0.010579272014338836,0.005128954005860997,-0.0363052558804533,80.79880065917969,82.15224990844726,80.32295959472657,0.017644490375307048,0.023661311529966252,0.15734629104288955,108040900.0,44.862108399142066,-0.247446420780301,-0.009059262479477748,0
2019-02-15,80.39749908447266,80.39749908447266,81.44550323486328,80.2249984741211,81.39299774169922,86878000,AMZN,-0.009059262479477748,0.01242266100427547,-0.05035971547183404,80.99609985351563,81.93907470703125,80.15854965209961,0.016112341305923532,0.02365411708817284,0.054216721271690416,108175900.0,46.66116021428199,-0.27273743872329537,0.012208075244112715,1
2019-02-19,81.37899780273438,81.37899780273438,81.69999694824219,80.02799987792969,80.05000305175781,73634000,AMZN,0.012208075244112715,0.02299176217236054,-0.04045513329355965,81.36189880371094,81.76752471923828,80.1177296447754,0.016648402363501864,0.02386326679248299,-0.1524436566219296,105837100.0,53.97424020925692,-0.2141941817120242,-0.0033668938325457365,0
2019-02-20,81.1050033569336,81.1050033569336,81.74649810791016,80.50599670410156,81.5,66752000,AMZN,-0.0033668938325457365,-0.0097129334312821,-0.006169630337297227,81.20279998779297,81.74235000610352,80.0406396484375,0.009185256324314313,0.02232541364671488,-0.09346225928239671,102757900.0,43.15264985003215,-0.1858086083722527,-0.0016398893947140447,0
2019-02-21,80.97200012207031,80.97200012207031,81.1780014038086,80.04550170898438,80.99250030517578,69668000,AMZN,-0.0016398893947140447,-0.012536583877191365,-0.012548619352281576,80.99720001220703,81.69090003967285,80.03094970703125,0.009029348611773581,0.02229775301042204,0.043684084372003884,101016100.0,33.84318498621708,-0.16839208046121493,0.0074841032295558385,1
2019-02-22,81.5780029296875,81.5780029296875,81.74700164794922,81.05850219726562,81.17500305175781,61924000,AMZN,0.0074841032295558385,0.00549105767157454,-0.014121385254259544,81.08630065917968,81.63247528076172,80.02147979736328,0.008585069544170227,0.02226463809712789,-0.11115576735373489,100022400.0,51.174589510708195,-0.11121830209990373,0.0008825736547322105,1
2019-02-25,81.6500015258789,81.6500015258789,82.7300033569336,81.51950073242188,82.07250213623047,63690000,AMZN,0.0008825736547322105,0.015578873169801666,-0.022489351720932915,81.33680114746093,81.53855018615722,80.01123977661133,0.006545622940900273,0.022145719278686773,0.02851882953297591,98261000.0,49.92996469613782,-0.06594800555352864,0.00208203509820426,1
2019-02-26,81.81999969482422,81.81999969482422,81.99949645996094,80.80650329589844,81.29900360107422,53316000,AMZN,0.00208203509820426,0.005419111859289005,-0.0009097196628754523,81.42500152587891,81.53482513427734,79.98409973144531,0.004160165295633372,0.021710484128780527,-0.1628827131417805,96089100.0,44.37358828270817,-0.024107311917730648,0.0028660116253622636,1
2019-02-27,82.05449676513672,82.05449676513672,82.09049987792969,80.75499725341797,81.40899658203125,62976000,AMZN,0.0028660116253622636,0.011706964661902797,0.02961950101343591,81.61490020751953,81.65284996032715,79.96680969238281,0.003345463967807329,0.02075790879227781,0.18118388476254776,94605100.0,50.22395342229982,0.01756152940165591,-0.0007677325817357916,0
2019-02-28,81.99150085449219,81.99150085449219,82.5885009765625,81.69149780273438,81.76249694824219,60518000,AMZN,-0.0007677325817357916,0.012590781145147778,-0.018318621983625216,81.81880035400391,81.5763500213623,80.0147297668457,0.0031001470428317613,0.01765814135683757,-0.03903074186991873,91847200.0,57.9235995095446,0.03791297417730731,0.019453250691601864,1
2019-03-01,83.58650207519531,83.58650207519531,83.71299743652344,82.55000305175781,82.75650024414062,99498000,AMZN,0.019453250691601864,0.02462059713865461,-0.027345754820124468,82.22050018310547,81.45885009765625,80.16554977416992,0.008248302788393815,0.01693273707925198,0.6441058858521431,85911800.0,75.0916711520352,0.14955932362346763,0.014619586796095208,1
2019-03-04,84.80850219726562,84.80850219726562,85.47149658203125,83.71800231933594,84.25,123348000,AMZN,0.014619586796095208,0.03868341227630756,0.04300746664770072,82.85220031738281,81.63370018005371,80.31023986816406,0.008840798390763153,0.011923905944180893,0.23970331061930894,80573000.0,77.96036458223465,0.2884299298486582,-0.0022050158240090045,0
2019-03-05,84.62149810791016,84.62149810791016,85.38999938964844,84.45050048828125,85.14749908447266,73630000,AMZN,-0.0022050158240090045,0.034239775403753114,0.0361964525609908,83.4125,81.78150024414063,80.50758987426758,0.009683589363517271,0.011950988247950645,-0.40307098615299797,79325400.0,68.79144664533105,0.346507598914352,-0.013873495481994347,0
2019-03-06,83.44750213623047,83.44750213623047,84.88749694824219,83.41400146484375,84.79850006103516,79920000,AMZN,-0.013873495481994347,0.016976587828951395,0.0061128615604364445,83.69110107421875,81.80685043334961,80.71570999145507,0.013516060448013031,0.011982144151654434,0.085427135678392,78868300.0,58.704694544029756,0.2871240157604307,-0.02576471998369667,0
2019-03-07,81.29750061035156,81.29750061035156,83.48750305175781,81.02549743652344,83.36849975585938,99140000,AMZN,-0.02576471998369667,-0.00846429491969225,-0.008724225106627181,83.55230102539062,81.77107543945313,80.96421005249023,0.018981848198361698,0.013112602268365305,0.24049049049049054,79885400.0,50.859649080966086,0.09429017282028906,-0.0031673752931026256,0
2019-03-08,81.04000091552734,81.04000091552734,81.13600158691406,79.32849884033203,80.20050048828125,93340000,AMZN,-0.0031673752931026256,-0.030465459092630875,0.003983011237781664,83.04300079345703,81.78715057373047,81.24105010986328,0.015001654368036122,0.012625782997680813,-0.05850312689126491,79925800.0,53.52268449188914,-0.05151889965116374,0.030737873720530162,1
2019-03-11,83.53099822998047,83.53099822998047,83.614501953125,81.30049896240234,81.30599975585938,77528000,AMZN,0.030737873720530162,-0.015063394992092527,0.05188191756418914,82.7875,81.99315032958984,81.44077011108398,0.021066939347864567,0.013717701481969075,-0.16940218555817443,78144700.0,60.12325908741475,0.01530987563838282,0.0014844854239022265,1
2019-03-12,83.65499877929688,83.65499877929688,84.2135009765625,83.04900360107422,83.44999694824219,72290000,AMZN,0.0014844854239022265,-0.011421439589509363,0.05160270986876281,82.59420013427734,82.19840011596679,81.65223007202148,0.021159788270012185,0.013718718627401112,-0.06756268702920232,78441900.0,62.1671740069006,0.06082156147644141,0.010585118161452245,1
2019-03-13,84.54049682617188,84.54049682617188,85.0,83.96749877929688,84.1500015258789,71040000,AMZN,0.010585118161452245,0.013097991694910993,0.03223422900080131,82.81279907226562,82.33040008544921,81.86501998901367,0.020581624821184558,0.01234542511837026,-0.017291464932909117,77135300.0,65.88612177967495,0.13904467750645344,-0.002714673150861824,0
2019-03-14,84.31099700927734,84.31099700927734,85.0999984741211,84.21700286865234,84.55999755859375,58932000,AMZN,-0.002714673150861824,0.0370675159297833,0.02818289035704069,83.41549835205078,82.44594993591309,82.04926986694336,0.014175414998871998,0.012384086307972029,-0.1704391891891892,76521600.0,62.58865534848906,0.1621966294818709,0.015502120161135613,1
2019-03-15,85.61799621582031,85.61799621582031,85.94000244140625,84.65650177001953,85.1500015258789,151018000,AMZN,0.015502120161135613,0.056490563284480766,0.05528606338850728,84.33109741210937,82.67022476196288,82.22249984741211,0.013120512205963806,0.012422395803346923,1.5625806013710717,79952000.0,66.4102497761348,0.24730347836058542,0.017397066258948213,1
2019-03-18,87.10749816894531,87.10749816894531,87.5,85.63150024414062,85.63500213623047,108582000,AMZN,0.017397066258948213,0.042816439582320065,0.08346029616446837,85.04639739990235,83.00572471618652,82.46436981201173,0.00876797353238181,0.012505088609586362,-0.2809996159398217,81037200.0,69.7155055532829,0.37786425897748466,0.011307873960989534,1
2019-03-19,88.09249877929688,88.09249877929688,89.20800018310547,87.67549896240234,87.67549896240234,127284000,AMZN,0.011307873960989534,0.05304524612697992,0.08249672713881617,85.93389739990235,83.34139976501464,82.65082977294922,0.007871507490155966,0.012475917533447248,0.17223849256782886,83719700.0,71.32063455459357,0.4970131453885209,0.02010391063581385,1
2019-03-20,89.8635025024414,89.8635025024414,89.9749984741211,88.35150146484375,88.49700164794922,125312000,AMZN,0.02010391063581385,0.0629639743804018,0.10798962804998213,86.99849853515624,83.77932472229004,82.81858978271484,0.008993852739996061,0.01284057087872872,-0.015492913484805637,86647700.0,74.80463744758639,0.651791385004696,0.012235166707998735,1
2019-03-21,90.96299743652344,90.96299743652344,91.1875,89.36399841308594,89.81300354003906,115356000,AMZN,0.012235166707998735,0.07889837225521279,0.12338829841662635,88.32889862060547,84.2788745880127,82.9812696838379,0.0036347608082249764,0.012825326270370854,-0.07944969356486209,88932100.0,73.99250783163863,0.7764479953137056,-0.029951683771010984,0
2019-03-22,88.2385025024414,88.2385025024414,90.9489974975586,88.15550231933594,90.5084991455078,127260000,AMZN,-0.029951683771010984,0.030606956509651173,0.0816457786849063,88.85299987792969,84.6118995666504,83.08661972045898,0.020543546259981525,0.015111831970175614,0.10319359201081868,92198900.0,60.162968461990225,0.6298824645390051,0.005377413721055602,1
2019-03-25,88.71299743652344,88.71299743652344,89.13400268554688,87.375,87.8895034790039,102076000,AMZN,0.005377413721055602,0.01843124072355118,0.08650331633375319,89.17409973144531,84.96504936218261,83.20465972900391,0.019589544696975436,0.01509580882266349,-0.1978940751217979,94118200.0,61.91989316836784,0.5237197879041304,0.0053544138654035844,1
2019-03-26,89.18800354003906,89.18800354003906,90.28849792480467,88.66799926757812,89.6500015258789,97318000,AMZN,0.0053544138654035844,0.012435846138123763,0.09005137952452147,89.39320068359375,85.33344955444336,83.34785980224609,0.019197222594351197,0.015088631374281613,-0.04661232806928173,96318300.0,67.43403202090178,0.44728501875026927,-0.01012467867973188,0
2019-03-27,88.28500366210938,88.28500366210938,89.375,87.28399658203125,89.20649719238281,86496000,AMZN,-0.01012467867973188,-0.017565516548713966,0.07593132786867418,89.07750091552734,85.644974899292,83.49634994506836,0.016943671487364823,0.015435088770425043,-0.11120244970098025,97494300.0,72.96029594034664,0.304529387484926,0.00437213503435796,1
2019-03-28,88.6709976196289,88.6709976196289,88.89649963378906,87.67350006103516,88.5,60860000,AMZN,0.00437213503435796,-0.025197056841645415,0.08146572139215524,88.61910095214844,85.97894973754883,83.5952099609375,0.015423927996472093,0.015398138787878327,-0.29638364779874216,97511400.0,74.86478880802348,0.20925510195985964,0.004133266392968293,1
2019-03-29,89.0374984741211,89.0374984741211,89.64299774169922,88.83149719238281,89.3290023803711,66416000,AMZN,0.004133266392968293,0.009054958425406046,0.06521383553078941,88.77890014648438,86.25149955749512,83.69217987060547,0.006702372446623383,0.014965833141131448,0.09129148866250403,95857300.0,70.8256291997627,0.1470147005576945,0.018778657625842854,1
2019-04-01,90.70950317382812,90.70950317382812,90.78350067138672,89.9365005493164,90.00550079345703,84776000,AMZN,0.018778657625842854,0.022505222402537273,0.06958029942371469,89.1782012939453,86.54654960632324,83.81314987182617,0.010230372892356055,0.015159474825468705,0.2764394121898337,93928700.0,73.88362875929363,0.19172117170599323,-0.00011581671050930886,0
2019-04-02,90.6989974975586,90.6989974975586,91.0,90.25599670410156,90.5510025024414,68962000,AMZN,-0.00011581671050930886,0.01694167261902213,0.07181980377963004,89.48040008544922,86.85042457580566,83.93092987060547,0.010407489580517702,0.01512541053420971,-0.18653864301217327,93695300.0,72.16324217525174,0.19330543069681916,0.003704629310371743,1
2019-04-03,91.03500366210938,91.03500366210938,91.5,90.4810028076172,91.33599853515624,78522000,AMZN,0.003704629310371743,0.0311491180373622,0.09092544811577574,90.03040008544922,87.22979965209962,84.11945999145507,0.007279221954977925,0.014557732687087523,0.13862706998056895,93625400.0,74.01429638764715,0.18945146703733373,-0.001010631789435723,0
2019-04-04,90.94300079345705,90.94300079345705,91.4375,90.20999908447266,91.03250122070312,72478000,AMZN,-0.001010631789435723,0.02562284438903384,0.11864448612430434,90.48480072021485,87.71207466125489,84.29830001831054,0.007977027217489809,0.012798628247780846,-0.07697205878607272,92292300.0,70.82518527447604,0.15464462711258053,0.0101271962833136,1
2019-04-05,91.86399841308594,91.86399841308594,91.9290008544922,91.2594985961914,91.4499969482422,72810000,AMZN,0.0101271962833136,0.03174505110098491,0.13356363987262365,91.05010070800782,88.2532745361328,84.48065002441406,0.008241787833900727,0.012658343450097384,0.004580700350451217,91265800.0,69.46751334276772,0.16655661428772417,0.00684705448924583,1
2019-04-08,92.49299621582033,92.49299621582033,92.51000213623048,91.25550079345705,91.6614990234375,75056000,AMZN,0.00684705448924583,0.019661589795883616,0.10728948744471323,91.40679931640625,88.70137443542481,84.6599398803711,0.004683529972935048,0.011290559074451995,0.03084741106990796,91142200.0,68.5510555905776,0.1881122487793585,-0.007578913297284995,0
2019-04-09,91.79199981689452,91.79199981689452,92.65450286865234,91.58899688720705,92.27449798583984,74288000,AMZN,-0.007578913297284995,0.012050875417507712,0.09726855724503825,91.62539978027344,89.10822448730468,84.85788986206055,0.006935370165286866,0.011623243387651173,-0.010232359837987648,91242100.0,58.93609138448391,0.12927648389427016,0.006258726672734971,1
2019-04-10,92.3665008544922,92.3665008544922,92.4000015258789,91.44049835205078,92.0500030517578,59280000,AMZN,0.006258726672734971,0.014626211224474606,0.09257106738338416,91.89169921875,89.4995246887207,85.11133987426757,0.007144739331092471,0.011548291486289088,-0.20202455309067413,90654100.0,56.83601878827521,0.10424183468444204,-0.001764730856449126,0
2019-04-11,92.20349884033205,92.20349884033205,92.49749755859376,92.0155029296875,92.43499755859376,53096000,AMZN,-0.001764730856449126,0.01386030849958142,0.09361177202288617,92.143798828125,89.89414978027344,85.28497985839844,0.007255780543989392,0.011518972007588679,-0.10431848852901482,90362300.0,75.73332805165477,0.0544021175740208,-0.0005476903050047888,0
2019-04-12,92.15299987792967,92.15299987792967,92.5749969482422,92.06500244140624,92.41999816894533,62288000,AMZN,-0.0005476903050047888,0.003145970889969041,0.0763274539342913,92.20159912109375,90.22089996337891,85.4093098449707,0.0060175046251496,0.011272066415270746,0.17312038571643806,85925800.0,73.62634483539162,-0.0013165667101309175,0.0009820611162911774,1
2019-04-15,92.24349975585938,92.24349975585938,92.34249877929688,90.94499969482422,92.0999984741211,74488000,AMZN,0.0009820611162911774,-0.002697463269313749,0.05896164733089648,92.15169982910156,90.4777000427246,85.62794982910157,0.004989618986058658,0.010814021032976179,0.19586437194965312,84221100.0,72.15570121087637,-0.04879799091048698,0.009848939749589336,1
2019-04-16,93.1520004272461,93.1520004272461,93.4885025024414,92.4000015258789,92.56749725341795,60892000,AMZN,0.009848939749589336,0.014816112657578984,0.05743396677423207,92.42369995117187,90.73067512512208,85.85767990112305,0.004921336218553644,0.010759275583004673,-0.1825260444635377,80901500.0,85.26293794892105,-0.036313285225117564,0.0009553942674214166,1
2019-04-17,93.24099731445312,93.24099731445312,93.82350158691406,93.02200317382812,93.64949798583984,57870000,AMZN,0.0009553942674214166,0.0094676798608897,0.03758472258434353,92.59859924316406,90.89954986572266,86.0636898803711,0.00459189066549548,0.009965977311903802,-0.049628851080601666,77529400.0,84.6001795284428,-0.03911349164003286,-0.001678383384266291,0
2019-04-18,93.08450317382812,93.08450317382812,93.54100036621094,92.9739990234375,93.4394989013672,54998000,AMZN,-0.001678383384266291,0.00955499893796552,0.023322733387113104,92.77480010986328,91.0056251525879,86.28511993408203,0.004574817555530141,0.009687858619757801,-0.04962847762225675,74511500.0,81.64686931360517,-0.06692470971919051,0.01376167016316665,1
2019-04-22,94.3655014038086,94.3655014038086,94.4209976196289,92.28199768066406,92.7699966430664,67476000,AMZN,0.01376167016316665,0.02400900164736597,0.0694367960426081,93.21730041503906,91.31197509765624,86.55805999755859,0.006654453959188509,0.006787005616572521,0.22688097749009062,71522300.0,80.4514345629583,-0.01706449555943146,0.019318479950358514,1
2019-04-23,96.1884994506836,96.1884994506836,96.46299743652344,94.47899627685548,94.55999755859376,92808000,AMZN,0.019318479950358514,0.0427672378570354,0.08426614171738578,94.00630035400391,91.68575019836426,86.89360992431641,0.008761386996549166,0.007662007265044002,0.3754223723990753,71058900.0,85.1193683667967,0.11349296830661015,-0.01144625325368731,0
2019-04-24,95.0875015258789,95.0875015258789,96.4844970703125,94.90799713134766,96.25,73516000,AMZN,-0.01144625325368731,0.020777880128773907,0.06614676583932488,94.39340057373047,91.98072509765625,87.20435989379882,0.012347879203362904,0.008400453094169182,-0.20787001120593052,69868800.0,73.61462698537579,0.10092460157429262,0.00026293177839042947,1
2019-04-25,95.1125030517578,95.1125030517578,96.12249755859376,95.0155029296875,95.8499984741211,121982000,AMZN,0.00026293177839042947,0.02007170441338224,0.07733475795933709,94.7677017211914,92.32210006713868,87.46860000610351,0.012396904301346115,0.007832509434734352,0.6592578486315903,71643100.0,74.48764606198301,0.07093521840405437,0.02543302552920257,1
2019-04-26,97.53150177001952,97.53150177001952,97.5500030517578,94.9000015258789,96.4499969482422,168652000,AMZN,0.02543302552920257,0.04777378021653034,0.09992561703658076,95.65710144042968,92.7651252746582,87.77923004150391,0.01493727592641026,0.009213162140202177,0.3825974324080601,77032700.0,78.3050162891269,0.1842164049450461,-0.006254395751948416,0
2019-04-29,96.92150115966795,96.92150115966795,97.81700134277344,96.70449829101562,97.4499969482422,80426000,AMZN,-0.006254395751948416,0.027086167273373984,0.08854699222977791,96.16830139160155,93.15932540893553,88.09501007080078,0.016132553752526643,0.009540508639600593,-0.5231245404738751,77733200.0,72.15917723814326,0.18763489467471484,-0.006144196629405685,0
2019-04-30,96.32599639892578,96.32599639892578,96.7854995727539,95.34750366210938,96.50499725341795,70120000,AMZN,-0.006144196629405685,0.0014294530949896522,0.061917362884621685,96.19580078124999,93.44015007019043,88.41358001708984,0.014612562487416937,0.009169465547132934,-0.12814264043965884,77000400.0,72.9290968186013,0.12251180493427594,-0.007786060129541195,0
2019-05-01,95.57599639892578,95.57599639892578,97.18199920654295,95.52749633789062,96.65450286865234,62340000,AMZN,-0.007786060129541195,0.005137319471097079,0.05377125476495448,96.29349975585936,93.68400001525879,88.69751998901367,0.0139492327330249,0.009464414427406483,-0.11095265259555054,76669300.0,65.94781603914129,0.007703286602599668,-0.005597598276473326,0
2019-05-02,95.04100036621094,95.04100036621094,96.07749938964844,94.09349822998048,95.66649627685548,79258000,AMZN,-0.005597598276473326,-0.0007517695702735638,0.044005015026642225,96.27919921875,93.88429985046386,88.97623992919922,0.014279695840259475,0.009637592048978348,0.2713827398139237,76706100.0,63.59674745863209,-0.1185251500050466,0.03242811755501651,1
2019-05-03,98.1230010986328,98.1230010986328,98.22000122070312,96.8000030517578,97.4499969482422,127632000,AMZN,0.03242811755501651,0.006064700305836057,0.07895055411116725,96.39749908447266,94.24329986572265,89.31925994873046,0.01740383403442844,0.011725699588571595,0.6103358651492594,79463800.0,72.1669629815968,-0.014195840538790971,-0.006068961956672836,0
2019-05-06,97.52749633789062,97.52749633789062,97.9499969482422,95.5250015258789,95.89900207519533,108356000,AMZN,-0.006068961956672836,0.006252432855165413,0.06165089722458594,96.5186981201172,94.52647476196287,89.63824981689453,0.017383819811420446,0.011829722529082229,-0.15102795537169367,81241100.0,68.91059771538546,-0.005483971335696669,-0.015149504925400237,0
2019-05-07,96.0500030517578,96.0500030517578,97.45500183105467,95.16899871826172,96.99949645996094,118042000,AMZN,-0.015149504925400237,-0.0028652010618709367,0.038457039791830905,96.4634994506836,94.70432510375976,89.92624984741211,0.018767879367147283,0.012464730225089614,0.08939052752039567,83390400.0,59.965630960470335,-0.11343389997566966,-0.0016814851400367425,0
2019-05-08,95.88849639892578,95.88849639892578,96.76850128173828,95.5,95.94349670410156,81572000,AMZN,-0.0016814851400367425,0.003269649407531716,0.04462803501615498,96.5259994506836,94.90914993286131,90.20761978149415,0.018364321617117565,0.012295766914843728,-0.30895782856949217,83754600.0,59.05902451274981,-0.20460453839504744,-0.009333722778829934,0
2019-05-09,94.99349975585938,94.99349975585938,95.47000122070312,93.8000030517578,95.0,106166000,AMZN,-0.009333722778829934,-0.0004997907236722332,0.028441035192028785,96.51649932861328,95.04049987792968,90.4663998413086,0.018760735716314165,0.012520911250998811,0.3015005148825578,86098900.0,56.2178256794193,-0.3268222097349067,-0.005205610992477072,0
2019-05-10,94.4990005493164,94.4990005493164,95.1894989013672,92.8000030517578,94.9000015258789,114360000,AMZN,-0.005205610992477072,-0.03693324204050341,0.02489603689507991,95.79169921875,95.1552749633789,90.71654983520507,0.005075527892871451,0.012591239283728923,0.07718101840513913,89162100.0,50.45830325647277,-0.43578900285239675,-0.035608819608768605,0
2019-05-13,91.13400268554688,91.13400268554688,92.3270034790039,90.9000015258789,91.8280029296875,115668000,AMZN,-0.035608819608768605,-0.06555580623328072,-0.011057667072505661,94.51300048828125,95.10432510375975,90.8674998474121,0.013391215040735312,0.015061224058847095,0.011437565582371523,91831100.0,34.30913864784935,-0.7129334498653248,0.009568262041155462,1
2019-05-14,92.00599670410156,92.00599670410156,92.62200164794922,90.7874984741211,91.9749984741211,92582000,AMZN,0.009568262041155462,-0.04210313606629523,-0.0025747402514693096,93.70419921875,95.09244995117186,91.01144973754883,0.016728561227972043,0.015225613764369407,-0.19958847736625518,92735800.0,40.29599802027295,-0.8089401792372597,0.01686309695084609,1
2019-05-15,93.55750274658205,93.55750274658205,93.72149658203124,91.1500015258789,91.39749908447266,93852000,AMZN,0.01686309695084609,-0.02430941916792695,0.004353125187608331,93.23800048828124,95.11272506713865,91.19016983032226,0.020283140848371458,0.015542361020423487,0.013717569289926734,94383800.0,45.5326351265159,-0.7411718568120749,0.019463956305463936,1
2019-05-16,95.37850189208984,95.37850189208984,95.87550354003906,94.114501953125,94.2969970703125,94156000,AMZN,0.019463956305463936,0.004052931381830938,0.022924514314535127,93.31500091552735,95.2196002960205,91.42878982543945,0.022609094487608526,0.01612167053240443,0.003239142479648738,96198100.0,43.59454983575422,-0.555417331378318,-0.020219492921261573,0
2019-05-17,93.4499969482422,93.4499969482422,95.52649688720705,93.3665008544922,94.65249633789062,94732000,AMZN,-0.020219492921261573,-0.011100684610169553,0.003926472849423046,93.1052001953125,95.2378749847412,91.67183975219727,0.02455526579697936,0.01681744085491605,0.006117507115850351,98184800.0,40.4231746305694,-0.5434675818492871,-0.005366456690265031,0
2019-05-20,92.94850158691406,92.94850158691406,93.38899993896484,91.7770004272461,92.6344985961914,75964000,AMZN,-0.005366456690265031,0.01991022941928744,-0.01501607892518797,93.46809997558594,95.16702499389648,91.910009765625,0.01665753550807618,0.01655525388214845,-0.19811679263606807,98609200.0,40.633937476224894,-0.5487746339625819,-0.0007800247985996211,0
2019-05-21,92.8759994506836,92.8759994506836,93.9499969482422,92.3000030517578,93.739501953125,80102000,AMZN,-0.0007800247985996211,0.009455935240612945,-0.034437588889702275,93.64210052490235,95.00139999389647,92.09690979003906,0.016443845395516132,0.015876972261008072,0.054473171502290585,97973900.0,42.2203727249865,-0.5359915967683847,0.0011628591845378455,1
2019-05-22,92.98400115966795,92.98400115966795,93.57450103759766,92.5500030517578,92.58899688720705,58732000,AMZN,0.0011628591845378455,-0.006129936884565312,-0.022121733481854755,93.52740020751953,94.89622497558592,92.28348983764648,0.014246450765101695,0.015716246554053837,-0.26678484931712065,97234700.0,43.92355281098923,-0.4997991830114882,-0.023767519755121258,0
2019-05-23,90.77400207519533,90.77400207519533,92.1999969482422,90.20999908447266,91.82949829101562,88486000,AMZN,-0.023767519755121258,-0.0482760761130846,-0.04561441279914136,92.60650024414062,94.6792999267578,92.40815994262695,0.011454887699124805,0.01651293862781606,0.5066062793707009,95559900.0,27.111627531210956,-0.5976217436032003,0.004296377605180091,1
2019-05-24,91.16400146484376,91.16400146484376,92.08799743652344,90.89250183105467,91.79450225830078,67394000,AMZN,0.004296377605180091,-0.02446223176084794,-0.06528660165810218,92.14930114746093,94.36092491149903,92.54522003173828,0.011118748721322298,0.015281658253959511,-0.23836539113532085,90497000.0,29.923978021406683,-0.6070263441567603,0.007212290050219838,1
2019-05-28,91.82150268554688,91.82150268554688,92.4635009765625,91.36750030517578,91.6374969482422,64000000,AMZN,0.007212290050219838,-0.01212498192144984,-0.052619887363479556,91.9239013671875,94.10592498779297,92.6692901611328,0.012340215804704987,0.015438608522542743,-0.05036056622251239,89675700.0,35.93173169473695,-0.5420643978456006,-0.009387773958249856,0
2019-05-29,90.95950317382812,90.95950317382812,91.5,90.37650299072266,91.15599822998048,85580000,AMZN,-0.009387773958249856,-0.020635000303529605,-0.05571178524718068,91.54060211181641,93.83760032653808,92.74633026123047,0.012658362689484287,0.015494890738195695,0.3371875,90448700.0,34.33150743270734,-0.5296318657505429,-0.001577639243082074,0
2019-05-30,90.81600189208984,90.81600189208984,91.47350311279295,90.3915023803711,91.27449798583984,62938000,AMZN,-0.001577639243082074,-0.023315831116530683,-0.04980324230121691,91.10700225830078,93.59960060119629,92.80080032348633,0.012430978735830212,0.015450771423231724,-0.26457116148632853,90478600.0,36.05408910561746,-0.5037154700484374,-0.022710755340790256,0
2019-05-31,88.75350189208984,88.75350189208984,89.77950286865234,88.63500213623047,89.50050354003906,92376000,AMZN,-0.022710755340790256,-0.02225857775260076,-0.06615564282671871,90.7029022216797,93.28522567749023,92.77860031127929,0.012026990716758498,0.016095400886575673,0.4677301471289206,91134500.0,32.63727882574054,-0.5920241757719766,-0.04640947352034053,0
2019-06-03,84.6344985961914,84.6344985961914,88.31449890136719,83.5999984741211,88.00050354003906,181974000,AMZN,-0.04640947352034053,-0.07162369755314413,-0.1374652461850694,89.39700164794922,92.61080055236816,92.65203033447266,0.020917390654222313,0.01653452255216105,0.9699272538321642,93851600.0,31.214770928620737,-0.8771895670106984,0.02178187690076805,1
2019-06-04,86.47799682617188,86.47799682617188,86.54100036621094,84.04450225830078,84.96199798583984,113582000,AMZN,0.02178187690076805,-0.05819449369800056,-0.1132962490233217,88.32830047607422,92.05832557678222,92.61682022094726,0.025272619774031863,0.01776492024698544,-0.3758339103388396,94112900.0,34.87221158351069,-0.8882798636091216,0.005169016882808464,1
2019-06-05,86.92500305175781,86.92500305175781,87.5999984741211,85.76249694824219,87.4800033569336,84796000,AMZN,0.005169016882808464,-0.04435490499942796,-0.09500259979255654,87.52140045166016,91.60207557678223,92.58106033325195,0.026412667086923632,0.017785632271264267,-0.2534380447606135,92450600.0,30.681865150492172,-0.8141001167011898,0.009122798271355315,1
2019-06-06,87.71800231933594,87.71800231933594,88.0,86.30650329589844,86.885498046875,73786000,AMZN,0.009122798271355315,-0.03411292622675721,-0.08520828239498157,86.90180053710938,91.19355087280273,92.5516603088379,0.027548127281008403,0.018048329693316316,-0.12984103023727533,92061300.0,26.26640010173456,-0.6664274169092712,0.02831229113708922,1
2019-06-07,90.20149993896484,90.20149993896484,90.3125,87.97450256347656,88.18499755859375,96164000,AMZN,0.02831229113708922,0.016314827201246995,-0.05044555500334591,87.19140014648437,90.95395088195801,92.589990234375,0.02947536440413466,0.019406232426342433,0.3032824655083619,91561200.0,40.27017651782332,-0.371029426582401,0.03137422141504964,1
2019-06-10,93.03150177001952,93.03150177001952,94.24349975585938,90.9000015258789,91.0999984741211,107420000,AMZN,0.03137422141504964,0.09921489833468433,-0.015529251852045123,88.87080078125,90.88057594299316,92.67720031738281,0.011579276604230124,0.020801888838801127,0.11705003951582715,91214200.0,50.218168793941054,0.02443340355323098,0.001649933470424969,1
2019-06-11,93.18499755859376,93.18499755859376,94.68499755859376,92.9000015258789,94.1624984741211,80854000,AMZN,0.001649933470424969,0.07755730912573666,0.022505264913291967,90.21220092773437,90.98312568664551,92.76015029907227,0.013735604149438087,0.019097847042692722,-0.2473096257680134,89473500.0,50.80876835010143,0.29102007018182063,-0.004496418192190821,0
2019-06-12,92.76599884033205,92.76599884033205,93.25,92.21900177001952,92.6989974975586,53566000,AMZN,-0.004496418192190821,0.06719580769064026,0.008260354362278344,91.38040008544922,91.02112579345705,92.80128021240235,0.015983383705290965,0.0190357426024961,-0.33749721720632253,87522700.0,49.43854356936492,0.425656185110192,0.008074084887562893,1
2019-06-13,93.51499938964844,93.51499938964844,94.15450286865234,93.11100006103516,93.33599853515624,55916000,AMZN,0.008074084887562893,0.0660867429379961,-0.00045430196067475226,92.53979949951172,91.01900062561036,92.85760025024415,0.016056852872122572,0.018739308585818053,0.04387111227271023,85625900.0,57.63381292029016,0.5440992309699538,-0.00033686328637261287,0
2019-06-14,93.4834976196289,93.4834976196289,93.8000030517578,92.9499969482422,93.1999969482422,57024000,AMZN,-0.00033686328637261287,0.036385178548969055,-0.019868253693111293,93.19619903564453,90.92425041198732,92.90657012939454,0.014226355032489492,0.018179639792292007,0.019815437441877082,83769300.0,56.591535578607925,0.5951338478359548,0.008750215966301989,1
2019-06-17,94.30149841308594,94.30149841308594,94.78450012207033,93.77249908447266,93.8249969482422,52686000,AMZN,0.008750215966301989,0.013651253810842867,0.009111840477804778,93.45019836425783,90.9668254852295,92.97374008178711,0.005647909817141309,0.017702530439715033,-0.07607323232323238,81667000.0,56.983934231242564,0.6540996869659139,0.008133468756305495,1
2019-06-18,95.06849670410156,95.06849670410156,96.08350372314452,94.989501953125,95.06749725341795,77914000,AMZN,0.008133468756305495,0.020212471909155427,0.02280827642181138,93.82689819335937,91.07282524108888,93.03783004760743,0.006067179928913485,0.01772027627997915,0.478836882663326,81764500.0,61.63361460419608,0.7101998897819556,0.0039024725343073108,1
2019-06-19,95.4394989013672,95.4394989013672,95.97899627685548,94.62349700927734,95.39199829101562,57906000,AMZN,0.0039024725343073108,0.028819827247661634,0.02760131213494832,94.36159820556641,91.20100021362306,93.09676010131835,0.0038902628669679837,0.017722578027322817,-0.2567959545139513,80654700.0,62.92381782268762,0.734672867148704,0.004924598579345574,1
2019-06-20,95.90950012207033,95.90950012207033,96.76000213623048,95.29000091552734,96.66649627685548,64344000,AMZN,0.004924598579345574,0.02560552583061826,0.03146239058242761,94.84049835205079,91.34727516174317,93.17911010742188,0.003658795866214386,0.017738623107548895,0.11118018858149425,80935300.0,71.95764247813136,0.7426830167345098,-0.0035919036198251986,0
2019-06-21,95.56500244140624,95.56500244140624,96.29750061035156,95.37899780273438,95.80500030517578,78672000,AMZN,-0.0035919036198251986,0.02226601351873536,0.05277943306104471,95.25679931640624,91.58682518005372,93.24308013916016,0.004930862081195018,0.016760760006583317,0.2226781051846325,80444600.0,93.65042803946388,0.6862825376359918,0.0013603018897812014,1
2019-06-24,95.69499969482422,95.69499969482422,95.84300231933594,95.06500244140624,95.63300323486328,45660000,AMZN,0.0013603018897812014,0.014777085255146982,0.049701616396552906,95.5354995727539,91.81337509155273,93.31291015625,0.004387429377155209,0.016758988789539738,-0.41961561928004876,79357900.0,92.64367329217518,0.6211843120935574,-0.01861645619625729,0
2019-06-25,93.91349792480467,93.91349792480467,95.81950378417967,93.62100219726562,95.59200286865234,60246000,AMZN,-0.01861645619625729,-0.012149122152333991,0.022783282543546113,95.30449981689453,91.91797485351563,93.3481201171875,0.009642416351871788,0.01736602740524084,0.31944809461235213,79170200.0,78.77938431956544,0.43064385737063426,0.010413885939479117,1
2019-06-26,94.8915023803711,94.8915023803711,95.19000244140624,94.36599731445312,94.6240005493164,48838000,AMZN,0.010413885939479117,-0.005741821020691207,0.043228019825797936,95.19490051269531,92.11457481384278,93.40108016967774,0.011044843206835651,0.017290643997590987,-0.1893569697573283,77333100.0,79.09787894599026,0.3465908052529083,0.0033985604479445097,1
2019-06-27,95.21399688720705,95.21399688720705,95.56199645996094,94.9020004272461,95.0999984741211,42834000,AMZN,0.0033985604479445097,-0.007251661555717326,0.04842753373291009,95.05579986572266,92.33447456359863,93.44232009887695,0.01085614919856774,0.0172682809096419,-0.12293705720954995,76327900.0,74.65446123271164,0.2910651298768978,-0.005592597818778855,0
2019-06-28,94.68150329589844,94.68150329589844,95.64700317382812,94.1999969482422,95.45500183105467,60748000,AMZN,-0.005592597818778855,-0.009245007303269825,0.06679174655008091,94.8791000366211,92.63087463378906,93.47113021850586,0.010992819043612443,0.016352339258931405,0.4182191716860437,74746500.0,60.485535837746085,0.20110386990760354,0.015082077541072714,1
2019-07-01,96.1094970703125,96.1094970703125,96.49099731445312,95.73300170898438,96.14900207519533,63842000,AMZN,0.015082077541072714,0.004331442361775739,0.13558299114963357,94.96199951171874,93.20462455749512,93.53163009643555,0.01342504341186227,0.011587571532234785,0.05093171791663931,68839900.0,65.99400496026091,0.21893033777071624,0.006305337412949141,1
2019-07-02,96.71549987792967,96.71549987792967,96.739501953125,95.3314971923828,95.96900177001952,52918000,AMZN,0.006305337412949141,0.0298359875315104,0.11838274968760021,95.52239990234375,93.71649971008301,93.57863006591796,0.007797190455981236,0.0110116142985575,-0.17110992763384603,65806700.0,71.16675594008969,0.25042504263661947,0.0024246069203850418,1
2019-07-03,96.9499969482422,96.9499969482422,97.07949829101562,96.5250015258789,96.79450225830078,33806000,AMZN,0.0024246069203850418,0.02169313917720128,0.11532923260888706,95.93409881591796,94.21774940490722,93.59386001586914,0.0074576298890140355,0.011035220191538077,-0.36116255338448167,63257200.0,69.48384885554569,0.26455633160893366,0.002016536782024403,1
2019-07-05,97.14550018310548,97.14550018310548,97.29499816894533,96.26499938964844,96.43000030517578,52568000,AMZN,0.002016536782024403,0.02028591760711973,0.10747506343622493,96.32039947509766,94.6891242980957,93.63501998901367,0.007525785844609957,0.011027842895467386,0.5549902384192156,62196300.0,70.39206589548401,0.2639723094899783,0.004843221049465107,1
2019-07-08,97.61599731445312,97.61599731445312,97.8000030517578,96.4124984741211,96.70600128173828,57668000,AMZN,0.004843221049465107,0.03099331882578804,0.08219926919735632,96.9072982788086,95.05984916687012,93.68508987426758,0.005302750659475976,0.00959128360444367,0.09701719677370257,60271500.0,69.20005020568395,0.27114345261480155,0.018429393240526393,1
2019-07-09,99.41500091552734,99.41500091552734,99.50050354003906,97.17400360107422,97.38999938964844,86914000,AMZN,0.018429393240526393,0.03439310313731614,0.06861653336832396,97.56839904785156,95.37902412414552,93.72275985717773,0.00673316370867119,0.007941786979904374,0.5071443434833878,59246200.0,72.48930809963238,0.3669636483889862,0.014640624938845548,1
2019-07-10,100.87049865722656,100.87049865722656,101.24700164794922,99.7699966430664,99.82550048828124,98638000,AMZN,0.014640624938845548,0.04296104331302808,0.08247573429188781,98.39939880371094,95.76329917907715,93.80173980712891,0.007559986980184007,0.008317454653744451,0.13489196216950083,60135400.0,75.26519776257103,0.49056617411160697,-0.008099507325226352,0
2019-07-11,100.05349731445312,100.05349731445312,101.79000091552734,99.76499938964844,101.28099822998048,86356000,AMZN,-0.008099507325226352,0.032011350839626695,0.07855786134167819,99.02009887695313,96.1276741027832,93.87628982543946,0.010541376363319583,0.008547096467898328,-0.12451590664855328,61774900.0,68.67508984061777,0.4789589952298916,0.0049624026209122984,1
2019-07-12,100.5500030517578,100.5500030517578,100.8499984741211,100.19349670410156,100.41349792480467,50186000,AMZN,0.0049624026209122984,0.03504539955258146,0.07522861260787317,99.7009994506836,96.47942428588867,93.97576995849609,0.010317446100389762,0.008493797521745517,-0.4188475612580481,61488400.0,72.16147977907497,0.4659467692713659,0.004967642414728246,1
2019-07-15,101.04949951171876,101.04949951171876,101.1449966430664,100.07749938964844,101.06999969482422,59626000,AMZN,0.004967642414728246,0.03517356060201071,0.08093409087959946,100.38769989013672,96.85772438049317,94.09593994140624,0.01031122693202346,0.008444854200084779,0.18810026700673488,61618500.0,73.04697172002827,0.45186488340635567,-0.0054873776497271765,0
2019-07-16,100.49500274658205,100.49500274658205,101.31600189208984,100.06099700927734,100.52899932861328,52364000,AMZN,-0.0054873776497271765,0.010863570096150577,0.06567768739331781,100.60370025634765,97.16739959716797,94.14337997436523,0.009154717845618375,0.008615747185905031,-0.12179250662462682,61602400.0,81.67386440157702,0.3695574743834391,-0.008891002112726198,0
2019-07-17,99.60150146484376,99.60150146484376,100.5999984741211,99.60150146484376,100.35250091552734,51176000,AMZN,-0.008891002112726198,-0.012580459195458582,0.04768146039850696,100.3499008178711,97.39404983520508,94.1848600769043,0.006938596649371824,0.008939748292345284,-0.022687342449010717,60265500.0,72.85301270827239,0.2263255470696417,-0.007093314974039089,0
2019-07-18,98.8949966430664,98.8949966430664,99.375,97.57749938964844,99.00050354003906,69738000,AMZN,-0.007093314974039089,-0.011578812360208857,0.03620615972921559,100.11820068359376,97.56682472229004,94.24175994873048,0.006747913098310043,0.009175526614848531,0.36270908238236665,60857100.0,67.21864231121705,0.06383360181866293,-0.006764737761974948,0
2019-07-19,98.22599792480467,98.22599792480467,99.8000030517578,98.11150360107422,99.5605010986328,63712000,AMZN,-0.006764737761974948,-0.023112929452193565,0.024152954606019073,99.65339965820313,97.68264961242676,94.28850997924805,0.005514258316329599,0.009338204419411768,-0.08640913132008377,60825500.0,66.37104276491966,-0.09996399105702558,0.010745666804249376,1
2019-07-22,99.28150177001952,99.28150177001952,99.4499969482422,97.91300201416016,98.55699920654295,58000000,AMZN,0.010745666804249376,-0.01749635327480481,0.03888975287676022,99.29980010986328,97.86847457885742,94.37427001953125,0.008054843333398816,0.009497101028778088,-0.08965344048216972,59791900.0,65.17268485370002,-0.14571183508312657,0.004462067812826209,1
2019-07-23,99.72450256347656,99.72450256347656,99.8895034790039,98.65650177001952,99.79949951171876,54070000,AMZN,0.004462067812826209,-0.007667049724337516,0.042107768237657384,99.14570007324218,98.06994972229003,94.47878005981445,0.008647713786669805,0.009512239440859127,-0.06775862068965521,60212400.0,64.62099216152649,-0.15382661305314405,0.003168672237739978,1
2019-07-24,100.04049682617188,100.04049682617188,100.06500244140624,98.2935028076172,98.46499633789062,52626000,AMZN,0.003168672237739978,0.00440751750597923,0.06524087630377706,99.2334991455078,98.3762996673584,94.65690994262695,0.0077041154181561235,0.008166336192817406,-0.02670612169410025,59831400.0,64.8989932426765,-0.14568298233837362,-0.013489486526910066,0
2019-07-25,98.69100189208984,98.69100189208984,100.05999755859376,98.63600158691406,100.0500030517578,82730000,AMZN,-0.013489486526910066,-0.002062740865575119,0.04004046112041215,99.19270019531248,98.56627464294434,94.79061004638672,0.009649385629008767,0.00878054061060181,0.5720366358834037,61526000.0,56.704707182905516,-0.2337313872829916,-0.015589116785757695,0
2019-07-26,97.15249633789062,97.15249633789062,97.54499816894533,96.22550201416016,97.0999984741211,98542000,AMZN,-0.015589116785757695,-0.010928894687696089,0.020359395824754323,98.97799987792969,98.66319961547852,94.8625099182129,0.011699351425395682,0.009608957160529117,0.19112776501873574,64311400.0,48.1597619370723,-0.3889849488511954,-0.015748424764872926,0
2019-07-29,95.62249755859376,95.62249755859376,96.61150360107422,94.5270004272461,96.5,89864000,AMZN,-0.015748424764872926,-0.0368548435125573,0.009938522625211554,98.24619903564454,98.71024932861329,94.86738983154297,0.010322759512527532,0.0102270456033903,-0.08806397272229105,65767200.0,34.613967959579085,-0.5767932944861796,-0.007278612913047433,0
2019-07-30,94.92649841308594,94.92649841308594,95.49449920654295,94.17400360107422,94.55599975585938,58218000,AMZN,-0.007278612913047433,-0.04811259045726102,-0.012308863257926461,97.2865982055664,98.65109939575196,94.89691986083984,0.008016436225644684,0.009765961657061213,-0.35215436659841537,65486000.0,24.301776959167526,-0.7206225874218601,-0.016723481350493508,0
2019-07-31,93.33899688720705,93.33899688720705,94.97750091552734,92.47200012207033,94.90550231933594,89414000,AMZN,-0.016723481350493508,-0.06698787142779994,-0.03491170489719131,95.94629821777345,98.48227424621582,94.9047297668457,0.0038132371242857307,0.010257425675095664,0.5358480195128654,67310800.0,22.783839330941575,-0.8845980474986072,-0.006138892274227259,0
2019-08-01,92.76599884033205,92.76599884033205,94.89600372314452,92.20050048828124,93.58599853515624,94266000,AMZN,-0.006138892274227259,-0.06003589930352804,-0.0431562479588713,94.76129760742188,98.27307434082032,94.90252975463868,0.005134456989899484,0.010253815103937995,0.05426443286286253,70333800.0,18.64321870591624,-0.9858454504184528,-0.01729077783786137,0
2019-08-02,91.16200256347656,91.16200256347656,92.31800079345705,90.4010009765625,92.25350189208984,99124000,AMZN,-0.01729077783786137,-0.06166072926813404,-0.061593152625194936,93.56319885253907,97.97389945983886,94.86608978271484,0.005453798071529392,0.010737998202791754,0.05153501792799098,72661600.0,13.424330307501492,-1.106017523432286,-0.03187185710749196,0
2019-08-05,88.25650024414062,88.25650024414062,89.43350219726562,87.43900299072266,88.51100158691406,121164000,AMZN,-0.03187185710749196,-0.07703205315192219,-0.09588077085523694,92.08999938964844,97.50592460632325,94.81573974609375,0.010335768360696319,0.01232612904765296,0.22234776643396148,75836400.0,11.435316631286454,-1.3122898318023664,0.01286026675758456,1
2019-08-06,89.3915023803711,89.3915023803711,89.6884994506836,87.66999816894531,89.61150360107422,101406000,AMZN,0.01286026675758456,-0.058308229264167455,-0.10082480956443574,90.98300018310547,97.00474967956544,94.7802897644043,0.016563817697635954,0.011822690751027898,-0.16306823809052196,76561000.0,18.3096456966079,-1.3008684354266669,0.0031154615501278737,1
2019-08-07,89.66999816894531,89.66999816894531,89.94650268554688,87.8499984741211,88.69950103759766,90538000,AMZN,0.0031154615501278737,-0.03930831528750445,-0.11103841695422034,90.24920043945312,96.44472465515136,94.73725967407226,0.01745179891736426,0.011059265125039389,-0.1071731455732402,76156000.0,20.58541194420974,-1.2052948626646542,0.022019656560675394,1
2019-08-08,91.64450073242188,91.64450073242188,91.71299743652344,89.90550231933594,90.3000030517578,74024000,AMZN,0.022019656560675394,-0.01208953842927385,-0.0840450040002404,90.0249008178711,96.0242748260498,94.75095962524414,0.022078284668759,0.012665083243266012,-0.18239855088471135,75539400.0,30.62726649641094,-0.9510041596630084,-0.013808825620453047,0
2019-08-09,90.37899780273438,90.37899780273438,91.55449676513672,90.11100006103516,91.44750213623048,57596000,AMZN,-0.013808825620453047,-0.008589157090937993,-0.10115370403109714,89.86829986572266,95.51572456359864,94.74221954345703,0.021532789047491688,0.012637803723373583,-0.22192802334378037,75909900.0,24.11535333736478,-0.8151650236176302,-0.0125360496687702,0
2019-08-12,89.24600219726562,89.24600219726562,90.04900360107422,88.8499984741211,89.79949951171875,58110000,AMZN,-0.0125360496687702,0.011211660901891296,-0.11680906260287105,90.06620025634766,94.92554969787598,94.75206954956055,0.01565764324874422,0.012498886580243581,0.008924230849364445,75834100.0,20.708337847602266,-0.7503757130771582,0.022085030397553274,1
2019-08-13,91.21700286865234,91.21700286865234,91.58699798583984,89.0,89.1500015258789,79880000,AMZN,0.022085030397553274,0.02042140963817274,-0.09232299740640848,90.43130035400391,94.46164970397949,94.88371963500977,0.017628107834510683,0.014002194970418706,0.37463431423162974,77209900.0,27.423699207798407,-0.5337153704939481,-0.033645045853565536,0
2019-08-14,88.14800262451172,88.14800262451172,89.78250122070312,87.86100006103516,89.65049743652344,97872000,AMZN,-0.033645045853565536,-0.016973297373844454,-0.11499323475936529,90.12690124511718,93.88897476196288,94.91711975097657,0.024504953716002902,0.01541168448052224,0.22523785678517783,79544700.0,25.20577940677255,-0.5536475392085867,0.007464685662255555,1
2019-08-15,88.80599975585938,88.80599975585938,89.4000015258789,88.0979995727539,89.09950256347656,75182000,AMZN,0.007464685662255555,-0.030972954774997175,-0.10201726305346281,89.55920104980468,93.38452491760253,94.9547396850586,0.021435800658016334,0.015697284115698346,-0.23183341507274813,79816900.0,29.523320375905172,-0.48171629293426843,0.009261785673171152,1
2019-08-16,89.62850189208984,89.62850189208984,90.14550018310548,89.22750091552734,89.64450073242188,60360000,AMZN,0.009261785673171152,-0.008303875113581105,-0.08752770360548034,89.40910186767579,92.9546501159668,94.99294967651367,0.021837640914343783,0.016021509963852428,-0.1971482535713336,79649300.0,34.76593115820765,-0.34438133865469545,0.013137538159314621,1
2019-08-19,90.80599975585938,90.80599975585938,91.3000030517578,90.63050079345705,90.90399932861328,56326000,AMZN,0.013137538159314621,0.01747974721764667,-0.08536839051642475,89.72110137939453,92.53087501525879,95.00503967285157,0.021603399925561012,0.01614930176572691,-0.06683233929754806,79565600.0,39.77771805170175,-0.14981201978762004,-0.008116198419710674,0
2019-08-20,90.06900024414062,90.06900024414062,90.84100341796876,89.99400329589844,90.7249984741211,38590000,AMZN,-0.008116198419710674,-0.012585401716879274,-0.09682176467303028,89.49150085449219,92.048099899292,94.94578964233398,0.019259089172265056,0.016033504190303655,-0.31488122714199485,78791600.0,41.53025851973724,-0.05140625320831482,0.012301698764070057,1
2019-08-21,91.177001953125,91.177001953125,91.47899627685548,90.75,90.96949768066406,40636000,AMZN,0.012301698764070057,0.03436265415469553,-0.0885990689195385,90.09730072021485,91.60492515563965,94.9056297302246,0.008651990522315347,0.01640289205651284,0.053018916817828554,78192100.0,45.99526907473913,0.09942830179817164,-0.010353490725939274,0
2019-08-22,90.23300170898438,90.23300170898438,91.47049713134766,90.00499725341797,91.4000015258789,53070000,AMZN,-0.010353490725939274,0.0160687561318833,-0.0857018372592222,90.38270111083985,91.18202514648438,94.85496978759765,0.011511772073691225,0.01632724606484219,0.3059848410276602,76709100.0,47.57807807210512,0.14403662105088544,-0.030498806969126657,0
2019-08-23,87.48100280761719,87.48100280761719,90.24500274658205,87.2614974975586,89.65149688720703,105416000,AMZN,-0.030498806969126657,-0.02396000199867432,-0.09954961421306718,89.95320129394531,90.69845046997071,94.73428985595703,0.018141431636522768,0.017185588280731592,0.9863576408517052,77052800.0,47.96195227191614,0.004015412785655759,0.011002318967479496,1
2019-08-26,88.44349670410156,88.44349670410156,88.5,87.17549896240234,88.34549713134766,61600000,AMZN,0.011002318967479496,-0.0260170369591175,-0.0750764834404497,89.48070068359375,90.3395004272461,94.63348983764648,0.0176344435590391,0.01735242990736307,-0.4156484784093496,75639600.0,47.48579478199781,-0.007346762659670603,-0.003979912470737479,0
2019-08-27,88.09149932861328,88.09149932861328,88.97000122070312,87.33399963378906,88.7864990234375,60394000,AMZN,-0.003979912470737479,-0.021955399861962932,-0.07200306762321729,89.08520050048828,89.99775047302246,94.50928985595704,0.017556351423870315,0.017332797955758487,-0.019577922077922083,75748400.0,45.82992204320256,-0.021343342189019898,0.0013735967509673763,1
2019-08-28,88.2125015258789,88.2125015258789,88.39299774169922,87.20249938964844,87.75,48394000,AMZN,0.0013735967509673763,-0.03251368616803363,-0.05492340321080491,88.49230041503907,89.74142570495606,94.37216995239258,0.015535984687754986,0.017081401935154047,-0.19869523462595617,73697400.0,39.94903903000771,-0.00602301782009218,0.012554889043934425,1
2019-08-29,89.31999969482422,89.31999969482422,89.92749786376953,88.86250305175781,89.1500015258789,60302000,AMZN,0.012554889043934425,-0.010118271551075364,-0.0371472219195208,88.30970001220703,89.56912574768066,94.24977996826172,0.017380646021358262,0.017390877664333743,0.24606356159854537,71999200.0,46.86964526780934,0.08983905318448748,-0.005659435682760394,0
2019-08-30,88.81449890136719,88.81449890136719,89.98699951171875,88.22850036621094,89.87449645996094,61174000,AMZN,-0.005659435682760394,0.015243264834109649,-0.02575090055173801,88.57639923095704,89.45175056457519,94.10787994384765,0.008391457204796232,0.01703452383348543,0.014460548572186704,70101700.0,48.67535368089509,0.12801529556511193,0.007628234940805445,1
2019-09-03,89.49199676513672,89.49199676513672,90.04000091552734,88.4000015258789,88.5,70860000,AMZN,0.007628234940805445,0.01185502722199061,0.013998929456509046,88.78609924316406,89.513525390625,93.98641983032226,0.0077000996247013915,0.015508390306876535,0.15833524046163405,67586500.0,44.24767413697303,0.2032383542658569,0.006022901313268436,1
2019-09-04,90.03099822998047,90.03099822998047,90.38150024414062,89.8115005493164,90.25,46482000,AMZN,0.006022901313268436,0.022016867872030943,0.007153877410944975,89.1739990234375,89.54550018310547,93.87313980102539,0.006890348569968401,0.015302779622494007,-0.344030482641829,64840300.0,57.55374369521571,0.28843658473574063,0.022270161635782104,1
2019-09-05,92.03600311279295,92.03600311279295,92.0999984741211,90.77899932861328,91.09750366210938,66216000,AMZN,0.022270161635782104,0.04334421449087178,0.026385691894293295,89.9386993408203,89.66380043029785,93.83558990478515,0.010166427856426047,0.016057933070069468,0.42455143926681305,63624200.0,61.6935922684071,0.4683203355568757,-0.00391699050586547,0
2019-09-06,91.67549896240234,91.67549896240234,92.03250122070312,91.31999969482422,91.91100311279295,49938000,AMZN,-0.00391699050586547,0.026371465244358072,0.00033824429979678605,90.40979919433593,89.66535034179688,93.77126983642579,0.011169008256161982,0.01533848397699417,-0.2458318231243204,62419900.0,57.66723057930595,0.5460926756941324,-0.0011780869502404645,0
2019-09-09,91.56749725341795,91.56749725341795,92.5,91.23049926757812,92.0500030517578,59990000,AMZN,-0.0011780869502404645,0.030997172602506007,0.01315017293373466,90.9603988647461,89.72477531433105,93.69833984375,0.010211573557301401,0.014990472810197738,0.20128959910288757,62539600.0,53.10068536855252,0.5706560675065411,-0.005897299060526384,0
2019-09-10,91.02749633789062,91.02749633789062,91.29049682617188,90.26699829101562,91.1374969482422,52278000,AMZN,-0.005897299060526384,0.017157954099333406,0.019961612809134666,91.26749877929687,89.8138500213623,93.62525970458984,0.011444229211717652,0.014752144845076106,-0.12855475912652103,62248000.0,53.96646287944899,0.5317116470073022,0.0013402724765312346,1
2019-09-11,91.14949798583984,91.14949798583984,91.6709976196289,90.4540023803711,90.60700225830078,48656000,AMZN,0.0013402724765312346,0.012423496105221643,-0.0007400471478952175,91.49119873046875,89.81047477722169,93.52605972290038,0.011373458069033908,0.013903356838490592,-0.06928344619151461,60686800.0,49.87606922522124,0.4960388696217164,0.011278173776550826,1
2019-09-12,92.17749786376952,92.17749786376952,92.68299865722656,91.71399688720705,91.88150024414062,56470000,AMZN,0.011278173776550826,0.0015373847862900636,0.045712836584879124,91.51949768066405,90.01194953918457,93.43529968261718,0.006707711107049343,0.011612306256308219,0.16059684314370282,58616700.0,58.69592364398397,0.5209748382326006,-0.0022835833039021036,0
2019-09-13,91.96700286865234,91.96700286865234,92.30599975585938,91.7584991455078,92.10050201416016,39426000,AMZN,-0.0022835833039021036,0.0031797362386818406,0.035594476966455346,91.57779846191406,90.16999969482421,93.3356398010254,0.006485550744549436,0.011588756858468705,-0.3018239773330972,56828900.0,75.96365373729077,0.502366753481519,-0.01712575737502442,0
2019-09-16,90.39199829101562,90.39199829101562,91.28450012207033,90.01000213623047,91.20099639892578,73510000,AMZN,-0.01712575737502442,-0.012837513284316038,0.008518455433351058,91.34269866943359,90.2081745147705,93.2005697631836,0.010369184368108124,0.012183113200460253,0.8645056561659819,57486400.0,60.53072123528186,0.3692167569599702,0.008136828085409276,1
2019-09-17,91.12750244140624,91.12750244140624,91.19950103759766,90.20500183105467,90.35399627685548,39648000,AMZN,0.008136828085409276,0.0010986362092657576,0.003540544528018552,91.36269989013672,90.22424964904785,93.07079986572266,0.011105691291268394,0.011959251473590107,-0.46064481022990067,56652500.0,65.75504738767948,0.31786380160290134,-0.0027928049815375555,0
2019-09-18,90.8730010986328,90.8730010986328,91.10299682617188,89.7750015258789,90.85199737548828,50112000,AMZN,-0.0027928049815375555,-0.0030334438841341793,0.00892649915412469,91.30740051269531,90.26444969177246,92.89995986938476,0.011159722431067163,0.011821817860771818,0.2639225181598064,57228600.0,63.61772568903429,0.25656734011080645,0.002222836785044313,1
2019-09-19,91.0749969482422,91.0749969482422,91.62850189208984,90.8949966430664,91.0510025024414,40630000,AMZN,0.002222836785044313,-0.01196062966643674,-0.0011187580497025174,91.08690032958984,90.25934944152831,92.70404983520508,0.00934620487753018,0.011503284974041222,-0.1892161558109834,57228300.0,59.90067943940451,0.22079955890086528,-0.01500957245064305,0
2019-09-20,89.70800018310547,89.70800018310547,91.53150177001952,89.0459976196289,91.08550262451172,106838000,AMZN,-0.01500957245064305,-0.02456318695927484,-0.00581828727777578,90.63509979248047,90.23309936523438,92.49713989257812,0.010917939619521389,0.011768068632962378,1.6295348264828946,59916700.0,54.59406830789944,0.10227497603536956,-0.004938252915601793,0
2019-09-23,89.26499938964844,89.26499938964844,89.63500213623047,88.36599731445312,88.8499984741211,58446000,AMZN,-0.004938252915601793,-0.012467905596453721,0.020392959897299168,90.40970001220703,90.32229919433594,92.27143981933594,0.008630826729067679,0.009471109479654398,-0.45294745315337237,57568200.0,48.80401969651291,-0.003172553424717117,-0.024472096150627953,0
2019-09-24,87.08049774169922,87.08049774169922,89.7854995727539,86.77749633789062,89.53050231933594,92320000,AMZN,-0.024472096150627953,-0.044410354627124615,-0.015410957427004712,89.60029907226563,90.25414924621582,91.99205978393555,0.010682694238449673,0.010745661372892307,0.5795777298703075,59104200.0,36.751843371331205,-0.20602719059601088,0.015342109540061655,1
2019-09-25,88.41649627685547,88.41649627685547,88.6500015258789,86.1500015258789,87.36799621582031,69864000,AMZN,0.015342109540061655,-0.027032284529824868,0.0036893111221756314,89.10899810791015,90.27039909362793,91.75048965454101,0.015367502131261111,0.0112919693719018,-0.24324090121317155,59577700.0,32.709098410486206,-0.23416106571165202,-0.01611124135996367,0
2019-09-26,86.99199676513672,86.99199676513672,88.16850280761719,86.57499694824219,88.1395034790039,70736000,AMZN,-0.01611124135996367,-0.044831186603562,-0.013835961339154768,88.29239807128906,90.20937385559083,91.49829956054687,0.015289697609980904,0.011862419698158322,0.012481392419557924,60694800.0,29.690814556224126,-0.3269433637420025,-0.008270849128875435,0
2019-09-27,86.27249908447266,86.27249908447266,87.45600128173828,85.69100189208984,87.4000015258789,78144000,AMZN,-0.008270849128875435,-0.03829648516989026,-0.034118905292922386,87.6052978515625,90.05699882507324,91.245849609375,0.014924339389252068,0.011554225097152374,0.10472743723139555,61586900.0,28.195524154935455,-0.40964549952408247,0.006062217161457495,1
2019-09-30,86.79550170898438,86.79550170898438,86.87300109863281,85.46099853515625,86.34950256347656,52894000,AMZN,0.006062217161457495,-0.027664792444399344,-0.022732743159706414,87.11139831542968,89.9560489654541,91.0172396850586,0.01618868720284743,0.011638233048966499,-0.3231214168714168,61172900.0,32.54847575708763,-0.4014670705524228,-0.00014978297291068365,0
2019-10-01,86.78250122070312,86.78250122070312,87.77999877929688,86.42050170898438,87.30000305175781,61690000,AMZN,-0.00014978297291068365,-0.003422081048273573,-0.03027640059864134,87.05179901123047,89.82057418823243,90.76725967407226,0.012228818122728026,0.011460356824894965,0.1662948538586606,60714400.0,31.82840717960636,-0.37004663279835337,-0.01291737598591125,0
2019-10-02,85.6614990234375,85.6614990234375,86.44450378417969,85.25,86.38700103759766,66022000,AMZN,-0.01291737598591125,-0.031159312678386897,-0.04853327512132277,86.50079956054688,89.60209922790527,90.48599960327148,0.009145783161348727,0.011590113314004568,0.0702220781325984,61691400.0,23.094399965724833,-0.39557233492335264,0.0065315416415505645,1
2019-10-03,86.22100067138672,86.22100067138672,86.25,84.25299835205078,85.6500015258789,69364000,AMZN,0.0065315416415505645,-0.008862839369368158,-0.06318182281644469,86.34660034179687,89.31134910583496,90.20960968017579,0.008651692271319298,0.010286442672578014,0.05061949047287273,61848800.0,26.938519048365663,-0.3473052560043314,0.008831925999802426,1
2019-10-04,86.98249816894531,86.98249816894531,87.02899932861328,85.96150207519531,86.3010025024414,49438000,AMZN,0.008831925999802426,0.008229726645306412,-0.051191439878409684,86.48860015869141,89.0766990661621,89.9754396057129,0.00880798609838572,0.01062946363765039,-0.287267170290064,61823800.0,35.36004161785483,-0.24163404941116262,-0.00401799145160453,0
2019-10-07,86.63300323486328,86.63300323486328,87.3915023803711,86.18499755859375,86.58149719238281,43094000,AMZN,-0.00401799145160453,-0.0018721992605784665,-0.05388914370891007,86.45610046386719,88.82997436523438,89.76504974365234,0.008704832097395409,0.010628858990347202,-0.1283223431368583,60979000.0,30.039514174210822,-0.17587271558784456,-0.01566961490022023,0
2019-10-08,85.27549743652344,85.27549743652344,86.3499984741211,85.25,86.12449645996094,50840000,AMZN,-0.01566961490022023,-0.017365295572054462,-0.06318968589464424,86.15469970703126,88.54237442016601,89.55810974121094,0.011065144328746432,0.011001096322295621,0.1797466004548196,60907100.0,27.35911707234594,-0.20250148358396802,0.009662859223618092,1
2019-10-09,86.09950256347656,86.09950256347656,86.49749755859375,85.71800231933594,85.98049926757812,40870000,AMZN,0.009662859223618092,0.005113190231695874,-0.055403436485714996,86.24230041503907,88.28987464904785,89.38156982421874,0.01083992043951019,0.011334263192521012,-0.1961054287962234,60517800.0,30.83917135882905,-0.1459621807986613,-0.0010046756673366408,0
2019-10-10,86.01300048828125,86.01300048828125,86.91449737548828,85.6875,86.26200103759766,51504000,AMZN,-0.0010046756673366408,-0.0024124074353789604,-0.06687638000978147,86.20070037841796,87.98164978027344,89.23504989624024,0.010405508474251892,0.010854807211834216,0.26019084903352097,60269500.0,34.2134650901569,-0.09803239135471742,0.006778047269550891,1
2019-10-11,86.59600067138672,86.59600067138672,87.27249908447266,86.49299621582031,87.14600372314453,65100000,AMZN,0.006778047269550891,-0.004443393851575772,-0.05840140517503345,86.12340087890625,87.71309967041016,89.11164993286133,0.009979834592993623,0.011090361729604278,0.2639794967381175,61553200.0,38.73175514579456,-0.015061931146803431,0.002604069615361304,1
2019-10-14,86.82150268554688,86.82150268554688,87.09449768066406,86.0999984741211,86.44550323486328,38204000,AMZN,0.002604069615361304,0.00217583881021155,-0.03950012913724499,86.16110076904297,87.53457489013672,89.02483993530274,0.009893383218802041,0.01063060209542815,-0.41314900153609835,59787900.0,48.6898280763587,0.06274152524568999,0.017823932579885904,1
2019-10-15,88.36900329589844,88.36900329589844,88.82250213623047,87.03099822998047,87.10700225830078,62234000,AMZN,0.017823932579885904,0.03627660878410843,-0.030270764276476014,86.77980194091796,87.39664993286132,89.02708999633789,0.007203250229864786,0.011313552097012765,0.6289917286148048,60917200.0,49.76478172121589,0.21745167935179577,0.005686324313618707,1
2019-10-16,88.87149810791016,88.87149810791016,89.31199645996094,88.5260009765625,88.66649627685547,55268000,AMZN,0.005686324313618707,0.03219525620824526,-0.022025276666611138,87.33420104980469,87.2965747833252,89.01668991088867,0.0070780342467693606,0.011419930536497286,-0.11193238422727125,61175000.0,60.244180340821195,0.345069854640655,0.005654258700535264,1
2019-10-17,89.3740005493164,89.3740005493164,89.94249725341797,89.10099792480469,89.82450103759766,52948000,AMZN,0.005654258700535264,0.0390754890767131,-0.01867687571697063,88.00640106201172,87.2115249633789,89.0107699584961,0.005864128804029566,0.011497216359183222,-0.041977274372150264,61790900.0,67.31422516159148,0.44823134972899603,-0.016766587598934568,0
2019-10-18,87.87550354003906,87.87550354003906,89.6989974975586,87.45999908447266,89.38999938964844,67250000,AMZN,-0.016766587598934568,0.014775542273687492,-0.020427349169818143,88.26230163574219,87.11990013122559,88.93539001464843,0.012498851448013808,0.011616958952708917,0.27011407418599376,59811500.0,55.43697688138343,0.40193525527648455,0.01601690499181374,1
2019-10-21,89.28299713134766,89.28299713134766,89.29399871826172,88.25,88.48300170898438,42608000,AMZN,0.01601690499181374,0.02835120758869958,0.00020162148459390572,88.75460052490234,87.12080001831055,88.9134700012207,0.013767503920093837,0.012171687801606207,-0.3664237918215614,59019600.0,61.03825508373709,0.4489263964018849,-0.011161118465189634,0
2019-10-22,88.2864990234375,88.2864990234375,89.48899841308594,88.0999984741211,89.40750122070312,42234000,AMZN,-0.011161118465189634,-0.0009336336202036,0.013849269503667161,88.73809967041015,87.18110008239746,88.89427993774414,0.01347655525856854,0.011072795739495676,-0.008777694329703323,56515300.0,61.71666208076455,0.3974844880993922,-0.0020161792094772757,0
2019-10-23,88.1084976196289,88.1084976196289,88.50250244140625,87.0999984741211,88.06500244140625,42764000,AMZN,-0.0020161792094772757,-0.008585435201675096,-0.0034834976525436323,88.5854995727539,87.16570014953614,88.83210983276368,0.013082223685297807,0.010535792662675207,0.012549131031870164,55160300.0,58.72185996401234,0.3383719211645014,0.010560886524610735,1
2019-10-24,89.03900146484375,89.03900146484375,89.41699981689453,88.01349639892578,88.55449676513672,88922000,AMZN,0.010560886524610735,-0.003748283420386911,0.023530954292652728,88.51849975585938,87.26805038452149,88.84992980957031,0.013924452017741637,0.010083691737804391,1.079365821719203,56069600.0,59.35667196143336,0.3475213097101401,-0.010922221117825037,0
2019-10-25,88.06649780273438,88.06649780273438,88.21050262451172,84.75,84.87750244140625,192528000,AMZN,-0.010922221117825037,0.0021734642192781095,0.020794560691989927,88.55669860839843,87.35775032043458,88.83513977050781,0.012397335003026429,0.010231270507992442,1.1651334877758037,61788800.0,56.17219913604782,0.2767387787248434,0.008942089145920873,1
2019-10-28,88.85399627685547,88.85399627685547,88.93499755859375,87.125,87.40299987792969,74178000,AMZN,0.008942089145920873,-0.004804955795346677,0.023716604286394993,88.4708984375,87.46067504882812,88.81964965820312,0.01043070106572773,0.01032492621459507,-0.6147157816005984,62853000.0,66.20329523416032,0.2712554873461235,-0.008086279290598686,0
2019-10-29,88.135498046875,88.135498046875,88.8499984741211,87.79049682617188,88.7405014038086,45538000,AMZN,-0.008086279290598686,-0.0017103518457834976,0.01559066409864096,88.4406982421875,87.52832489013672,88.76623962402344,0.009743946472240892,0.010530938035711722,-0.3860983040793766,62045400.0,59.30783643778243,0.21026049999322755,0.009803069503577566,1
2019-10-30,88.99949645996094,88.99949645996094,89.11900329589844,87.95600128173828,88.01200103759766,48988000,AMZN,0.009803069503577566,0.010112518819450855,0.038967301233079565,88.6188980102539,87.69522476196289,88.74484954833984,0.010619185414183803,0.01019025435824728,0.0757609029821249,61193700.0,62.74701356352112,0.21818132761944928,-0.0018707552680410355,0
2019-10-31,88.83300018310547,88.83300018310547,89.5999984741211,88.5739974975586,88.79949951171875,55624000,AMZN,-0.0018707552680410355,-0.0023136072771393623,0.03029423796267272,88.57769775390625,87.82582473754883,88.69796951293945,0.009530645415534724,0.01016514481216697,0.1354617457336491,60506700.0,59.899989870682376,0.2026209870129051,0.008318962677863917,1
2019-11-01,89.5719985961914,89.5719985961914,89.87249755859375,89.260498046875,89.40049743652344,55808000,AMZN,0.008318962677863917,0.017095045573735534,0.029770361644667176,88.87879791259766,87.95529975891114,88.6847494506836,0.007994113842653588,0.01014641423911027,0.0033079246368474813,60825200.0,61.64331090879143,0.23048354532665938,0.007379573116068405,1
2019-11-04,90.23300170898438,90.23300170898438,90.75299835205078,90.05049896240234,90.05049896240234,55438000,AMZN,0.007379573116068405,0.01551990332356179,0.04155458473904505,89.15459899902343,88.13529968261719,88.73978942871094,0.007751198508140526,0.01013926112124855,-0.00662987385321101,61442400.0,58.53089471772954,0.27859933761953604,-0.0016346467664720699,0
2019-11-05,90.08550262451172,90.08550262451172,90.5124969482422,89.69999694824219,90.45800018310548,37710000,AMZN,-0.0016346467664720699,0.022125075830394803,0.05640547792252648,89.54459991455079,88.3757999420166,88.77262954711914,0.005682618560789251,0.009296295326043912,-0.31978065586781634,60785900.0,55.74269360415178,0.28465544959438804,-0.003296920048778351,0
2019-11-06,89.78849792480469,89.78849792480469,90.125,89.42900085449219,90.05000305175781,40596000,AMZN,-0.003296920048778351,0.008865235155557372,0.04284572211794635,89.70240020751953,88.56024971008301,88.80656951904297,0.005587400846236666,0.009243423927096995,0.07653142402545754,60772200.0,51.99960250129739,0.25384201093894965,-0.004215398090435696,0
2019-11-07,89.41000366210938,89.41000366210938,90.29499816894533,89.17400360107422,90.18800354003906,53022000,AMZN,-0.004215398090435696,0.006495373091244927,0.03949406664741284,89.81780090332032,88.73009986877442,88.83051956176757,0.0060495858558744795,0.009328412454499124,0.3060892698788058,60848100.0,58.29953767205252,0.19575571277614168,-0.0012974492684962868,0
2019-11-08,89.29399871826172,89.29399871826172,89.49400329589844,88.7020034790039,89.39450073242188,42466000,AMZN,-0.0012974492684962868,-0.0031036471473966376,0.031156150699306773,89.76220092773437,88.86499977111816,88.82999954223632,0.004625315036769318,0.00928446475076537,-0.1990871713628305,59716400.0,50.069166244570305,0.1399255826091642,-0.007968083918385438,0
2019-11-11,88.5824966430664,88.5824966430664,89.0,88.35649871826172,88.9000015258789,38920000,AMZN,-0.007968083918385438,-0.018291589935588215,0.020282924195605734,89.43209991455078,88.95304946899414,88.82535949707031,0.002677734660726644,0.009520811491418483,-0.08350209579428247,59752200.0,51.93008185572816,0.050114128071469005,0.003584284648149527,1
2019-11-12,88.9000015258789,88.9000015258789,89.31099700927734,88.59549713134766,88.73300170898438,40752000,AMZN,0.003584284648149527,-0.013159732299814486,0.006008874267852127,89.19499969482422,88.97959938049317,88.81351959228516,0.004238102609232418,0.008697004630855478,0.047070914696814015,58678100.0,55.068862339814686,0.009266502476394767,-0.013998865975055064,0
2019-11-13,87.65550231933594,87.65550231933594,88.75,87.36599731445312,88.66950225830078,59790000,AMZN,-0.013998865975055064,-0.023755777797453193,-0.013682629577119632,88.76840057373047,88.91879959106446,88.76600967407227,0.006662573780049548,0.009161098242980423,0.4671672555948174,58904200.0,41.48249604040199,-0.09845481578313284,0.0008499299602007238,1
2019-11-14,87.7300033569336,87.7300033569336,88.32949829101562,87.47799682617188,87.57150268554688,45296000,AMZN,0.0008499299602007238,-0.01878984718001686,-0.018394579880931405,88.43240051269531,88.83659973144532,88.67988967895508,0.007137861931876078,0.009049434397654581,-0.2424151195852149,58521600.0,47.67083615424181,-0.15804442694529042,-0.00861165809356279,0
2019-11-15,86.97450256347656,86.97450256347656,88.08399963378906,86.64299774169922,88.00250244140625,78552000,AMZN,-0.00861165809356279,-0.02597594673863335,-0.010253152929609932,87.96850128173828,88.79154968261719,88.58586975097656,0.007254014085095936,0.008460958440093994,0.7341928647121159,59086700.0,36.93254332408591,-0.23695079328483243,0.007496454800304697,1
2019-11-18,87.62650299072266,87.62650299072266,87.68499755859375,86.135498046875,86.91500091552734,56790000,AMZN,0.007496454800304697,-0.010792128113026878,-0.01855329899138658,87.77730255126953,88.70872497558594,88.50704986572265,0.008903417272957969,0.007773078532401771,-0.27703941338221816,59795800.0,46.42810869385977,-0.23346462691783834,0.00014836251405148104,1
2019-11-19,87.6395034790039,87.6395034790039,88.03399658203125,87.15149688720703,87.84950256347656,45416000,AMZN,0.00014836251405148104,-0.01417883043014423,-0.007328363357820278,87.52520294189453,88.67637519836425,88.43929000854492,0.008473769818591322,0.007389789419361568,-0.20028173974291252,59954900.0,39.1616920837554,-0.218766538035142,-0.004142042998724227,0
2019-11-20,87.27649688720703,87.27649688720703,88.1259994506836,86.70600128173828,87.45700073242188,55800000,AMZN,-0.004142042998724227,-0.00432380651642561,-0.009442911352474548,87.44940185546875,88.63477516174316,88.36182998657226,0.006013124494496217,0.0074303196345994445,0.2286418883212964,60606700.0,37.972347730938665,-0.2213088116747043,-0.006198694786181735,0
2019-11-21,86.7354965209961,86.7354965209961,87.34349822998047,86.51799774169922,87.1500015258789,53258000,AMZN,-0.006198694786181735,-0.011335994504540259,-0.025870740978122697,87.25050048828125,88.51959991455078,88.2529899597168,0.006332210747200125,0.007059196654805571,-0.04555555555555557,58823500.0,27.38946082962761,-0.24537847966599982,0.0063469584412145785,1
2019-11-22,87.28600311279297,87.28600311279297,87.32150268554688,86.55000305175781,86.95099639892578,49582000,AMZN,0.0063469584412145785,0.003581515733177776,-0.008862560785483753,87.31280059814453,88.4805751800537,88.1593699645996,0.006111813337013319,0.006872169117982227,-0.06902249427316087,51676200.0,26.08741947505723,-0.21146263832181225,0.016107946060534006,1
2019-11-25,88.69200134277344,88.69200134277344,88.87100219726562,87.66200256347656,87.6624984741211,69724000,AMZN,0.016107946060534006,0.012159544380808907,-0.0018231586745662831,87.5259002685547,88.47247543334962,88.12537002563477,0.00901773574417351,0.0075404205395510305,0.4062361340809164,51453500.0,40.61049348000201,-0.08790308364697802,0.013022581087476892,1
2019-11-26,89.84700012207031,89.84700012207031,89.85150146484375,88.9175033569336,88.99600219726562,63624000,AMZN,0.013022581087476892,0.025188374596340157,0.01941898682282428,87.96739959716797,88.55805053710938,88.09975997924805,0.009981815280090942,0.007830219545883099,-0.08748780907578457,52357800.0,50.353337351462834,0.0695483681740598,0.01200372676735717,1
2019-11-27,90.92549896240234,90.92549896240234,91.2249984741211,89.8655014038086,90.05000305175781,60512000,AMZN,0.01200372676735717,0.04180967620539522,0.021640599992696297,88.69720001220703,88.65435066223145,88.10080993652343,0.008817616569842096,0.007974693750881877,-0.048912360115679565,52934000.0,58.43955769425228,0.23494817706437518,-0.009738720787676458,0
2019-11-29,90.04000091552734,90.04000091552734,91.2344970703125,90.03949737548828,90.88899993896484,38468000,AMZN,-0.009738720787676458,0.03809863927776469,0.013587301227403925,89.35810089111328,88.71470069885254,88.08011001586914,0.010287983656229745,0.008315791562392181,-0.3642913802221047,52076200.0,53.826430783005605,0.27078614338080936,-0.01066191775556835,0
2019-12-02,89.08000183105469,89.08000183105469,90.27749633789062,88.13400268554688,90.22000122070312,78512000,AMZN,-0.01066191775556835,0.02055310879504324,-0.0054927518962119,89.71690063476562,88.6901008605957,88.06755004882812,0.013187926413024161,0.0084828711576779,1.0409691171883124,53211400.0,52.48839355152363,0.2181669128215437,-0.006533461163659049,0
2019-12-03,88.49800109863281,88.49800109863281,88.64350128173828,87.36150360107422,88.0,67618000,AMZN,-0.006533461163659049,-0.002187347688669905,-0.019228005025779926,89.6781005859375,88.60335083007813,88.05221008300781,0.011875967624987374,0.008395048325998395,-0.13875585897697162,53820400.0,48.04112627339247,0.13648853720619553,-0.005237417464897476,0
2019-12-04,88.03450012207031,88.03450012207031,89.45449829101562,88.01100158691406,88.70050048828125,53402000,AMZN,-0.005237417464897476,-0.020173183273091477,-0.022767287107119283,89.3156005859375,88.50080070495605,88.07129013061524,0.009238199657283628,0.008449287208098023,-0.21023987695584012,54605000.0,51.99893124217345,0.04812946045260954,-0.011478432267733929,0
2019-12-05,87.02400207519531,87.02400207519531,88.17500305175781,87.0,88.17500305175781,56476000,AMZN,-0.011478432267733929,-0.04290872122483813,-0.030788975353219117,88.5353012084961,88.36257591247559,88.04344024658204,0.002707702873084953,0.008752980504162082,0.0575633871390584,55399000.0,46.610979551685524,-0.07480279345628926,0.006389039145533015,1
2019-12-06,87.58000183105469,87.58000183105469,87.72000122070312,87.00650024414062,87.55999755859375,62348000,AMZN,0.006389039145533015,-0.0273211801361547,-0.020467528868139517,88.04330139160156,88.27107582092285,88.0552003479004,0.007156696028700278,0.008901427968180336,0.1039733692187832,55865300.0,52.96333800812188,-0.11281981228322886,-0.0011931926776630464,0
2019-12-09,87.47550201416016,87.47550201416016,88.34449768066406,87.28050231933594,87.53299713134766,48856000,AMZN,-0.0011931926776630464,-0.01801189699050021,-0.02036527348091155,87.72240142822265,88.18015098571777,88.07926040649414,0.006688218712765676,0.008901272590655656,-0.2163982806184641,56184800.0,49.21914945996957,-0.1375150924076207,-0.005887355634324631,0
2019-12-10,86.96050262451172,86.96050262451172,87.53350067138672,86.75,87.37000274658203,50286000,AMZN,-0.005887355634324631,-0.017373256514658708,-0.018310547568898827,87.41490173339844,88.09905128479004,88.08256042480468,0.0066235603453214525,0.008827281675958807,0.029269690519076574,56753100.0,46.66207598035906,-0.17844969642638586,0.005467935101741261,1
2019-12-11,87.43599700927734,87.43599700927734,87.5,86.7854995727539,87.08350372314453,41952000,AMZN,0.005467935101741261,-0.006798506403320026,-0.016467992030071987,87.29520111083984,88.02585105895996,88.09563034057618,0.007575846984990956,0.008887339082898805,-0.16573201288629047,56813100.0,50.77551529144329,-0.16379921280637458,0.00663920342821922,1
2019-12-12,88.0165023803711,88.0165023803711,88.19999694824219,87.27200317382812,87.5,61918000,AMZN,0.00663920342821922,0.011404903032593117,0.004118395896243854,87.493701171875,88.04390106201171,88.14273040771485,0.005586110096018399,0.008461163034973575,0.47592486651411137,56919500.0,56.20462124257976,-0.1080021883148165,0.00034646559584494696,1
2019-12-13,88.0469970703125,88.0469970703125,88.44950103759766,87.75,88.25,54914000,AMZN,0.00034646559584494696,0.005332213170749389,0.003613287373182894,87.58710021972657,88.05975074768067,88.17925033569335,0.0051090139514052176,0.008460000072133727,-0.11311734875157464,57400400.0,53.881439523946284,-0.06419451928213918,0.0046964185941400505,1
2019-12-16,88.46050262451172,88.46050262451172,88.4749984741211,87.85250091552734,88.3499984741211,62904000,AMZN,0.0046964185941400505,0.011260302458076854,0.017085467777762098,87.78410034179687,88.13405075073243,88.20881042480468,0.005134324318918294,0.008250031331515542,0.14550023673380186,56618000.0,48.686232961468086,-0.005608845509720711,0.012123992912275838,1
2019-12-17,89.53299713134766,89.53299713134766,89.5999984741211,88.86949920654297,88.90049743652344,72888000,AMZN,0.012123992912275838,0.02958233254404874,0.02175704924373001,88.29859924316406,88.22937545776367,88.26681030273437,0.00423530779130757,0.008506280536187558,0.1587180465471194,57422900.0,48.201172207920486,0.1012361566410439,-0.00370251419034362,0
2019-12-18,89.20149993896484,89.20149993896484,89.91000366210938,89.11799621582031,89.7509994506836,67028000,AMZN,-0.00370251419034362,0.020191945995654104,0.0178229724947625,88.65169982910156,88.30747528076172,88.34533035278321,0.006044099348330114,0.008572543947372831,-0.08039732191855997,58503500.0,39.19933772048899,0.14289797137258278,0.004624344595139496,1
2019-12-19,89.61399841308594,89.61399841308594,89.64949798583984,88.7030029296875,89.0250015258789,53056000,AMZN,0.004624344595139496,0.01814996039959782,0.026782714811523833,88.97119903564453,88.42435035705566,88.41562026977539,0.005891105510991535,0.008524154356677152,-0.20845019991645286,58366300.0,47.16300489692477,0.18867461781151668,-0.0032249589345579865,0
2019-12-20,89.32499694824219,89.32499694824219,90.14849853515624,89.12249755859375,89.98100280761719,103016000,AMZN,-0.0032249589345579865,0.01451497405310831,0.02985514041093018,89.22679901123047,88.55382537841797,88.48186019897462,0.006564883569747107,0.008410605871954656,0.9416465621230399,60854200.0,51.79168833371646,0.1894325587065526,0.0036384504756830083,1
2019-12-23,89.6500015258789,89.6500015258789,89.6500015258789,89.22550201416016,89.41300201416016,42728000,AMZN,0.0036384504756830083,0.013446666773037075,0.027083361922656923,89.4646987915039,88.67202529907226,88.54294021606445,0.006509462902275209,0.008350136028621283,-0.5852294789158965,60511500.0,58.75381035256413,0.20068659069124484,-0.00211376350409187,0
2019-12-24,89.46050262451172,89.46050262451172,89.77850341796875,89.37899780273438,89.69049835205078,17626000,AMZN,-0.00211376350409187,-0.0008096959686224592,0.008664831891302294,89.45019989013672,88.71045036315918,88.59572021484375,0.003971103692842263,0.007619582001987247,-0.587483617300131,57906600.0,61.306725998410236,0.18463759888381642,0.04446651549531899,1
2019-12-26,93.4384994506836,93.4384994506836,93.52300262451172,89.9749984741211,90.05049896240234,120108000,AMZN,0.04446651549531899,0.047499195805203565,0.03997350299657976,90.29759979248047,88.89002532958985,88.69711013793945,0.01985943524348665,0.012209752436169341,5.814251673663906,60730800.0,84.58512786971563,0.41785593024663303,0.0005511476895356804,1
2019-12-27,93.48999786376952,93.48999786376952,95.06999969482422,93.30049896240234,94.14600372314452,123732000,AMZN,0.0005511476895356804,0.04325216505591811,0.028204397343231324,91.07279968261719,89.0182502746582,88.78948013305664,0.020189119382491256,0.011983902871267823,0.03017284444000401,63891800.0,83.69827270441431,0.5435521664614854,-0.012252649580489217,0
2019-12-30,92.34449768066406,92.34449768066406,94.1999969482422,92.03099822998048,93.6999969482422,73494000,AMZN,-0.012252649580489217,0.03380353580276618,0.025594144177083278,91.67669982910157,89.13347511291504,88.8488900756836,0.021853213669337505,0.012119942151208412,-0.40602269421006687,65643100.0,74.81651715060106,0.5176379127425241,0.0005143848474418178,1
2019-12-31,92.39199829101562,92.39199829101562,92.66300201416016,91.61150360107422,92.0999984741211,50130000,AMZN,0.0005143848474418178,0.03058557410448226,0.03718002236060047,92.2250991821289,89.29907493591308,88.93921997070312,0.022012356833134985,0.011790977710670383,-0.3179035023267206,64224000.0,79.06877608634768,0.4730103311780527,0.02715061035487687,1
2020-01-02,94.90049743652344,94.90049743652344,94.90049743652344,93.2074966430664,93.75,80580000,AMZN,0.02715061035487687,0.06080890060326127,0.07234622543344127,93.31309814453125,89.61919975280762,89.05156997680665,0.023101759821233546,0.012879632669896699,0.6074207061639736,64872100.0,82.80956050567107,0.5749701407741158,-0.012139034655920922,0
2020-01-03,93.74849700927734,93.74849700927734,94.30999755859376,93.2249984741211,93.2249984741211,75288000,AMZN,-0.012139034655920922,0.003317664136476939,0.06490633648494515,93.37509765625,89.90489959716797,89.16080993652344,0.016064575045015895,0.013216251880508255,-0.0656738644825019,65966400.0,73.98928167283563,0.5285481811862294,0.01488557393050649,1
2020-01-06,95.1439971923828,95.1439971923828,95.18450164794922,93.0,93.0,81236000,AMZN,0.01488557393050649,0.017691724958892818,0.09330753497375577,93.70589752197266,90.31089935302734,89.30151992797852,0.017252065888161586,0.012984676317212023,0.07900329401763884,67204400.0,76.65640778757819,0.5529277884441326,0.0020916204156395946,1
2020-01-07,95.34300231933594,95.34300231933594,95.69450378417967,94.60199737548828,95.2249984741211,80898000,AMZN,0.0020916204156395946,0.03247085331538635,0.08863896238842739,94.30559844970703,90.69904937744141,89.42759994506837,0.014995337345332076,0.012988181683841594,-0.004160716923531482,68131900.0,76.27410490384257,0.5427886733201794,-0.007808640261289468,0
2020-01-08,94.59850311279295,94.59850311279295,95.5500030517578,94.3219985961914,94.9020004272461,70160000,AMZN,-0.007808640261289468,0.02388199046011863,0.0814285249541038,94.74689941406248,91.05519943237303,89.55824005126954,0.016236579994579614,0.013218551885462972,-0.1327350490741428,69197100.0,69.83439324524231,0.45009603336800796,0.0047991747864684076,1
2020-01-09,95.05249786376952,95.05249786376952,95.89099884033205,94.79000091552734,95.49449920654295,63346000,AMZN,0.0047991747864684076,0.0016016820917903463,0.09305368523682955,94.77729949951171,91.45979919433593,89.68221008300782,0.010684679059709415,0.013012076474956372,-0.09712086659064989,69850100.0,72.69236231935515,0.3859787692980565,-0.009410596802031157,0
2020-01-10,94.15799713134766,94.15799713134766,95.34700012207033,94.0,95.26850128173828,57074000,AMZN,-0.009410596802031157,0.004368071330570711,0.07687909273061844,94.85919952392577,91.79589920043944,89.80266006469726,0.00992935005672595,0.013376314638083208,-0.09901177659204996,70606200.0,66.98818054293406,0.2561955750555003,0.00432257824569926,1
2020-01-13,94.56500244140624,94.56500244140624,94.9000015258789,94.04000091552734,94.56549835205078,55616000,AMZN,0.00432257824569926,-0.006085457496659785,0.07440082125435099,94.74340057373047,92.1233242034912,89.91397018432617,0.006863158030954119,0.01336039898901068,-0.025545782668115025,70291100.0,69.41892894464225,0.1745328509770503,-0.01155821171805238,0
2020-01-14,93.47200012207033,93.47200012207033,94.35549926757812,92.92749786376952,94.29399871826172,68818000,AMZN,-0.01155821171805238,-0.019623906859981055,0.06161485606857808,94.36920013427735,92.39457435607909,90.00675018310547,0.007867241245572781,0.013775380161149356,0.23737773302646725,70986300.0,63.401115089880896,0.031187221998111525,-0.003969126548925228,0
2020-01-15,93.10099792480467,93.10099792480467,93.94300079345705,92.75450134277344,93.6125030517578,57932000,AMZN,-0.003969126548925228,-0.015830115051638338,0.052458387219327385,94.06969909667968,92.62659912109373,90.07733016967774,0.007576146684296137,0.013857984290014452,-0.1581853584817926,70737700.0,62.604279094732505,-0.09730036295836575,0.00854991102959346,1
2020-01-16,93.89700317382812,93.89700317382812,94.27950286865234,93.3010025024414,94.14949798583984,53190000,AMZN,0.00854991102959346,-0.012156384270905374,0.048741873748271214,93.8386001586914,92.84479942321776,90.1506101989746,0.00866856707759498,0.013752015317089864,-0.08185458813781676,69752800.0,52.03607246747034,-0.1350422261616142,-0.00703966144232826,0
2020-01-17,93.23600006103516,93.23600006103516,94.33200073242188,92.8625030517578,94.29450225830078,79946000,AMZN,-0.00703966144232826,-0.0097920208415897,0.045229061448864405,93.65420074462891,93.04652442932128,90.21362014770507,0.008244574150561698,0.013850750362124523,0.503026884752773,70398700.0,48.92999660602077,-0.20660301943640746,0.014629525206926841,1
2020-01-21,94.5999984741211,94.5999984741211,94.7135009765625,93.0,93.25,74156000,AMZN,0.014629525206926841,0.0003700738308185514,0.05563862955931964,93.66119995117188,93.29582443237304,90.3098501586914,0.011022159811005973,0.014117093315153567,-0.07242388612313311,71453700.0,59.32987657282078,-0.16590777118482825,-0.0023995494624705627,0
2020-01-22,94.3730010986328,94.3730010986328,95.125,94.16699981689452,94.80449676513672,64326000,AMZN,-0.0023995494624705627,0.009639260691820084,0.05651278279153593,93.84140014648438,93.54822463989257,90.40911010742188,0.00920730346676324,0.014099735777066406,-0.13255839042019524,69519200.0,58.07451136975679,-0.15814142002481746,-0.0015259112256779117,0
2020-01-23,94.22899627685548,94.22899627685548,94.4990005493164,93.63800048828124,94.25550079345705,49692000,AMZN,-0.0015259112256779117,0.012115856727570984,0.05107634883480494,94.06699981689454,93.7771743774414,90.50781005859375,0.008873121892715689,0.01413170095428249,-0.22749743494077046,69867400.0,46.60944278754929,-0.1657645614071146,-0.012172426638861866,0
2020-01-24,93.08200073242188,93.08200073242188,94.74949645996094,92.37200164794922,94.56849670410156,75324000,AMZN,-0.012172426638861866,-0.008679749234354883,0.04048153097362417,93.90399932861328,93.9582492828369,90.59780014038085,0.01006673682214077,0.014482444993868835,0.5158174354020768,72752300.0,46.633011816197964,-0.24626463468755366,-0.01788746376771222,0
2020-01-27,91.41699981689452,91.41699981689452,92.0500030517578,90.76699829101562,91.0,70570000,AMZN,-0.01788746376771222,-0.019509634078573312,-0.021634547276265015,93.54019927978516,93.85717430114745,90.64814010620117,0.012402711211984776,0.011223322732069402,-0.06311401412564388,70275400.0,31.67113283621407,-0.40071921587106485,0.01362436592451366,1
2020-01-28,92.6624984741211,92.6624984741211,92.90550231933594,91.5009994506836,92.0250015258789,56160000,AMZN,0.01362436592451366,-0.0204809728462102,-0.008851207707312514,93.15269927978515,93.81579933166503,90.74828002929688,0.012030429922034704,0.01169140782868771,-0.20419441689103013,66896800.0,38.047880732927545,-0.4067756820759778,0.0025630978623367717,1
2020-01-29,92.9000015258789,92.9000015258789,93.7375030517578,92.7509994506836,93.1999969482422,41760000,AMZN,0.0025630978623367717,-0.01560827308240842,0.006015559769850354,92.85809936523438,93.84357452392577,90.85167999267578,0.012401902991124918,0.011364328759953137,-0.2564102564102564,65310100.0,42.06790448962614,-0.38290239541303517,0.006824489189870775,1
2020-01-30,93.53399658203124,93.53399658203124,93.64350128173828,92.53050231933594,92.9000015258789,126548000,AMZN,0.006824489189870775,-0.0073756457384122065,0.01236035925339074,92.71909942626952,93.90067443847656,90.98286987304688,0.01320001056927898,0.01145603392150768,2.0303639846743295,69131000.0,43.02576814208535,-0.3153452911685988,0.07379135586484753,1
2020-01-31,100.43599700927734,100.43599700927734,102.78600311279295,100.1135025024414,102.57350158691406,311346000,AMZN,0.07379135586484753,0.07900556733836894,0.058329510616701,94.18989868164061,94.17744941711425,91.23905975341796,0.03449039688764557,0.019234984177464772,1.4602996491449884,80669300.0,68.5805470904995,0.17677872388854776,-0.0022501685803328897,0
2020-02-03,100.20999908447266,100.20999908447266,102.4250030517578,100.0124969482422,100.52999877929688,117834000,AMZN,-0.0022501685803328897,0.09618560317216995,0.06892379378152458,95.94849853515625,94.50052452087401,91.49046966552734,0.0312287314125948,0.01895010478691893,-0.6215335992754042,82796600.0,66.88803605575988,0.4539199823550929,0.022687342140775613,1
2020-02-04,102.4834976196289,102.4834976196289,102.98999786376952,100.76850128173828,101.49400329589844,105786000,AMZN,0.022687342140775613,0.10598677250485133,0.07714097204057468,97.9126983642578,94.86749954223633,91.79460968017578,0.03110798192186378,0.019274274676671758,-0.10224553184989049,84024100.0,75.18092282686867,0.7402634605125773,-0.004781236737139594,0
2020-02-05,101.99349975585938,101.99349975585938,103.5510025024414,101.5999984741211,103.5510025024414,87524000,AMZN,-0.004781236737139594,0.09788480172895708,0.06975338802787712,99.73139801025391,95.2000244140625,92.09976974487304,0.03232926550615743,0.01936911866525009,-0.17263153914506646,84355400.0,74.684256315509,0.8393170190961863,0.0050787328892443195,1
2020-02-06,102.5114974975586,102.5114974975586,102.81500244140624,101.23999786376952,102.0510025024414,63660000,AMZN,0.0050787328892443195,0.09598115384339323,0.0836481986964499,101.52689819335937,95.59567413330078,92.40427963256836,0.03250601022361216,0.019184863645770617,-0.27265664274941726,84030400.0,74.28740436094718,0.8782032846969747,0.014169136390608683,1
2020-02-07,103.96399688720705,103.96399688720705,104.92649841308594,101.90499877929688,102.09950256347656,101906000,AMZN,0.014169136390608683,0.03512684677789202,0.09375344387277029,102.23249816894531,96.04124908447265,92.70971954345703,0.011462349175755122,0.019314395655405953,0.6007854225573359,85958400.0,78.95391637887222,0.934975483468766,0.026273579599096264,1
2020-02-10,106.69550323486328,106.69550323486328,106.77999877929688,104.2480010986328,104.25050354003906,101124000,AMZN,0.026273579599096264,0.06471913191939693,0.1331539166665383,103.52959899902343,96.66812438964844,93.04668960571288,0.012745820182133737,0.019592162801492077,-0.007673738543363506,88160900.0,80.40065503858128,1.0794743839864998,0.007915025985726132,1
2020-02-11,107.54000091552734,107.54000091552734,109.29750061035156,106.8000030517578,107.54499816894533,114920000,AMZN,0.007915025985726132,0.049339683103574616,0.13720719229252487,104.54089965820313,97.31687431335449,93.37897964477538,0.01149891690995151,0.019588132999596792,0.13642656540484954,91126100.0,82.09742015468584,1.148498985264239,0.004277469597884664,1
2020-02-12,108.0,108.0,109.0124969482422,107.7645034790039,108.16000366210938,66686000,AMZN,0.004277469597884664,0.05889101029495314,0.15542622238699022,105.74219970703125,98.04327430725098,93.73817962646484,0.009105265567188018,0.019129078566772862,-0.4197180647406892,91019500.0,83.06047801423885,1.139443910646809,-0.00468981707537619,0
2020-02-13,107.49349975585938,107.49349975585938,108.51399993896484,107.0999984741211,107.24949645996094,60636000,AMZN,-0.00468981707537619,0.048599448646425625,0.15459019937336405,106.73860015869141,98.76289939880371,94.10644958496094,0.01155694603917012,0.019152322648742212,-0.09072369012986237,91154700.0,85.69589596520477,1.017647937415624,-0.006977166077050345,0
2020-02-14,106.74349975585938,106.74349975585938,107.9520034790039,106.29450225830078,107.78399658203124,52124000,AMZN,-0.006977166077050345,0.026735244429548777,0.13681476668908155,107.29450073242188,99.40522422790528,94.47135955810546,0.01321251614382506,0.019415378469371216,-0.14037865294544494,91101400.0,89.76469475085246,0.8137138882050574,0.009742990607446878,1
2020-02-18,107.78350067138672,107.78350067138672,108.30349731445312,106.20549774169922,106.2509994506836,58912000,AMZN,0.009742990607446878,0.01019721922233674,0.1560287936079232,107.51210021972656,100.13259925842286,94.86633956909179,0.007507613606012151,0.019155528045515385,0.13022791804159306,90049700.0,89.65437623898667,0.6813669022060815,0.006749650094826309,1
2020-02-19,108.51100158691406,108.51100158691406,109.25499725341795,108.05599975585938,108.38999938964844,51224000,AMZN,0.006749650094826309,0.00902920460405654,0.14705077523440435,107.7063003540039,100.8281494140625,95.29607955932617,0.007295242189843781,0.01908086269673128,-0.13049972840847368,88903100.0,89.91359773536882,0.5793311553158236,-0.007888626914309249,0
2020-02-20,107.65499877929688,107.65499877929688,108.8395004272461,106.37249755859376,108.65350341796876,62626000,AMZN,-0.007888626914309249,-0.0031944557472511903,0.14073938018334875,107.63730010986328,101.4922492980957,95.69757949829102,0.008238825028095151,0.019262557903372852,0.22259097298141506,88818100.0,85.6987619689069,0.39926686718343607,-0.026533823330561868,0
2020-02-21,104.79850006103516,104.79850006103516,107.22750091552734,104.4000015258789,107.10749816894533,92926000,AMZN,-0.026533823330561868,-0.025071280597851353,0.11216827305604826,107.09830017089844,102.02072448730469,96.04403945922851,0.014416719608437484,0.02059540121238136,0.4838246095870724,90979800.0,63.86462278562041,0.05115808314271275,-0.04135555023463999,0
2020-02-24,100.4645004272461,100.4645004272461,101.96499633789062,99.39849853515624,100.15899658203124,130940000,AMZN,-0.04135555023463999,-0.058823247719762106,0.07931178570222519,105.84250030517578,102.3898494720459,96.3141194152832,0.02187514923341413,0.022828067890972477,0.40907819124895073,93760600.0,50.641368272823975,-0.4784365540256523,-0.018190498951138112,0
2020-02-25,98.63700103759766,98.63700103759766,101.7300033569336,97.9209976196289,101.3209991455078,124382000,AMZN,-0.018190498951138112,-0.08485992361368144,0.07897875925883135,104.01320037841796,102.75084953308105,96.5381394958496,0.018245425748262392,0.022843501871455677,-0.050084007942569064,96451200.0,40.08353802167992,-0.9329713383513338,0.003472315416060745,1
2020-02-26,98.97949981689452,98.97949981689452,100.7334976196289,98.02249908447266,98.51399993896484,104492000,AMZN,0.003472315416060745,-0.08783903595604636,0.0681721456554254,102.10690002441406,103.06669960021972,96.75739944458007,0.017187168997103573,0.0227321113210178,-0.15991059799649465,98867800.0,42.17020917311034,-1.1760219525572193,-0.048136265467272565,0
2020-02-27,94.21499633789062,94.21499633789062,98.75,94.13800048828124,96.71900177001952,162880000,AMZN,-0.048136265467272565,-0.12484327336215528,0.01415494930476835,99.41889953613281,103.13244934082032,96.88075942993164,0.020344453589417947,0.025504990826787113,0.5587796194924013,104923800.0,32.34299156865055,-1.5970138325641177,-0.0002918467224900523,0
2020-02-28,94.1875,94.1875,94.48799896240234,90.55650329589844,90.73149871826172,189620000,AMZN,-0.0002918467224900523,-0.10125144973310929,0.006986800969160267,97.29669952392578,103.16512451171874,96.99529937744141,0.0233788944750773,0.025469203283410187,0.16416994106090366,108077400.0,27.84966135569036,-1.80152211387332,0.03726611425327664,1
2020-03-02,97.69750213623048,97.69750213623048,97.72550201416016,93.5,95.32450103759766,135234000,AMZN,0.03726611425327664,-0.02754204997037135,-0.027266069482975386,96.74329986572266,103.0281997680664,97.15858947753907,0.0312847525442635,0.020837127625546792,-0.2868157367366312,99271800.0,30.30813443656288,-1.6297610857779674,-0.023009811402324165,0
2020-03-03,95.44950103759766,95.44950103759766,99.81649780273438,94.40450286865234,98.76850128173828,150690000,AMZN,-0.023009811402324165,-0.03231545937599034,-0.04750521994179546,96.10579986572266,102.79017486572266,97.28354949951172,0.031855003958875916,0.021402980953885684,0.11429078486179511,100914600.0,25.07165189793372,-1.594913500532399,0.035013229015638414,1
2020-03-04,98.79149627685548,98.79149627685548,98.9000015258789,96.0999984741211,97.32849884033205,95458000,AMZN,0.035013229015638414,-0.0018994189745030754,-0.036025325330683144,96.06819915771486,102.60557479858399,97.46709945678711,0.036949913831567344,0.022315661845254235,-0.36652730771783126,100398200.0,33.03049142777449,-1.2873317392933583,-0.026216794314283698,0
2020-03-05,96.20149993896484,96.20149993896484,98.03600311279295,95.5,96.6500015258789,94964000,AMZN,-0.026216794314283698,0.02108479200009583,-0.056787930904996564,96.4654998779297,102.31597480773925,97.60462951660156,0.030528407863676207,0.022981572390585767,-0.0051750508076851,100770200.0,30.674970145445812,-1.20056117926493,-0.011922924014239333,0
2020-03-06,95.05449676513672,95.05449676513672,95.5435028076172,93.4749984741211,93.75,105472000,AMZN,-0.011922924014239333,0.009205008787118496,-0.07274306701645317,96.63889923095704,101.94312477111816,97.71271942138672,0.031419909172762994,0.022994435632250978,0.11065245777347199,102860800.0,30.263729780351866,-1.1619146840582681,-0.05285383245165354,0
2020-03-09,90.03050231933594,90.03050231933594,93.13849639892578,88.06449890136719,88.69300079345703,156264000,AMZN,-0.05285383245165354,-0.07847692775403403,-0.13402230565440731,95.10549926757812,101.2464500427246,97.7241194152832,0.03213445746127745,0.02507137163034737,0.481568567961165,105578700.0,23.579482812455666,-1.4002296205255058,0.05065506668458708,1
2020-03-10,94.59100341796876,94.59100341796876,94.7135009765625,90.90850067138672,93.54399871826172,142666000,AMZN,0.05065506668458708,-0.008994259899700596,-0.11344901565579113,94.93379974365234,100.64122505187989,97.7471694946289,0.04303833856163147,0.027264501266888678,-0.0870194030614857,107655800.0,31.405288681832815,-1.184794232905925,-0.037508896429749194,0
2020-03-11,91.04299926757812,91.04299926757812,93.56600189208984,90.0749969482422,92.89250183105467,112496000,AMZN,-0.037508896429749194,-0.07843283380952948,-0.15340339880513498,93.38410034179688,99.81637496948242,97.69822952270508,0.03994938731464006,0.027958270972417713,-0.2114729508081813,107534600.0,29.29813819318602,-1.21101588809233,-0.07922082514747941,0
2020-03-12,83.83049774169922,83.83049774169922,88.25,83.75,86.0989990234375,226924000,AMZN,-0.07922082514747941,-0.12859469140413016,-0.22379168757685908,90.90989990234375,98.60789985656739,97.52794952392578,0.04939650185037864,0.03198525379175425,1.0171739439624519,115546500.0,26.428791969563406,-1.6184284249378578,0.06464833687376514,1
2020-03-13,89.25,89.25,89.31549835205078,84.03099822998047,87.75,176194000,AMZN,0.06464833687376514,-0.06106493603851937,-0.1697172368310107,89.7490005493164,97.69572486877442,97.46510955810547,0.06448344816229151,0.036297287232369704,-0.22355502282702577,121324400.0,37.69354794687766,-1.433573086516933,-0.053697516604298,0
2020-03-16,84.4574966430664,84.4574966430664,87.97250366210938,81.30149841308594,82.07550048828125,178346000,AMZN,-0.053697516604298,-0.06190130603184041,-0.2087808921739016,88.6343994140625,96.58142471313477,97.25624954223633,0.06462177564595621,0.03766316684301553,0.012213809777858575,127635500.0,35.39054020231647,-1.5356250785243701,0.07026613247879654,1
2020-03-17,90.39199829101562,90.39199829101562,92.88899993896484,84.46199798583984,88.77349853515625,218342000,AMZN,0.07026613247879654,-0.04439116803105492,-0.16135588723727556,87.79459838867187,95.71184959411622,97.18911956787109,0.06969717573543734,0.041636375829572914,0.2242607067161584,135607000.0,42.066314494177455,-1.1240828935207396,0.012257741060410998,1
2020-03-18,91.5,91.5,92.08300018310548,87.25,87.5,192904000,AMZN,0.012257741060410998,0.005019614205357348,-0.1567675289891114,87.88599853515625,94.86129951477051,97.11623962402344,0.06779697065896446,0.04175668240853451,-0.11650529902629825,142691000.0,47.3099674075633,-0.7176574879462265,0.02783061376686291,1
2020-03-19,94.04650115966795,94.04650115966795,97.25,91.63249969482422,93.0,207998000,AMZN,0.02783061376686291,0.12186499774159243,-0.12640841367271438,89.92919921875,94.18087463378906,97.09030960083008,0.04995487932345978,0.042503684432272155,0.07824617426284575,149959600.0,49.866939569785906,-0.24230731100792546,-0.018522798541688812,0
2020-03-20,92.30449676513672,92.30449676513672,97.8499984741211,91.0364990234375,96.31549835205078,196358000,AMZN,-0.018522798541688812,0.03422405339088752,-0.11921929501492745,90.54009857177735,93.55617446899414,97.04442947387696,0.04689829152029436,0.042336182656839534,-0.05596207655842844,155131200.0,44.734936883775504,-0.021805202790112332,0.030735291504301987,1
2020-03-23,95.1415023803711,95.1415023803711,95.97000122070312,90.5999984741211,91.3874969482422,156170000,AMZN,0.030735291504301987,0.12650156779400357,-0.05298387016545991,92.67689971923828,93.29002456665039,97.04620956420898,0.03219217269502721,0.04218926127429815,-0.2046669858116298,156392700.0,49.70272704672833,0.3196754081948425,0.019586561347294085,1
2020-03-24,97.00499725341795,97.00499725341795,97.75,95.01699829101562,97.5749969482422,142942000,AMZN,0.019586561347294085,0.07315911903077832,-0.016545553565214588,93.99949951171875,93.2084243774414,97.10314956665039,0.019765000348689776,0.042265772036890664,-0.08470256771466989,157320700.0,48.225056418282676,0.6562262368866207,-0.027967604900147047,0
2020-03-25,94.29199981689452,94.29199981689452,97.51300048828124,94.28900146484376,96.03450012207033,129582000,AMZN,-0.027967604900147047,0.030513659201032883,-0.04735829145097281,94.55789947509764,92.9740493774414,97.09768951416015,0.027511898937789946,0.04271282366734589,-0.09346448209763403,158575200.0,48.10747645177505,0.6784879029678195,0.03693312450375408,1
2020-03-26,97.77449798583984,97.77449798583984,97.82450103759766,94.4645004272461,95.0999984741211,124426000,AMZN,0.03693312450375408,0.039639931100069914,0.03778062714329988,95.30349884033203,93.15202445983887,97.18373947143554,0.029518122006964603,0.04206068132960553,-0.03978947693352475,156652500.0,52.57653892328777,0.8964278619547397,-0.028325389436650306,0
2020-03-27,95.00499725341795,95.00499725341795,96.989501953125,94.99600219726562,96.54299926757812,107758000,AMZN,-0.028325389436650306,0.0292564347666886,0.008679466526003488,95.84359893798828,93.19289932250976,97.22181945800781,0.031957522381185724,0.04262886912385199,-0.13395914037259093,152559400.0,54.92236530094721,0.824559306735698,0.03360354691971401,1
2020-03-30,98.19750213623048,98.19750213623048,98.68150329589844,95.61699676513672,96.1415023803711,122522000,AMZN,0.03360354691971401,0.03212057492682474,0.00511783811322819,96.45479888916014,93.21789932250977,97.30782943725586,0.03252885273374777,0.042473803925106926,0.1370107091816848,151923800.0,53.66800963235558,0.9534137903388262,-0.007245622950859287,0
2020-03-31,97.48600006103516,97.48600006103516,99.6510009765625,97.20050048828124,98.21749877929688,102472000,AMZN,-0.007245622950859287,0.004958536376848954,0.021335879195799157,96.55099945068359,93.31972427368164,97.39282943725586,0.032095455914320385,0.04214757955847973,-0.16364408024681276,149512900.0,56.95412631900358,0.9500051945998831,-0.021551791267353848,0
2020-04-01,95.38500213623048,95.38500213623048,97.2480010986328,94.6500015258789,96.64849853515624,82438000,AMZN,-0.021551791267353848,0.011591676085547675,-0.03448165347226406,96.76959991455078,93.14939956665039,97.40852951049804,0.03072691868300506,0.04170430978158705,-0.19550706534467954,148861900.0,64.01785803539397,0.7730357143008642,0.005834205106051149,1
2020-04-02,95.94149780273438,95.94149780273438,96.37650299072266,94.5,95.08200073242188,86720000,AMZN,0.005834205106051149,-0.018747221625939003,-0.002702682768932152,96.40299987792969,93.13639945983887,97.43989944458008,0.024596699728295063,0.0412951154542728,0.05194206555229375,148449700.0,59.204132030540656,0.6643917944239236,-0.0063788821910731874,0
2020-04-03,95.32949829101562,95.32949829101562,96.31649780273438,94.4574966430664,95.55750274658205,72198000,AMZN,-0.0063788821910731874,0.0034156207250033432,0.002893093280567083,96.46790008544922,93.15014953613282,97.46190948486328,0.02071999765200194,0.041224634219695355,-0.16745848708487088,146786000.0,66.89773032075468,0.5281833901904885,0.04772922477644714,1
2020-04-06,99.87950134277344,99.87950134277344,99.9260025024414,96.5009994506836,96.8000030517578,115464000,AMZN,0.04772922477644714,0.017128737187321663,0.10939624649103208,96.8042999267578,93.6425994873047,97.59785949707032,0.02646775589416753,0.04044278327328752,0.5992686778027092,144746000.0,65.40904132171599,0.7100614782339537,0.007013456003121199,1
2020-04-07,100.58000183105467,100.58000183105467,101.78600311279295,99.88099670410156,100.85549926757812,102280000,AMZN,0.007013456003121199,0.031737908705684825,0.0633146726081586,97.42310028076172,93.94204940795899,97.78111953735352,0.02575519471756487,0.03905933186303938,-0.11418277558373169,142726700.0,64.94502607676205,0.8344910331618965,0.015609461784076961,1
2020-04-08,102.1500015258789,102.1500015258789,102.1999969482422,100.55750274658205,101.0500030517578,79546000,AMZN,0.015609461784076961,0.07092309312932166,0.12199732376628947,98.7761001586914,94.49739952087403,97.97086959838867,0.020439143817526557,0.037891018752800994,-0.22227219397731712,141079200.0,63.78075799086286,0.9699775918047979,-0.0001174844583299306,0
2020-04-09,102.13800048828124,102.13800048828124,102.6500015258789,100.88300323486328,102.21499633789062,92930000,AMZN,-0.0001174844583299306,0.06458626170593584,0.21838714119283398,100.01540069580078,95.41277465820312,98.15562957763672,0.021190296583226867,0.03217431598499986,0.16825484625248288,134379500.0,67.76828742756668,1.0021216708424552,0.06173506614263302,1
2020-04-13,108.44349670410156,108.44349670410156,109.0,101.9000015258789,102.0,134334000,AMZN,0.06173506614263302,0.13756495783762945,0.21505318435968146,102.63820037841796,96.3724494934082,98.45381958007812,0.02692096455680139,0.03192144822010419,0.44553965350263636,132286500.0,71.35837804027406,1.3686915178927954,0.052769449861283624,1
2020-04-14,114.16600036621094,114.16600036621094,114.5999984741211,109.3105010986328,110.02349853515624,161744000,AMZN,0.052769449861283624,0.1430373483184313,0.35175685882211694,105.49550018310546,97.85787467956543,98.7284196472168,0.027992613543386714,0.029476994799005958,0.20404365238882183,131456400.0,74.51641881689123,1.8853320126913302,0.010668695718768717,1
2020-04-15,115.38400268554688,115.38400268554688,116.6685028076172,112.25,112.88400268554688,137332000,AMZN,0.010668695718768717,0.14718632516390917,0.27648469850251445,108.4563003540039,99.10747489929199,99.03189971923828,0.0273677927335114,0.02652316198627683,-0.15092986447719858,127405900.0,81.47683776403937,2.177186928321869,0.043554542393708706,1
2020-04-16,120.40950012207033,120.40950012207033,123.0500030517578,116.75,117.3000030517578,240764000,AMZN,0.043554542393708706,0.17875181912322846,0.3159508210062332,112.10820007324219,100.55294990539551,99.3904197692871,0.027022128235613643,0.027409718075414143,0.7531529432324586,129798900.0,82.29234898984056,2.550874274772305,-0.013782136130354616,0
2020-04-17,118.75,118.75,120.0,115.8010025024414,118.6165008544922,158600000,AMZN,-0.013782136130354616,0.1626426935352503,0.2626732364917175,115.43059997558593,101.7881248474121,99.72554977416992,0.03160289081501626,0.027893668893898264,-0.34126364406638865,127329000.0,84.98394066261987,2.523828410035759,0.007835757606907912,1
2020-04-20,119.68049621582033,119.68049621582033,122.2490005493164,119.30249786376952,119.49749755859376,115414000,AMZN,0.007835757606907912,0.10362077813093751,0.29658359462529993,117.6779998779297,103.15692481994628,100.06892974853515,0.027407613508894254,0.02697862868542976,-0.2722950819672131,123281800.0,83.91159776525542,2.4065637210563047,-0.02736033095931456,0
2020-04-21,116.40599822998048,116.40599822998048,121.41549682617188,113.98300170898438,120.83049774169922,149534000,AMZN,-0.02736033095931456,0.019620533754220126,0.22350388965474788,118.1259994506836,104.22014961242675,100.31776977539063,0.027033558225262256,0.028118742690604548,0.2956313792087615,122950000.0,77.63012290196053,1.9650608778026166,0.015192527091639096,1
2020-04-22,118.17449951171876,118.17449951171876,119.6999969482422,117.5500030517578,118.4499969482422,84244000,AMZN,0.015192527091639096,0.024184434247585873,0.21823104847884434,118.68409881591796,105.2786247253418,100.54734970092774,0.027378379896080406,0.028061175805512054,-0.4366231091256838,120015100.0,83.60738072677215,1.660829810238524,0.01521482348408254,1
2020-04-23,119.97250366210938,119.97250366210938,121.21099853515624,119.10399627685548,119.9990005493164,101332000,AMZN,0.01521482348408254,-0.0036292523390424325,0.27235082398383526,118.59669952392578,106.56264991760254,100.79599975585937,0.01910861429081589,0.02658526730919951,0.2028393713498884,118602600.0,84.1864222968367,1.4566837646246302,0.004488511186874211,1
2020-04-24,120.51100158691406,120.51100158691406,121.02149963378906,119.0999984741211,120.8499984741211,76498000,AMZN,0.004488511186874211,0.014829487047697265,0.23254022336547342,118.94889984130859,107.69947509765625,101.04621978759765,0.01764356803311256,0.025995811160943946,-0.24507559309990923,116206200.0,85.89818831390023,1.2422719230093335,-0.01419786171076065,0
2020-04-27,118.8000030517578,118.8000030517578,122.24400329589844,118.1500015258789,122.16000366210938,112912000,AMZN,-0.01419786171076065,-0.007357031361858057,0.2504605703515641,118.77280120849609,108.88922538757325,101.27234985351562,0.018866240500518678,0.025050780530286528,0.476012444769798,116463900.0,79.3482191884573,0.8862765045389942,-0.02606061104255919,0
2020-04-28,115.7040023803711,115.7040023803711,118.6750030517578,115.3000030517578,118.6050033569336,105388000,AMZN,-0.02606061104255919,-0.0060305814157658455,0.1782784680190097,118.63240203857421,109.76455039978028,101.45155990600585,0.018421683361588868,0.0258245119354547,-0.06663596429077512,115607200.0,71.83656042280462,0.36979350697051494,0.02533616474965794,1
2020-04-29,118.635498046875,118.635498046875,119.59449768066406,115.5,116.50050354003906,91832000,AMZN,0.02533616474965794,0.003900998413879586,0.2169490795867952,118.72460174560547,110.82202529907227,101.66859985351563,0.02103403142777837,0.025803465235265093,-0.12862944547766353,115075200.0,72.90193465702109,0.16361279691440522,0.04268957423996422,1
2020-04-30,123.6999969482422,123.6999969482422,123.75,119.80049896240234,120.99199676513672,190692000,AMZN,0.04268957423996422,0.031069563211175044,0.29684954843919553,119.47010040283203,112.23777503967285,101.97237976074219,0.02809410710149318,0.025643925628387215,1.0765310567122572,120487900.0,76.26693443782742,0.298482259340231,-0.07597409237648933,0
2020-05-01,114.302001953125,114.302001953125,118.12200164794922,112.90950012207033,116.83999633789062,195452000,AMZN,-0.07597409237648933,-0.051522263959536074,0.19137187318194382,118.22830047607422,113.15580024719239,102.10531982421875,0.046508974438300536,0.03251608278944411,0.024961718373083253,125924500.0,56.63680467853562,-0.28359759234031223,0.013101236487597978,1
2020-05-04,115.79949951171876,115.79949951171876,116.3489990234375,112.81900024414062,112.81900024414062,97318000,AMZN,0.013101236487597978,-0.0252567631562417,0.21472893057942732,117.62819976806641,114.17930030822754,102.32533981323242,0.0474335190907237,0.0323128880698688,-0.5020874690461086,127180500.0,52.046402427857984,-0.5885625396205105,0.0007815221854263754,1
2020-05-05,115.88999938964844,115.88999938964844,117.5500030517578,115.35649871826172,117.0,64850000,AMZN,0.0007815221854263754,0.0016075244196469551,0.16029813757208355,117.66539916992187,114.97982521057129,102.63384979248048,0.045830103225535025,0.031132299326475082,-0.33362790028566147,124649800.0,50.65232692317527,-0.7923003188583824,0.014436139090531874,1
2020-05-06,117.56300354003906,117.56300354003906,117.87249755859376,116.0,116.47200012207033,62356000,AMZN,0.014436139090531874,-0.009040249541601542,0.16885068005378367,117.45090026855469,115.8289752960205,103.0123698425293,0.04463794985870918,0.031165088140035088,-0.03845797995373945,122653600.0,45.98309760649911,-0.8191130608726231,0.0069536948597912485,1
2020-05-07,118.38050079345705,118.38050079345705,118.8000030517578,117.15550231933594,118.73899841308594,67928000,AMZN,0.0069536948597912485,-0.04300320360566301,0.1588888793454033,116.38700103759766,116.64050025939942,103.40038986206055,0.038307145072671814,0.031118247674620552,0.08935788055680294,122072700.0,49.46587929143289,-0.7863565761096991,0.005068389389295769,1
2020-05-08,118.98049926757812,118.98049926757812,119.36199951171876,117.8499984741211,118.60700225830078,64132000,AMZN,0.005068389389295769,0.04093101813187627,0.16489943702421805,117.32270050048828,117.48262519836426,103.8956999206543,0.005683721569693839,0.031069815941122576,-0.055882699328700935,120632800.0,48.978374726137595,-0.7300684013867702,0.012350743942999287,1
2020-05-11,120.4499969482422,120.4499969482422,120.9834976196289,118.60549926757812,118.73500061035156,65184000,AMZN,0.012350743942999287,0.04015990963806204,0.11071664607884713,118.25279998779297,118.08295021057128,104.42094985961914,0.0055252791027646,0.02843549604401883,0.01640366743591337,117175300.0,56.23035731035409,-0.6048283567949602,-0.021606420523622938,0
2020-05-12,117.84750366210938,117.84750366210938,120.9499969482422,117.75,120.59249877929688,61498000,AMZN,-0.021606420523622938,0.016891054299511765,0.032246932397467454,118.64430084228516,118.26702537536622,104.82394989013672,0.014514107928459594,0.026763633077807037,-0.05654761904761907,112163000.0,49.508837937605215,-0.7014223304941822,0.004654320575239179,1
2020-05-13,118.39600372314452,118.39600372314452,120.38500213623048,116.88999938964844,118.33999633789062,95658000,AMZN,0.004654320575239179,0.007085563978652232,0.026104147607066253,118.81090087890625,118.4176254272461,105.28287994384766,0.013267158564266062,0.02669402869527221,0.5554652183810855,110079300.0,47.53967700216246,-0.7293062360082221,0.008838926123896362,1
2020-05-14,119.44249725341795,119.44249725341795,119.56849670410156,117.6604995727539,118.05049896240234,72962000,AMZN,0.008838926123896362,0.008971042129766182,-0.008030951608237191,119.02330017089844,118.36927528381348,105.6958999633789,0.013486437570382601,0.024892569603140246,-0.2372619122289824,101689200.0,48.35849431226148,-0.6792192652774207,0.008761547889003518,1
2020-05-15,120.48899841308594,120.48899841308594,120.5500030517578,117.81849670410156,118.4260025024414,84700000,AMZN,0.008761547889003518,0.012678541061718951,0.014644197162829053,119.325,118.45622520446777,106.18164993286133,0.013803413585474197,0.024750506533602286,0.16087826539842665,97994200.0,52.64882500716709,-0.5813387366460998,0.006838841203809398,1
2020-05-18,121.31300354003906,121.31300354003906,121.6500015258789,119.20050048828124,120.21749877929688,87144000,AMZN,0.006838841203809398,0.007164853579595398,0.013640546085928795,119.49760131835937,118.53785057067871,106.70682006835938,0.013028329850865526,0.024737068916269863,0.028854781582054345,96580700.0,59.47147142814074,-0.47150737933157894,0.009508426590011165,1
2020-05-19,122.46649932861328,122.46649932861328,124.25,121.44850158691406,121.4915008544922,86410000,AMZN,0.009508426590011165,0.0391946840023647,0.05206347774845077,120.42140045166016,118.84087562561035,107.35554000854492,0.0019817995390882578,0.0238729795816299,-0.008422840356192007,93424500.0,56.882373403677015,-0.3378410303945847,0.019846275173532213,1
2020-05-20,124.89700317382812,124.89700317382812,125.00050354003906,123.3635025024414,123.89350128173828,79962000,AMZN,0.019846275173532213,0.054908943260326915,0.056886246101196525,121.72160034179687,119.17700080871582,107.9616600036621,0.005176549221073502,0.024022146207998543,-0.07462099294063185,93210400.0,52.37520248277948,-0.11397670245595437,-0.02049693045417056,0
2020-05-21,122.33699798583984,122.33699798583984,126.27249908447266,122.1269989013672,125.0,102288000,AMZN,-0.02049693045417056,0.024233424442564155,0.019708635325222712,122.30050048828124,119.29522552490235,108.58753997802734,0.0150690338185194,0.02439480409694507,0.27920762362122,93258200.0,71.8818058401458,-0.16353621849310462,-0.004029821100215214,0
2020-05-22,121.84400177001952,121.84400177001952,123.49250030517578,121.50650024414062,122.75050354003906,57342000,AMZN,-0.004029821100215214,0.0112458678782279,0.011061232298729795,122.57150115966797,119.36187553405762,109.34781005859375,0.015331302743572023,0.02440993601640199,-0.4394063819802909,92300400.0,67.41380303224113,-0.24959009529444387,-0.0061636144559753525,0
2020-05-26,121.09300231933594,121.09300231933594,123.0999984741211,120.7030029296875,122.9000015258789,71364000,AMZN,-0.0061636144559753525,-0.001813500731852824,0.019301340140363,122.52750091552734,119.47652549743653,109.98467010498047,0.015478063299311009,0.02421476319138521,0.24453280318091442,90223000.0,64.43995744882677,-0.36990314138260505,-0.004736042347035618,0
2020-05-27,120.51950073242188,120.51950073242188,120.6790008544922,116.5,120.24949645996094,101138000,AMZN,-0.004736042347035618,-0.015898213853300702,0.041619116478097906,122.13810119628906,119.71730041503906,110.70591018676758,0.014509569124166389,0.023405262632678264,0.41721316069727044,90010500.0,58.738507304902654,-0.4932115793042251,-0.003854151605534595,0
2020-05-28,120.05500030517578,120.05500030517578,121.84850311279295,118.9114990234375,119.21649932861328,63804000,AMZN,-0.003854151605534595,-0.0387679667694939,0.011965240435370506,121.1697006225586,119.7882755279541,111.29917022705078,0.007124708113597283,0.022795877750302854,-0.36913919595008804,88609100.0,55.054790166788685,-0.603853110404164,0.017187950901155657,1
2020-05-29,122.11849975585938,122.11849975585938,122.11849975585938,119.91000366210938,120.7969970703125,70198000,AMZN,0.017187950901155657,-0.00178603557041479,-0.012784941240091885,121.1260009765625,119.70920066833496,111.91154022216797,0.009828919079809912,0.020972627108123115,0.10021315278039,82584400.0,58.70361608136668,-0.5380479080939873,0.011738616181262485,1
2020-06-01,123.552001953125,123.552001953125,123.84649658203124,122.20850372314452,122.4000015258789,58578000,AMZN,0.011738616181262485,0.01401792585842121,0.0809259666667379,121.4676010131836,120.17170066833496,112.50165023803712,0.01082037514621433,0.01126959783222977,-0.16553178153223735,75740700.0,58.62099235152125,-0.40407756197288425,0.0005543957444538172,1
2020-06-02,123.62049865722656,123.62049865722656,123.67649841308594,122.2655029296875,123.3499984741211,50598000,AMZN,0.0005543957444538172,0.020872356696758798,0.06753914462917288,121.97310028076171,120.56275062561035,113.12797027587891,0.009791933638874381,0.011081544907516061,-0.13622861825258625,73404700.0,68.6743699345502,-0.32059605838032956,0.002422733405640143,1
2020-06-03,123.91999816894533,123.91999816894533,124.4000015258789,123.05850219726562,123.40049743652344,53420000,AMZN,0.002422733405640143,0.02821532960108475,0.06928983364904684,122.6531997680664,120.9642505645752,113.70354019165039,0.008615347521576066,0.011067735096803727,0.0557729554527846,72833200.0,68.16147547110563,-0.25766345873381447,-0.0071820481181340545,0
2020-06-04,123.02999877929688,123.02999877929688,125.3769989013672,122.50050354003906,123.87149810791016,58974000,AMZN,-0.0071820481181340545,0.024780296252207235,0.046502684302344166,123.24819946289062,121.23760032653809,114.22404022216797,0.009601400886078937,0.01098996887490308,0.10396855110445524,72664100.0,61.91741715331928,-0.2862333187034083,0.009103493113018724,1
2020-06-05,124.1500015258789,124.1500015258789,124.43250274658205,121.85649871826172,122.22550201416016,66128000,AMZN,0.009103493113018724,0.016635495638096964,0.048736917767294496,123.65449981689453,121.52607536315918,114.82120025634765,0.007467735320814189,0.011047903996675266,0.12130769491640381,72574100.0,62.102483524299274,-0.24173144415898307,0.016536458949464095,1
2020-06-08,126.2030029296875,126.2030029296875,126.5,124.36699676513672,125.01000213623048,79414000,AMZN,0.016536458949464095,0.021456560271425396,0.06070325563071055,124.18470001220703,121.88720054626465,115.38977035522461,0.008974891916641674,0.011480617318916602,0.20091338011129922,73338200.0,64.9504653957543,-0.09366973434772241,0.030427139202305886,1
2020-06-09,130.04299926757812,130.04299926757812,131.32150268554688,126.25,126.47200012207033,103520000,AMZN,0.030427139202305886,0.05195336275223905,0.07964302666988088,125.46920013427734,122.36685066223144,116.09053039550781,0.014257390424447958,0.012880556343440121,0.3035484927090941,75255000.0,69.89574372004066,0.225794968651853,0.017913292558120908,1
2020-06-10,132.37249755859375,132.37249755859375,136.11749267578125,131.31300354003906,132.25,98920000,AMZN,0.017913292558120908,0.06820932468159646,0.12325245291686637,127.15970001220703,123.09310035705566,116.77403030395507,0.013804013875871853,0.011739691616555397,-0.04443585780525505,77126100.0,69.73519580348025,0.5390337905725562,-0.03380230045218746,0
2020-06-11,127.89800262451172,127.89800262451172,133.56900024414062,126.8115005493164,130.1750030517578,116002000,AMZN,-0.03380230045218746,0.039567616788711346,0.0802560779296786,128.13330078125,123.56820030212403,117.3822703552246,0.02461079413055605,0.014723524885726485,0.17268499797816417,78143300.0,63.33319187202335,0.3965063348997173,-0.005058743377937103,0
2020-06-12,127.2509994506836,127.2509994506836,131.07400512695312,125.1675033569336,130.0605010986328,108722000,AMZN,-0.005058743377937103,0.024977832353536344,0.06537457250829704,128.75350036621094,123.9586254119873,118.01959030151367,0.025263475946245707,0.014809375319285693,-0.0627575386631265,79931300.0,62.86890425485556,0.21914279511167223,0.01086830941079775,1
2020-06-15,128.63400268554688,128.63400268554688,129.1999969482422,125.4000015258789,126.33000183105467,77302000,AMZN,0.01086830941079775,0.019262614196381422,0.06759956825714908,129.2397003173828,124.36587562561036,118.67344039916992,0.02474973556810735,0.014857862171755647,-0.288993947867037,79561400.0,67.42375364811284,0.15829315830184765,0.0165547312399128,1
2020-06-16,130.7635040283203,130.7635040283203,131.0,128.8000030517578,131.0,71712000,AMZN,0.0165547312399128,0.005540511713819196,0.07790179298596067,129.38380126953126,124.83840065002441,119.38212051391602,0.021638310077635454,0.015133152322812397,-0.07231378230834906,78789800.0,72.08140126156691,0.22094100030414188,0.009830663019560593,1
2020-06-17,132.0489959716797,132.0489959716797,132.75,131.59100341796875,132.375,59186000,AMZN,0.009830663019560593,-0.002443873107182748,0.07824586066883299,129.31910095214843,125.31752548217773,120.02551040649413,0.020350005548062076,0.015139644950052296,-0.17467090584560463,77428600.0,74.9698137362192,0.3033442887414859,0.004922484646629588,1
2020-06-18,132.69900512695312,132.69900512695312,132.98199462890625,131.8054962158203,132.35049438476562,49756000,AMZN,0.004922484646629588,0.03753774417053557,0.06246748724840412,130.27930145263673,125.70762557983399,120.66789047241211,0.008110209725701891,0.01467200546030967,-0.15932821951137088,75918300.0,73.40457274243707,0.35256378180661185,0.007923935918584757,1
2020-06-19,133.75050354003906,133.75050354003906,134.8715057373047,132.9499969482422,133.9040069580078,115540000,AMZN,0.007923935918584757,0.05107625179694053,0.09329561573449996,131.5792022705078,126.27830085754394,121.29990051269532,0.004296403645337487,0.01359965471918032,1.3221320041804003,76580900.0,72.94737788984196,0.40322268995795607,0.014508287231048467,1
2020-06-22,135.6909942626953,135.6909942626953,135.75,133.4499969482422,134.22500610351562,64176000,AMZN,0.014508287231048467,0.05486101209490979,0.11364525369752698,132.9906005859375,126.97065048217773,121.9709603881836,0.004759500025067594,0.013615279147829965,-0.4445559979227973,76922600.0,75.0492878046803,0.50794255819876,0.018641697717608263,1
2020-06-23,138.2205047607422,138.2205047607422,139.15550231933594,135.90199279785156,136.30099487304688,84634000,AMZN,0.018641697717608263,0.0570266205990233,0.1414408934732585,134.48200073242188,127.82702560424805,122.5665005493164,0.00543903775746003,0.01362813447466775,0.31877960608327105,77586100.0,77.16300212678757,0.6774893625257135,-0.010855867894827953,0
2020-06-24,136.72000122070312,136.72000122070312,139.8000030517578,136.0500030517578,139.0,90532000,AMZN,-0.010855867894827953,0.03537327349331165,0.13442223366200046,135.41620178222655,128.6370506286621,123.01758056640625,0.011356730368269745,0.01396358855207008,0.06968830493655043,77055800.0,75.41397402029406,0.6200502944771369,0.007380066387785211,1
2020-06-25,137.72900390625,137.72900390625,137.81149291992188,135.60699462890625,136.9774932861328,59374000,AMZN,0.007380066387785211,0.037905323965953475,0.14721588901876226,136.42220153808594,129.52075080871583,123.46448059082032,0.01129583534282061,0.013752949369728644,-0.3441655989042548,76834300.0,75.31223112028887,0.5820895345397372,-0.02240276315369638,0
2020-06-26,134.64349365234375,134.64349365234375,139.1284942626953,134.39999389648438,138.7530059814453,130016000,AMZN,-0.02240276315369638,0.0066765364515981585,0.10256426275727648,136.60079956054688,130.14700050354003,123.74916046142579,0.017475895013784565,0.014999232515522301,1.189780038400647,79825200.0,65.15048432271236,0.2956984164710579,-0.004638148068063508,0
2020-06-29,134.0189971923828,134.0189971923828,134.83999633789062,131.50399780273438,134.50050354003906,84468000,AMZN,-0.004638148068063508,-0.012322093145515245,0.0847173260958487,136.2664001464844,130.67035026550292,124.05454040527344,0.015929698361483866,0.015058968007797862,-0.35032611370908195,81119700.0,58.06817281063755,0.024991252917404783,0.029264486024190406,1
2020-06-30,137.9409942626953,137.9409942626953,138.48150634765625,133.75149536132812,134.2534942626953,75394000,AMZN,0.029264486024190406,-0.002022207186485825,0.11584240284595881,136.210498046875,131.38637504577636,124.41975036621093,0.019696497086893847,0.016031898328032628,-0.10742529715395177,82359500.0,60.61373078001412,0.06839504058452972,0.043453386195574595,1
2020-07-01,143.93499755859375,143.93499755859375,144.75,137.6999969482422,137.89950561523438,127268000,AMZN,0.043453386195574595,0.052772061684256855,0.16151549132821263,137.65349731445312,132.3871250152588,124.97033035278321,0.026265275923871987,0.018094129750522322,0.6880388359816432,86051900.0,78.89338127451366,0.4384768994657602,0.004029609482701257,1
2020-07-02,144.51499938964844,144.51499938964844,147.7779998779297,143.55499267578125,145.60049438476562,131868000,AMZN,0.004029609482701257,0.04927063502192719,0.17463221022129272,139.0106964111328,133.46137504577638,125.4971403503418,0.026410661915863123,0.017780755370214882,0.0361441996417009,89696600.0,81.17931585449568,0.6474056390638836,0.05768955229869066,1
2020-07-06,152.8520050048828,152.8520050048828,152.99400329589844,146.5,146.74850463867188,137612000,AMZN,0.05768955229869066,0.13523498877379359,0.23118810411791268,142.65239868164062,134.89647521972657,126.15473037719727,0.026176761501067555,0.020944039442579353,0.04355871022537694,93270800.0,84.95768694195814,1.2379326271049367,-0.018619371729473477,0
2020-07-07,150.00599670410156,150.00599670410156,153.4774932861328,149.5,152.92750549316406,105150000,AMZN,-0.018619371729473477,0.11928905488502939,0.188608774924917,145.84979858398438,136.08662490844728,126.74463027954101,0.030630311522709897,0.02187922223872811,-0.23589512542510827,94557600.0,77.21284731513211,1.3201862825450323,0.026995584181255694,1
2020-07-08,154.0554962158203,154.0554962158203,154.19850158691406,150.6215057373047,151.1304931640625,100752000,AMZN,0.026995584181255694,0.11682170365131972,0.18465043934301884,149.07269897460938,137.28724975585936,127.44974014282226,0.030533986550951367,0.021714367137828542,-0.04182596291012841,94419200.0,78.86511979415596,1.5165984153117797,0.032949191382365184,1
2020-07-09,159.13150024414062,159.13150024414062,159.69400024414062,153.6999969482422,155.79949951171875,127774000,AMZN,0.032949191382365184,0.10557892759445542,0.20214926196207927,152.11199951171875,138.6251998901367,128.31829010009767,0.029076526090932562,0.02230139857142689,0.26820311259329843,95861900.0,81.06377301432002,1.8363191070773066,0.005457748808544549,1
2020-07-10,160.0,160.0,160.75,156.78500366210938,159.58799743652344,109720000,AMZN,0.005457748808544549,0.10715151144000035,0.25099686247434727,155.20899963378906,140.23029975891114,129.14558013916016,0.0288792920297833,0.019888256251640972,-0.14129635137038832,95547800.0,80.98197186081617,1.9438684918982894,-0.030000019073486373,0
2020-07-13,155.1999969482422,155.1999969482422,167.21449279785156,153.41949462890625,162.55299377441406,154408000,AMZN,-0.030000019073486373,0.015361211279396603,0.21963676213317518,155.67859802246093,141.62774963378905,129.77558013916016,0.02754335325276172,0.02167889080764375,0.4072912869121399,97832100.0,71.57023449288586,1.5466140194752622,-0.006443299095769239,0
2020-07-14,154.1999969482422,154.1999969482422,156.36900329589844,147.5,154.4499969482422,144638000,AMZN,-0.006443299095769239,0.027958883886579633,0.19874989294388068,156.51739807128905,142.90604934692382,130.5735400390625,0.02558313860222555,0.02199401786619638,-0.06327392363090001,101198900.0,68.2862954061452,1.0927652759488105,-0.02436122126125273,0
2020-07-15,150.44349670410156,150.44349670410156,154.91749572753906,148.65899658203125,154.01150512695312,115778000,AMZN,-0.02436122126125273,-0.02344609313165047,0.15050065247195454,155.7949981689453,143.8900489807129,131.26641998291015,0.02524921827233556,0.023158910040718086,-0.19953262628078372,103402200.0,64.93355157917739,0.4488318017916324,-0.002981196241378159,0
2020-07-16,149.9949951171875,149.9949951171875,151.60000610351562,145.9114990234375,148.55299377441406,127884000,AMZN,-0.002981196241378159,-0.05741481173077512,0.1359040938816123,153.9676971435547,144.78734893798827,131.94851989746093,0.014943477605359716,0.023261791219530238,0.10456217934322587,106837100.0,63.51236321460389,-0.07040127445619326,-0.01264375276193297,0
2020-07-17,148.09849548339844,148.09849548339844,151.1999969482422,147.42250061035156,150.4499969482422,95226000,AMZN,-0.01264375276193297,-0.07438440322875972,0.1160482728692096,151.58739624023437,145.55732345581055,132.55922973632812,0.01156984251697313,0.0236585278031904,-0.2553720559256827,109110600.0,65.2209276513683,-0.5765028951126103,0.07929519957328535,1
2020-07-20,159.8419952392578,159.8419952392578,160.0679931640625,149.7010040283203,150.00999450683594,151964000,AMZN,0.07929519957328535,0.029909783391063316,0.19507583903344416,152.5157958984375,146.86189804077148,133.38845962524414,0.04145912037897332,0.02882048548297473,0.595824669733056,110931800.0,73.34049223765503,-0.17605642832061186,-0.018314900474015072,0
2020-07-21,156.9145050048828,156.9145050048828,162.0290069580078,155.28599548339844,161.62449645996094,122426000,AMZN,-0.018314900474015072,0.01760381394528676,0.15641060674298823,153.05869750976564,147.92307357788087,134.14713973999022,0.042711926560121356,0.029438371147879637,-0.19437498354873528,113844300.0,67.463441106067,-0.16426228742293958,-0.012229630062539742,0
2020-07-22,154.99549865722656,154.99549865722656,157.5,153.26300048828125,156.25,82084000,AMZN,-0.012229630062539742,0.03025721983900742,0.12136400402763448,153.96909790039064,148.76182327270507,134.83804977416992,0.04099395521169804,0.029642814489260583,-0.3295215068694558,113716800.0,61.00579790330471,-0.3319526906757888,-0.036568799201794455,0
2020-07-23,149.32749938964844,149.32749938964844,154.9134979248047,148.5,154.9134979248047,113138000,AMZN,-0.036568799201794455,-0.004450119999121038,0.09221399982723377,153.83559875488282,149.39219818115234,135.4676496887207,0.045469294578883726,0.030948118283592438,0.3783197699917158,114847100.0,54.34839436222023,-0.8418453034641953,0.007486874288995304,1
2020-07-24,150.44549560546875,150.44549560546875,151.57899475097656,144.39999389648438,146.5,112648000,AMZN,0.007486874288995304,0.015847562221409595,0.09232980228242016,154.30499877929688,150.02802276611328,136.1086395263672,0.04496856282116615,0.03094858422988558,-0.004330994007318512,117510800.0,47.49934119334858,-1.1045091041489048,0.015387648743417026,1
2020-07-27,152.760498046875,152.760498046875,154.89999389648438,150.7884979248047,153.10000610351562,83410000,AMZN,0.015387648743417026,-0.04430310808985427,0.1345553647123141,152.88869934082032,150.93387298583986,136.77499954223632,0.02075870373251772,0.030343493176158903,-0.259551878417726,115180500.0,52.894204472542256,-1.1195378640021447,-0.017962780502695397,0
2020-07-28,150.01649475097656,150.01649475097656,153.85450744628906,149.78799438476562,152.7135009765625,62534000,AMZN,-0.017962780502695397,-0.0439603098113307,0.11936738741321506,151.50909729003905,151.73374786376954,137.36554946899415,0.020719116631008193,0.03075048712122399,-0.25028174079846544,114083800.0,45.63643724909926,-1.298868219468492,0.011065474265779418,1
2020-07-29,151.67649841308594,151.67649841308594,151.95799255371094,149.8385009765625,151.54949951171875,59482000,AMZN,0.011065474265779418,-0.02141352666944618,0.09957521492293053,150.84529724121094,152.42052307128907,137.97281936645507,0.02230702605933132,0.03029464820098513,-0.04880544983528956,113288200.0,41.30409322793207,-1.2877650195483543,0.006049030252796905,1
2020-07-30,152.593994140625,152.593994140625,154.60000610351562,150.25,150.6999969482422,122566000,AMZN,0.006049030252796905,0.02187470334886621,0.06015907686736366,151.49859619140625,152.8534729003906,138.57536926269532,0.013014404325375602,0.028931694847352453,1.0605561346289636,113053100.0,41.371107789328164,-1.2023338492927298,0.036960821567137314,1
2020-07-31,158.23399353027344,158.23399353027344,162.34100341796875,157.5500030517578,162.1999969482422,161710000,AMZN,0.036960821567137314,0.05176956540612809,0.09493128186393429,153.0562957763672,153.53942260742187,139.2421090698242,0.019711196264752276,0.02989559598902481,0.31937078798361695,114545200.0,53.467107846590466,-0.7706742771802073,-0.01668096589563972,0
2020-08-03,155.59449768066406,155.59449768066406,159.1999969482422,155.1999969482422,159.02549743652344,101494000,AMZN,-0.01668096589563972,0.018551914074798503,0.017942143943048938,153.623095703125,153.67654724121093,139.90725906372072,0.02264142590150727,0.02752286508642371,-0.37237029249891784,112739300.0,51.536013886815994,-0.671255279586104,0.008657119256458845,1
2020-08-04,156.94149780273438,156.94149780273438,158.36199951171875,155.0605010986328,155.0605010986328,93886000,AMZN,0.008657119256458845,0.04616161084988102,0.0462348256137628,155.00809631347656,154.02332229614257,140.609208984375,0.01906692426581184,0.027160302923290632,-0.07496009616332,112176100.0,57.55862888130241,-0.5293511593723101,0.021090645909052075,1
2020-08-05,160.25149536132812,160.25149536132812,160.67950439453125,156.36500549316406,157.18850708007812,78330000,AMZN,0.021090645909052075,0.056534776566956824,0.04021926706741885,156.723095703125,154.33312225341797,141.39237884521484,0.019822907331673988,0.026912181589589235,-0.16569030526383055,111055000.0,61.18594256006763,-0.24177662699325975,0.0062308600392182445,1
2020-08-06,161.25,161.25,162.37350463867188,158.27149963378906,159.71800231933594,78812000,AMZN,0.0062308600392182445,0.05672573097076117,0.013312887471111257,158.454296875,154.43904724121094,142.20698883056642,0.01981122343230607,0.02595745477931742,0.006153453338439974,108606900.0,64.62985274362889,-0.024936854796706598,-0.017841853651889505,0
2020-08-07,158.3730010986328,158.3730010986328,162.04049682617188,157.0334930419922,161.20050048828125,78722000,AMZN,-0.017841853651889505,0.0008784937121162351,-0.010168743133544877,158.4820983886719,154.3576972961426,142.97334884643556,0.01699078549121948,0.02626667200302788,-0.0011419580774501004,107057000.0,47.96431030312053,-0.11106810499790054,-0.006093187166982039,0
2020-08-10,157.4080047607422,157.4080047607422,158.62550354003906,155.0760040283203,158.5155029296875,63346000,AMZN,-0.006093187166982039,0.011655341976167355,0.014226854741732797,158.8447998046875,154.46809768676758,143.67913894653321,0.014874758503294845,0.025367268588660775,-0.1953202408475394,102503900.0,50.72321432564546,-0.26030789656073505,-0.021437993092404684,0
2020-08-11,154.0334930419922,154.0334930419922,157.96099853515625,153.64999389648438,155.66000366210938,74362000,AMZN,-0.021437993092404684,-0.018529227778859125,-0.001079791890695625,158.26319885253906,154.45977249145508,144.28876876831055,0.01756070648313178,0.0258165999888705,0.17390206169292455,98990100.0,48.64788121016841,-0.5944558509406335,0.026478049605839216,1
2020-08-12,158.11199951171875,158.11199951171875,158.71949768066406,155.0709991455078,155.39999389648438,70442000,AMZN,0.026478049605839216,-0.013350863558466819,0.05097264405320168,157.83529968261718,154.84319763183595,144.97859878540038,0.0195120535726566,0.02576805517712323,-0.05271509642021466,96723300.0,62.92426979237242,-0.5499949772765262,-0.0003858318082136103,0
2020-08-13,158.05099487304688,158.05099487304688,160.87600708007812,157.75,159.14950561523438,62980000,AMZN,-0.0003858318082136103,-0.019838791484980578,0.05370845706928695,157.19549865722655,155.2459976196289,145.66121871948243,0.01898639132727143,0.025743946683111328,-0.1059311206382556,93478100.0,61.54884894746744,-0.5334805160113776,-0.004112558082955964,0
2020-08-14,157.4010009765625,157.4010009765625,158.91200256347656,156.0,158.90899658203125,55034000,AMZN,-0.004112558082955964,-0.006137410513960995,0.06281296418846383,157.0010986328125,155.71112289428712,146.34863876342774,0.017383179461115523,0.02554225731591093,-0.12616703715465227,91468500.0,57.42183305512441,-0.5717200484135994,0.010924312234330102,1
2020-08-17,159.12049865722656,159.12049865722656,159.74850463867188,157.70899963378906,158.656005859375,53824000,AMZN,0.010924312234330102,0.010879331702903894,-0.0045138111605231845,157.34359741210938,155.67504806518554,147.0480487060547,0.017824025376541357,0.018427953393046655,-0.02198640840207866,86561500.0,65.05390885905783,-0.48975526128236035,0.04087466955935781,1
2020-08-18,165.62449645996094,165.62449645996094,166.0,160.29100036621094,160.60000610351562,106920000,AMZN,0.04087466955935781,0.07524989006649907,0.05550787962404802,159.66179809570312,156.11054763793945,147.83647857666017,0.018838595568110256,0.02002631616956219,0.9864744351961949,85786200.0,69.8791371011868,-0.03029359336039139,-0.015701145907449088,0
2020-08-19,163.0240020751953,163.0240020751953,165.7949981689453,162.8000030517578,165.15049743652344,83702000,AMZN,-0.015701145907449088,0.0310666020203767,0.051798300515319085,160.64419860839843,156.5119728088379,148.4960986328125,0.021528830640084144,0.02017876720760536,-0.21715301159745604,85867100.0,64.18469754892337,0.06073168982900823,0.011314270642265756,1
2020-08-20,164.86849975585938,164.86849975585938,165.63099670410156,161.89999389648438,162.60000610351562,66650000,AMZN,0.011314270642265756,0.0431348432086025,0.1040732646681437,162.00769958496093,157.28902282714844,149.14601867675782,0.02125182855204046,0.017994129108466376,-0.20372273063965018,83542700.0,60.06158220826782,0.19958707860797276,-0.0038364352508537536,0
2020-08-21,164.23599243164062,164.23599243164062,165.72000122070312,163.76950073242188,164.75,71518000,AMZN,-0.0038364352508537536,0.04342406600130766,0.09166440491070826,163.37469787597655,157.97854766845703,149.8727784729004,0.021210659597992825,0.018093442286447464,0.0730382595648913,81486200.0,63.95477141022463,0.2026108500190924,0.006923017605080961,1
2020-08-24,165.3730010986328,165.3730010986328,169.01600646972656,162.8780059814453,165.50750732421875,93326000,AMZN,0.006923017605080961,0.03929413553985417,0.08256390371212086,164.6251983642578,158.60917282104492,150.63521850585937,0.021181934905317855,0.017924780998814508,0.30493022735535114,81982000.0,63.7086390423326,0.2328040696018272,0.011800549645987202,1
2020-08-25,167.32449340820312,167.32449340820312,167.8699951171875,163.35000610351562,164.74949645996094,79856000,AMZN,0.011800549645987202,0.010264163723227693,0.11537397061541399,164.96519775390624,159.47457275390624,151.4090283203125,0.01177271214307483,0.017215908700930153,-0.14433276900327885,82848100.0,62.0313585268843,0.32989163019735823,0.0284955613728457,1
2020-08-26,172.09249877929688,172.09249877929688,172.58700561523438,167.22850036621094,167.5554962158203,130174000,AMZN,0.0284955613728457,0.055626757953829875,0.13460226587383795,166.77889709472657,160.4953727722168,152.23560821533204,0.01165716028631074,0.017932654165359538,0.6301091965537968,86382700.0,66.34702982050277,0.6428091713678943,-0.01215915158498826,0
2020-08-27,170.0,170.0,172.64999389648438,168.89999389648438,172.50250244140625,85296000,AMZN,-0.01215915158498826,0.031124807053739545,0.1140674373025079,167.8051971435547,161.36567306518555,152.99462829589845,0.015546377817708235,0.018411774435820052,-0.34475394472014376,84519200.0,67.95452949611945,0.6353146688436428,0.0005293902228860059,1
2020-08-28,170.08999633789062,170.08999633789062,171.6685028076172,169.3249969482422,171.14999389648438,57940000,AMZN,0.0005293902228860059,0.03564385503796674,0.0749270276449725,168.9759979248047,161.9584732055664,153.7424481201172,0.01494977233536425,0.016881793358968288,-0.32071843931720123,79330700.0,70.12758113130235,0.5652187079818027,0.014451219151166761,1
2020-08-31,172.54800415039062,172.54800415039062,174.75,170.25,170.44949340820312,83718000,AMZN,0.014451219151166761,0.0433867862594961,0.1089595501283167,170.41099853515624,162.80614852905273,154.51839813232422,0.015300228741346854,0.016324536344201952,0.44490852606144293,78441900.0,80.26482315773404,0.6093926243577386,0.01395547583299983,1
2020-09-01,174.95599365234375,174.95599365234375,175.69349670410156,173.35000610351562,174.47900390625,68644000,AMZN,0.01395547583299983,0.04560898460647289,0.11478478351374255,171.9372985839844,163.7068733215332,155.3036981201172,0.01544179004597671,0.016424397556506345,-0.18005685754556966,77179800.0,79.1247340515349,0.7182920355349891,0.009239471142122424,1
2020-09-02,176.57249450683594,176.57249450683594,177.6125030517578,174.33450317382812,177.35000610351562,78630000,AMZN,0.009239471142122424,0.026032486943457833,0.10184615818222431,172.8332977294922,164.5229232788086,156.07073791503908,0.011199502506480245,0.016044553545039586,0.14547520540761028,77194800.0,80.39052700364789,0.8099033565670783,-0.04628410915968095,0
2020-09-03,168.39999389648438,168.39999389648438,174.42050170898438,165.14999389648438,174.25,163222000,AMZN,-0.04628410915968095,-0.009411800608915444,0.044341047420058066,172.51329650878907,164.88042297363282,156.7043377685547,0.02558471299743176,0.019708313910081335,1.075823477044385,81415300.0,64.47426547364701,0.2593192826229611,-0.021787358799564616,0
2020-09-04,164.7310028076172,164.7310028076172,169.0749969482422,155.55650329589844,165.89999389648438,175636000,AMZN,-0.021787358799564616,-0.03150681195634564,0.04014574242376501,171.44149780273438,165.19832305908204,157.24437774658202,0.027021883879124447,0.019939527856384805,0.076055923833797,86261000.0,57.02287644367298,-0.37810548100507635,-0.04394435952982134,0
2020-09-08,157.49200439453125,157.49200439453125,162.54249572753906,156.5,157.1999969482422,121884000,AMZN,-0.04394435952982134,-0.08725687573144436,0.0005336427071591654,168.4302978515625,165.2025230407715,157.70134796142577,0.02850573568735557,0.022407620126745378,-0.3060420414949099,89187900.0,40.004186092046766,-1.2635131955089358,0.03770662418145765,1
2020-09-09,163.4304962158203,163.4304962158203,165.15899658203125,159.25,160.14950561523438,103774000,AMZN,0.03770662418145765,-0.06587655098816347,0.06100623304871977,166.1251983642578,165.6723731994629,158.28957794189452,0.03608447666234956,0.02327824745343964,-0.1485838994453743,90658500.0,50.46174165346497,-1.4141008400395219,-0.02860545100214451,0
2020-09-10,158.7554931640625,158.7554931640625,167.4945068359375,158.52749633789062,165.36099243164062,106614000,AMZN,-0.02860545100214451,-0.10090473826365787,0.004069859683837995,162.56179809570312,165.70454788208008,158.70586791992187,0.03416793313368176,0.023637973420797143,0.027367163258619653,92467100.0,43.475700517550806,-1.7703288732616889,-0.018547317429499666,0
2020-09-11,155.81100463867188,155.81100463867188,160.86700439453125,154.19900512695312,160.4344940185547,101880000,AMZN,-0.018547317429499666,-0.07475647098628135,-0.014172579148737707,160.04400024414062,165.59254837036133,158.94338806152345,0.031062508960034763,0.02401836200719705,-0.04440317406719563,94412100.0,41.43104923165934,-2.122301924180783,-0.004251985314208007,0
2020-09-14,155.14849853515625,155.14849853515625,159.3695068359375,154.8000030517578,158.64700317382812,90592000,AMZN,-0.004251985314208007,-0.058170618214787195,-0.014310597946843084,158.12749938964845,165.47992324829102,159.1560580444336,0.031099514151476278,0.024019504843026358,-0.11079701609736947,96190000.0,39.49943130727868,-2.302689083268178,0.017132004407634627,1
2020-09-15,157.80650329589844,157.80650329589844,158.75100708007812,155.4459991455078,156.80799865722656,80430000,AMZN,0.017132004407634627,0.0019969197965081786,-0.008257863521146325,158.19039916992188,165.41422348022462,159.25514801025392,0.026894660124623528,0.024213480809072502,-0.11217326033203812,97520300.0,40.36484311017182,-2.148917796326601,-0.024723344317983953,0
2020-09-16,153.90499877929688,153.90499877929688,159.36199951171875,153.70750427246094,158.99949645996094,90244000,AMZN,-0.024723344317983953,-0.05828469996165475,-0.07075944640530396,156.2852996826172,164.8282485961914,159.33312805175783,0.018634616349213547,0.022765661487894835,0.12201914708442119,96686500.0,31.259846184130012,-2.2074781536265853,-0.02253666798925036,0
2020-09-17,150.43649291992188,150.43649291992188,151.47149658203125,148.62750244140625,150.46249389648438,128982000,AMZN,-0.02253666798925036,-0.052401337921224145,-0.07721261283640557,154.62149963378906,164.19887313842773,159.26074798583986,0.017424645289809686,0.023009824947517157,0.42925845485572456,98950500.0,30.39787251738656,-2.363389789314161,-0.01788790878106783,0
2020-09-18,147.74549865722656,147.74549865722656,151.88999938964844,145.27699279785156,151.58700561523438,177852000,AMZN,-0.01788790878106783,-0.051764674774733344,-0.10385853649416898,153.0083984375,163.34272308349608,159.03302795410156,0.01735166186010275,0.022929552477905818,0.3788900776852584,104510600.0,28.7205341311316,-2.5171405576272194,0.001881613182508124,1
2020-09-21,148.02349853515625,148.02349853515625,148.10000610351562,143.5500030517578,145.3249969482422,122358000,AMZN,0.001881613182508124,-0.04592374445947667,-0.09871462190745095,151.5833984375,162.53209838867187,158.79349792480468,0.018100370785034018,0.022983251832973024,-0.31202348019701776,107052600.0,25.632653655288436,-2.466265724357803,0.05692335984779917,1
2020-09-22,156.44949340820312,156.44949340820312,156.69949340820312,150.00999450683594,151.69200134277344,138976000,AMZN,0.05692335984779917,-0.008599201296228043,-0.053959882394027936,151.31199645996094,162.0859230041504,158.8184878540039,0.03418656609474125,0.026751068305955465,0.13581457689730136,109335100.0,33.576197143808926,-1.764195347253297,-0.04126889165142078,0
2020-09-23,149.9929962158203,149.9929962158203,156.35000610351562,149.61900329589844,156.02149963378906,113054000,AMZN,-0.04126889165142078,-0.025418294366685634,-0.10358015637376572,150.52959594726562,161.21934814453124,158.73434783935548,0.03764981016893754,0.027873624969728342,-0.18652141376928388,110995000.0,28.277795568750804,-1.6365168256554439,0.006643681788120581,1
2020-09-24,150.989501953125,150.989501953125,153.46499633789062,148.25,148.88949584960938,110588000,AMZN,0.006643681788120581,0.003676029814770443,-0.12262589581685246,150.64019775390625,160.16419830322266,158.74526794433595,0.03641129318153292,0.02689933746546616,-0.021812585136306573,110015700.0,33.88051326302441,-1.3961859220728305,0.02494874307344297,1
2020-09-25,154.75650024414062,154.75650024414062,155.07699584960938,149.9499969482422,152.7429962158203,92304000,AMZN,0.02494874307344297,0.047453233097678016,-0.08966764562270224,152.04239807128906,159.4020233154297,158.840498046875,0.03581475619849391,0.02773186022675437,-0.1653343943284986,110366100.0,40.78184575457157,-0.9178566784573938,0.025498115680328004,1
2020-09-28,158.70249938964844,158.70249938964844,158.7519989013672,155.85850524902344,157.4425048828125,84484000,AMZN,0.025498115680328004,0.07214395660264628,-0.06694983357881001,154.1781982421875,158.83264846801757,159.052578125,0.036061597465747504,0.02851275004077798,-0.08472005546888539,111693300.0,51.191209456519225,-0.30191409806676295,-0.009190126805558863,0
2020-09-29,157.24400329589844,157.24400329589844,159.41299438476562,156.6269989013672,158.76950073242188,69916000,AMZN,-0.009190126805558863,0.0050783794206499255,-0.0886941632842847,154.33710021972655,158.06744842529298,159.0006182861328,0.027818683576421716,0.028236728223196655,-0.17243501728137878,111003200.0,43.323375874845624,0.023778990957564528,0.0012241460404771587,1
2020-09-30,157.43649291992188,157.43649291992188,160.6439971923828,156.69949340820312,157.0570068359375,97922000,AMZN,0.0012241460404771587,0.04962562847528784,-0.1001366135945877,155.82579956054687,157.19147338867188,159.01105804443358,0.015166119159754358,0.027946604034670964,0.4005663939584645,112467100.0,48.4240199760509,0.25578380632580133,0.023034752317315554,1
2020-10-01,161.06300354003906,161.06300354003906,161.1999969482422,158.60000610351562,160.39999389648438,99438000,AMZN,0.023034752317315554,0.0667165694078613,-0.08783639269589882,157.8404998779297,156.41599884033204,159.13240814208984,0.016052187544570024,0.028478908418219637,0.015481709932395171,113507500.0,56.17460796410424,0.6354727654556824,-0.02988273802333874,0
2020-10-02,156.25,156.25,159.7899932861328,156.14999389648438,157.68150329589844,112262000,AMZN,-0.02988273802333874,0.009650643129711867,-0.07214961007631027,158.13919982910156,155.80849914550782,159.2708581542969,0.02311308344155238,0.02741979054910919,0.12896478207526307,110959500.0,51.17985556951714,0.5477849137015665,0.0237440429687501,1
2020-10-05,159.9600067138672,159.9600067138672,160.12649536132812,157.04249572753906,157.29200744628906,75506000,AMZN,0.0237440429687501,0.007923676873741625,-0.028962344746494728,158.3907012939453,155.5699493408203,159.46114837646485,0.02267909353112103,0.027699925454502467,-0.3274126596711264,105953000.0,52.255851095797745,0.7144211640395415,-0.03102028886576813,0
2020-10-06,154.9980010986328,154.9980010986328,159.10000610351562,154.5,158.25,101738000,AMZN,-0.03102028886576813,-0.014283547545143271,-0.015835745474740093,157.94150085449218,155.44524917602538,159.5058984375,0.02700847939043058,0.026783533770018804,0.3474160993828306,104945700.0,51.12006287150527,0.4766716091095011,0.030881037106998743,1
2020-10-07,159.7845001220703,159.7845001220703,160.0,156.6195068359375,156.75,86188000,AMZN,0.030881037106998743,0.014913995850649009,-0.02230915391051147,158.41110229492188,155.2629493713379,159.70125854492187,0.031012481723386286,0.026310945471862822,-0.15284357860386488,104066400.0,59.32748661772851,0.6189644509621297,-0.0016084400175445657,0
2020-10-08,159.52749633789062,159.52749633789062,161.6645050048828,158.74949645996094,161.24949645996094,63482000,AMZN,-0.0016084400175445657,-0.009533581073239539,0.00486284385152147,158.1040008544922,155.3015495300293,159.85827850341798,0.028994837653596214,0.02548903626409491,-0.2634473476586068,101909800.0,62.35631678079177,0.6687259667484156,0.030120249141207367,1
2020-10-09,164.33250427246094,164.33250427246094,164.44949340820312,159.89149475097656,160.5,98158000,AMZN,0.030120249141207367,0.05172802734374993,0.05469125658711049,159.7205017089844,155.72762451171874,160.09304870605467,0.026675198369330327,0.02588987219108977,0.5462335780221166,101723700.0,65.62074981797201,0.9794036594621537,0.04754990740220588,1
2020-10-12,172.14649963378906,172.14649963378906,174.81199645996094,166.9774932861328,167.4969940185547,167284000,AMZN,0.04754990740220588,0.07618462370860479,0.10955955912638826,162.15780029296874,156.5775245666504,160.371298828125,0.031360256792770595,0.027658737617154924,0.7042319525662708,105558300.0,65.21292526121177,1.6271266080445712,0.00020333647320058823,1
2020-10-13,172.18150329589844,172.18150329589844,174.61900329589844,171.21099853515625,173.39950561523438,114894000,AMZN,0.00020333647320058823,0.11086273419959092,0.09109257032991769,165.59450073242186,157.2962745666504,160.70303894042968,0.02138009035936501,0.02754518658343783,-0.313179981349083,107281500.0,74.56136854230921,1.9520026583029289,-0.023208080547411636,0
2020-10-14,168.1855010986328,168.1855010986328,173.24400329589844,167.0,172.35000610351562,116254000,AMZN,-0.023208080547411636,0.05257707080564389,0.09278777448817288,167.2747009277344,158.0102996826172,160.92791900634765,0.028046648930157857,0.027461878591229442,0.011836997580378483,108582000.0,67.84964544848351,1.79579560220037,-0.007450142689235051,0
2020-10-15,166.9324951171875,166.9324951171875,167.79400634765625,164.0,164.60049438476562,104468000,AMZN,-0.007450142689235051,0.04641832254179268,0.10965425926305339,168.75570068359374,158.83509979248046,161.06153900146484,0.0287946511383373,0.02687226897901095,-0.10138145784231078,107356300.0,63.33477938856596,1.517202236084994,-0.019750480983333984,0
2020-10-16,163.635498046875,163.635498046875,169.98300170898438,158.0,168.1614990234375,129488000,AMZN,-0.019750480983333984,-0.0042414385922721065,0.10754980377787104,168.61629943847657,159.62959976196288,161.10924896240235,0.02847729742096994,0.02696087679366614,0.23949917678140675,104938100.0,55.48037558717281,1.0426030795257328,-0.020013957457728493,0
2020-10-19,160.36050415039062,160.36050415039062,166.4499969482422,159.63699340820312,164.98049926757812,104472000,AMZN,-0.020013957457728493,-0.06846491510702246,0.08334491305314118,166.25910034179688,160.2464500427246,161.1489990234375,0.009983113746020702,0.027552053230553042,-0.1931916471024342,104043800.0,53.32799315379423,0.46905845063932894,0.003055554339711275,1
2020-10-20,160.85049438476562,160.85049438476562,163.3000030517578,159.60049438476562,161.11399841308594,90194000,AMZN,0.003055554339711275,-0.06580851423779344,0.028130490426578447,163.9928985595703,160.46650009155275,161.21784881591796,0.011027585899495249,0.024621198527330447,-0.1366681981775021,101604700.0,53.622665118336506,0.10276628622666939,-0.009968886774915697,0
2020-10-21,159.2469940185547,159.2469940185547,161.69400024414062,158.0,160.625,91854000,AMZN,-0.009968886774915697,-0.053146716106260095,0.061696199397331064,162.2051971435547,160.92919998168946,161.32211883544923,0.009603300588155936,0.022664892934521,0.018404771936048947,100544700.0,47.98655242908254,-0.24825831258113928,-0.0026812857408547996,0
2020-10-22,158.82000732421875,158.82000732421875,159.9375,156.0970001220703,159.49349975585938,84240000,AMZN,-0.0026812857408547996,-0.048597415304154734,0.05186125703974276,160.58269958496095,161.32072525024415,161.33627899169923,0.010238177416470406,0.02268710346334484,-0.08289241622574961,99227300.0,53.15640418645025,-0.4956640226390929,0.008814971867029398,1
2020-10-23,160.22000122070312,160.22000122070312,160.26649475097656,157.0,159.5500030517578,69334000,AMZN,0.008814971867029398,-0.02087259101441097,0.03530385455824736,159.89960021972655,161.59390029907226,161.37965911865234,0.011266009050376245,0.02213731856681758,-0.17694681861348527,98078800.0,50.338525824241536,-0.5474306528038391,0.0008238907949942309,1
2020-10-26,160.3520050048828,160.3520050048828,164.1490020751953,157.6649932861328,159.93699645996094,118024000,AMZN,0.0008238907949942309,-5.3000241879042065e-05,0.010393696517560835,159.897900390625,161.67637557983397,161.43867919921874,0.006969335381186473,0.021433296589225135,0.7022528629532407,99755800.0,57.97415399607655,-0.5535332670763973,0.024723687101579017,1
2020-10-27,164.31649780273438,164.31649780273438,164.58299255371094,160.56500244140625,161.2469940185547,85820000,AMZN,0.024723687101579017,0.02154798113133438,0.044977832913138505,160.59110107421876,162.03000030517578,161.5425991821289,0.013246940784197678,0.021942335814465724,-0.2728597573374907,100551000.0,56.91929642439302,-0.28485254197914367,-0.037595069983728635,0
2020-10-28,158.13900756835938,158.13900756835938,163.2010040283203,158.12350463867188,162.46499633789062,111766000,AMZN,-0.037595069983728635,-0.006957660061490456,0.004462209716490806,160.3695037841797,162.06512603759765,161.39288940429688,0.02293047747579699,0.023701018869734625,0.30233045910044276,101243200.0,48.204670272215516,-0.5046160578183806,0.015249235849637444,1
2020-10-29,160.55050659179688,160.55050659179688,162.8625030517578,158.1999969482422,160.06350708007812,131930000,AMZN,0.015249235849637444,0.010895977759561859,-0.00318196567168072,160.71560363769532,162.03950119018555,161.3434194946289,0.02401401371663329,0.02337288614965899,0.18041264785355127,102867800.0,44.787183880076434,-0.46972724343923955,-0.0544564552314909,0
2020-10-30,151.8074951171875,151.8074951171875,158.35000610351562,150.9499969482422,157.8874969482422,167728000,AMZN,-0.0544564552314909,-0.05250596704170163,-0.028432031250000045,159.0331024169922,161.81737594604493,161.08219940185546,0.034270849157276864,0.025574205868319287,0.2713408625786402,105641100.0,22.666281146635015,-0.9878404088265501,-0.010430948040659138,0
2020-11-02,150.2239990234375,150.2239990234375,153.98550415039062,147.50599670410156,153.08700561523438,145148000,AMZN,-0.010430948040659138,-0.0631610810300558,-0.06086526182663421,157.00750122070312,161.33057556152343,160.80195953369142,0.03372688320362631,0.02495912137772312,-0.13462272250310026,109123200.0,21.67026873149176,-1.3662491196474154,0.014621516534147005,1
2020-11-03,152.42050170898438,152.42050170898438,153.7449951171875,149.0489959716797,150.92649841308594,97958000,AMZN,0.014621516534147005,-0.07239684543442138,-0.016629242773319675,154.62830200195313,161.20170059204102,160.54290954589842,0.03114295674242647,0.02432525386688398,-0.3251164328822994,108934200.0,28.669407035632375,-1.3929123255232936,0.06322966294024535,1
2020-11-04,162.05799865722656,162.05799865722656,162.24249267578125,156.9864959716797,157.99949645996094,136780000,AMZN,0.06322966294024535,0.024781938050124186,0.01422852988505996,155.41210021972657,161.31537551879882,160.43757965087892,0.04289357061055787,0.027405958361366105,0.3963127054451907,111463800.0,44.62432449623919,-0.7196689347587346,0.024941733698923496,1
2020-11-05,166.10000610351562,166.10000610351562,168.33999633789062,164.44400024414062,165.99850463867188,115786000,AMZN,0.024941733698923496,0.03456544379413562,0.04119985530083148,156.52200012207032,161.64400100708008,160.31772979736328,0.04364863617123744,0.027908252432143822,-0.15348735195203977,114079000.0,52.673961285058965,0.0015190234556785587,-0.003199936061909714,0
2020-11-06,165.56849670410156,165.56849670410156,166.10000610351562,161.60000610351562,165.23199462890625,92946000,AMZN,-0.003199936061909714,0.09064770864107397,0.0075212900643890634,159.27420043945312,161.7058006286621,160.2290997314453,0.02899543017196028,0.027149912872285097,-0.1972604632684435,113818400.0,56.00830044688485,0.42307722054559366,-0.05062255447737596,0
2020-11-09,157.18699645996094,157.18699645996094,164.4499969482422,155.60549926757812,161.55149841308594,143808000,AMZN,-0.05062255447737596,0.04635076606792432,-0.08689983941382362,160.66679992675782,160.95782546997071,159.97103973388673,0.041614694685974514,0.027112762152017546,0.5472209670131043,112644600.0,46.42456441639585,0.13280215560657793,-0.03458294580536425,0
2020-11-10,151.75100708007812,151.75100708007812,155.6999969482422,150.9739990234375,154.75100708007812,131820000,AMZN,-0.03458294580536425,-0.004392418483075922,-0.11865674201200327,160.53290100097655,159.9363006591797,159.55509979248046,0.04579555697259365,0.027920148802072563,-0.08336114819759677,113490900.0,43.19338438256944,-0.4007465697785891,0.03372959332756431,1
2020-11-11,156.8695068359375,156.8695068359375,156.95750427246094,152.5,153.08900451660156,87338000,AMZN,0.03372959332756431,-0.03201626494390686,-0.06728281682294968,159.49520263671874,159.37050094604493,159.19337005615233,0.036578049591776976,0.02894900164687724,-0.3374450007586103,112045100.0,48.36793206364641,-0.38432878477801646,-0.008640935353967705,0
2020-11-12,155.51400756835938,155.51400756835938,158.79400634765625,154.30250549316406,157.99749755859375,87240000,AMZN,-0.008640935353967705,-0.0637326799889395,-0.06840182638384629,157.3780029296875,158.79957656860353,158.7722003173828,0.03232418250462214,0.02895968941926399,-0.0011220774462433747,111183700.0,46.059357766749635,-0.4363428232997504,0.005957652481424658,1
2020-11-13,156.4405059814453,156.4405059814453,157.08599853515625,154.26950073242188,156.10000610351562,75124000,AMZN,0.005957652481424658,-0.05513120493549861,-0.04396962854214315,155.55240478515626,158.43982696533203,158.53301055908204,0.033240880128075856,0.028753309327505926,-0.13888124713434202,108465500.0,46.76764966378231,-0.3818956668374742,0.0007190451875813686,1
2020-11-16,156.55299377441406,156.55299377441406,157.13499450683594,153.63450622558594,154.66000366210938,76174000,AMZN,0.0007190451875813686,-0.00403342960820785,-0.023743442290539152,155.42560424804688,158.24945144653321,158.36945037841798,0.024712113712799053,0.028436054954826612,0.01397689153932169,107050600.0,43.1482559321792,-0.31465274439102153,0.001469221257177411,1
2020-11-17,156.7830047607422,156.7830047607422,159.46249389648438,156.76300048828125,159.177001953125,68894000,AMZN,0.001469221257177411,0.03315956696095412,-0.025287392740576342,156.4320037841797,158.04607696533202,158.3552703857422,0.01604379217693409,0.02842689967824096,-0.09557066715677265,105985600.0,48.662877598990576,-0.23469745593244729,-0.00963120822903818,0
2020-11-18,155.2729949951172,155.2729949951172,157.0,155.2550048828125,156.6999969482422,58336000,AMZN,-0.00963120822903818,-0.010177324280683964,-0.02495493901112178,156.11270141601562,157.84737701416014,158.19212036132814,0.006802336193474588,0.028421326362981978,-0.1532499201672134,104309700.0,44.701774423872145,-0.2614748274851644,0.003722494885254779,1
2020-11-19,155.8509979248047,155.8509979248047,156.25,154.04600524902344,155.2655029296875,60206000,AMZN,0.003722494885254779,0.0021669453556920626,-0.018694177449274707,156.1800994873047,157.69892654418945,158.13403045654297,0.0059955271355407146,0.028436010405705554,0.03205567745474491,103108000.0,54.855367774480946,-0.21989840225426582,-0.005652814007175211,0
2020-11-20,154.97000122070312,154.97000122070312,156.64450073242188,154.90249633789062,155.8509979248047,67488000,AMZN,-0.005652814007175211,-0.009399769909441469,-0.03276744451379776,155.88599853515626,157.43642654418946,158.1172103881836,0.005560473887241002,0.028368968955855296,0.12095140019267192,103015700.0,55.79671304524148,-0.23026740154445502,-0.00032591205652088284,0
2020-11-23,154.91949462890625,154.91949462890625,156.9875030517578,153.2729949951172,155.8350067138672,94178000,AMZN,-0.00032591205652088284,-0.010434161021932398,-0.03387865574746718,155.55929870605468,157.16480102539063,158.1126303100586,0.005457298374819724,0.028365643162041727,0.3954777145566619,101823400.0,53.221097565580784,-0.2191264617202613,0.006348492495275249,1
2020-11-24,155.9029998779297,155.9029998779297,156.71249389648438,154.31300354003906,155.02499389648438,72042000,AMZN,0.006348492495275249,-0.005612884407690921,-0.05120300175156656,155.3832977294922,156.7441261291504,158.07456024169923,0.006573527123498421,0.027768351282698035,-0.23504427785682436,101134500.0,39.78831022855002,-0.12859988167908498,0.02149089105013391,1
2020-11-25,159.2534942626953,159.2534942626953,159.89999389648438,157.01300048828125,157.093505859375,75808000,AMZN,0.02149089105013391,0.0256354897237816,0.007047512890544505,156.1793975830078,156.7998504638672,158.18153015136718,0.010212488814241813,0.026941682422538034,0.052275061769523345,99336600.0,38.374268878569715,0.15828734884908746,0.003224444340751864,1
2020-11-27,159.76699829101562,159.76699829101562,160.8094940185547,159.50250244140625,160.56300354003906,47858000,AMZN,0.003224444340751864,0.025126565876083307,-0.004880135961036425,156.96259765625,156.76067504882812,158.36814025878905,0.01023189687420577,0.026733200721699872,-0.3686945968763191,95133000.0,40.14272817919683,0.37179966257376806,-0.008543726224847115,0
2020-11-30,158.40199279785156,158.40199279785156,161.41949462890625,156.27749633789062,160.4239959716797,81278000,AMZN,-0.008543726224847115,0.022146167323446653,0.043439868865324804,157.64899597167968,157.09039993286132,158.58127014160155,0.011035667882245926,0.023588504226933146,0.6983158510593841,90810500.0,52.71071294344493,0.4073998358978461,0.01642659261366375,1
2020-12-01,161.00399780273438,161.00399780273438,162.44749450683594,157.85899353027344,159.4250030517578,90740000,AMZN,0.01642659261366375,0.03927525834242451,0.0717594981452665,158.86589660644532,157.62939987182617,158.84088012695312,0.011747531656784433,0.02358462045242254,0.11641526612367437,88090100.0,73.63226812159002,0.5818587021286002,-0.005139620139509304,0
2020-12-02,160.17649841308594,160.17649841308594,161.60000610351562,158.66299438476562,161.08250427246094,62586000,AMZN,-0.005139620139509304,0.027411265585026268,0.05088552141699454,159.72059631347656,158.01719970703124,158.9154202270508,0.013140629705002517,0.023518338526297762,-0.31027110425391224,86321500.0,60.81704158077831,0.6140169526943859,-0.005244192164348127,0
2020-12-03,159.3365020751953,159.3365020751953,161.4320068359375,159.0655059814453,160.2729949951172,57840000,AMZN,-0.005244192164348127,0.0005212307138646732,-0.016793349322964057,159.73719787597656,157.8811248779297,159.10229034423827,0.010087588917175533,0.018750817690859622,-0.0758316556418368,82374500.0,62.93960440123512,0.5531011506691137,-0.007578327983446487,0
2020-12-04,158.12899780273438,158.12899780273438,159.91050720214844,157.93800354003906,159.91050720214844,58272000,AMZN,-0.007578327983446487,-0.010252433267211036,-0.047989211365914164,159.40959777832032,157.48257446289062,159.24508026123047,0.010414630957168231,0.017798073093005642,0.007468879668049766,79498800.0,55.60903755713861,0.4123275154025629,-0.00144820943300783,0
2020-12-07,157.89999389648438,157.89999389648438,159.03799438476562,157.08450317382812,157.82400512695312,55026000,AMZN,-0.00144820943300783,-0.003169145113015248,-0.046316195171609675,159.30919799804687,157.09914932250976,159.30795013427735,0.009765986839825649,0.017797740636746634,-0.05570428336079081,77602800.0,54.44025620364307,0.29038595354523705,0.006108347649924184,1
2020-12-08,158.864501953125,158.864501953125,159.2064971923828,156.00100708007812,157.94500732421875,65726000,AMZN,0.006108347649924184,-0.013288464130131294,0.010672037324610084,158.881298828125,157.18302459716796,159.31119018554688,0.005370495121909806,0.01373360035965486,0.1944535310580453,73698700.0,56.54454230470673,0.26214564551725983,-0.02300385041546993,0
2020-12-09,155.2100067138672,155.2100067138672,158.72149658203125,154.39999389648438,158.39450073242188,82016000,AMZN,-0.02300385041546993,-0.031006369526261346,0.022793915509000673,157.88800048828125,157.35597457885743,159.27051025390625,0.010715084627051492,0.012345356369198014,0.24784712290417787,71208500.0,49.82548848849695,-0.0012556107567587849,-0.0008730964486967085,0
2020-12-10,155.07449340820312,155.07449340820312,157.10499572753906,153.8000030517578,154.44949340820312,60604000,AMZN,-0.0008730964486967085,-0.026748476409886424,-0.01144271735112734,157.0355987548828,157.2662239074707,159.22327026367188,0.010990721524692862,0.009684396127382457,-0.26107101053452986,69871800.0,47.794589900072026,-0.17366719665350366,0.004813852496939441,1
2020-12-11,155.8209991455078,155.8209991455078,155.93350219726562,153.64100646972656,154.83299255371094,61294000,AMZN,0.004813852496939441,-0.014595669923272325,0.001974044537521813,156.5739990234375,157.2815734863281,159.11843017578124,0.011737043916687204,0.009557859132493032,0.011385387103161504,68574500.0,52.43559140094872,-0.2233259022559021,0.013011701561464806,1
2020-12-14,157.84849548339844,157.84849548339844,159.52349853515625,156.3000030517578,157.14999389648438,83116000,AMZN,0.013011701561464806,-0.0003261457572930615,0.009000159473532499,156.5636993408203,157.3519729614258,159.1504000854492,0.013781584152179772,0.009907520063177338,0.35602179658694166,68974100.0,57.53071250179485,-0.11118345679626113,0.0025815971159888207,1
2020-12-15,158.25599670410156,158.25599670410156,159.4250030517578,156.52450561523438,159.05050659179688,66390000,AMZN,0.0025815971159888207,-0.0038303412124313096,0.010878124324734673,156.44199829101564,157.43712310791017,159.11631988525392,0.013478443270427212,0.009918487396666514,-0.20123682564127243,68484900.0,56.23441457001194,-0.006636770944515535,0.023961224378619583,1
2020-12-16,162.04800415039062,162.04800415039062,162.35000610351562,158.1840057373047,158.80050659179688,88552000,AMZN,0.023961224378619583,0.04405642124047726,0.0335814420554259,157.80959777832032,157.70037307739258,159.25731994628907,0.009945814538224396,0.011214172143157059,0.3338153336345835,69467800.0,57.23495990651569,0.30367493694845543,-0.0015057469987226346,0
2020-12-17,161.8040008544922,161.8040008544922,163.17550659179688,161.0500030517578,162.5,69486000,AMZN,-0.0015057469987226346,0.04339532116719513,0.04206144062320938,159.15549926757814,158.02692337036132,159.2977099609375,0.010100850947894433,0.010925038342636029,-0.2153085192881019,70025300.0,55.348416072050995,0.46842820851459355,-0.01063939440891426,0
2020-12-18,160.08250427246094,160.08250427246094,162.4709930419922,158.5800018310547,162.19949340820312,119914000,AMZN,-0.01063939440891426,0.02734872161212154,0.027150973712070092,160.00780029296874,158.23849868774414,159.3088101196289,0.013372718888273478,0.01128029632787495,0.7257289238119908,73010700.0,54.33131870552035,0.43795382092142615,0.0014149045573290664,1
2020-12-21,160.3090057373047,160.3090057373047,161.34849548339844,158.3000030517578,160.00050354003906,76736000,AMZN,0.0014149045573290664,0.015587796680425425,0.034451858259960444,160.49990234375,158.5054489135742,159.22834014892578,0.012730507581044864,0.011157740678007249,-0.36007472021615494,73473100.0,47.95879130974906,0.41003053563575015,0.00010603453584812073,1
2020-12-22,160.3260040283203,160.3260040283203,161.10000610351562,159.00399780273438,160.14199829101562,47388000,AMZN,0.00010603453584812073,0.01308011934668829,0.03489883188920029,160.91390380859374,158.77577438354493,158.99193023681642,0.012806660648431447,0.011153920226682558,-0.38245412844036697,71133600.0,50.46105197775206,0.37086547096162853,-0.006627122071927394,0
2020-12-23,159.2635040283203,159.2635040283203,160.50650024414062,159.20849609375,160.25,41876000,AMZN,-0.006627122071927394,-0.01718318060545887,0.0215550961368407,160.35700378417968,158.94379959106445,158.73357025146484,0.005046639822226011,0.011250882421923195,-0.11631636701274584,69625300.0,49.777932919402275,0.25697103770923735,-0.003949415822362745,0
2020-12-24,158.63450622558594,158.63450622558594,160.10000610351562,158.4499969482422,159.69500732421875,29038000,AMZN,-0.003949415822362745,-0.019588481200514485,-0.003886809768131827,159.72310485839844,158.912850189209,158.5425503540039,0.004928184057113322,0.010218087228745714,-0.30657178336039737,67286800.0,51.593906695187535,0.12928762688764173,0.03507113271672124,1
2020-12-28,164.197998046875,164.197998046875,165.1999969482422,158.63450622558594,159.6999969482422,113736000,AMZN,0.03507113271672124,0.025708579417332622,0.027734136606787363,160.54620361328125,159.13440017700196,158.48786041259766,0.017001121871617435,0.012900228157482882,2.9167986775948758,70580700.0,64.85937905014256,0.39455047581106706,0.011583625131030173,1
2020-12-29,166.10000610351562,166.10000610351562,167.53250122070312,164.06100463867188,165.4969940185547,97458000,AMZN,0.011583625131030173,0.036123986544464914,0.048597957447972684,161.70440368652345,159.51930084228516,158.53715057373046,0.017042832380781445,0.012864838828276973,-0.1431209115847225,71389700.0,66.34808450781918,0.6576323105320236,-0.010882060864285004,0
2020-12-30,164.29249572753906,164.29249572753906,167.10499572753906,164.12350463867188,167.0500030517578,64186000,AMZN,-0.010882060864285004,0.024740164412244026,0.020424945775780134,162.4977020263672,159.6837257385254,158.61579040527343,0.01880911557987819,0.012752459665325826,-0.34139834595415464,70062000.0,72.38992925259322,0.667324265986759,-0.008801370623195415,0
2020-12-31,162.84649658203125,162.84649658203125,164.14599609375,162.05999755859375,163.75,59144000,AMZN,-0.008801370623195415,0.022497260596965107,0.016669100619614907,163.21430053710938,159.81722564697264,158.65571044921876,0.019167970074357193,0.012872299527226759,-0.0785529554731561,69889900.0,67.996565662276,0.53923812095929,-0.021584740620304466,0
2021-01-04,159.3314971923828,159.3314971923828,163.60000610351562,157.2010040283203,163.5,88228000,AMZN,-0.021584740620304466,0.004393690776240744,-3.1410773723039576e-05,163.35369873046875,159.81697540283204,158.65740051269532,0.0224730174941528,0.013770392342594258,0.491748951711078,71409300.0,57.20500878140197,0.19824202435611948,0.010004358381754175,1
2021-01-05,160.92550659179688,160.92550659179688,161.16900634765625,158.2530059814453,158.30050659179688,53110000,AMZN,0.010004358381754175,-0.019930154411163414,0.01768498395563811,162.69920043945314,159.95680084228516,158.69951049804686,0.014305505883457378,0.013816382430216661,-0.3980369043840958,71151200.0,56.429722468620604,0.06726684537786698,-0.024896614147709384,0
2021-01-06,156.91900634765625,156.91900634765625,159.87550354003906,156.55799865722656,157.32400512695312,87896000,AMZN,-0.024896614147709384,-0.05527392786570795,-0.006212714292257893,160.86300048828124,159.90775146484376,158.63349060058593,0.013701407336519011,0.014978163252553096,0.6549802297119187,72794700.0,47.57149485230412,-0.282770112293365,0.0075771277744003385,1
2021-01-07,158.10800170898438,158.10800170898438,160.427001953125,157.75,157.85000610351562,70290000,AMZN,0.0075771277744003385,-0.0376431923513475,-0.004761921227461108,159.6261016845703,159.86992645263672,158.58861053466796,0.016096815775806413,0.015014306119500878,-0.20030490579776095,73022900.0,42.0959704178962,-0.4195523509872957,0.006495514374673217,1
2021-01-08,159.13499450683594,159.13499450683594,159.53199768066406,157.11000061035156,159.0,70754000,AMZN,0.006495514374673217,-0.02279141494042336,0.02528823930923818,158.88380126953126,160.06617584228516,158.48498046875,0.01721222795602332,0.014068336647876198,0.0066012235026320365,72459800.0,44.80879474148441,-0.424882692741386,-0.021519462280005563,0
2021-01-11,155.7104949951172,155.7104949951172,157.81900024414062,155.5,157.40049743652344,73668000,AMZN,-0.021519462280005563,-0.022726217107553404,0.004101264965863383,158.15960083007812,160.09797592163085,158.43641021728516,0.017196028243368362,0.01496823728566361,0.04118495067416683,73113000.0,42.024792606307706,-0.6306575529146995,0.002125797051401035,1
2021-01-12,156.04150390625,156.04150390625,157.10699462890625,154.3000030517578,156.0,70292000,AMZN,0.002125797051401035,-0.030349462860077336,0.0014151158184800838,157.18280029296875,160.10900115966797,158.3462301635742,0.015846380646112986,0.01493771215129289,-0.04582722484660906,73562900.0,42.24499789539766,-0.7101749256544745,0.014438406874172749,1
2021-01-13,158.29449462890625,158.29449462890625,159.49749755859375,156.10400390625,156.4219970703125,66424000,AMZN,0.014438406874172749,0.008765593877153366,0.0028254887329903777,157.45789794921876,160.13130111694335,158.4759701538086,0.013775459137882803,0.01500548649021513,-0.05502759915779887,72728300.0,46.58575627689797,-0.5821130977890251,-0.012135545173177387,0
2021-01-14,156.37350463867188,156.37350463867188,158.89999389648438,156.0294952392578,158.37600708007812,61418000,AMZN,-0.012135545173177387,-0.01097033073319742,-0.011895233701314178,157.11099853515626,160.03717651367188,158.5989602661133,0.014517962978526372,0.015243972995640254,-0.0753643261471757,72479700.0,45.27916625747574,-0.5957048055078918,-0.007424600125642833,0
2021-01-15,155.21249389648438,155.21249389648438,157.12750244140625,154.7584991455078,156.1510009765625,84880000,AMZN,-0.007424600125642833,-0.024648887710132517,-0.0421820082866462,156.32649841308594,159.69540100097657,158.6548001098633,0.013768342342199789,0.01417240347548862,0.38200527532645157,72296100.0,44.50561700305313,-0.6475118733573928,0.005318518294228358,1
2021-01-19,156.03799438476562,156.03799438476562,157.25,154.8000030517578,155.35000610351562,66102000,AMZN,0.005318518294228358,0.0021032582913482756,-0.035635747195842504,156.39199829101562,159.40710067749023,158.53440002441405,0.010518917648445435,0.01426821182431035,-0.22122997172478798,72126900.0,34.54721246824339,-0.5923054600648395,0.04570048462239673,1
2021-01-20,163.16900634765625,163.16900634765625,163.99000549316406,158.75,159.09950256347656,106196000,AMZN,0.04570048462239673,0.04567696582627434,0.019280695846324747,157.81749877929687,159.56142578125,158.47578002929689,0.022947619107103186,0.017588976953534563,0.606547456960455,71441000.0,45.367036558940605,-0.06916608595752533,0.013363421550624865,1
2021-01-21,165.34950256347656,165.34950256347656,167.42750549316406,164.47850036621094,164.64999389648438,98722000,AMZN,0.013363421550624865,0.044568877465445356,0.031442380937922065,159.22850036621094,159.8134506225586,158.47140014648437,0.022890995876179543,0.01780184229892415,-0.07037929865531656,72540300.0,51.6513149112268,0.40406806601320777,-0.00446331304512726,0
2021-01-22,164.6114959716797,164.6114959716797,166.0955047607422,164.1580047607422,165.2154998779297,56438000,AMZN,-0.00446331304512726,0.05268150350689593,0.026729861879438932,160.8760986328125,160.02772521972656,158.61989013671874,0.021326703180642625,0.01785260008709409,-0.4283138510159843,72992800.0,52.819756996432616,0.6340418914604569,0.0005376354551673845,1
2021-01-25,164.6999969482422,164.6999969482422,168.1945037841797,162.15750122070312,166.4250030517578,74996000,AMZN,0.0005376354551673845,0.06112589788090972,0.03413520852181651,162.77359924316406,160.29954986572267,158.87886993408202,0.019903570871405166,0.017753183102158895,0.32882100712286055,74648800.0,59.631145970319544,0.7507899214509631,0.009754137082109926,1
2021-01-26,166.30650329589844,166.30650329589844,166.89999389648438,164.14349365234375,164.8179931640625,59104000,AMZN,0.009754137082109926,0.06580774734781736,0.04836272544261311,164.82730102539062,160.6831497192383,159.06760986328126,0.01962310443950713,0.01778288939625379,-0.21190463491386202,76152100.0,59.64923897619546,0.8856144460940103,-0.02812581228312927,0
2021-01-27,161.62899780273438,161.62899780273438,167.3260040283203,160.35400390625,167.07449340820312,93204000,AMZN,-0.02812581228312927,-0.00943811928130922,-0.015645746444528652,164.51929931640626,160.55469970703126,159.18990966796875,0.016348033001573264,0.017301383528747577,0.5769491066594477,75125500.0,58.24751137702024,0.621651793468857,0.0015591193708615059,1
2021-01-28,161.88099670410156,161.88099670410156,165.08399963378906,161.4344940185547,161.7519989013672,62984000,AMZN,0.0015591193708615059,-0.020976814599387494,-0.025400416883697874,163.82559814453126,160.34374923706054,159.2987194824219,0.01434251294368444,0.017072106096586815,-0.32423501137290245,73401800.0,56.830923543669876,0.4347470064050414,-0.009704654514695155,0
2021-01-29,160.30999755859375,160.30999755859375,161.84950256347656,159.2274932861328,161.5,85872000,AMZN,-0.009704654514695155,-0.02613121512379657,-0.02424029260319871,162.96529846191407,160.14462432861328,159.37385955810547,0.014561224784144304,0.01703877047738742,0.36339387781023746,74486100.0,52.08622202137995,0.18860810153593777,0.042629902924745666,1
2021-02-01,167.1439971923828,167.1439971923828,167.51300048828125,161.75149536132812,162.1179962158203,83204000,AMZN,0.042629902924745666,0.014839103153770239,0.026389886798619422,163.4540985107422,160.35949935913087,159.58107940673827,0.02621164116477177,0.019514752170680334,-0.03106949878889509,75689100.0,68.1078740225983,0.4542029177707181,0.011104214562255077,1
2021-02-02,169.0,169.0,171.38699340820312,168.05650329589844,169.0,141972000,AMZN,0.011104214562255077,0.016195979415845274,0.06068167925355694,163.9927978515625,160.84292449951172,159.85561950683595,0.026302542775518457,0.018838284012308474,0.7063121965290131,78376300.0,69.57741725481662,0.7079002490586188,-0.019961565909300982,0
2021-02-03,165.62649536132812,165.62649536132812,171.6999969482422,165.43099975585938,171.25050354003906,141776000,AMZN,-0.019961565909300982,0.024732551787969514,0.029212204262036412,164.79229736328125,161.07797393798828,160.0511294555664,0.024001763977732328,0.01944360337103615,-0.001380553912038951,82809600.0,60.71427615812114,0.6054928379530176,0.005575845147329783,1
2021-02-04,166.5500030517578,166.5500030517578,167.35000610351562,163.8874969482422,166.5,73414000,AMZN,0.005575845147329783,0.0288422139887774,0.061375590683794945,165.7260986328125,161.55952377319335,160.2827294921875,0.02391963835365858,0.018423659027114944,-0.4821831621713125,82085500.0,65.3174926539186,0.5580994865034614,0.006349415177487883,1
2021-02-05,167.6074981689453,167.6074981689453,168.85000610351562,165.135498046875,165.9499969482422,72416000,AMZN,0.006349415177487883,0.04552118221874646,0.06008232573482175,167.18559875488282,162.0344985961914,160.5364895629883,0.02232052551821282,0.018410145160492414,-0.013594137357997083,82191800.0,68.71506989821802,0.5549510625786491,-0.008713780773966562,0
2021-02-08,166.14700317382812,166.14700317382812,168.25,165.1999969482422,167.9250030517578,65148000,AMZN,-0.008713780773966562,-0.005964880793218996,0.044063272749797155,166.98619995117187,162.385099029541,160.74136962890626,0.012871748312758705,0.018575058828948054,-0.10036456031816177,81911500.0,64.97629577519552,0.41774245543437893,-0.00539885256244832,0
2021-02-09,165.25,165.25,166.89999389648438,164.89199829101562,165.62449645996094,44070000,AMZN,-0.00539885256244832,-0.022189349112425982,0.06126436760208076,166.23619995117187,162.86207427978516,160.86129974365235,0.010918238423138146,0.017820563607954972,-0.3235402468226193,80431600.0,53.78142173471821,0.23870883659695918,-0.005573405440383872,0
2021-02-10,164.32899475097656,164.32899475097656,165.8975067138672,162.6999969482422,165.6999969482422,63032000,AMZN,-0.005573405440383872,-0.00783389522021194,0.053110811144871484,165.97669982910156,163.27644882202148,160.95253967285157,0.0069910589029431635,0.017926163438708204,0.43027002496029043,80068600.0,48.05665908081834,0.040769526763724695,-0.007439273910078148,0
2021-02-11,163.10650634765625,163.10650634765625,164.60000610351562,162.4029998779297,164.60000610351562,46028000,AMZN,-0.007439273910078148,-0.02067545266289461,0.03039910977340643,165.28800048828126,163.51704940795898,161.04662994384765,0.006030562132004586,0.017842140124336676,-0.2697677370224648,79048800.0,47.18598983508692,-0.17797607080691535,0.004775969497859078,1
2021-02-12,163.885498046875,163.885498046875,164.0124969482422,161.66549682617188,162.5,46706000,AMZN,0.004775969497859078,-0.022206644468367398,0.048038786529475574,164.5436004638672,163.89264907836915,161.10425994873046,0.00534776788315147,0.01755294118975139,0.014730164247849231,78313200.0,48.51539506861629,-0.2701602129741292,-0.0026726192693009576,0
2021-02-16,163.44749450683594,163.44749450683594,165.4149932861328,162.67950439453125,162.70249938964844,51494000,AMZN,-0.0026726192693009576,-0.016247712058747643,0.053056299809496776,164.00369873046876,164.3043991088867,161.16967987060548,0.004804026278453479,0.017443447404594404,0.10251359568363805,76643900.0,44.55696467290892,-0.3552356850113225,0.012141589169594624,1
2021-02-17,165.4320068359375,165.4320068359375,166.04550170898438,162.97500610351562,163.17999267578125,65950000,AMZN,0.012141589169594624,0.001101402940620222,0.060203365777745654,164.04010009765625,164.77409973144532,161.29158996582032,0.0081159244315326,0.01756303333821897,0.28073173573620225,76636300.0,58.06747528944432,-0.275986826191422,0.005920814274298136,1
2021-02-18,166.4114990234375,166.4114990234375,166.89999389648438,163.69700622558594,164.12100219726562,60548000,AMZN,0.005920814274298136,0.012672774367157524,0.019871988855975742,164.45660095214845,164.93622436523438,161.45723999023437,0.007671002974152626,0.01445964157500368,-0.08191053828658079,74353900.0,59.32298015336975,-0.16140602413688154,-0.023535055745747435,0
2021-02-19,162.4949951171875,162.4949951171875,166.6750030517578,162.28750610351562,166.4114990234375,86104000,AMZN,-0.023535055745747435,-0.003749152895012875,-0.01726347767628289,164.33429870605468,164.79349899291992,161.54914001464843,0.013820776183886125,0.015147874631807588,0.4220783510603159,73723000.0,54.10050879801337,-0.3427695153212891,-0.021280609604111933,0
2021-02-22,159.03700256347656,159.03700256347656,161.61599731445312,158.61300659179688,160.406494140625,70314000,AMZN,-0.021280609604111933,-0.02958465234069496,-0.03386454497176905,163.364599609375,164.51477432250977,161.55259002685546,0.015993778637977227,0.015816176063252117,-0.18338288581250584,74416800.0,32.57834008601637,-0.6700754178038513,0.004326059526709614,1
2021-02-23,159.72500610351562,159.72500610351562,160.2364959716797,154.67999267578125,156.35150146484375,93544000,AMZN,0.004326059526709614,-0.022774826953157246,-0.030206380916266706,162.62010192871094,164.26602478027343,161.64289001464843,0.01663848199978461,0.015865768774919534,0.3303751742185055,75344200.0,29.01490043361781,-0.8055822577384394,-0.010946968676518232,0
2021-02-24,157.97650146484375,157.97650146484375,158.56149291992188,156.2689971923828,158.33749389648438,60226000,AMZN,-0.010946968676518232,-0.045066885868630835,-0.0500882507055882,161.12900085449218,163.8495246887207,161.70093017578125,0.0138386529709672,0.01577385720234827,-0.35617463439664754,75400300.0,31.31778289203031,-0.9674258434895278,-0.03240038681954516,0
2021-02-25,152.85800170898438,152.85800170898438,158.91299438476562,152.38800048828125,156.83700561523438,90676000,AMZN,-0.03240038681954516,-0.0814456776964928,-0.054266228294348906,158.41830139160157,163.4109748840332,161.64167022705078,0.014047882026480744,0.01616421412911459,0.5055955899445421,75273900.0,22.24855833493639,-1.350152939360298,0.011700387973209825,1
2021-02-26,154.64649963378906,154.64649963378906,156.1219940185547,151.8350067138672,154.75999450683594,85518000,AMZN,0.011700387973209825,-0.04829992134673622,-0.04469021823195385,156.84860229492188,163.04925003051758,161.5776303100586,0.018067082647221504,0.016459962471108213,-0.056883850191892016,76400600.0,24.48621722513448,-1.4073966257266637,0.017203798394717307,1
2021-03-01,157.3070068359375,157.3070068359375,157.47799682617188,154.89950561523438,156.39450073242188,54582000,AMZN,0.017203798394717307,-0.01087794475281667,-0.018732398280766338,156.50260314941406,162.89910049438475,161.55865051269532,0.02000459045370417,0.01690413758404122,-0.36174840384480456,74836100.0,33.383469343034704,-1.198775471542639,-0.016404262105025436,0
2021-03-02,154.72650146484375,154.72650146484375,158.17599487304688,154.3560028076172,157.17349243164062,51916000,AMZN,-0.016404262105025436,-0.03129444011686189,-0.07429220274806825,155.50290222167968,162.27822570800782,161.41222045898436,0.020501694805942227,0.01378630906053087,-0.048843941226045184,73271700.0,31.39640524215737,-1.1661885782682304,-0.02893170479822993,0
2021-03-03,150.25,150.25,155.38900756835938,149.75,154.0590057373047,79774000,AMZN,-0.02893170479822993,-0.04890918201884098,-0.11094674556213013,153.95760192871094,161.34072570800782,161.18114044189454,0.02297760903582713,0.014406861098042437,0.5365975807072965,70161800.0,27.89033456803672,-1.363984869819328,-0.009128157985388907,0
2021-03-04,148.8784942626953,148.8784942626953,152.906494140625,147.27149963378906,150.60000610351562,109632000,AMZN,-0.009128157985388907,-0.02603401458737742,-0.10111909366973948,153.1617004394531,160.50332565307616,160.95706024169922,0.019311099738503156,0.014044023182103935,0.3742823476320605,68554600.0,27.76040645554906,-1.4945496989896654,0.007687481916645478,1
2021-03-05,150.0229949951172,150.0229949951172,150.4499969482422,144.0500030517578,150.25,107772000,AMZN,0.007687481916645478,-0.02989724726793408,-0.09923150857886576,152.23699951171875,159.67697525024414,160.75134002685547,0.01850421611481383,0.01413709865666503,-0.016965849387040266,70272500.0,28.576522139808077,-1.4121586898079443,-0.016167463748385735,0
2021-03-08,147.59750366210938,147.59750366210938,153.22950744628906,147.5655059814453,150.75,83700000,AMZN,-0.016167463748385735,-0.0617232720215356,-0.11938603418962934,150.29509887695312,158.67647552490234,160.49677001953125,0.013393643772861155,0.014072412748797999,-0.22336042756931296,70836700.0,26.922654808353258,-1.4252201177922235,0.03756837366056898,1
2021-03-09,153.1425018310547,153.1425018310547,154.54800415039062,150.25750732421875,150.89950561523438,80600000,AMZN,0.03756837366056898,-0.010237416465782134,-0.07827105571785564,149.97829895019532,158.02625045776367,160.37434997558594,0.025671659053778904,0.017119923737433984,-0.03703703703703709,71609300.0,33.78757629594918,-0.9855181980945318,-0.0017010173123747085,0
2021-03-10,152.8820037841797,152.8820037841797,155.822998046875,151.50250244140625,154.92250061035156,60250000,AMZN,-0.0017010173123747085,0.01751749606775177,-0.07484415259195343,150.50469970703125,157.40785064697266,160.25929992675782,0.02092488884206925,0.017123167161602105,-0.2524813895781638,72418300.0,31.806640941598232,-0.6533298952295863,0.018298429776605563,1
2021-03-11,155.67950439453125,155.67950439453125,156.58900451660156,154.14649963378906,155.20050048828125,55528000,AMZN,0.018298429776605563,0.04568161550475924,-0.052635205184287215,151.86490173339843,156.9753761291504,160.08893005371092,0.020323351170389442,0.0178071936436964,-0.07837344398340251,72043100.0,40.550710018963734,-0.20929950301384403,-0.0077402727850476305,0
2021-03-12,154.47450256347656,154.47450256347656,154.94900512695312,152.27499389648438,153.75,48438000,AMZN,-0.0077402727850476305,0.029672168379949015,-0.052922498172947474,152.7552032470703,156.5437759399414,159.85641998291015,0.02172151862505305,0.017811670670009095,-0.12768333093214235,72163600.0,43.25283892181898,0.02660121784950409,-0.0025279442445658162,0
2021-03-15,154.08399963378906,154.08399963378906,154.11199951171875,151.60450744628906,153.72850036621094,58272000,AMZN,-0.0025279442445658162,0.04394719294527527,-0.05980699042866189,154.05250244140626,156.0537010192871,159.65225006103515,0.018907747764367384,0.017727931155712116,0.20302242041372476,72741900.0,41.58385728055569,0.17160277476682584,0.0033034103914528767,1
2021-03-16,154.59300231933594,154.59300231933594,156.44549560546875,153.79299926757812,155.24850463867188,50776000,AMZN,0.0033034103914528767,0.009471573671177458,-0.05417331244028134,154.3426025390625,155.6109764099121,159.48718017578125,0.00995469007919418,0.017782766012507188,-0.12863811092806154,72706000.0,44.758086821425415,0.3090425050346548,0.014188848597238346,1
2021-03-17,156.7864990234375,156.7864990234375,158.65249633789062,153.51100158691406,153.66099548339844,62372000,AMZN,0.014188848597238346,0.025539273051193856,-0.05226018820574385,155.12350158691407,155.1787010192871,159.43628021240235,0.010989671164438001,0.017877912858846805,0.22837561052465727,72527100.0,56.692839287422586,0.5413339136836393,-0.03435878370750434,0
2021-03-18,151.39950561523438,151.39950561523438,155.8314971923828,151.25,155.0500030517578,72992000,AMZN,-0.03435878370750434,-0.027492371561321782,-0.09021007259894243,154.2675018310547,154.42810134887696,159.2457601928711,0.01810942741729159,0.01910283044884836,0.1702687103187328,73149300.0,45.07239899685765,0.3358964382247409,0.015511909856343209,1
2021-03-19,153.7480010986328,153.7480010986328,153.864501953125,150.8314971923828,151.4615020751953,92508000,AMZN,0.015511909856343209,-0.004703051007043824,-0.0538293134028317,154.12220153808593,153.99075164794922,159.18234008789062,0.02022842652704242,0.01905484762563489,0.267371766768961,73469500.0,44.54725549814449,0.35976360397955087,0.01167821172408301,1
2021-03-22,155.5435028076172,155.5435028076172,156.32899475097656,153.00250244140625,153.3925018310547,58044000,AMZN,0.01167821172408301,0.009472126744483056,-0.021966584502653763,154.41410217285156,153.81607666015626,159.13105010986328,0.020907215313262038,0.018776500160381963,-0.3725515631080555,72856000.0,51.28257704492984,0.4899925753955068,0.008560288075996736,1
2021-03-23,156.875,156.875,159.10000610351562,156.04249572753906,156.35000610351562,76346000,AMZN,0.008560288075996736,0.014761325845462636,-0.017843205475719826,154.87050170898436,153.67357635498047,159.08585021972655,0.0211162124525542,0.018862698949376314,0.3153125215353869,71996100.0,61.539806826457436,0.6493317717095031,-0.016073304438495972,0
2021-03-24,154.35350036621094,154.35350036621094,158.0155029296875,154.25750732421875,157.552001953125,59180000,AMZN,-0.016073304438495972,-0.015517909210172931,-0.02293379752709035,154.38390197753907,153.49242630004883,159.05871032714845,0.021482814673508602,0.01904280553912991,-0.22484478558143195,71943800.0,59.169334592676186,0.571194654467301,-0.013219634289670767,0
2021-03-25,152.31300354003906,152.31300354003906,155.48899841308594,151.85699462890625,153.64950561523438,71270000,AMZN,-0.013219634289670767,0.006033691596895041,-0.003565388549190196,154.5666015625,153.46517639160157,158.9841403198242,0.014790609931433267,0.01782128647030217,0.2042919905373437,70973500.0,53.72347287941821,0.37770266868361313,0.0018941122432061253,1
2021-03-26,152.60150146484375,152.60150146484375,152.83299255371094,149.8000030517578,152.2030029296875,66258000,AMZN,0.0018941122432061253,-0.007457005135654171,-0.013223695161468041,154.3373016357422,153.3629264831543,158.87028045654296,0.012610537388279755,0.017615343916989743,-0.07032411954539075,70010500.0,58.74397279076985,0.26982179898602876,0.007765307334585803,1
2021-03-29,153.7864990234375,153.7864990234375,154.5625,151.42250061035156,152.77200317382812,54920000,AMZN,0.007765307334585803,-0.011295899555205602,-0.022379853785989945,153.98590087890625,153.1869010925293,158.81854034423827,0.011680675795672068,0.01723797133677199,-0.17111895922001874,70027400.0,51.32761123088953,0.27785314552512497,-0.006645597502498379,0
2021-03-30,152.76449584960938,152.76449584960938,153.64999389648438,151.6999969482422,153.50050354003906,46752000,AMZN,-0.006645597502498379,-0.02620241689492031,-0.012680475527200974,153.16380004882814,153.08880081176758,158.7695803833008,0.010037966393520758,0.016913754064746364,-0.14872541879096868,69769200.0,49.76512963465626,0.21663609284217689,0.01269600564306872,1
2021-03-31,154.70399475097656,154.70399475097656,155.9665069580078,153.125,153.2030029296875,61878000,AMZN,0.01269600564306872,0.0022707252115050647,0.029643891853421422,153.23389892578126,153.3115005493164,158.742900390625,0.010520916104772812,0.015752546998893058,0.32353696098562623,68874400.0,47.98093716148144,0.3037269705029282,0.02162845443110406,1
2021-04-01,158.0500030517578,158.0500030517578,158.1219940185547,155.77749633789062,155.89700317382812,58806000,AMZN,0.02162845443110406,0.03766585503785058,0.06160398675768053,154.381298828125,153.77007598876952,158.64052032470704,0.010702812281688012,0.016148520465035062,-0.049646077765926555,66333100.0,56.797919115658964,0.5682768267879448,0.02079404593469847,1
2021-04-05,161.3365020751953,161.3365020751953,161.79800415039062,158.06199645996094,158.64999389648438,66698000,AMZN,0.02079404593469847,0.05724059413900284,0.07541181990431767,156.1282989501953,154.33575134277345,158.56026031494142,0.011546509501495186,0.016603281484557402,0.1342039927898513,64279400.0,62.42101301945863,0.9250934314141838,-0.0009018902147276409,0
2021-04-06,161.1909942626953,161.1909942626953,162.36549377441406,160.8520050048828,161.1875,50756000,AMZN,-0.0009018902147276409,0.048147888704647146,0.0920983774339783,157.60919799804688,155.01542587280272,158.49185028076172,0.012784247754222435,0.015977452679957923,-0.23901766169900152,62632200.0,61.44253303046149,1.0999049968375862,0.01723733655641202,1
2021-04-07,163.96949768066406,163.96949768066406,165.1804962158203,161.1824951171875,161.69000244140625,66924000,AMZN,0.01723733655641202,0.0733482067854665,0.070698830959113,159.8501983642578,155.5567756652832,158.47724029541016,0.00919479014057534,0.01432667267269648,0.3185436204586649,61948400.0,62.20933942038804,1.3355720783197336,0.006071242952548017,1
2021-04-08,164.96499633789062,164.96499633789062,166.22500610351562,164.60000610351562,165.5449981689453,56242000,AMZN,0.006071242952548017,0.06632667503790679,0.07903476049913793,161.90239868164062,156.16092529296876,158.45041015625,0.009929964621345032,0.014282960508447724,-0.15961389038312113,61748000.0,77.10441303263525,1.480196923136286,0.02209562242522667,1
2021-04-09,168.61000061035156,168.61000061035156,168.61000061035156,164.44500732421875,165.23500061035156,86830000,AMZN,0.02209562242522667,0.06681428253522781,0.08305843640824517,164.01439819335937,156.80745010375978,158.59003021240235,0.010033508616380353,0.014507784474115938,0.5438640162156396,63313100.0,78.23219364465783,1.7258883748806817,0.0021321218730274705,1
2021-04-12,168.96949768066406,168.96949768066406,169.7519989013672,167.5574951171875,167.760498046875,65636000,AMZN,0.0021321218730274705,0.04731102699816292,0.09383422426773125,165.54099731445314,157.53219985961914,158.7318002319336,0.009907163610849107,0.014249450145451837,-0.24408614534147188,64173000.0,76.97606912654886,1.8084398231607446,0.006098747605224553,1
2021-04-13,170.0,170.0,171.60000610351562,169.781494140625,170.04249572753906,66316000,AMZN,0.006098747605224553,0.05464949067159752,0.10329430962357189,167.30279846191405,158.3279998779297,158.92560028076173,0.00849409768392542,0.014152839182864021,0.010360168200377773,64575200.0,76.69417517307642,1.8231109817230884,-0.01970591825597423,0
2021-04-14,166.64999389648438,166.64999389648438,170.2064971923828,166.3000030517578,170.20199584960938,62904000,AMZN,-0.01970591825597423,0.016347529593831345,0.07799183272372723,167.83889770507812,158.93084945678712,158.91572021484376,0.014995141324858453,0.015196670472518962,-0.05145063031545927,65181600.0,74.19376919543544,1.510757950790547,0.013828409714570444,1
2021-04-15,168.95449829101562,168.95449829101562,169.85000610351562,167.60000610351562,168.5500030517578,64672000,AMZN,0.013828409714570444,0.02418393017724485,0.07760871850170692,168.6367980957031,159.53924942016602,158.91481018066406,0.015731773330184582,0.015184000523494383,0.028106320742719015,65296600.0,82.40604443831685,1.3672208824674033,0.006022342354579324,1
2021-04-16,169.9720001220703,169.9720001220703,170.33999633789062,167.7794952392578,169.0,63720000,AMZN,0.006022342354579324,0.008077809778710865,0.12267209480878982,168.90919799804686,160.4678741455078,159.0017202758789,0.012683916211972986,0.012233366068816202,-0.01472043542800594,64833000.0,82.89177833393913,1.2517691694245365,-0.00806900981526193,0
2021-04-19,168.60049438476562,168.60049438476562,171.79649353027344,168.00799560546875,169.51649475097656,54508000,AMZN,-0.00806900981526193,-0.0021838456109741777,0.0966028382808346,168.83539733886718,161.21049880981445,159.04273010253905,0.01339266535240043,0.01239086283501596,-0.1445699937225361,62933000.0,77.8541901928921,1.004659065540797,-0.011067567276491497,0
2021-04-20,166.7344970703125,166.7344970703125,169.14950561523438,165.8000030517578,168.67999267578125,52460000,AMZN,-0.011067567276491497,-0.019208840762867663,0.07194768062113654,168.1822967529297,161.77004852294922,159.0252700805664,0.01352108944619028,0.012754629917581493,-0.03757246642694645,62653800.0,75.4592202210397,0.6541348344374374,0.008195669633476843,1
2021-04-21,168.1009979248047,168.1009979248047,168.14300537109375,165.1905059814453,165.8000030517578,44224000,AMZN,0.008195669633476843,0.008706895178295815,0.07156014613421324,168.47249755859374,162.33134841918945,159.06434997558594,0.01079797923260841,0.012747360635150879,-0.1569958063286313,61047700.0,74.935756741282,0.4619672670970729,-0.015758395892332966,0
2021-04-22,165.45199584960938,165.45199584960938,168.64349365234375,165.07249450683594,168.58399963378906,51612000,AMZN,-0.015758395892332966,-0.020730448001291868,0.07190310201625971,167.7719970703125,162.8862731933594,159.06838989257812,0.010651963092413405,0.012722030239483232,0.1670586107091172,60669300.0,64.14427895221473,0.12181539727305868,0.00962218974677076,1
2021-04-23,167.04400634765625,167.04400634765625,168.75,165.4250030517578,165.9550018310547,63856000,AMZN,0.00962218974677076,-0.017226330056193007,0.09671533267180821,167.1863983154297,163.62282333374023,159.1226901245117,0.011590480796479473,0.01214930285196537,0.23723165155390213,60298600.0,61.6615131749188,-0.022884970610284938,0.020389780364207244,1
2021-04-26,170.4499969482422,170.4499969482422,171.42250061035156,166.5469970703125,167.39999389648438,97614000,AMZN,0.020389780364207244,0.01096973392768219,0.11696146703714039,167.556298828125,164.51524810791017,159.26955993652345,0.015169115446766242,0.012619577203934099,0.5286582310197945,61866400.0,66.69370094077073,0.07832144062135127,0.0024729175512423485,1
2021-04-27,170.8715057373047,170.8715057373047,173.0,169.90049743652344,172.17349243164062,76542000,AMZN,0.0024729175512423485,0.024811953972833756,0.11109562167263709,168.38370056152343,165.3694984436035,159.40928009033203,0.013282678721517824,0.012627741924151059,-0.21587067428852413,62947500.0,63.59999951893531,0.1377108823601243,0.012017786731569835,1
2021-04-28,172.9250030517578,172.9250030517578,174.49400329589844,171.25,171.74000549316406,92638000,AMZN,0.012017786731569835,0.02869706418465756,0.13197115658337033,169.34850158691407,166.37752380371094,159.59883026123046,0.013619402792981156,0.012381292363146524,0.21028977554806505,65241800.0,65.05693248629723,0.27161278918849785,0.0037039347600635875,1
2021-04-29,173.5655059814453,173.5655059814453,175.72250366210938,171.75,175.2550048828125,153648000,AMZN,0.0037039347600635875,0.049038454266885134,0.12192000123092939,170.97120361328126,167.3205993652344,159.76150024414062,0.007207910540658548,0.012299421193447438,0.6585850299013365,69830300.0,60.5757933375537,0.3544052452589219,-0.001120636171800582,0
2021-04-30,173.37100219726562,173.37100219726562,177.6999969482422,173.125,176.25599670410156,140186000,AMZN,-0.001120636171800582,0.03787622188874873,0.09693767067179704,172.23660278320312,168.08664932250977,159.9006903076172,0.008668241022803754,0.011804451370665933,-0.0876158492137874,73899300.0,59.460094096873995,0.34672723139980643,-0.023340170719312603,0
2021-05-03,169.32449340820312,169.32449340820312,174.33250427246094,168.63499450683594,174.2364959716797,117510000,AMZN,-0.023340170719312603,-0.006603130303257321,0.04951137052224408,172.01150207519532,168.48604888916014,160.0372802734375,0.013251679842413424,0.012727212824503358,-0.16175652347595337,76439900.0,48.71476714263152,0.03613035194528802,-0.022034541333801894,0
2021-05-04,165.593505859375,165.593505859375,168.3990020751953,163.60650634765625,167.8094940185547,108788000,AMZN,-0.022034541333801894,-0.03088870701498947,0.027312391841847194,170.95590209960938,168.70617446899413,160.16841033935546,0.01581362953748817,0.01385173154954373,-0.07422347034294952,79341500.0,48.01862840711895,-0.42799472223670243,-0.012479432999494278,0
2021-05-05,163.52699279785156,163.52699279785156,167.73500061035156,163.21800231933594,166.9429931640625,74226000,AMZN,-0.012479432999494278,-0.05434731871072085,-0.0026987024359511613,169.07630004882813,168.6840492248535,160.24445007324218,0.012145189308383136,0.013660459928072065,-0.31770048167077247,79706600.0,39.72939899874512,-0.8568197314092107,0.010955401769447537,1
2021-05-06,165.31849670410156,165.31849670410156,165.72000122070312,162.36000061035156,163.5,88954000,AMZN,0.010955401769447537,-0.047515255008246715,0.0021428810599728454,167.42689819335936,168.70172424316405,160.39128997802734,0.014544116694545238,0.013818323017309198,0.1984210384501388,81342200.0,41.44467535032362,-0.9928771327922226,-0.0044640578502762596,0
2021-05-07,164.58050537109375,164.58050537109375,166.54449462890625,164.45350646972656,165.95449829101562,94206000,AMZN,-0.0044640578502762596,-0.050703385887853614,-0.023898316972133515,165.668798828125,168.50024948120117,160.62574005126953,0.01412747324676794,0.012845091356984577,0.05904175191672101,81711000.0,42.433109647444844,-1.0974646246425035,-0.03072052637375966,0
2021-05-10,159.52450561523438,159.52450561523438,164.14999389648438,159.5,164.11599731445312,116772000,AMZN,-0.03072052637375966,-0.057876965084686205,-0.0558976158127652,163.70880126953125,168.0279998779297,160.72330017089843,0.016084192138557916,0.01441111166271859,0.2395388828737024,84267800.0,37.88359777505854,-1.4499086037432152,0.010474816917876772,1
2021-05-11,161.19549560546875,161.19549560546875,161.89999389648438,156.36849975585938,156.81399536132812,92396000,AMZN,0.010474816917876772,-0.026559074470233868,-0.051791202320772056,162.82919921875,167.58777465820313,160.80106994628906,0.0174034118883752,0.014585066021806434,-0.2087486726269996,85571800.0,38.512850477371614,-1.506623126388562,-0.022323796765424953,0
2021-05-12,157.5970001220703,157.5970001220703,160.39700317382812,156.65499877929688,159.25,98728000,AMZN,-0.022323796765424953,-0.036263081551996534,-0.0543233969755641,161.64320068359376,167.13512496948243,160.8584799194336,0.018917229670122642,0.014757823170198003,0.06853110524265116,87363000.0,37.33351377286764,-1.7078594395507147,0.0030235440044839024,1
2021-05-13,158.07350158691406,158.07350158691406,160.19200134277344,156.64999389648438,159.27349853515625,67018000,AMZN,0.0030235440044839024,-0.043824467688906577,-0.06440193551615059,160.19420166015624,166.59107513427733,161.01494995117187,0.01727366268155265,0.01431255722822858,-0.3211854792966534,87480300.0,34.994887616904606,-1.7251807286651326,0.019430851184491837,1
2021-05-14,161.14500427246094,161.14500427246094,161.4429931640625,159.14999389648438,159.2779998779297,66500000,AMZN,0.019430851184491837,-0.020874289399503865,-0.051932058475925524,159.5071014404297,166.14972534179688,161.2602801513672,0.021549945997033363,0.015062887657820876,-0.0077292667641528645,87619300.0,34.25924396297873,-1.4567806817770212,0.0147351540352203,1
2021-05-17,163.51950073242188,163.51950073242188,164.6374969482422,161.72950744628906,162.29649353027344,74478000,AMZN,0.0147351540352203,0.025043143696199532,-0.030136291538673365,160.30610046386718,165.8956756591797,161.53021026611327,0.016458047885176824,0.015480794152849626,0.11996992481203006,88617800.0,38.33385229044101,-1.0645270219256435,-0.011653058569779051,0
2021-05-18,161.61399841308594,161.61399841308594,165.60000610351562,161.51849365234375,164.62899780273438,56568000,AMZN,-0.011653058569779051,0.0025962438096998053,-0.030710493312414155,160.38980102539062,165.63965072631837,161.81054016113282,0.017577727072864282,0.01550055036244516,-0.24047369693063725,88823200.0,31.967022487763586,-0.8859201527524433,-0.000148514828115065,0
2021-05-19,161.58999633789062,161.58999633789062,161.7375030517578,159.1999969482422,159.75,53594000,AMZN,-0.000148514828115065,0.025336752683918107,-0.03873267658902646,161.1884002685547,165.31410064697266,161.97949005126952,0.0123564813753359,0.015338898178804588,-0.052573893367274804,89291700.0,30.52477571259051,-0.7284936788813603,0.004913709794237331,1
2021-05-20,162.38400268554688,162.38400268554688,162.98399353027344,161.8090057373047,162.22000122070312,52664000,AMZN,0.004913709794237331,0.027268967001801814,-0.018543101570386633,162.05050048828124,165.16070098876952,162.16953002929688,0.012306743220865637,0.015046838665574018,-0.01735268873381346,89344300.0,32.47408026186018,-0.5387314513656037,-0.013732853548741542,0
2021-05-21,160.1540069580078,160.1540069580078,162.83450317382812,159.85049438476562,162.5,82098000,AMZN,-0.013732853548741542,-0.006149724088111097,-0.041246612436418695,161.85230102539063,164.81620101928712,162.25902008056642,0.011818930101943034,0.01509937512237624,0.5589017165426098,90256400.0,34.471798216082334,-0.5304063193135085,0.013084215261017773,1
2021-05-24,162.24949645996094,162.24949645996094,162.8975067138672,160.52499389648438,160.77499389648438,48456000,AMZN,0.013084215261017773,-0.0077666838925782855,-0.04811088668292185,161.59830017089843,164.40617599487305,162.4145199584961,0.011273736714849061,0.014609779447298674,-0.409778557333918,87798500.0,44.00564552966502,-0.3589875953402797,0.004332851226203749,1
2021-05-25,162.95249938964844,162.95249938964844,163.99099731445312,160.68800354003906,163.33349609375,65222000,AMZN,0.004332851226203749,0.008282085646698079,-0.04634480344447134,161.86600036621093,164.01022567749024,162.59188995361328,0.009854563120006172,0.01464803315355615,0.3460046227505367,87232500.0,48.91725467550424,-0.18237805495947335,0.0018747562447005706,1
2021-05-26,163.25799560546875,163.25799560546875,164.7864990234375,162.92550659179688,163.72950744628906,47680000,AMZN,0.0018747562447005706,0.010322416643232524,-0.055902890129749805,162.19960021972656,163.5268753051758,162.76518981933594,0.009801599477412831,0.014298844616407777,-0.26895832694489585,84984600.0,45.88615133962001,-0.036725448709707065,-0.010734558114025683,0
2021-05-27,161.5054931640625,161.5054931640625,163.01800537109375,161.5019989013672,162.8000030517578,51224000,AMZN,-0.010734558114025683,-0.005410074311233637,-0.0694839262512913,162.02389831542968,162.92387466430665,162.85956970214843,0.011089969116959714,0.014319022075847404,0.07432885906040276,79863400.0,44.09967348583154,-0.049364361054600625,-0.0021794289420000723,0
2021-05-28,161.15350341796875,161.15350341796875,162.39950561523438,160.98500061035156,162.10000610351562,46596000,AMZN,-0.0021794289420000723,0.0062408457892846325,-0.07047025525869377,162.2237976074219,162.3129997253418,163.05464965820312,0.00873685141451135,0.014311731845538285,-0.09034827424644698,75183900.0,53.81427328086526,-0.0710648182423601,-0.0013714148069622345,0
2021-06-01,160.9324951171875,160.9324951171875,162.5489959716797,160.4530029296875,162.1750030517578,48600000,AMZN,-0.0013714148069622345,-0.008117136703092553,-0.04956163235512778,161.96039733886718,161.893399810791,163.19833953857423,0.005724936359181031,0.013534789902678895,0.043007983517898474,71738400.0,49.33932727601677,-0.0887864014232358,0.004765962837133042,1
2021-06-02,161.69949340820312,161.69949340820312,161.75,160.39999389648438,161.15499877929688,40290000,AMZN,0.004765962837133042,-0.007689394063537192,-0.02351549012120524,161.7097961425781,161.6986991882324,163.32145935058594,0.005839569863578776,0.012800633156332982,-0.17098765432098761,68313500.0,62.01492050411892,-0.03983047409286722,-0.014526941142032901,0
2021-06-03,159.35049438476562,159.35049438476562,160.7220001220703,159.20150756835938,160.2115020751953,47966000,AMZN,-0.014526941142032901,-0.023934516690662044,-0.025540116292903647,160.9282958984375,161.48987426757813,163.37096923828125,0.007745356154862915,0.012904110543657017,0.1905187391412262,67000500.0,53.370264799904,-0.15041361290179844,0.006027657821926935,1
2021-06-04,160.31100463867188,160.31100463867188,161.0500030517578,159.9405059814453,160.60000610351562,44994000,AMZN,0.006027657821926935,-0.007395962217688901,-0.030289968547152046,160.68939819335938,161.23949966430663,163.49011932373048,0.008156254638338778,0.012705047452932354,-0.061960555393403616,64802500.0,47.52287141519516,-0.1436478232028643,-0.0025606925929613222,0
2021-06-07,159.90049743652344,159.90049743652344,160.39999389648438,158.61000061035156,159.8665008544922,44316000,AMZN,-0.0025606925929613222,-0.007775232650049868,-0.028435979850820692,160.4387969970703,161.00549926757813,163.64186920166014,0.008166474877970516,0.012688475526791396,-0.015068675823443178,62308000.0,37.83120117473097,-0.15085240107026332,0.020669153552085318,1
2021-06-08,163.20550537109375,163.20550537109375,163.97650146484375,160.90049743652344,161.1304931640625,68334000,AMZN,0.020669153552085318,0.014123998091566836,0.023074823154367152,160.89339904785157,161.1895492553711,163.85394927978516,0.012869743605651034,0.011586295324989745,0.54197129704847,59886100.0,54.8910703885339,0.07102366024044249,0.005220349302289318,1
2021-06-09,164.0574951171875,164.0574951171875,164.87899780273438,163.53500366210938,163.64349365234375,49110000,AMZN,0.005220349302289318,0.01458261655175197,0.017754835524210755,161.36499938964843,161.33264923095703,164.05936920166016,0.012888025506792975,0.011423466943988159,-0.2813240846430767,57721800.0,57.215962131259026,0.26814415101267774,0.02087684594544914,1
2021-06-10,167.4824981689453,167.4824981689453,167.5500030517578,164.0574951171875,164.10049438476562,69530000,AMZN,0.02087684594544914,0.05103218421490596,0.06272643539672695,162.99140014648438,161.8269241333008,164.35372924804688,0.010350377888494128,0.0108631979967806,0.41580126247200155,56261900.0,62.92164986886344,0.6030074912931699,-0.0008418265339896758,0
2021-06-11,167.3415069580078,167.3415069580078,168.32899475097656,166.67250061035156,167.4824981689453,56348000,AMZN,-0.0008418265339896758,0.04385539430173324,0.058630986712203015,164.39750061035156,162.29032440185546,164.6064794921875,0.011418079147967643,0.01089900003825786,-0.18958722853444554,55728400.0,70.37331469470304,0.7777034924091143,0.011067127216432215,1
2021-06-14,169.19349670410156,169.19349670410156,169.25,166.77499389648438,167.3415069580078,51394000,AMZN,0.011067127216432215,0.058117388104231615,0.049945652786309136,166.2561004638672,162.6927490234375,164.82934936523438,0.009537937494864195,0.010379797100772092,-0.08791793852488106,54973100.0,69.95861635837989,0.96826670038216,-0.0002186996793457352,0
2021-06-15,169.156494140625,169.156494140625,169.84950256347656,168.15550231933594,169.1999969482422,48524000,AMZN,-0.0002186996793457352,0.036463161925818666,0.0344729123007006,167.44629821777343,162.97459869384767,164.98574920654298,0.009022689856846258,0.009982362326320684,-0.05584309452465264,53675400.0,68.54153118749527,1.0360275761249005,0.0094941835711142,1
2021-06-16,170.7624969482422,170.7624969482422,171.3175048828125,168.02650451660156,169.60000610351562,84056000,AMZN,0.0094941835711142,0.04086982936235417,0.05660709236196637,168.78729858398438,163.43202362060546,165.1771792602539,0.008988178560244768,0.00960142519696832,0.7322562031159838,55049800.0,70.81057202362466,1.12575764003655,0.02166464377780497,1
2021-06-17,174.46200561523438,174.46200561523438,174.86000061035156,170.0500030517578,170.15899658203125,102730000,AMZN,0.02166464377780497,0.041673055528755,0.07965845392079784,170.18320007324218,164.07562408447265,165.3870294189453,0.009271132882609171,0.010450193605686388,0.22216141619872465,57506600.0,82.42774849035246,1.3555905910112955,-0.0006706583139327593,0
2021-06-18,174.34500122070312,174.34500122070312,175.35000610351562,173.6855010986328,173.99949645996094,104954000,AMZN,-0.0006706583139327593,0.0418515070767993,0.07365872461167533,171.58389892578126,164.67367401123047,165.57462951660156,0.009229468909656133,0.010495940893627613,0.021648982770368974,60121100.0,83.40884463838819,1.4145384816014506,-0.009446804682075038,0
2021-06-21,172.697998046875,172.697998046875,174.10000610351562,171.6999969482422,173.8209991455078,65542000,AMZN,-0.009446804682075038,0.02071297899175395,0.07832455351651735,172.28479919433593,165.30087356567384,165.65638946533204,0.011858745398488897,0.010161590130109867,-0.37551689311507896,59293300.0,77.7900958696749,1.262423814034943,0.01490466106187549,1
2021-06-22,175.27200317382812,175.27200317382812,176.18899536132812,172.80450439453125,172.9029998779297,66902000,AMZN,0.01490466106187549,0.03615296630656761,0.08026223192058302,173.50790100097657,165.95199890136718,165.78243957519533,0.012378547832054243,0.010256591261333284,0.02075005340087266,60215600.0,79.53688723829865,1.2524908956849887,-0.0004621896804161141,0
2021-06-23,175.1909942626953,175.1909942626953,176.0500030517578,174.16000366210938,175.25,56266000,AMZN,-0.0004621896804161141,0.025933664555135794,0.07510467724574421,174.3936004638672,166.56392364501954,165.88625946044922,0.012711400670767706,0.01030230890793118,-0.15897880481898896,59767800.0,88.24815468992821,1.1599039698011917,-0.015622946391951387,0
2021-06-24,172.45399475097656,172.45399475097656,176.2429962158203,171.54249572753906,175.3820037841797,76640000,AMZN,-0.015622946391951387,-0.01150973162997082,0.05632801696114775,173.99199829101562,167.02372360229492,166.00233947753907,0.011517402216553084,0.011169899390171139,0.36210144669960553,61215800.0,77.00359616779764,0.8482219018941688,-0.013806561613952328,0
2021-06-25,170.072998046875,170.072998046875,173.24099731445312,169.70899963378906,173.1999969482422,78820000,AMZN,-0.013806561613952328,-0.02450315835795147,0.05304776150312951,173.13759765625,167.45209884643555,166.02470947265624,0.012518982953285084,0.011384904316220676,0.02844467640918591,62595600.0,70.79882020477322,0.43634013077772105,0.012474089136242261,1
2021-06-28,172.1945037841797,172.1945037841797,172.39999389648438,170.67550659179688,170.8000030517578,44856000,AMZN,0.012474089136242261,-0.0029154609108940077,0.06851231981953831,173.03689880371093,168.0041488647461,166.06915954589843,0.014242542408212757,0.01152841729950173,-0.43090586145648313,62508600.0,69.3137252973433,0.26959132964802723,0.0012340341405479016,1
2021-06-29,172.40699768066406,172.40699768066406,172.80149841308594,171.15150451660156,171.9409942626953,41968000,AMZN,0.0012340341405479016,-0.016346053227466406,0.07130009731795361,172.46389770507812,168.57787399291993,166.1452896118164,0.011615241503855407,0.011486523334856577,-0.06438380595683968,62177000.0,68.44662714345336,0.1427852437313537,-0.0023143032508132766,0
2021-06-30,172.00799560546875,172.00799560546875,173.5800018310547,171.75,172.05299377441406,48080000,AMZN,-0.0023143032508132766,-0.018168734475321968,0.06375098635122045,171.82729797363282,169.0932991027832,166.25075958251952,0.01153388625918736,0.01155474841797897,0.14563476934807462,62566500.0,61.541389108756,0.008312181652638806,-0.0020900020900020966,0
2021-07-01,171.64849853515625,171.64849853515625,172.85000610351562,170.4709930419922,171.73049926757812,40742000,AMZN,-0.0020900020900020966,-0.004670788965970063,0.07717581421928954,171.66619873046875,169.70819931030275,166.32170959472657,0.009399681534310785,0.010867094523233862,-0.15262063227953415,62205300.0,60.863062823134776,-0.12141492045272129,0.022723749230608936,1
2021-07-02,175.5489959716797,175.5489959716797,175.58599853515625,171.8459930419922,172.58200073242188,63388000,AMZN,0.022723749230608936,0.0321979267002479,0.09505268442021819,172.7613983154297,170.47009887695313,166.52364959716797,0.010932355826690545,0.01166113666449283,0.5558391831525207,63125000.0,64.5284972213657,0.03077278873071254,0.04692710742205475,1
2021-07-06,183.78700256347656,183.78700256347656,184.2740020751953,176.4499969482422,176.5054931640625,134896000,AMZN,0.04692710742205475,0.06732211844476965,0.1493835573365585,175.07989807128905,171.66442413330077,166.85850952148436,0.021481593808485112,0.014867946360486705,1.1280999558276013,67654000.0,74.32455950304912,0.6284208725058851,0.005669564076709488,1
2021-07-07,184.82899475097656,184.82899475097656,186.7100067138672,183.94549560546875,185.86900329589844,106562000,AMZN,0.005669564076709488,0.07205042276370244,0.13249240171595744,177.56429748535157,172.74559860229493,167.14608947753905,0.02094380081807552,0.014521143427336729,-0.21004329261060373,69565400.0,73.83382904087829,1.0132800625901268,0.009422227593882448,1
2021-07-08,186.57049560546875,186.57049560546875,187.9994964599609,181.05599975585932,182.1779937744141,103612000,AMZN,0.009422227593882448,0.08466176208111698,0.13722628443278406,180.47679748535157,173.871248626709,167.46006927490234,0.019219265351541507,0.01453449554373682,-0.02768341435033128,72290500.0,71.97427359970226,1.2869238805403933,-0.003234704202571881,0
2021-07-09,185.9669952392578,185.9669952392578,187.3999938964844,184.6699981689453,186.12600708007807,74964000,AMZN,-0.003234704202571881,0.08341754705864157,0.11036673844968892,183.3404968261719,174.79547348022462,167.72090911865234,0.01950127457417559,0.014281300314934776,-0.27649307030073733,72562200.0,70.72542624512994,1.3239295373284623,-0.00021234814297510507,0
2021-07-12,185.9275054931641,185.9275054931641,187.864501953125,184.8394927978516,187.1999969482422,51432000,AMZN,-0.00021234814297510507,0.05912030122438705,0.11106627920961776,185.41619873046875,175.72477340698242,167.9681491088867,0.020294407464808668,0.014267638091971319,-0.31391067712501997,72316400.0,75.02697516206754,1.243651418390523,-0.011076947823728478,0
2021-07-13,183.8679962158203,183.8679962158203,188.6540069580078,183.5659942626953,185.10499572753903,76918000,AMZN,-0.011076947823728478,0.00044069303712479524,0.0867320541130645,185.4323974609375,176.45849838256837,168.17808898925782,0.007969708719812419,0.014656590960653254,0.49552807590605075,73592600.0,66.58433577813877,0.9623229521421042,0.0011747744165069296,1
2021-07-14,184.08399963378903,184.08399963378903,185.88299560546875,183.04150390625,185.4425048828125,65932000,AMZN,0.0011747744165069296,-0.004030726446309307,0.0882467183361837,185.2833984375,177.20487365722656,168.47327911376954,0.007420939646604656,0.01463743984794486,-0.14282742661015624,74463000.0,67.06845633810073,0.7127523018024036,-0.013711143174944707,0
2021-07-15,181.5599975585937,181.5599975585937,184.7700042724609,181.04600524902344,184.7100067138672,63706000,AMZN,-0.013711143174944707,-0.0268557899823052,0.0632311005245152,184.281298828125,177.74474868774413,168.7926089477539,0.006635699000374733,0.01511896626133543,-0.0337620578778135,73445500.0,67.62134010189445,0.31968448501782465,-0.015854231666676988,0
2021-07-16,178.68150329589844,178.68150329589844,182.3029937744141,178.5229949951172,181.66549682617188,80874000,AMZN,-0.015854231666676988,-0.039176263153502866,0.024185768504633165,182.82420043945314,177.95572357177736,169.09569915771485,0.007883166133041433,0.01503174640262843,0.2694879603177094,72352700.0,66.34392148433045,-0.1660708000774367,-0.006727030092302577,0
2021-07-19,177.47950744628906,177.47950744628906,177.510498046875,174.95799255371094,176.62899780273438,75692000,AMZN,-0.006727030092302577,-0.045437053675662975,0.017978755935869728,181.1346008300781,178.11244888305663,169.3389193725586,0.0067434430590626515,0.015134218648995012,-0.06407498083438434,70889600.0,60.39700731601012,-0.5770879788747285,0.0066486136498793424,1
2021-07-20,178.6595001220703,178.6595001220703,179.60000610351562,175.89999389648438,178.36599731445312,65114000,AMZN,0.0066486136498793424,-0.028327366376671548,0.0345198099724191,180.09290161132813,178.4105239868164,169.6204992675781,0.009592864755659012,0.014976668833598925,-0.13975056809174025,70868200.0,61.849273712774774,-0.7663863177082813,0.003361110852517335,1
2021-07-21,179.25999450683594,179.25999450683594,179.32249450683594,177.1820068359375,178.81900024414062,46380000,AMZN,0.003361110852517335,-0.026205455860095483,0.022753156584013334,179.1281005859375,178.60992355346679,170.01520904541016,0.010024349283898207,0.014664368720358433,-0.28771078416316,69842100.0,63.63928041127886,-0.8420277290148079,0.01473563589596627,1
2021-07-22,181.9015045166016,181.9015045166016,182.00100708007807,179.11349487304688,179.3614959716797,65308000,AMZN,0.01473563589596627,0.0018809592564446032,0.03830396809007208,179.19640197753907,178.9454490661621,170.4293292236328,0.011919658404354381,0.014963003008630868,0.40810694264769287,70294200.0,67.75904984969563,-0.7102939317538177,0.005115384934792244,1
2021-07-23,182.83200073242188,182.83200073242188,183.3054962158203,181.1020050048828,182.0,48726000,AMZN,0.005115384934792244,0.02322846718862759,0.06017840292091314,180.02650146484376,179.46434936523437,170.93402923583983,0.0076978314415757,0.014385940564698328,-0.25390457524346177,68898500.0,64.06149005559209,-0.5630610741615962,0.01180863619816197,1
2021-07-26,184.99099731445312,184.99099731445312,185.60400390625,182.3625030517578,183.6584930419922,58002000,AMZN,0.01180863619816197,0.0423231390274017,0.08771527190616402,181.52879943847657,180.2102493286133,171.47237915039062,0.0047692681655029405,0.013942172461794845,0.19037064400935844,67857600.0,53.03763269071006,-0.3341485420518904,-0.019846876786293155,0
2021-07-27,181.3195037841797,181.3195037841797,184.9250030517578,179.3074951171875,184.9250030517578,82638000,AMZN,-0.019846876786293155,0.01488867740194011,0.05299239987030502,182.06080017089843,180.66649932861327,171.875869140625,0.013618885850996508,0.014792535184305736,0.4247439743457122,69746700.0,42.18288403785418,-0.43736741130670564,0.0010837371680696428,1
2021-07-28,181.51600646972656,181.51600646972656,182.92100524902344,180.0500030517578,181.68899536132807,59988000,AMZN,0.0010837371680696428,0.012585139083023833,0.05283433336003207,182.51200256347656,181.1219497680664,172.2357992553711,0.013643304120566042,0.014793350672054806,-0.2740869817759384,70647700.0,37.909356031433724,-0.49550557384501115,-0.008373940689987869,0
2021-07-29,179.99600219726562,179.99600219726562,181.8975067138672,179.00050354003906,181.3874969482422,110400000,AMZN,-0.008373940689987869,-0.010475462115609124,0.046439739988127116,182.1309020996094,181.52135009765624,172.6034393310547,0.012348538612396435,0.014962116420245685,0.840368073614723,73763700.0,36.31697797582953,-0.6307544307763036,-0.07564890713277761,0
2021-07-30,166.37950134277344,166.37950134277344,168.40699768066406,165.3489990234375,167.3975067138672,199312000,AMZN,-0.07564890713277761,-0.08998697888630003,-0.030696436248194958,178.84040222167968,181.2579002380371,172.69922943115233,0.03417609266179799,0.023000000544791035,0.8053623188405796,81692200.0,22.386701452594053,-1.5777773438096552,0.0011690369463182027,1
2021-08-02,166.57400512695312,166.57400512695312,167.9459991455078,165.85000610351562,167.65499877929688,67078000,AMZN,0.0011690369463182027,-0.09955615383917449,-0.0511252758527565,175.1570037841797,180.80915069580078,172.78302947998046,0.03210965103865734,0.022309653576466984,-0.6634522758288512,81876700.0,24.211929353848234,-2.098977877815467,0.01043374884144277,1
2021-08-03,168.31199645996094,168.31199645996094,169.5500030517578,164.98849487304688,167.03599548339844,83146000,AMZN,0.01043374884144277,-0.07173804832215558,-0.0842007644048216,172.55550231933594,180.035400390625,172.94618927001954,0.034951788339355756,0.019362489034477643,0.23954202570142225,79289200.0,27.5026205450734,-2.222673236300542,-0.0034222398904129037,0
2021-08-04,167.73599243164062,167.73599243164062,169.44400024414062,167.2779998779297,168.96749877929688,43678000,AMZN,-0.0034222398904129037,-0.07591624731113833,-0.09248009135344615,169.79949951171875,179.1807502746582,173.05591918945314,0.034512354921569455,0.019224736455259767,-0.47468308758088185,76145000.0,29.120958642457907,-2.233343592774319,0.006340362999381677,1
2021-08-05,168.79949951171875,168.79949951171875,169.4499969482422,167.04600524902344,167.81100463867188,48670000,AMZN,0.006340362999381677,-0.062204174253137734,-0.09525083822111635,167.56019897460936,178.2922004699707,173.17285919189453,0.03583843051744172,0.0191179951423851,0.11429094738770096,73397900.0,34.20900302883858,-2.0628926993792795,-0.009197334693852421,0
2021-08-06,167.2469940185547,167.2469940185547,168.75,166.45199584960938,168.75,52752000,AMZN,-0.009197334693852421,0.005213939630664299,-0.10066302999959054,167.73369750976562,177.35620040893554,173.25263916015626,0.007763127077918896,0.019138586361809887,0.08387096774193559,72287300.0,33.830039853548826,-1.9500998941564747,-0.0009177334401756498,0
2021-08-09,167.093505859375,167.093505859375,167.74400329589844,166.42599487304688,167.1804962158203,42964000,AMZN,-0.0009177334401756498,0.0031187383170978578,-0.10129754381328782,167.83759765625,176.41450042724608,173.3643994140625,0.007812055812438028,0.019129733676805923,-0.18554746739460115,71863900.0,31.109958087422783,-1.7856321567895361,-0.006340816609805455,0
2021-08-10,166.03399658203125,166.03399658203125,167.89999389648438,165.75,167.25050354003906,48252000,AMZN,-0.006340816609805455,-0.013534388075965742,-0.0969934953381223,167.38199768066406,175.52280044555664,173.46200927734375,0.005934999710028024,0.01908169480576675,0.12307978772926176,70430600.0,28.71787039978865,-1.651147577876455,-0.008603643493863333,0
2021-08-11,164.60549926757812,164.60549926757812,166.88499450683594,163.88949584960938,166.57249450683594,58944000,AMZN,-0.008603643493863333,-0.018663216633951207,-0.10581310925969034,166.75589904785156,174.5488754272461,173.53546936035156,0.006514994441799395,0.019042857773967487,0.22158666998259147,70081200.0,21.03816996737187,-1.562290420845918,0.003459810192938395,1
2021-08-12,165.1750030517578,165.1750030517578,165.72549438476562,163.48350524902344,164.5,46282000,AMZN,0.003459810192938395,-0.02147219909090614,-0.09024561977947843,166.03099975585937,173.7296257019043,173.60497955322265,0.00543880868010626,0.019035378891930917,-0.21481406080347454,69210000.0,20.07187907184131,-1.3756211485945575,-0.0028848279463596915,0
2021-08-13,164.69850158691406,164.69850158691406,165.30349731445312,164.14999389648438,165.2834930419922,41134000,AMZN,-0.0028848279463596915,-0.015237896780123217,-0.07825657077570236,165.52130126953125,173.03047561645508,173.71193969726562,0.004707006063245417,0.01884961897915467,-0.1112311481785575,67223000.0,13.524371867428286,-1.2010489416425654,0.0015239472057770875,1
2021-08-16,164.94949340820312,164.94949340820312,165.0,160.55650329589844,164.14999389648438,66394000,AMZN,0.0015239472057770875,-0.012831213518114004,-0.07059977919917271,165.09249877929688,172.4039749145508,173.80470947265624,0.005095145705551049,0.018874542492643906,0.6140905333787134,66758100.0,16.44941228420764,-0.9940459489672069,-0.01728702615047184,0
2021-08-17,162.09800720214844,162.09800720214844,164.02450561523438,161.28399658203125,163.875,67758000,AMZN,-0.01728702615047184,-0.023705924454683558,-0.09269864131829608,164.3053009033203,171.57590026855468,173.84865966796875,0.008400439098066963,0.018957324309655257,0.020544025062505744,66890300.0,14.10853028010834,-0.9732946749795999,-0.012566487390164305,0
2021-08-18,160.06100463867188,160.06100463867188,162.7050018310547,160.0,162.09950256347656,56086000,AMZN,-0.012566487390164305,-0.027608400989804438,-0.10710136369792156,163.39640197753906,170.61595077514647,173.7857696533203,0.00901816811787231,0.01893652510168495,-0.172260102128162,67375600.0,13.843944969159168,-1.0161734073138184,-0.0042078187123096855,0
2021-08-19,159.3874969482422,159.3874969482422,161.64999389648438,159.1230010986328,159.7010040283203,75658000,AMZN,-0.0042078187123096855,-0.03503863173353239,-0.12377032080185246,162.23890075683593,169.49025039672853,173.69236968994142,0.0076511703265618675,0.01833689597761323,0.3489640908604643,67893100.0,26.095711471688034,-1.0073552987185308,0.003827154714335368,1
2021-08-20,159.99749755859375,159.99749755859375,160.3905029296875,158.78799438476562,160.19349670410156,67168000,AMZN,0.003827154714335368,-0.028543089238972308,-0.12489336156883635,161.29869995117187,168.3485252380371,173.54266967773438,0.009035730185083479,0.018296468156468685,-0.11221549604800551,68815200.0,28.13733268133923,-0.8823904038474275,0.02060035500127988,1
2021-08-23,163.2935028076172,163.2935028076172,164.0449981689453,160.50050354003906,160.59500122070312,65362000,AMZN,0.02060035500127988,-0.010039379729938513,-0.1172894617674497,160.96750183105468,167.2636505126953,173.46170959472656,0.01495763391064902,0.01885611155994146,-0.02688780371605526,69183200.0,34.882699025556164,-0.5177521324966077,0.012220318769066596,1
2021-08-24,165.28900146484375,165.28900146484375,165.77450561523438,163.72900390625,164.0,51036000,AMZN,0.012220318769066596,0.019685586009184464,-0.0884102481243092,161.60570068359374,166.4621253967285,173.3836196899414,0.013086146257315663,0.018983498184173428,-0.21917933967748848,67603100.0,43.209595300924434,-0.10382140336107337,-0.0019965141547840792,0
2021-08-25,164.95899963378906,164.95899963378906,166.0500030517578,164.3074951171875,165.49349975585938,33606000,AMZN,-0.0019965141547840792,0.030600801276826406,-0.09121513390445213,162.58529968261718,165.63427505493163,173.2996697998047,0.010303985299462099,0.018948792194102764,-0.34152363037855626,66284000.0,38.89033570306783,0.1711345721611517,0.005098257262930783,1
2021-08-26,165.8000030517578,165.8000030517578,166.60000610351562,164.8000030517578,164.9499969482422,41976000,AMZN,0.005098257262930783,0.04023217771967369,-0.07886841358815178,163.8678009033203,164.92447509765626,173.200419921875,0.00869382737536276,0.019046542234665058,0.24906266738082494,62862800.0,45.63449243551405,0.4189109869308374,0.01014175672465778,1
2021-08-27,167.48150634765625,167.48150634765625,167.61599731445312,165.6875,166.6614990234375,48048000,AMZN,0.01014175672465778,0.046775786517046836,0.006623442166787452,165.3646026611328,164.97957534790038,173.06080993652344,0.008398849986747357,0.009111423434002059,0.14465408805031443,55299600.0,51.07176455910469,0.6893468862553718,0.021476998866989616,1
2021-08-30,171.07850646972656,171.07850646972656,172.25,167.76100158691406,167.8715057373047,63844000,AMZN,0.021476998866989616,0.04767491374890276,0.02704204260046672,166.92160339355468,165.20480041503907,172.9954800415039,0.008699757576690385,0.010263908828414027,0.3287545787545787,55137900.0,62.22111321821872,1.0804799862971723,0.01438520002272603,1
2021-08-31,173.5395050048828,173.5395050048828,173.62899780273438,169.7794952392578,171.24000549316406,87128000,AMZN,0.01438520002272603,0.04991562334408495,0.03105844298012017,168.5717041015625,165.46617584228517,173.01231018066406,0.00892685633317462,0.010482953569808757,0.3647014598082827,55337000.0,70.61280876139163,1.4518003102167496,0.0023654092095504176,1
2021-09-01,173.9499969482422,173.9499969482422,176.35000610351562,173.76199340820312,174.82000732421875,72598000,AMZN,0.0023654092095504176,0.05450443646247405,0.03704633946786373,170.36990356445312,165.77687606811523,172.98587005615235,0.007597380387537769,0.010417204492203121,-0.166766137177486,56783000.0,70.3955852207035,1.657069658035399,-0.004564478889317991,0
2021-09-02,173.156005859375,173.156005859375,175.59800720214844,172.75,174.73800659179688,58474000,AMZN,-0.004564478889317991,0.04436672299288724,0.025808763416113045,171.84110412597656,165.99470138549805,172.94517028808593,0.010169890749161862,0.010456320635059692,-0.19455081407201302,57273200.0,69.37174659604912,1.6668568224057045,0.004311086264728647,1
2021-09-03,173.90249633789062,173.90249633789062,174.1334991455078,171.82200622558594,172.60000610351562,51514000,AMZN,0.004311086264728647,0.03833850154718421,0.03979445106557522,173.12530212402345,166.32747650146484,172.97414031982422,0.010305366864948007,0.010173204114164964,-0.11902725997879404,57211300.0,70.05153476546214,1.6481173128967945,0.008982024369138308,1
2021-09-07,175.46449279785156,175.46449279785156,176.4044952392578,173.8470001220703,173.89999389648438,54758000,AMZN,0.008982024369138308,0.02563727272719163,0.050097619865140386,174.00249938964845,166.74602584838868,173.08197021484375,0.007120173634684088,0.010264097508634603,0.06297317234149946,57801000.0,81.77126931876377,1.6607674867371718,0.004619174430729789,1
2021-09-08,176.27499389648438,176.27499389648438,177.281494140625,174.7834930419922,175.58250427246094,61068000,AMZN,0.004619174430729789,0.015762917449399172,0.06168012289816449,174.54959716796876,167.25807571411133,173.16358001708986,0.00494084000158105,0.010057916584548018,0.1152343036633916,58441800.0,90.92583434627277,1.6406850595947393,-0.011726004336084506,0
2021-09-09,174.20799255371094,174.20799255371094,177.49949645996094,174.01849365234375,176.30099487304688,54384000,AMZN,-0.011726004336084506,0.0014831595860591573,0.058336406309993816,174.6011962890625,167.73820037841796,173.1995999145508,0.008342760273899517,0.010270234120249683,-0.10945175869522494,58213800.0,84.94990378013797,1.413764289740148,-0.004308001431212238,0
2021-09-10,173.45750427246094,173.45750427246094,175.42250061035156,173.14549255371094,175.0915069580078,47946000,AMZN,-0.004308001431212238,0.0017411952394581487,0.05014379335660002,174.6614959716797,168.15232543945314,173.22859008789064,0.00830589348548232,0.010393644911235666,-0.11838040600176525,58297000.0,81.53264418584533,1.1498913487031734,-0.0034532897607970625,0
2021-09-13,172.85850524902344,172.85850524902344,174.8979949951172,171.89999389648438,174.13999938964844,51380000,AMZN,-0.0034532897607970625,-0.006003312838239627,0.04954509958187581,174.45269775390625,168.5603256225586,173.25279022216796,0.008109678961644095,0.010409911683831489,0.07162224168856635,58809300.0,75.64898664628447,0.8837370137943554,-0.002073980962099431,0
2021-09-14,172.5,172.5,174.3404998779297,171.885498046875,173.77749633789062,38738000,AMZN,-0.002073980962099431,-0.016895115077595113,0.045774657659066076,173.85979919433595,168.93785095214844,173.19181030273438,0.005835547729374647,0.010458136068175904,-0.2460490463215259,57426500.0,71.19763164977124,0.6434385308694994,0.007475391332653958,1
2021-09-15,173.7895050048828,173.7895050048828,174.27099609375,170.10049438476562,172.12600708007812,59150000,AMZN,0.007475391332653958,-0.01410006511224804,0.07212610447551149,173.36270141601562,169.52242584228514,172.9918603515625,0.006864468381936553,0.009433813117287162,0.526924466931695,56996100.0,74.57221662695252,0.5356484763921772,0.0035819053548502566,1
2021-09-16,174.41200256347656,174.41200256347656,174.62750244140625,172.3070068359375,172.9980010986328,51672000,AMZN,0.0035819053548502566,0.0011710714690815749,0.08965955172655082,173.40350341796875,170.2399757385254,172.7835205078125,0.005079329096689153,0.008641382832228777,-0.1264243448858834,56775400.0,74.25919526297601,0.47277496232184824,-0.007373319866162298,0
2021-09-17,173.12600708007812,173.12600708007812,174.87049865722656,172.60650634765625,174.42050170898438,92332000,AMZN,-0.007373319866162298,-0.001911114735411501,0.08619565772023652,173.3372039794922,170.9269012451172,172.51463073730469,0.005886943776652098,0.008833005755993228,0.7868865149403932,57609100.0,66.26239073207532,0.3184770819778904,-0.03084174438431353,0
2021-09-20,167.7864990234375,167.7864990234375,170.9499969482422,165.25050354003906,169.8000030517578,93382000,AMZN,-0.03084174438431353,-0.029341953514402497,0.04868202055467319,172.322802734375,171.31635131835938,172.1510208129883,0.015063971394755626,0.011806961983883738,0.011372005371918625,58919800.0,41.38081194433413,-0.14444684648027428,-0.0036057473697842513,0
2021-09-21,167.18150329589844,167.18150329589844,168.98500061035156,166.6195068359375,168.75,55618000,AMZN,-0.0036057473697842513,-0.030831864951313404,0.0238098909107356,171.25910339355468,171.51075134277343,171.77610076904296,0.014983434252155264,0.011065428053154278,-0.4044034182176437,58432600.0,31.56135388493182,-0.47406962580006085,0.01089234819407503,1
2021-09-22,169.00250244140625,169.00250244140625,169.4499969482422,167.05250549316406,167.5500030517578,48228000,AMZN,0.01089234819407503,-0.027544831106700363,0.022466715532505344,170.30170288085938,171.69642639160156,171.47879089355467,0.015815237147234717,0.010999835286242536,-0.13287065338559456,58292200.0,36.73698789946848,-0.5469606307414936,0.01063594079605279,1
2021-09-23,170.8000030517578,170.8000030517578,171.447998046875,169.00250244140625,169.00250244140625,47588000,AMZN,0.01063594079605279,-0.020709581098950935,0.03540881934866147,169.5793029785156,171.9884765625,171.21311096191405,0.017087931760968164,0.011169852560220826,-0.013270299411130448,58991300.0,44.0066019257687,-0.45536905399840066,0.0027868730462519142,1
2021-09-24,171.2760009765625,171.2760009765625,171.46299743652344,169.6699981689453,170.10049438476562,42324000,AMZN,0.0027868730462519142,-0.010685893671999902,0.033027731146031636,169.2093017578125,172.26227645874025,171.00743103027344,0.017198945729567088,0.01114587293268057,-0.11061612171135582,59008700.0,43.22526610106251,-0.3487816993480047,-0.005756835077931344,0
2021-09-27,170.2899932861328,170.2899932861328,170.77850341796875,166.98049926757812,168.5749969482422,72690000,AMZN,-0.005756835077931344,0.01492071339032841,0.016768937655998517,169.71000061035156,172.40270080566407,170.83960083007813,0.007761439687844408,0.011077756492562403,0.7174652679330875,60240800.0,36.24425417439402,-0.3308896056882607,-0.0263784679831095,0
2021-09-28,165.79800415039062,165.79800415039062,168.45950317382812,164.5050048828125,167.885498046875,88616000,AMZN,-0.0263784679831095,-0.008275431900257035,-0.0308659598935086,169.43330078125,172.13867568969727,170.60597076416016,0.01546178312239052,0.011555125218342309,0.21909478607786492,61479400.0,26.707438204930583,-0.5925172973041678,-0.004475351789266391,0
2021-09-29,165.05599975585938,165.05599975585938,167.56500244140625,164.89349365234375,166.10549926757812,51246000,AMZN,-0.004475351789266391,-0.02335174111942595,-0.048885152973005996,168.6440002441406,171.7145004272461,170.33390075683593,0.013805326877320922,0.010943724088287364,-0.4217071409226325,59685300.0,28.379410108653573,-0.7749618869084528,-0.0048710792439015105,0
2021-09-30,164.2519989013672,164.2519989013672,166.3925018310547,163.69949340820312,165.8000030517578,56848000,AMZN,-0.0048710792439015105,-0.03833726014868033,-0.055751642523802825,167.3343994140625,171.22960052490234,170.03374084472657,0.010966187999486067,0.010895820569088221,0.10931584904187641,58897800.0,28.307837903142286,-0.9004021696817596,-0.0005418778291703674,0
2021-10-01,164.16299438476562,164.16299438476562,165.45849609375,162.7969970703125,164.45050048828125,56712000,AMZN,-0.0005418778291703674,-0.04152949947009932,-0.051935891163445214,165.91179809570312,170.7799499511719,169.67897064208984,0.010244727298138455,0.01089880153479361,-0.0023923444976076125,58809700.0,29.00498322591484,-0.9358558757874715,-0.028471678341373097,0
2021-10-04,159.48899841308594,159.48899841308594,163.99949645996094,158.8125,163.96949768066406,90462000,AMZN,-0.028471678341373097,-0.06342706734915604,-0.08288263957292152,163.75159912109376,170.05927505493165,169.21211059570314,0.013344440255544227,0.012192193876820636,0.5951121455776556,60757100.0,24.002956146229238,-1.2035196355509956,0.00978753803838428,1
2021-10-05,161.0500030517578,161.0500030517578,163.0364990234375,160.1230010986328,160.22500610351562,65384000,AMZN,0.00978753803838428,-0.028637263294955195,-0.08215046540897786,162.8019989013672,169.33855056762695,168.7332907104492,0.014028588813439208,0.012239427330756891,-0.27722137472087727,61288400.0,24.818641472921996,-1.2020505441599814,0.012732016728672857,1
2021-10-06,163.10049438476562,163.10049438476562,163.2169952392578,159.93099975585938,160.67649841308594,50660000,AMZN,0.012732016728672857,-0.011847526742355452,-0.07473833480575998,162.41089782714843,168.67982559204103,168.36891052246094,0.016330375465405236,0.012673993601909735,-0.22519270769607247,60768000.0,28.836024303523388,-0.9979935941910245,0.012391203105561077,1
2021-10-07,165.1215057373047,165.1215057373047,166.28750610351562,164.1529998779297,164.57699584960938,48182000,AMZN,0.012391203105561077,0.005293736707944863,-0.05215884003487814,162.58479919433594,168.2255012512207,168.0410205078125,0.017431413932959303,0.013022628878674893,-0.04891433083300434,60457900.0,35.42437126324171,-0.6772622159583719,-0.004181805261295635,0
2021-10-08,164.43099975585938,164.43099975585938,166.07150268554688,164.41000366210938,165.85000610351562,39964000,AMZN,-0.004181805261295635,0.001632556545999586,-0.05203870858434034,162.63840026855468,167.77417602539063,167.7297204589844,0.01759649802252823,0.01302178493351904,-0.1705616205221867,60058800.0,42.64451675224973,-0.4717139193494688,-0.01286860335091844,0
2021-10-11,162.31500244140625,162.31500244140625,164.62950134277344,161.90499877929688,163.75,40684000,AMZN,-0.01286860335091844,0.017719115778762395,-0.06099499004939335,163.20360107421874,167.24700088500975,167.64843048095702,0.011518811760998258,0.013223379277185804,0.01801621459313374,59524000.0,39.99506860350506,-0.4390317234206804,0.0003172745113595443,1
2021-10-12,162.3665008544922,162.3665008544922,163.37649536132812,161.81399536132812,162.85000610351562,36392000,AMZN,0.0003172745113595443,0.00817446617688855,-0.05874492258265396,163.46690063476564,166.74032592773438,167.5642803955078,0.011008593997668579,0.013243538759138019,-0.1054960180906499,59406700.0,35.28668660933769,-0.3770867493696959,0.011378601203982708,1
2021-10-13,164.21400451660156,164.21400451660156,164.41900634765625,163.05450439453125,163.48550415039062,48402000,AMZN,0.011378601203982708,0.0068271413648146595,-0.05509826665316886,163.68960266113282,166.2615509033203,167.48232055664062,0.01068059741774319,0.01343248616433688,0.3300175862826995,58869300.0,35.42985997650523,-0.1845713746293658,0.004743759227551214,1
2021-10-14,164.9929962158203,164.9929962158203,165.6300048828125,164.53900146484375,165.12249755859375,42190000,AMZN,0.004743759227551214,-0.0007782724661488105,-0.054004347230794725,163.66390075683594,165.7906005859375,167.42746063232423,0.009152736184271136,0.013463756365134524,-0.12834180405768358,58395200.0,36.284048960818424,0.011921761898411098,0.03308023939004423,1
2021-10-15,170.4510040283203,170.4510040283203,170.52099609375,165.1999969482422,165.5709991455078,103598000,AMZN,0.03308023939004423,0.036611127350677286,-0.015451191284741594,164.86790161132814,165.6568504333496,167.46049072265626,0.016906482022217433,0.015592733331663071,1.4555107845461008,58958500.0,50.29407272893472,0.4991842927541066,0.011064772529006062,1
2021-10-18,172.33700561523438,172.33700561523438,172.45849609375,169.2550048828125,169.41799926757812,63482000,AMZN,0.011064772529006062,0.06174415810667866,0.027120814954016303,166.87230224609374,165.88437576293944,167.56229095458986,0.01259670613918395,0.014064619164937123,-0.3872275526554567,57463500.0,63.19942734924796,0.9140575053678717,-0.0007514424560826072,0
2021-10-19,172.20750427246094,172.20750427246094,172.7344970703125,171.10000610351562,171.71449279785156,47722000,AMZN,-0.0007514424560826072,0.0606098140082969,0.03006314022471046,168.8405029296875,166.13567581176758,167.66457092285157,0.012853430764905763,0.01402522622920879,-0.24825934910683345,57068700.0,64.80182063142257,1.1311021460311566,-0.008446195751808605,0
2021-10-20,170.7530059814453,170.7530059814453,173.14300537109375,170.01849365234375,172.63299560546875,42796000,AMZN,-0.008446195751808605,0.03981999881248055,0.010357855740307453,170.14830322265624,166.22320098876952,167.75895111083983,0.015780211995417456,0.014015725811613776,-0.10322283223670425,56797100.0,63.102635104298265,1.1256376112677935,0.005841756945129006,1
2021-10-21,171.75050354003906,171.75050354003906,172.01400756835938,170.14999389648438,170.71249389648438,37628000,AMZN,0.005841756945129006,0.040956328324261326,0.005564991049755497,171.4998046875,166.2707260131836,167.90185119628907,0.01573221063559394,0.013875501641330962,-0.12075894943452659,56299100.0,64.75221570266714,1.1349101870115665,-0.028954833317208384,0
2021-10-22,166.77749633789062,166.77749633789062,171.49200439453125,166.56500244140625,171.0500030517578,62782000,AMZN,-0.028954833317208384,-0.02155169288307235,-0.026264652449980108,170.76510314941407,166.04580078125,167.93390106201173,0.01562500052374419,0.015324091591191432,0.6684915488466037,57322000.0,64.00798145168811,0.7693232588455401,-0.004550989805058192,0
2021-10-25,166.01849365234375,166.01849365234375,167.38999938964844,164.88499450683594,166.75,44520000,AMZN,-0.004550989805058192,-0.03666369820186821,-0.02508367961828384,169.50140075683595,165.83222579956055,167.9603009033203,0.0131659204316282,0.015307657345057946,-0.2908795514637954,55913500.0,59.852831620564835,0.4551208069840253,0.01677526160393561,1
2021-10-26,168.80349731445312,168.80349731445312,170.80599975585938,167.19900512695312,167.47549438476562,53966000,AMZN,0.01677526160393561,-0.01976689095163997,0.018127438743691382,168.8205993652344,165.98250045776368,168.03738098144532,0.017111393732567134,0.014590118989749155,0.21217430368373758,54181000.0,60.98927981276425,0.41472905439085106,0.004863638245470758,1
2021-10-27,169.62449645996094,169.62449645996094,171.85000610351562,168.57249450683594,169.39999389648438,54044000,AMZN,0.004863638245470758,-0.006609017012602414,0.02767846495043491,168.5948974609375,166.21092529296874,168.18791076660156,0.017255606754378084,0.014555065307815394,0.001445354482451977,54320900.0,59.09768010821969,0.4217905145365228,0.01594115275917063,1
2021-10-28,172.32850646972656,172.32850646972656,173.9499969482422,169.3000030517578,170.10499572753906,114174000,AMZN,0.01594115275917063,0.0033653638142188136,0.04917144157989384,168.710498046875,166.61475067138673,168.43326080322265,0.01880796866760301,0.01481966346993066,1.1126119458219228,57187200.0,64.7553401302169,0.5774325640942134,-0.021511245053778105,0
2021-10-29,168.6215057373047,168.6215057373047,168.74099731445312,163.66600036621094,165.00100708007812,129722000,AMZN,-0.021511245053778105,0.011056703931315193,0.027159052314123855,169.0792999267578,166.83767623901366,168.61794097900392,0.01593814510051824,0.015758775881558152,0.13617811410653924,60837700.0,61.12159069076066,0.40759122129439074,-0.01610709978002456,0
2021-11-01,165.90550231933594,165.90550231933594,168.79299926757812,164.6009979248047,168.08999633789062,72178000,AMZN,-0.01610709978002456,-0.0006805948573682663,0.040231639612099634,169.05670166015625,167.15850143432618,168.73610107421874,0.017898021985564238,0.014731847033387785,-0.4435947641880329,59923500.0,55.704933065450824,0.10496070828251752,-0.0016154097805501921,0
2021-11-02,165.6374969482422,165.6374969482422,166.55599975585938,164.17750549316406,165.75050354003906,52552000,AMZN,-0.0016154097805501921,-0.018755537749986284,0.028484904126391486,168.42350158691406,167.38787612915038,168.78298095703124,0.015285874722884462,0.014638098913817165,-0.27191110864806456,59281900.0,52.41781903341146,-0.10904880280301207,0.021507811127532195,1
2021-11-03,169.1999969482422,169.1999969482422,169.74600219726562,164.87600708007812,165.4499969482422,67944000,AMZN,0.021507811127532195,-0.002502583769314004,0.037397204628254466,168.3386016845703,167.6928512573242,168.86120086669922,0.018979272055633337,0.015116014116637249,0.2928908509666617,60146100.0,56.52834434690037,-0.011591206246062996,0.02748232410840923,1
2021-11-04,173.85000610351562,173.85000610351562,174.93150329589844,168.25,168.5,107060000,AMZN,0.02748232410840923,0.008829065283266768,0.052861075407689695,168.6429016113281,168.12927627563477,169.03902099609374,0.021929481076720984,0.016014798267784642,0.5757094077475569,63090000.0,55.41017688475896,0.34540776338158424,0.01207642928374364,1
2021-11-05,175.94949340820312,175.94949340820312,178.3125,173.8489990234375,173.85000610351562,99940000,AMZN,0.01207642928374364,0.04345820326331751,0.07005062104740567,170.1084991455078,168.70520095825196,169.24201080322266,0.01767774741140405,0.01605963983606492,-0.06650476368391556,66088800.0,55.71116759204043,0.6828121614154248,-0.008527948857282919,0
2021-11-08,174.44900512695312,174.44900512695312,178.9499969482422,174.39300537109375,176.16200256347656,61480000,AMZN,-0.008527948857282919,0.051496199271152454,0.07475589134114147,171.81719970703125,169.3119010925293,169.38136077880858,0.015169089484515504,0.015854620665681603,-0.38483089853912344,67128600.0,53.39646940497798,0.7589494667752414,0.025007238016599764,1
2021-11-09,178.81149291992188,178.81149291992188,179.68850708007812,175.07150268554688,175.7624969482422,85898000,AMZN,0.025007238016599764,0.07953510656947604,0.101283158649623,174.45199890136718,170.13415069580077,169.5360205078125,0.014655376168089245,0.016522052222624005,0.3971698113207547,69603900.0,61.2217994707414,1.0397700133948031,-0.026334994227121156,0
2021-11-10,174.1024932861328,174.1024932861328,180.2725067138672,173.1544952392578,178.19349670410156,80548000,AMZN,-0.026334994227121156,0.028974565167340316,0.06021708561727168,175.4324981689453,170.62857513427736,169.5472802734375,0.023001542625262203,0.01785027989544102,-0.06228317306572917,71211200.0,52.96840937627583,0.8528699920634968,-0.0027425987825921982,0
2021-11-11,173.625,173.625,177.16200256347656,173.37350463867188,175.64999389648438,45288000,AMZN,-0.0027425987825921982,-0.0012942542169464,0.0523173951752991,175.3874969482422,171.06017532348633,169.54078033447266,0.019652781658003875,0.017891982662407897,-0.4377514028902021,71366100.0,59.748310178205706,0.6507103742568747,0.015162029225161966,1
2021-11-12,176.25750732421875,176.25750732421875,177.0364990234375,172.3524932861328,174.25,53788000,AMZN,0.015162029225161966,0.0017505814313487633,0.03406552709383681,175.4490997314453,171.35050048828126,169.60281036376952,0.020172470266562045,0.01669983186362332,0.18768768768768762,68875600.0,63.83837683913906,0.6465737510814051,0.0058238044631160335,1
2021-11-15,177.28399658203125,177.28399658203125,179.69400024414062,176.29049682617188,176.85000610351562,58594000,AMZN,0.0058238044631160335,0.016251118503169515,0.028705332027421315,176.01609802246094,171.59785003662108,169.67044036865235,0.019576726405323923,0.016587692113471657,0.08935078456161216,68631200.0,62.03369220762687,0.6628049598060215,-0.001404486161877938,0
2021-11-16,177.03500366210938,177.03500366210938,178.8249969482422,176.25750732421875,176.9499969482422,44342000,AMZN,-0.001404486161877938,-0.00993498364564338,0.028033037294417307,175.66080017089843,171.8392250061035,169.7018505859375,0.015401253547983553,0.01659309635650592,-0.24323309553879235,68462200.0,60.68890746470485,0.6080425047938296,0.0023441312596286235,1
2021-11-17,177.4499969482422,177.4499969482422,179.3625030517578,177.2675018310547,178.23599243164062,51206000,AMZN,0.0023441312596286235,0.019227201167118402,0.03922034009477171,176.3303009033203,172.17407455444337,169.72535064697266,0.007162343059844123,0.01642677861479547,0.1547968066393035,68882700.0,57.90952596856003,0.5526415317244191,0.04143700734081501,1
2021-11-18,184.8029937744141,184.8029937744141,185.2100067138672,178.0500030517578,178.3175048828125,114070000,AMZN,0.04143700734081501,0.06438009373312648,0.07599680912337003,178.56589965820314,172.82669906616212,169.93725067138672,0.017214354541475175,0.018638216920987667,1.2276686325821191,72704800.0,72.46090357868128,0.9412521541062464,-0.005273114275827551,0
2021-11-19,183.82850646972656,183.82850646972656,188.1074981689453,183.78599548339844,185.634506225586,98734000,AMZN,-0.005273114275827551,0.04295419389757549,0.10223807471777047,180.0800994873047,173.67924957275392,170.14467071533204,0.018825940837784806,0.017137356867646874,-0.13444376260191115,74502400.0,76.14211887455095,1.054203144843946,-0.02828730052206352,0
2021-11-22,178.6284942626953,178.6284942626953,185.67300415039065,178.375,183.81900024414065,96844000,AMZN,-0.02828730052206352,0.007583863781195577,0.07595539709424148,180.3489990234375,174.30974960327148,170.26007049560548,0.025183948289873772,0.018594822576351994,-0.019142342050357475,77118600.0,66.56510210546057,0.716389071423083,0.0020909577736383245,1
2021-11-23,179.0019989013672,179.0019989013672,181.0525054931641,176.385498046875,179.2519989013672,73804000,AMZN,0.0020909577736383245,0.011110770178602847,0.060416411680831006,180.74239807128907,174.81967468261718,170.3901104736328,0.02512247120349152,0.01834503884918224,-0.23790838874891573,78110500.0,63.60521856997626,0.467808989234904,0.00010331533981333685,1
2021-11-24,179.02049255371094,179.02049255371094,180.6820068359375,176.84249877929688,178.1334991455078,46560000,AMZN,0.00010331533981333685,0.008850355776150343,0.05539291959500603,181.0564971923828,175.2894744873047,170.49473022460938,0.025145083981819714,0.01835178609926949,-0.3691398840171265,77736300.0,58.23550542004958,0.26446781957752696,-0.021184701669844985,0
2021-11-26,175.22799682617188,175.22799682617188,181.6750030517578,175.20750427246094,180.10499572753906,59826000,AMZN,-0.021184701669844985,-0.05181191469187052,0.016825366945048437,179.14149780273436,175.43444900512696,170.51105010986328,0.01349845584551327,0.01883024405865261,0.28492268041237123,75018900.0,48.90961349898672,-0.1436702107253316,0.016267432688752415,1
2021-11-29,178.07850646972656,178.07850646972656,179.8000030517578,176.5749969482422,177.3820037841797,65312000,AMZN,0.016267432688752415,-0.0312791531108203,0.05608419098780271,177.9914978027344,175.90729904174805,170.61010009765624,0.018204720569017837,0.018341477747282956,0.09169926119078653,71798400.0,55.27015811161179,-0.2345071387584987,-0.015302274022490625,0
2021-11-30,175.35350036621094,175.35350036621094,179.2884979248047,174.60049438476562,178.1750030517578,80022000,AMZN,-0.015302274022490625,-0.01833410682882486,0.056948069321350436,177.3364990234375,176.37969894409179,170.76144012451172,0.014891115211183715,0.018298433872952248,0.22522660460558552,72190600.0,44.728184786052566,-0.47698596151597883,-0.0180634873037836,0
2021-12-01,172.18600463867188,172.18600463867188,177.99400329589844,172.0800018310547,177.25,74916000,AMZN,-0.0180634873037836,-0.03807775502245103,0.03953517658188188,175.97330017089843,176.70712432861328,170.8615301513672,0.0156711730736366,0.018874109990340636,-0.06380745295043866,73308800.0,46.934155585031725,-0.8289513521068672,-0.0018468889124809706,0
2021-12-02,171.8679962158203,171.8679962158203,174.63499450683594,171.1875,173.0,64726000,AMZN,-0.0018468889124809706,-0.03995350608112469,0.015768317468671356,174.5428009033203,176.84052429199218,170.91884002685546,0.015453147173743602,0.018325241854882178,-0.13601900795557686,73147900.0,47.174871080966895,-1.0473532242641435,-0.013839076006382012,0
2021-12-03,169.489501953125,169.489501953125,173.49349975585938,166.92999267578125,172.75,80712000,AMZN,-0.013839076006382012,-0.03274873294784919,-0.025081990205937932,173.39510192871094,176.62249908447265,170.89263000488282,0.014186680132113924,0.01748554223110857,0.24697957544109017,71830500.0,39.0279330714505,-1.2996993463644124,0.011086219388703134,1
2021-12-06,171.36849975585938,171.36849975585938,173.69549560546875,166.9344940185547,169.64999389648438,68860000,AMZN,0.011086219388703134,-0.03768004823764559,-0.026035844512014794,172.0531005859375,176.39344940185546,170.89447998046876,0.012145045341208947,0.017447556329198446,-0.14684309644166915,70276500.0,40.66794086070686,-1.2854271909663617,0.027986504263362688,1
2021-12-07,176.1645050048828,176.1645050048828,177.49949645996094,173.33450317382812,174.60000610351562,66410000,AMZN,0.027986504263362688,0.004624969772363707,0.009833818637608571,172.21530151367188,176.47922439575194,171.01197021484376,0.01885273079964045,0.018515333171531704,-0.035579436537902964,70523000.0,48.799030618624805,-0.9157056853120726,-3.689871657430732e-05,0
2021-12-08,176.1580047607422,176.1580047607422,177.17999267578125,174.75050354003906,176.15049743652344,45254000,AMZN,-3.689871657430732e-05,0.02306807763154417,-0.014839583943119461,173.00970153808595,176.34654998779297,171.21917022705077,0.015748316366672382,0.0176059865106797,-0.31856648095166396,68490800.0,48.19720382634291,-0.646974427937809,-0.011279643604146683,0
2021-12-09,174.17100524902344,174.17100524902344,176.96949768066406,174.13949584960938,175.75,46062000,AMZN,-0.011279643604146683,0.013399871319330181,0.00039351511628282765,173.47030334472657,176.3499755859375,171.40147033691406,0.01722036050112435,0.016748759338010715,0.017854775268484557,66766500.0,32.55163806427247,-0.5805454891067734,-0.011247564604614624,0
2021-12-10,172.21200561523438,172.21200561523438,175.927001953125,170.5,175.41700744628906,60690000,AMZN,-0.011247564604614624,0.01606296337375701,-0.008138196600521952,174.01480407714843,176.27932586669922,171.5606704711914,0.01662363698817517,0.01693307770270835,0.31757196821675127,67536600.0,31.53268934173036,-0.6412879716350445,-0.015356076499860039,0
2021-12-13,169.5675048828125,169.5675048828125,172.10000610351562,169.1300048828125,172.0,62170000,AMZN,-0.015356076499860039,-0.01050948614017555,-0.03795584394087825,173.65460510253905,175.9448257446289,171.66876068115235,0.017699274991518486,0.016843759282738527,0.02438622507826671,67955700.0,34.321383893893994,-0.8208402696977315,-0.0028071293797337082,0
2021-12-14,169.0915069580078,169.0915069580078,169.49899291992188,166.44000244140625,167.5500030517578,55976000,AMZN,-0.0028071293797337082,-0.04014996123469339,-0.046211106371536914,172.24000549316406,175.53520126342772,171.86081085205078,0.006435947677864673,0.016748472024421205,-0.09963004664629238,67824800.0,32.91206379976069,-0.9251881860705043,0.024977573145925636,1
2021-12-15,173.31500244140625,173.31500244140625,173.60000610351562,165.19500732421875,168.59800720214844,75794000,AMZN,0.024977573145925636,-0.016138933471671058,-0.021012800540864518,171.67140502929686,175.34920120239258,172.10611083984375,0.01637015284259224,0.017821511823084453,0.35404459053880233,69397400.0,41.40830183476753,-0.6749099812875593,-0.025641174633125208,0
2021-12-16,168.87100219726562,168.87100219726562,174.16600036621094,168.16050720214844,173.36849975585938,60876000,AMZN,-0.025641174633125208,-0.030429881507430312,-0.048345984212548876,170.6114044189453,174.92025146484374,172.22152099609374,0.0191745416978521,0.01863261904382635,-0.19682296751721773,69880900.0,40.61144208242403,-0.767080063187271,0.00678920370502567,1
2021-12-17,170.0175018310547,170.0175018310547,170.89849853515625,165.61349487304688,167.7104949951172,85542000,AMZN,0.00678920370502567,-0.012743035982536344,-0.08000677717054627,170.17250366210936,174.18097686767578,172.31944091796876,0.01963511245330283,0.015736698898503418,0.40518430908732506,68454500.0,37.46383566012734,-0.7105374164460659,-0.017283556389377508,0
2021-12-20,167.07899475097656,167.07899475097656,167.87449645996094,165.60000610351562,166.85000610351562,57372000,AMZN,-0.017283556389377508,-0.014675631003450484,-0.09111487679691488,169.6748016357422,173.34350128173827,172.3724008178711,0.019968968857175095,0.016012843226414,-0.3293119169530757,66386400.0,37.21669558329876,-0.8228246980710028,0.019978649621920752,1
2021-12-21,170.41700744628906,170.41700744628906,170.7165069580078,165.6475067138672,167.85049438476562,55956000,AMZN,0.019978649621920752,0.007838953665546544,-0.04596963575324242,169.93990173339844,172.93292694091798,172.53444091796874,0.022415112716142358,0.015898650564101627,-0.024681029073415628,64342000.0,47.281395168873686,-0.6326168102698149,0.0036381058820253998,1
2021-12-22,171.03700256347656,171.03700256347656,172.0500030517578,168.50050354003906,169.27000427246094,55036000,AMZN,0.0036381058820253998,-0.013143697001647747,-0.04449668934858908,169.4843017578125,172.53467712402343,172.70785095214845,0.018596523670837053,0.01592452650807392,-0.01644148974194004,63403600.0,48.73466895538395,-0.43479749273529256,0.0001841364158221559,1
2021-12-23,171.06849670410156,171.06849670410156,171.97500610351562,170.14999389648438,170.42799377441406,36788000,AMZN,0.0001841364158221559,0.01301285879898395,-0.0444194725205751,169.92380065917968,172.13707733154297,172.84494079589842,0.013433335145007138,0.01592513947488119,-0.33156479395304894,62915000.0,52.58936449081745,-0.2791432600500402,-0.008178022851368039,0
2021-12-27,169.66949462890625,169.66949462890625,172.9429931640625,169.2154998779297,171.03700256347656,58688000,AMZN,-0.008178022851368039,-0.0020468904577497504,-0.03172154163686369,169.85419921875,171.8591522216797,172.93847076416014,0.013941538330566534,0.015362504958554474,0.5953028161356964,62858100.0,47.169269286777684,-0.24873164039780027,0.005843719029521299,1
2021-12-28,170.66099548339844,170.66099548339844,172.17599487304688,169.135498046875,170.1824951171875,54638000,AMZN,0.005843719029521299,0.02143896507014942,-0.04165303906335882,170.5705993652344,171.48827667236327,172.9426705932617,0.010262582402644408,0.014897840894696745,-0.06900899672846239,62324400.0,39.499325726503486,-0.14529066955339565,-0.0085549217086347,0
2021-12-29,169.2010040283203,169.2010040283203,171.21200561523438,168.60049438476562,170.83999633789062,35754000,AMZN,-0.0085549217086347,-0.007135458110611448,-0.035086247637153845,170.32739868164063,171.18065185546874,172.87995056152343,0.006661401232487821,0.014655654736087348,-0.34562026428492987,60111000.0,37.42362053556651,-0.1576162280536938,-0.0032890070546229833,0
2021-12-30,168.64450073242188,168.64450073242188,170.88800048828125,168.5240020751953,169.6999969482422,37584000,AMZN,-0.0032890070546229833,-0.0139882118792789,-0.020567896407618913,169.8488983154297,171.00357666015626,172.80869049072265,0.006039460311160559,0.014150146813402936,0.05118308441013597,58244400.0,39.46469596157102,-0.1838381353613241,-0.011429400216389607,0
2021-12-31,166.7169952392578,166.7169952392578,169.35000610351562,166.55850219726562,168.95599365234375,47830000,AMZN,-0.011429400216389607,-0.025437187727034072,-0.029970681511258368,168.97859802246094,170.74602661132812,172.7279702758789,0.00679180352459681,0.01434325002246042,0.2726160068114092,57399600.0,39.51214056931107,-0.30447056219488533,0.022118320898886212,1
2022-01-03,170.4044952392578,170.4044952392578,170.70350646972656,166.16050720214844,167.5500030517578,63520000,AMZN,0.022118320898886212,0.004331954969036156,0.005398524838345908,169.12559814453124,170.79177627563476,172.70105010986327,0.013542597715749902,0.014945919762400959,0.3280367969893372,56540000.0,51.536325601430875,-0.11892343958494855,-0.016915587005979504,0
2022-01-04,167.52200317382812,167.52200317382812,171.39999389648438,166.34950256347656,170.43800354003906,70726000,AMZN,-0.016915587005979504,-0.0183931442605213,-0.022445762129628122,168.4977996826172,170.5994514465332,172.71594024658202,0.015204303370574306,0.015199127842108247,0.11344458438287153,56633300.0,47.35296948448027,-0.17020608817848748,-0.018893091563845,0
2022-01-05,164.35699462890625,164.35699462890625,167.12649536132812,164.35699462890625,166.88299560546875,64302000,AMZN,-0.018893091563845,-0.02862872727754784,-0.0670254792567282,167.52899780273438,170.0090759277344,172.68271026611328,0.016675905399626535,0.014061817961131921,-0.09082939795831801,56527900.0,34.33258039309459,-0.3848823356344939,-0.006710981961323137,0
2022-01-06,163.25399780273438,163.25399780273438,164.8000030517578,161.93699645996094,163.45050048828125,51958000,AMZN,-0.006710981961323137,-0.031963704160388184,-0.07325245864094587,166.45089721679688,169.36387557983397,172.5717202758789,0.016623292245460296,0.014057769830245967,-0.1919691455942273,56863100.0,38.875901432864254,-0.5582468464182455,-0.004287778294336242,0
2022-01-07,162.5540008544922,162.5540008544922,165.24349975585938,162.031005859375,163.83900451660156,46606000,AMZN,-0.004287778294336242,-0.024970425953222408,-0.06669884219776812,165.61829833984376,168.78302536010742,172.43031036376954,0.016384580592516754,0.013945923012531357,-0.10300627429847187,56890300.0,34.95292636677196,-0.6696390386575923,-0.006570176170610398,0
2022-01-10,161.48599243164062,161.48599243164062,161.6614990234375,156.30450439453125,160.5854949951172,87798000,AMZN,-0.006570176170610398,-0.05233725081662366,-0.06228377136236607,163.8345977783203,168.24672470092773,172.21346008300782,0.006705251161624966,0.01384542661088368,0.8838346993949278,58245700.0,37.804185817782304,-0.7583082091971272,0.024002125643924677,1
2022-01-11,165.36199951171875,165.36199951171875,166.35000610351562,160.70150756835938,161.5,62806000,AMZN,0.024002125643924677,-0.012893850486422775,-0.024801363763653606,163.40259704589843,168.03644943237305,172.1482699584961,0.015879158096941976,0.014780152502926192,-0.2846534089614797,58277500.0,39.22999949934948,-0.5108429884407446,-0.0009373300985386912,0
2022-01-12,165.20700073242188,165.20700073242188,166.8780059814453,164.41700744628906,166.5749969482422,50030000,AMZN,-0.0009373300985386912,0.00517170629357655,-0.022972805053719347,163.57259826660157,167.84222412109375,172.13429992675782,0.013014696175366445,0.014775041217346303,-0.20342005540871888,57980200.0,37.327739175138056,-0.3217528412913464,-0.024169655027437842,0
2022-01-13,161.21400451660156,161.21400451660156,166.22149658203125,161.09100341796875,165.25050354003906,52188000,AMZN,-0.024169655027437842,-0.012495824381573817,-0.06982083347860069,163.164599609375,167.2371742248535,172.045830078125,0.017277755361981142,0.01429623433475991,0.043134119528283055,56799900.0,31.726920129972285,-0.4233621676638366,0.005731487003565627,1
2022-01-14,162.13800048828125,162.13800048828125,162.25,159.80050659179688,160.14999389648438,45974000,AMZN,0.005731487003565627,-0.002559151814314986,-0.039870680113091694,163.0813995361328,166.9005241394043,171.9045901489258,0.01758134330192344,0.013436011855152783,-0.11906951789683451,56054800.0,35.78400199076506,-0.3870938810318627,-0.019862738846190164,0
2022-01-18,158.91749572753906,158.91749572753906,159.7344970703125,157.6645050048828,159.10499572753906,67292000,AMZN,-0.019862738846190164,-0.015905383900023717,-0.06528743208181964,162.5677001953125,166.34552383422852,171.60593994140626,0.019634811988978543,0.013839597363401141,0.46369687214512556,55142300.0,29.554124763030146,-0.5299179103955138,-0.016477101806013472,0
2022-01-19,156.2989959716797,156.2989959716797,159.25,156.25,158.76199340820312,53242000,AMZN,-0.016477101806013472,-0.054807050995998585,-0.06452037130917598,160.75509948730468,165.80652389526367,171.21292999267578,0.012875211052393472,0.013797758936079966,-0.20879153539796702,54935800.0,28.408136791248296,-0.7378801190784561,-0.02963230963415675,0
2022-01-20,151.66749572753906,151.66749572753906,158.0,151.3509979248047,156.76600646972656,71974000,AMZN,-0.02963230963415675,-0.08195478971748982,-0.11002136464964829,158.0471984863281,164.86904830932616,170.7572998046875,0.013565570874668963,0.013863381882666717,0.35182750460163037,55736700.0,24.998528142146867,-1.102551164378748,-0.05950180896147472,0
2022-01-21,142.64300537109375,142.64300537109375,150.89999389648438,142.07049560546875,149.9499969482422,163972000,AMZN,-0.05950180896147472,-0.11519470160916079,-0.16601084424316315,154.33299865722657,163.44934844970703,170.03393005371095,0.023715819265725236,0.018147512523505653,1.2782115764025899,61183500.0,20.676518026442025,-1.8241650427457863,0.01332698348311534,1
2022-01-24,144.54400634765625,144.54400634765625,144.94500732421875,135.3520050048828,139.0,155624000,AMZN,0.01332698348311534,-0.10851246523110192,-0.15505187025946054,150.81419982910157,162.12312393188478,169.4427603149414,0.026204875388297338,0.01872175063608653,-0.050911131168736135,67125300.0,17.067187645130957,-2.030278607777128,-0.031533745543573244,0
2022-01-25,139.98599243164062,139.98599243164062,143.60000610351562,138.14500427246094,142.24249267578125,90824000,AMZN,-0.031533745543573244,-0.11912787329820584,-0.1749489633489396,147.02789916992188,160.6389488220215,168.76998016357422,0.026437856231344883,0.019433908497923667,-0.4163882177556161,68732100.0,16.36865736285249,-2.310053575022386,-0.007954330670553511,0
2022-01-26,138.87249755859375,138.87249755859375,145.18499755859375,137.31849670410156,144.75,95602000,AMZN,-0.007954330670553511,-0.11149462800287913,-0.18626691960142128,143.5425994873047,159.04952392578124,168.02227996826173,0.02736420502295789,0.019106920053459195,0.052607240376992825,70780300.0,17.232209493868083,-2.39624557835662,0.005508645722495764,1
2022-01-27,139.6374969482422,139.6374969482422,144.24349975585938,139.35000610351562,140.8000030517578,77516000,AMZN,0.005508645722495764,-0.07931823968998608,-0.17472418234072584,141.1365997314453,157.57134857177735,167.26934997558592,0.029669540232980646,0.019422072890183908,-0.1891801426748394,72868400.0,19.367814385775333,-2.2312425592725216,0.031084056738273746,1
2022-01-28,143.97799682617188,143.97799682617188,143.9980010986328,137.92950439453125,140.86050415039062,74392000,AMZN,0.031084056738273746,0.009358968928094846,-0.14626331602349052,141.40359802246093,156.33802337646483,166.6082098388672,0.0235056218694378,0.02140814474887813,-0.04030135713917127,74708800.0,27.984783530971654,-1.6841795562402737,0.03886361030218932,1
2022-01-31,149.57350158691406,149.57350158691406,150.36050415039062,144.30050659179688,144.75,78308000,AMZN,0.03886361030218932,0.03479559869927029,-0.10282991021845667,142.4094970703125,155.48084869384766,166.05067993164062,0.02874825926495997,0.023765468583911896,0.0526400688246047,76232700.0,37.25023378199661,-0.8423966380148782,0.010830762802234384,1
2022-02-01,151.19349670410156,151.19349670410156,151.70799255371094,147.62750244140625,150.0,59220000,AMZN,0.010830762802234384,0.0800616124355007,-0.11273762765578976,144.6509979248047,154.52029876708986,165.37848999023439,0.01910704700806533,0.02321163311649543,-0.24375542728712263,76017700.0,34.06618863648143,-0.11180438377256419,-0.0038427158906232384,0
2022-02-02,150.6125030517578,150.6125030517578,155.0749969482422,148.86349487304688,155.05050659179688,87330000,AMZN,-0.0038427158906232384,0.08453801652275073,-0.10093897996506329,146.9989990234375,153.67482376098633,164.714169921875,0.017885758067447004,0.02306291488332099,0.47467071935157046,76847900.0,33.74288374572225,0.3705897266383449,-0.0781276325178123,0
2022-02-03,138.8455047607422,138.8455047607422,144.24749755859375,138.33299255371094,141.7375030517578,225532000,AMZN,-0.0781276325178123,-0.005671773018056547,-0.15521998273188942,146.8406005859375,152.3992492675781,163.91851013183594,0.04666988725663432,0.028171636449217354,1.5825260506126186,84909400.0,28.761592485768546,-0.04257917993661309,0.13535901735711864,1
2022-02-04,157.63949584960938,157.63949584960938,161.1999969482422,150.60800170898438,155.60650634765625,253456000,AMZN,0.13535901735711864,0.09488601956263754,-0.0343912065167874,149.572900390625,152.11852416992187,163.4912600708008,0.07736798421335744,0.042688489624763695,0.12381391554191867,94984300.0,46.81095025275372,0.9550173539369302,0.0018777353189827206,1
2022-02-07,157.9355010986328,157.9355010986328,162.6909942626953,157.25,158.52000427246094,102624000,AMZN,0.0018777353189827206,0.055905621136105976,-0.02841209525192523,151.24530029296875,151.8875991821289,163.0695602416992,0.07695424163425348,0.042685071599821926,-0.5951013193611514,97785200.0,49.273736939204525,1.601883756698629,0.022021627828944013,1
2022-02-08,161.4134979248047,161.4134979248047,161.79249572753906,155.55050659179688,156.75050354003906,76040000,AMZN,0.022021627828944013,0.06759550803103997,-0.00044892133208784823,153.28930053710937,151.88397445678712,162.79327026367187,0.07703010289690403,0.04295259548334847,-0.25904271905207354,97197300.0,53.73509512243718,2.1944257539541825,-0.0013877341505965646,0
2022-02-09,161.1894989013672,161.1894989013672,163.83450317382812,160.25,162.87350463867188,68786000,AMZN,-0.0013877341505965646,0.07022654583978727,-0.025232523933383266,155.40469970703126,151.67534942626952,162.4554901123047,0.07688401114635358,0.042605434428742754,-0.09539715938979487,97496300.0,57.43233135720316,2.480601968887064,-0.013561706274733853,0
2022-02-10,159.0034942626953,159.0034942626953,160.7165069580078,157.75,158.35000610351562,68268000,AMZN,-0.013561706274733853,0.14518287456759404,-0.03754990068353148,159.43629760742186,151.36517410278321,162.12848999023439,0.06089206271719281,0.042706570214366996,-0.0075306021574157445,98408200.0,64.29625351039232,2.428887808258349,-0.03591110674363196,0
2022-02-11,153.2935028076172,153.2935028076172,159.0,152.73399353027344,158.13450622558594,77100000,AMZN,-0.03591110674363196,-0.027569188917847987,-0.049130357705175265,158.56709899902344,150.969149017334,161.75063995361327,0.02132223114561931,0.043119498207998395,0.129372473193883,99653800.0,57.16837064449291,1.9376729154299346,0.012221683270054351,1
2022-02-14,155.16700744628906,155.16700744628906,158.44850158691406,151.64999389648438,151.75100708007812,83230000,AMZN,0.012221683270054351,-0.01752926753697248,-0.04299419643142832,158.01340026855468,150.62059936523437,161.41662017822264,0.022663563256781198,0.04320239099747935,0.07950713359273665,101516600.0,63.009924336318015,1.6762824303273356,0.008658352201907249,1
2022-02-15,156.510498046875,156.510498046875,158.0070037841797,154.6374969482422,157.60549926757812,56440000,AMZN,0.008658352201907249,-0.030375401939519153,-0.015146209482125306,157.03280029296874,150.50024948120117,161.15704010009765,0.019493740400385096,0.04302899825193442,-0.3218791301213505,100974000.0,65.05617520913307,1.5349991082680066,0.010159039538768955,1
2022-02-16,158.10049438476562,158.10049438476562,158.83399963378906,154.7344970703125,155.79049682617188,52704000,AMZN,0.010159039538768955,-0.019163807429488533,0.011525975594957494,156.41499938964844,150.59032440185547,160.8916799926758,0.020815316562593614,0.04290122207900093,-0.066194188518781,100947100.0,65.54151271677681,1.4886357811500799,-0.021808901106176726,0
2022-02-17,154.65249633789062,154.65249633789062,160.3489990234375,154.5,158.14599609375,64032000,AMZN,-0.021808901106176726,-0.027364165454227374,0.019681215121491347,155.5447998046875,150.73957443237305,160.46143981933594,0.022081689296422298,0.04263801872858133,0.2149362477231329,100550000.0,59.12249496646046,1.1792909761472514,-0.013261957754408193,0
2022-02-18,152.60150146484375,152.60150146484375,155.49949645996094,150.89300537109375,155.49949645996094,63604000,AMZN,-0.013261957754408193,-0.004514224869933914,0.06981412139938037,155.40639953613282,151.23749923706055,159.99030975341796,0.015618893397840275,0.04032940261352231,-0.006684157921039491,95531600.0,52.75463237374261,0.807796477669235,-0.015753494788264932,0
2022-02-22,150.19749450683594,150.19749450683594,152.9824981689453,148.48550415039062,150.47850036621094,66128000,AMZN,-0.015753494788264932,-0.032026865899139834,0.03911257410135671,154.4124969482422,151.52017364501953,159.51083953857423,0.014772984753147306,0.040504068015421585,0.03968303880259105,91056800.0,49.106659936803524,0.39245257270172806,-0.03575624663287669,0
2022-02-23,144.82699584960938,144.82699584960938,151.76300048828125,144.6510009765625,151.65049743652344,64244000,AMZN,-0.03575624663287669,-0.07464995858467216,0.03458205591772168,152.07579650878907,151.76222381591796,158.96313934326173,0.016683409104002605,0.04070226757846803,-0.02849020082264697,89727800.0,45.221391224608055,-0.2188113257043598,0.04509522427819257,1
2022-02-24,151.35800170898438,151.35800170898438,151.74899291992188,139.5,139.83749389648438,100786000,AMZN,0.04509522427819257,-0.042646879138607874,0.08990624039956274,150.7272979736328,152.3864990234375,158.59894927978516,0.03109486063050966,0.041704038179878174,0.5688001992403959,89987000.0,61.313393892619615,-0.16080568733945722,0.01605793012842116,1
2022-02-25,153.7884979248047,153.7884979248047,153.99000549316406,149.2135009765625,150.5500030517578,62396000,AMZN,0.01605793012842116,-0.005586708482210656,0.10134098136840475,150.55449829101562,153.09404907226562,158.29288909912108,0.03158868030741194,0.04177595070346533,-0.3809060782251503,89231000.0,45.054706473191104,0.05232594213071384,-0.0014662630028149382,0
2022-02-28,153.56300354003906,153.56300354003906,154.4499969482422,150.85000610351562,152.4250030517578,57684000,AMZN,-0.0014662630028149382,0.006300737974172632,0.06657271892342975,150.74679870605468,153.57329940795898,157.89784912109374,0.030850019914298275,0.041364586288251654,-0.07551766138855054,88395600.0,44.37483117976293,0.18189644867804255,-0.015765550251120253,0
2022-03-01,151.14199829101562,151.14199829101562,154.0989990234375,149.9770050048828,152.7324981689453,44874000,AMZN,-0.015765550251120253,0.006288412381850295,0.010486461087428234,150.93569946289062,153.65172424316407,157.54326904296875,0.03085171913439923,0.04074115932169273,-0.22207197836488457,86723900.0,36.416410090010686,0.11177320912334787,0.0060241839623909055,1
2022-03-02,152.05250549316406,152.05250549316406,152.99949645996094,148.75,150.8489990234375,47334000,AMZN,0.0060241839623909055,0.04989062709729741,0.005681519428998083,152.38080139160155,153.69467468261718,157.18396911621093,0.022800869343253666,0.04069601851828268,0.0548201631234122,86129600.0,38.13223202082759,0.13251636217350327,-0.027319556126581324,0
2022-03-03,147.89849853515625,147.89849853515625,153.9290008544922,146.8560028076172,153.531494140625,65198000,AMZN,-0.027319556126581324,-0.022856427375935517,-0.01801978229967338,151.68890075683595,153.5589744567871,156.80035919189453,0.017249891844839643,0.04118002317534573,0.3774031351671103,85023000.0,36.277591341372954,-0.11438207429280367,-0.0152637929917393,0
2022-03-04,145.64100646972656,145.64100646972656,147.85000610351562,143.8070068359375,147.15899658203125,60934000,AMZN,-0.0152637929917393,-0.05297854888381748,0.0489429003891364,150.0594024658203,153.89874954223632,156.30483917236327,0.013111454401750645,0.037111627404441586,-0.06540077916500509,76793100.0,39.661722022494146,-0.3947984002447906,-0.05622045424233624,0
2022-03-07,137.4530029296875,137.4530029296875,146.09449768066406,137.41650390625,145.44349670410156,86934000,AMZN,-0.05622045424233624,-0.10490808488355163,-0.12805479243082651,146.83740234375,152.88942489624023,155.6331591796875,0.022740457311547446,0.023311831892656575,0.4266911740571766,68467000.0,29.556831200976845,-1.05909476494431,-0.010465446730283379,0
2022-03-08,136.01449584960938,136.01449584960938,140.69949340820312,133.57249450683594,136.68350219726562,91662000,AMZN,-0.010465446730283379,-0.10008801400309053,-0.13879719946773383,143.81190185546876,151.79337463378906,154.93207916259766,0.023205541527629506,0.02323974514930072,0.05438608599627304,67918900.0,26.397978052934135,-1.4960252005808723,0.024001199930983708,1
2022-03-09,139.2790069580078,139.2790069580078,140.25,136.8280029296875,139.5,82656000,AMZN,0.024001199930983708,-0.08400715590793417,-0.13712912024933843,141.2572021484375,150.68665008544923,154.3242694091797,0.029032465002295307,0.02337450949059877,-0.09825227466125552,68249700.0,29.131074014106787,-1.4639970835339438,0.05412515560997311,1
2022-03-10,146.8175048828125,146.8175048828125,148.67449951171875,143.97799682617188,145.68499755859375,135062000,AMZN,0.05412515560997311,-0.007309023844395468,-0.08916209875029757,141.04100341796874,149.9680503845215,153.84739959716796,0.04185067177347511,0.027087832768220084,0.634025358110724,71563500.0,42.03518655825079,-0.863621198421427,-0.008806846762653975,0
2022-03-11,145.52450561523438,145.52450561523438,149.6750030517578,145.36900329589844,149.57449340820312,68900000,AMZN,-0.008806846762653975,-0.0007999179442391702,-0.08477165052229496,141.0177032470703,149.29410095214843,153.37386962890625,0.041388490218585906,0.027023153514721968,-0.4898639143504465,71595100.0,42.693134920159785,-0.5001257904093901,-0.025229488143872714,0
2022-03-14,141.85299682617188,141.85299682617188,147.4499969482422,140.88400268554688,145.9810028076172,74086000,AMZN,-0.025229488143872714,0.032010896835299674,-0.07463138209975606,141.8977020263672,148.72207565307616,152.83803955078125,0.03202764770885797,0.026460486356146253,0.07526850507982585,71444400.0,41.60420980102746,-0.45480853942997745,0.038867730338306705,1
2022-03-15,147.3665008544922,147.3665008544922,147.98500061035156,142.0,142.85000610351562,75584000,AMZN,0.038867730338306705,0.08346172908977789,-0.05027168288011874,144.16810302734376,148.33205032348633,152.45102966308593,0.03299234934872763,0.027926037430009744,0.020219744621116087,71062100.0,52.54778327898295,-0.024092137522587542,0.038933563723705156,1
2022-03-16,153.10400390625,153.10400390625,153.14999389648438,147.35350036621094,148.5,84958000,AMZN,0.038933563723705156,0.09926116828511256,-0.021765275704411557,146.9331024169922,148.16172561645507,152.10501983642578,0.03447335211372226,0.029331172296655543,0.12402095681625736,72488000.0,51.78003515703996,0.6399561254790336,0.027007748989816838,1
2022-03-17,157.23899841308594,157.23899841308594,157.49850463867188,152.13999938964844,152.6405029296875,72934000,AMZN,0.027007748989816838,0.07098263615494438,-0.005449040340019917,149.01740112304688,148.1186508178711,151.89935974121093,0.02944602574896468,0.029895780657683477,-0.14152875538501375,73499500.0,53.39960599617061,1.3117148303463768,0.025512151358369817,1
2022-03-18,161.25050354003906,161.25050354003906,161.593994140625,156.01100158691406,156.81300354003906,102962000,AMZN,0.025512151358369817,0.10806425940648179,0.042663438084651784,152.1626007080078,148.44855117797852,151.83722991943358,0.026619940576176844,0.029938975216473644,0.41171470096251395,75446000.0,57.04828459956082,1.9422211222998855,0.0014945523217748669,1
2022-03-21,161.4915008544922,161.4915008544922,163.08399963378906,159.55299377441406,161.12100219726562,66538000,AMZN,0.0014945523217748669,0.13844264462304978,0.058256303537724374,156.09030151367188,148.89305114746094,151.80197998046876,0.015280434284154395,0.029710639941902928,-0.3537615819428527,75592700.0,59.88405491288963,2.2687673045359604,0.02103830044237709,1
2022-03-22,164.88900756835938,164.88900756835938,166.16700744628906,161.69900512695312,161.8054962158203,64086000,AMZN,0.02103830044237709,0.11890427344250165,0.09781463472318297,159.5948028564453,149.62762680053712,151.8486801147461,0.013623311304837014,0.02961068742851087,-0.03685112266674684,75490600.0,61.70326605167643,2.5839491642998302,-0.008981816492546923,0
2022-03-23,163.4080047607422,163.4080047607422,166.3699951171875,162.68699645996094,163.7050018310547,55812000,AMZN,-0.008981816492546923,0.06730066224003939,0.1282979654596137,161.65560302734374,150.55667724609376,151.88712036132813,0.016068069570720548,0.02824018080474271,-0.12910776144555758,75069000.0,64.86480952886542,2.5582613096015328,0.0014779010051912955,1
2022-03-24,163.64950561523438,163.64950561523438,164.11849975585938,160.0500030517578,163.74949645996094,56798000,AMZN,0.0014779010051912955,0.04076919381861788,0.08120815396256909,162.93770446777344,151.17125244140624,151.85287048339845,0.014576135328171539,0.026741665340898082,0.01766645165914138,72869600.0,67.9537251616087,2.4243648860380738,0.006868294014676479,1
2022-03-25,164.77349853515625,164.77349853515625,165.36849975585938,162.25,164.0,49032000,AMZN,0.006868294014676479,0.021847962752205685,0.07142927305085389,163.64230346679688,151.72050247192382,151.84420043945312,0.01094276822904949,0.02660672837615666,-0.13673016655516035,72201400.0,81.70274625068612,2.2804574636143427,0.025592678900108856,1
2022-03-28,168.99049377441406,168.99049377441406,169.03750610351562,164.89999389648438,164.97500610351562,59854000,AMZN,0.025592678900108856,0.046435836438715405,0.1004635874444364,165.14210205078126,152.49187698364258,151.99973022460938,0.014181955006560854,0.0270102082802954,0.22071300375265124,72309900.0,85.94739550776279,2.3300097642833886,0.00192027764251268,1
2022-03-29,169.31500244140625,169.31500244140625,170.8314971923828,167.86849975585938,170.38400268554688,66154000,AMZN,0.00192027764251268,0.026842267646082885,0.12023795077394372,166.0273010253906,153.4005271911621,152.14327026367187,0.012690795217154481,0.026575612839882173,0.10525612323320077,73373900.0,84.98495520329581,2.2445012949179834,-0.01780118433038691,0
2022-03-30,166.30099487304688,166.30099487304688,168.95050048828125,165.5,168.50950622558594,56168000,AMZN,-0.01780118433038691,0.017704090546485363,0.09370769217955033,166.60589904785155,154.11295166015626,152.29094024658204,0.015489467881554895,0.027104560971769404,-0.1509508117422983,73815600.0,75.3674583232012,1.8606498674926018,-0.019864567358571672,0
2022-03-31,162.99749755859375,162.99749755859375,166.4949951171875,162.95350646972656,166.44500732421875,59966000,AMZN,-0.019864567358571672,-0.003984173702141214,0.10209027929954528,166.47549743652343,154.86790161132814,152.4249102783203,0.018809384310440155,0.026687098787492012,0.06761857285286998,73554000.0,71.61802040998177,1.2872096232151908,0.003450973226124532,1
2022-04-01,163.55999755859375,163.55999755859375,165.82699584960938,162.3195037841797,164.14950561523438,57090000,AMZN,0.003450973226124532,-0.007364661109647952,0.12303534233397295,166.23279724121093,155.76385116577148,152.6627603149414,0.01852756198352501,0.026256045214046342,-0.04796051095620857,73361800.0,79.09472356341492,0.8687845724774776,0.029264484561530857,1
2022-04-04,168.34649658203125,168.34649658203125,168.39450073242188,163.20550537109375,164.125,49882000,AMZN,0.029264484561530857,-0.0038108486341396075,0.22475677499855684,166.10399780273437,157.30852584838868,153.17683013916016,0.019885005275871732,0.022216302793638284,-0.1262567875284638,71509200.0,78.67921009915686,0.8370401883475642,-0.025492089193307588,0
2022-04-05,164.05499267578125,164.05499267578125,168.11050415039062,163.26600646972656,167.7415008544922,53728000,AMZN,-0.025492089193307588,-0.031066412838669177,0.20615814991643333,165.05199584960937,158.71055068969727,153.56704986572265,0.022606975397600735,0.02319245891610495,0.07710196062707997,69612500.0,65.58592843994778,0.4680791248615539,-0.032300120131985244,0
2022-04-06,158.75599670410156,158.75599670410156,162.1999969482422,157.25450134277344,161.65049743652344,79056000,AMZN,-0.032300120131985244,-0.04536953116068321,0.13984153227030127,163.54299621582032,159.68440017700195,153.94244995117188,0.02525925697816952,0.024727366578171237,0.47141155449672434,69432500.0,52.08981640692331,-0.15826390858374584,-0.0061194323502751224,0
2022-04-07,157.7845001220703,157.7845001220703,160.07899475097656,154.51150512695312,158.39999389648438,68136000,AMZN,-0.0061194323502751224,-0.03198207036675205,0.07469814480236203,162.50039672851562,160.23274993896484,154.3206900024414,0.024516681664203895,0.02220677222133945,-0.13812993321190048,66086200.0,44.7887491970267,-0.6365634210052442,-0.021066740550443774,0
2022-04-08,154.4604949951172,154.4604949951172,157.36849975585938,154.2310028076172,156.75,46002000,AMZN,-0.021066740550443774,-0.05563403460076943,0.06140539246021892,160.6804962158203,160.67954940795897,154.6171499633789,0.024545884378791342,0.022737173659022586,-0.3248502994011976,64941300.0,40.325549833546646,-1.1456796143830466,-0.021613947156313595,0
2022-04-11,151.1219940185547,151.1219940185547,154.13650512695312,150.5345001220703,152.71299743652344,52112000,AMZN,-0.021613947156313595,-0.1023157767651165,0.06534227263271108,157.235595703125,161.14299926757812,154.76002990722657,0.00960699168230399,0.022512262828143583,0.13282031216034085,63842600.0,31.026198476518772,-1.6457362499032495,-0.002213363562407644,0
2022-04-12,150.78750610351562,150.78750610351562,155.0989990234375,150.38299560546875,153.6925048828125,55178000,AMZN,-0.002213363562407644,-0.08087219020810843,0.023214266669745243,154.58209838867188,161.3140495300293,154.78430999755858,0.012332712051444721,0.02092490351988399,0.05883481731654894,62822300.0,32.03870845011147,-1.9184406734568018,0.03152445706895657,1
2022-04-13,155.54100036621094,155.54100036621094,156.02499389648438,149.60000610351562,150.01849365234375,53390000,AMZN,0.03152445706895657,-0.020251180457031337,0.01591726145485506,153.93909912109376,161.43589935302734,154.8712600708008,0.021628359056803298,0.020280258463220173,-0.032404219072818874,61243900.0,39.773476497233986,-1.7052738681041675,-0.024652684274885983,0
2022-04-14,151.7064971923828,151.7064971923828,155.89700317382812,151.4720001220703,155.38999938964844,51598000,AMZN,-0.024652684274885983,-0.03852091254201295,-0.03518529929940517,152.72349853515624,161.15927429199218,154.8931399536133,0.023602313184925342,0.020080297633253596,-0.03356433789099078,60177100.0,34.574427268472945,-1.7429262147252498,0.007109164667870926,1
2022-04-18,152.78500366210938,152.78500366210938,154.0395050048828,150.25050354003906,151.52349853515625,46514000,AMZN,0.007109164667870926,-0.010847377726329155,-0.052499060108842865,152.38840026855468,160.7359992980957,155.17192993164062,0.022938820449172816,0.019173811870666704,-0.09853095081204699,57354700.0,29.338432500302517,-1.6183040692351525,0.03488883060861969,1
2022-04-19,158.11549377441406,158.11549377441406,158.6490020751953,151.55050659179688,152.0294952392578,54926000,AMZN,0.03488883060861969,0.04627718024287519,-0.020905168768726612,153.78710021972657,160.56719894409179,155.18144989013672,0.024692366841269357,0.020916493007735175,0.18084877671238764,56774100.0,37.337315163215344,-1.1234642096808,-0.026041044919075107,0
2022-04-20,153.9980010986328,153.9980010986328,157.6024932861328,153.60350036621094,157.6024932861328,59630000,AMZN,-0.026041044919075107,0.021291518628295147,-0.0660505307802971,154.42919921875,160.02264862060548,155.1026998901367,0.029339490704907514,0.020972789660913316,0.08564250081928404,56551300.0,36.42831822299606,-1.022906969519655,-0.037026427673936824,0
2022-04-21,148.29600524902344,148.29600524902344,156.73800659179688,147.58949279785156,154.71400451660156,63970000,AMZN,-0.037026427673936824,-0.046579326995002224,-0.09248016664694825,152.9802001953125,159.26704864501954,154.8403500366211,0.029607915833951795,0.02227653118440047,0.07278215663256749,56959200.0,34.59753279676795,-1.273537692331776,-0.026608937569704394,0
2022-04-22,144.35000610351562,144.35000610351562,149.61500549316406,143.69749450683594,148.25,73078000,AMZN,-0.026608937569704394,-0.048491602040868664,-0.11793191454604757,151.50890197753907,158.30207366943358,154.50356018066407,0.029875794548673708,0.02275311012334519,0.14237924026887594,57773200.0,31.206462507449075,-1.616181492718389,0.011943186356370372,1
2022-04-25,146.07400512695312,146.07400512695312,146.22149658203125,142.30650329589844,144.0229949951172,61874000,AMZN,0.011943186356370372,-0.04392445838465875,-0.113486049482729,150.1667022705078,157.36709899902343,154.24497039794923,0.030618089919370678,0.022931873534391634,-0.15331563534853165,58415300.0,26.821445494469486,-1.633005711796471,-0.0457507730510871,0
2022-04-26,139.39100646972656,139.39100646972656,144.8560028076172,138.92950439453125,144.8000030517578,77530000,AMZN,-0.0457507730510871,-0.11842284938503267,-0.17515474772326511,146.42180480957032,155.88712463378906,153.9669204711914,0.022041105714645754,0.02334409635863198,0.2530303520056889,59299100.0,25.549692824277088,-1.9775235774800417,-0.008781047317448887,0
2022-04-27,138.16700744628906,138.16700744628906,141.94850158691406,135.7834930419922,140.19149780273438,71336000,AMZN,-0.008781047317448887,-0.10279999441164367,-0.1839647671262703,143.25560607910157,154.3297248840332,153.6269204711914,0.02310391757044963,0.023195005283207917,-0.07989165484328642,59558200.0,27.79538951374714,-2.156485496912273,0.04653418536434306,1
2022-04-28,144.59649658203125,144.59649658203125,145.9375,140.3000030517578,142.17799377441406,117316000,AMZN,0.04653418536434306,-0.024946785726155274,-0.1305133400289319,142.5157043457031,153.24449996948243,153.38864044189452,0.035649754130459524,0.026290015439839495,0.6445553437254683,62615600.0,37.27517046895046,-1.7289558760139965,-0.14049437774923412,0
2022-04-29,124.28150177001952,124.28150177001952,130.76100158691406,121.625,129.8489990234375,272662000,AMZN,-0.14049437774923412,-0.1390266954273952,-0.2375250931362105,138.50200347900392,151.3087001800537,152.71226058959962,0.07156791165685077,0.03983285427074953,1.324167206519145,73250400.0,28.071082666080073,-2.6465307618983376,0.0017580913238786078,1
2022-05-02,124.5,124.5,124.66799926757812,118.375,122.4010009765625,148788000,AMZN,0.0017580913238786078,-0.1476922954786043,-0.23881143397914817,134.18720245361328,149.35570030212403,152.1092106628418,0.07030516118841384,0.0397985733146098,-0.454313399006829,77835300.0,29.73693892995368,-3.042658766989965,-0.0019799044812061073,0
2022-05-03,124.25350189208984,124.25350189208984,126.22049713134766,122.8249969482422,124.05349731445312,79134000,AMZN,-0.0019799044812061073,-0.10859742648407045,-0.26191810097132573,131.15970153808593,147.15105056762695,151.5422506713867,0.07047684058376921,0.038659197019589815,-0.4681425921445278,79297900.0,29.77682352622388,-3.1139284298795182,0.01348046853293483,1
2022-05-04,125.92849731445312,125.92849731445312,126.0,119.18299865722656,123.5999984741211,110746000,AMZN,0.01348046853293483,-0.08857765944300067,-0.2324007013713797,128.71199951171874,145.24472579956054,151.05687072753906,0.07209418650324835,0.03904665082904277,0.3994743093992468,82148800.0,26.319265189917147,-2.84812460301508,-0.07561036490424522,0
2022-05-05,116.40699768066406,116.40699768066406,123.4990005493164,115.07250213623048,123.0,144392000,AMZN,-0.07561036490424522,-0.19495284856625117,-0.2667552716283843,123.07409973144532,143.12727584838868,150.48847076416016,0.06598299851862305,0.04134354017018874,0.3038123273075326,85415600.0,24.124948046062187,-3.093026224138736,-0.014041240035030156,0
2022-05-06,114.77249908447266,114.77249908447266,119.05049896240234,113.0814971923828,114.8499984741211,124260000,AMZN,-0.014041240035030156,-0.07651181028648246,-0.2725996596897752,121.17229919433593,140.9766757965088,149.75676071166993,0.035127058988735,0.04129658190437525,-0.13942600698099616,88221800.0,22.3615566317453,-3.1348103652259702,-0.05213354825727923,0
2022-05-09,108.78900146484376,108.78900146484376,114.0,107.95700073242188,111.3125,128124000,AMZN,-0.05213354825727923,-0.12619275931852403,-0.29568397752264874,118.03009948730468,138.6931011199951,148.8567707824707,0.03681989535720955,0.042115630937104895,0.03109608884596815,92327900.0,14.472653163320516,-3.3174921018368506,0.0006434445934941913,1
2022-05-10,108.85900115966795,108.85900115966795,112.64250183105467,107.1709976196289,111.25,105434000,AMZN,0.0006434445934941913,-0.12389591036067149,-0.27966142938596816,114.95119934082031,136.57995147705077,147.9626907348633,0.03726475937844096,0.04226677779888724,-0.17709406512441073,94994000.0,15.475788536353505,-3.185027951086898,-0.03203225709010693,0
2022-05-11,105.37200164794922,105.37200164794922,110.15599822998048,104.42849731445312,108.10350036621094,109704000,AMZN,-0.03203225709010693,-0.1632394263799778,-0.30118877637241814,110.83990020751953,134.30917625427247,147.04729080200195,0.03025155199746147,0.042304068671298864,0.04049926968530082,97720300.0,16.018535821800768,-3.0817205097959146,0.014790404884573505,1
2022-05-12,106.93049621582033,106.93049621582033,110.78050231933594,102.40550231933594,102.75,132026000,AMZN,0.014790404884573505,-0.08140834875614911,-0.3125253408165076,108.94459991455078,131.87865104675294,146.14485061645507,0.026410312736943713,0.04145360302639127,0.20347480492962888,101652100.0,19.21241946009357,-2.6730879665393434,0.05727556035084902,1
2022-05-13,113.05500030517578,113.05500030517578,113.18399810791016,107.8000030517578,109.06900024414062,93684000,AMZN,0.05727556035084902,-0.01496437555161012,-0.2547781248827603,108.60110015869141,129.9460762023926,145.44798065185546,0.04247758956091999,0.044654843210487044,-0.29041249450865736,103756400.0,24.667396932998457,-1.7970201888355302,-0.01985316173972207,0
2022-05-16,110.8105010986328,110.8105010986328,113.99250030517578,110.35399627685548,113.0999984741211,74566000,AMZN,-0.01985316173972207,0.018581838297709652,-0.2747292048132224,109.00540008544922,127.84735107421875,144.7513705444336,0.0347604146847478,0.04440289411175144,-0.20406899790786048,105159000.0,26.47015963919064,-1.2038924487625167,0.04113327357999652,1
2022-05-17,115.36849975585938,115.36849975585938,115.8000030517578,111.27649688720705,113.2750015258789,76448000,AMZN,0.04113327357999652,0.05979752272982619,-0.27035297426033733,110.3072998046875,125.71000137329102,144.30968048095704,0.03827377923156209,0.0447920471612169,0.02523938524260383,106235100.0,32.20714466043928,-0.3823353428452716,-0.07156196640827228,0
2022-05-18,107.1125030517578,107.1125030517578,112.85299682617188,106.2490005493164,111.4394989013672,108380000,AMZN,-0.07156196640827228,0.016517683792547144,-0.30445523781081896,110.65540008544922,123.36572647094727,143.731640625,0.05150617840931403,0.04652490345181299,0.4176956885726246,108672600.0,21.556912088426117,-0.2775583454255113,0.0019278532990965047,1
2022-05-19,107.31900024414062,107.31900024414062,110.03399658203124,106.19300079345705,106.28050231933594,88142000,AMZN,0.0019278532990965047,0.0036332388052906506,-0.2763190076231177,110.73310089111328,121.31687622070312,143.09244049072265,0.05117493735034062,0.04645401684265603,-0.18673186934858832,109881200.0,31.475706887263172,-0.08684861485582296,0.0025345295167618076,1
2022-05-20,107.59100341796876,107.59100341796876,109.89800262451172,105.0094985961914,109.56849670410156,99500000,AMZN,0.0025345295167618076,-0.04833043096243195,-0.25465189560980284,109.64030151367187,119.47892608642579,142.3079104614258,0.04122336995738659,0.046526676671437374,0.12886024823580122,111202300.0,31.555692704286713,0.1521031531120247,-0.00031605069518414464,0
2022-05-23,107.55699920654295,107.55699920654295,108.81900024414062,103.9499969482422,108.46099853515624,107798000,AMZN,-0.00031605069518414464,-0.02936095279628681,-0.26368145302057666,108.9896011352539,117.55307579040527,141.54856033325194,0.04088138048368946,0.046253637540218974,0.08339698492462322,113498500.0,31.70265862950953,0.3888904987004267,-0.03214110432537587,0
2022-05-24,104.0999984741211,104.0999984741211,105.4000015258789,101.26000213623048,104.0250015258789,102934000,AMZN,-0.03214110432537587,-0.097673986448506,-0.2531799496208538,106.73590087890625,115.788525390625,140.79350036621094,0.032334567915309635,0.04586231029311129,-0.04512143082431952,114768700.0,26.977796982359422,0.3925744410079872,0.025696475417555487,1
2022-05-25,106.7750015258789,106.7750015258789,108.1750030517578,103.6500015258789,103.65550231933594,93120000,AMZN,0.025696475417555487,-0.0031509069087463093,-0.2272033425390172,106.66840057373047,114.21892509460449,139.98167037963867,0.020630943681588312,0.04668733245365465,-0.09534264674451587,115857900.0,38.12652934470267,0.6403959672259987,0.04029499229486544,1
2022-05-26,111.07749938964844,111.07749938964844,112.66549682617188,107.45349884033205,107.97000122070312,93002000,AMZN,0.04029499229486544,0.03502174952205639,-0.2318105762221362,107.42010040283203,112.54297523498535,139.14114028930663,0.0276738924459596,0.046296812774764357,-0.001267182130584188,114642200.0,45.72624856802135,1.1306503122279885,0.036632083603781895,1
2022-05-27,115.14649963378906,115.14649963378906,115.18699645996094,112.62799835205078,113.5500030517578,93660000,AMZN,0.036632083603781895,0.07022423786186627,-0.073502508467709,108.93119964599609,112.08622512817382,138.2992903137207,0.03030837608465668,0.03628920894284233,0.007075116664157832,105692100.0,57.694027929665765,1.7296786551073442,0.04397010379074828,1
2022-05-31,120.20950317382812,120.20950317382812,121.99449920654295,115.6750030517578,116.27999877929688,144634000,AMZN,0.04397010379074828,0.11763533810559768,-0.034461821896962896,111.46170043945312,111.87170028686523,137.47847030639647,0.03151368012714809,0.03778782174153768,0.5442451420029895,105484400.0,62.25557559892164,2.4249750576109097,0.012266042992872705,1
2022-06-01,121.68399810791016,121.68399810791016,125.1790008544922,120.62249755859376,122.25599670410156,127528000,AMZN,0.012266042992872705,0.16891450424142307,-0.020679528102243938,114.97850036621094,111.74322509765625,136.68232025146483,0.012869051092461333,0.03790374832798975,-0.1182709459739757,107904100.0,68.41291018654681,2.9096245840225166,0.03145034300738625,1
2022-06-02,125.51100158691406,125.51100158691406,125.61000061035156,120.04499816894533,121.68399810791016,100560000,AMZN,0.03145034300738625,0.1754717845308964,-0.0033153395493678017,118.72570037841797,111.7223503112793,135.89476013183594,0.012440062949395848,0.03845783928036384,-0.21146728561570793,107394800.0,69.95178900414403,3.3803385768524388,-0.025185068024527135,0
2022-06-03,122.3499984741211,122.3499984741211,124.4000015258789,121.04650115966795,124.1999969482422,97604000,AMZN,-0.025185068024527135,0.10148319098299008,0.0510536386288416,120.9802001953125,112.01950035095214,135.0736000061035,0.02776534141924879,0.03466853249252594,-0.029395385839299903,105055400.0,60.6594000776938,3.363979711067624,0.01994280728922404,1
2022-06-06,124.79000091552734,124.79000091552734,128.99000549316406,123.80999755859376,125.25,135269000,AMZN,0.01994280728922404,0.08374984313381995,0.0872813776031991,122.90890045166016,112.52037544250489,134.29640991210937,0.026198964418521112,0.03461864008090656,0.38589606983320346,105605850.0,65.9599694444517,3.392966471722727,-0.014344105316090427,0
2022-06-07,123.0,123.0,124.0999984741211,120.62999725341795,122.01000213623048,85156700,AMZN,-0.014344105316090427,0.023213612505632808,0.13062900057731164,123.46699981689453,113.23092536926269,133.46093994140625,0.02377438161515989,0.03230344143588387,-0.3704640383236366,103457485.0,59.30046686618721,3.1711732695516934,-0.014796745486375773,0
2022-06-08,121.18000030517578,121.18000030517578,123.75,120.75,122.61000061035156,64926600,AMZN,-0.014796745486375773,-0.004141857685243222,0.11318309936939541,123.36620025634765,113.84697532653809,132.5047300720215,0.0247189405988331,0.03263747460463,-0.2375632216842597,101432115.0,70.33373996659446,2.7946806138943936,-0.04150848957443054,0
2022-06-09,116.1500015258789,116.1500015258789,121.3000030517578,116.0999984741211,119.98999786376952,67029800,AMZN,-0.04150848957443054,-0.07458310381303779,0.10228523430673064,121.49400024414062,114.38587532043456,131.44143005371095,0.022515261108628223,0.03327936739568765,0.03239350281702724,99298405.0,61.20258487613248,2.1297374200997816,-0.05596211721574329,0
2022-06-10,109.6500015258789,109.6500015258789,114.5,109.0500030517578,113.41999816894533,87266000,AMZN,-0.05596211721574329,-0.10380054848082754,0.025432457589738888,118.9540008544922,114.5218505859375,130.3084101867676,0.029161128559228974,0.03588806679840066,0.30189855855156966,97060405.0,52.2555457807837,1.220190292105129,-0.05453719355874531,0
2022-06-13,103.66999816894533,103.66999816894533,106.54000091552734,101.86000061035156,104.19000244140624,99277700,AMZN,-0.05453719355874531,-0.16924435124316195,-0.08301271160848245,114.73000030517578,114.05260047912597,129.12186019897462,0.020559359321229285,0.0355102817127749,0.13764467261018032,97340090.0,46.23272391163696,0.2354140307831014,-0.013118555361940287,0
2022-06-14,102.30999755859376,102.30999755859376,104.87999725341795,101.43000030517578,104.19000244140624,69728800,AMZN,-0.013118555361940287,-0.16821140196265227,-0.0767120756224422,110.59199981689453,113.62757530212403,127.89686019897461,0.020890155900387754,0.03538091933319925,-0.29763884538018104,97098230.0,48.191626444018894,-0.45058956907133974,0.052389802934770247,1
2022-06-15,107.66999816894533,107.66999816894533,109.05999755859376,103.52999877929688,103.86000061035156,85011100,AMZN,0.052389802934770247,-0.11148706141448506,-0.0667296671379577,107.88999938964844,113.24265022277832,126.6833302307129,0.04528769322687021,0.036206214422841033,0.21916768967772282,97526385.0,50.85765421420996,-0.4834850471047272,-0.037243378610853695,0
2022-06-16,103.66000366210938,103.66000366210938,104.58000183105467,102.01000213623048,104.47000122070312,82186300,AMZN,-0.037243378610853695,-0.10753334222717759,-0.032232459248759615,105.39199981689453,113.0700252532959,125.47543045043945,0.044879590304043954,0.03348795276562911,-0.03322860191198562,96216700.0,42.85191643215325,-0.7021698100123825,0.02469609751257895,1
2022-06-17,106.22000122070312,106.22000122070312,106.9800033569336,102.51000213623048,102.8000030517578,99772100,AMZN,0.02469609751257895,-0.03128135209707461,-0.010240488831776084,104.70599975585938,113.01507530212402,124.42471054077149,0.04396971909771334,0.0339797745611748,0.21397483522192862,96798205.0,41.140040509976195,-0.6049579487639138,0.023159471438541024,1
2022-06-21,108.68000030517578,108.68000030517578,111.62999725341795,103.55999755859376,108.1999969482422,70901200,AMZN,0.023159471438541024,0.048326441831955336,0.010121635198218959,105.70800018310547,113.06952514648438,123.4426205444336,0.035186801754127986,0.03437031951349062,-0.2893684707448274,95368265.0,37.9329079600111,-0.31984705729871843,0.0024843268523027096,1
2022-06-22,108.9499969482422,108.9499969482422,112.12999725341795,107.0199966430664,107.43000030517578,60040100,AMZN,0.0024843268523027096,0.0649007872944738,0.012951251447841594,107.03600006103515,113.13917503356933,122.53241058349609,0.033265971001550036,0.03437009162705705,-0.15318640587183296,92980370.0,36.327520032321075,-0.07094252138037005,0.032033093996523876,1
2022-06-23,112.44000244140624,112.44000244140624,113.0,107.93000030517578,110.38999938964844,64345300,AMZN,0.032033093996523876,0.04430207442723533,0.08011531305985975,107.99000091552735,113.5561752319336,121.75877075195312,0.02809929816604979,0.03408731762801055,0.07170541021750454,91050935.0,35.86338349624313,0.3478757198886715,0.03575237064906056,1
2022-06-24,116.45999908447266,116.45999908447266,116.70999908447266,111.43000030517578,112.37999725341795,69867600,AMZN,0.03575237064906056,0.12348056116307116,0.090704728824063,110.55,114.04042510986328,121.07222061157226,0.012904080666099951,0.03448951991126564,0.08582289615558558,89888315.0,43.746018424608486,0.8842673535215413,-0.027820692849391482,0
2022-06-27,113.22000122070312,113.22000122070312,117.9800033569336,112.6999969482422,117.08999633789062,62133200,AMZN,-0.027820692849391482,0.06590095951378738,0.019288351311718133,111.95,114.14755020141601,120.22580062866211,0.026267747201114723,0.03417403136701786,-0.11070081124870468,88344875.0,37.92023210951281,1.0009018630098274,-0.05140434227234392,0
2022-06-28,107.4000015258789,107.4000015258789,114.8499984741211,107.04000091552734,113.5,74942900,AMZN,-0.05140434227234392,-0.011777684723064175,-0.06727515063460077,111.69400024414062,113.76022529602051,119.33967071533203,0.03778518583825873,0.03507045554255643,0.20616514198528324,87409020.0,34.976886251320124,0.6813956181037484,0.014152668728781848,1
2022-06-29,108.91999816894533,108.91999816894533,110.98999786376952,106.91000366210938,107.37999725341795,66375300,AMZN,0.014152668728781848,-0.000275344471199257,-0.09391524552395569,111.68800048828125,113.19575004577636,118.46237060546875,0.03846938498602288,0.03357552392372932,-0.11432170359033345,83496085.0,38.124752898158214,0.5721422233793638,-0.024880638358708018,0
2022-06-30,106.20999908447266,106.20999908447266,108.18000030517578,102.5199966430664,108.11000061035156,97679400,AMZN,-0.024880638358708018,-0.05540735700517352,-0.12716543887483922,110.44199981689454,112.42205009460449,117.42426071166992,0.0350942723672928,0.03363364191250095,0.47162272712891684,82003655.0,39.918859125129536,0.3291460122086205,0.03154127203651269,1
2022-07-01,109.55999755859376,109.55999755859376,109.75,105.8499984741211,106.29000091552734,73021200,AMZN,0.03154127203651269,-0.059247823974943326,-0.12708849285434565,109.06199951171875,111.62449989318847,116.53550064086915,0.03372019902921698,0.03363901017263829,-0.25244012555359674,80626715.0,49.902487547055536,0.40104535422896914,0.035962053023039564,1
2022-07-05,113.5,113.5,114.08000183105467,106.31999969482422,107.5999984741211,76583700,AMZN,0.035962053023039564,0.0024730504882353177,-0.0723334579852325,109.11799926757813,111.18199996948242,115.83958053588867,0.03789492757804734,0.034591073898845415,0.04878720152503657,79575700.0,61.142603826217844,0.7032846574819924,0.007312791463036872,1
2022-07-06,114.33000183105467,114.33000183105467,115.4800033569336,112.01000213623048,113.20999908447266,66958900,AMZN,0.007312791463036872,0.06452514158955514,-0.08382081102438033,110.50399932861328,110.65900001525878,115.23918045043945,0.02418410687389253,0.03426052467525214,-0.1256768737995161,76160195.0,63.790738843538854,0.9339768008873577,0.01749322109655349,1
2022-07-07,116.33000183105467,116.33000183105467,116.98999786376952,113.48999786376952,113.8499984741211,57872300,AMZN,0.01749322109655349,0.06803161757876386,-0.05422762738979936,111.98600006103516,110.32550010681152,114.64430038452149,0.024276176958975496,0.03448405508661013,-0.13570414089837202,74795975.0,60.76579647530192,1.1802691350007595,-0.006791033294013427,0
2022-07-08,115.54000091552734,115.54000091552734,116.58000183105467,113.69000244140624,114.5999984741211,45719700,AMZN,-0.006791033294013427,0.08784485370001938,-0.04654232856448959,113.8520004272461,110.0435001373291,114.1672802734375,0.01754318144536006,0.03437661553939913,-0.20998992609590428,73835630.0,66.0540536528002,1.2426869027103888,-0.03280250030721621,0
2022-07-11,111.75,111.75,114.3000030517578,110.87000274658205,114.08000183105467,53487600,AMZN,-0.03280250030721621,0.019989069826649164,-0.037882061713951476,114.29000091552734,109.82350006103516,113.63894012451172,0.02590950095826691,0.033899336455879246,0.1699026896501945,73158520.0,57.232539101898624,0.9922982856426301,-0.022639810105564928,0
2022-07-12,109.22000122070312,109.22000122070312,113.2300033569336,108.33999633789062,112.16000366210938,54280300,AMZN,-0.022639810105564928,-0.03770924034622802,-0.003921571356059639,113.43400115966797,109.80200004577637,112.93141021728516,0.020700313048210392,0.031831243110582004,0.014820257405454784,71509235.0,50.704962114972,0.637123215942595,0.010803884746268588,1
2022-07-13,110.4000015258789,110.4000015258789,111.77999877929688,106.01000213623048,107.02999877929688,61353800,AMZN,0.010803884746268588,-0.034374182123981134,0.06491756029517881,112.64800109863282,110.13850021362305,112.65378021240234,0.021372214573441493,0.029148240834976122,0.13031431292752615,69613040.0,51.849023988132295,0.4702002334870492,0.002083294604711794,1
2022-07-14,110.62999725341795,110.62999725341795,111.18000030517578,107.58000183105467,110.23999786376952,51163100,AMZN,0.002083294604711794,-0.0489985772192697,0.08132147290942182,111.50800018310547,110.55450019836425,112.3763801574707,0.017809677256451304,0.028887634246272206,-0.16609729144731056,68684755.0,47.48260677919125,0.36832163663010586,0.02639434033114041,1
2022-07-15,113.5500030517578,113.5500030517578,115.58999633789062,111.58999633789062,112.5,84317800,AMZN,0.02639434033114041,-0.017223453764938612,0.05461135862179667,111.11000061035156,110.84850044250489,112.16231018066406,0.024259307699054752,0.02714278842844237,0.6480197642441525,68650090.0,45.824969641138196,0.4833829237916967,0.0018493974357443044,1
2022-07-18,113.76000213623048,113.76000213623048,117.23999786376952,113.1500015258789,115.0,59115400,AMZN,0.0018493974357443044,0.017986596297364432,0.09743390041778421,111.51200103759766,111.35350036621094,111.91894027709961,0.01778568461094526,0.025445659794780404,-0.2988977416393691,67496545.0,50.84852438828777,0.5543381997585375,0.03911741266419089,1
2022-07-19,118.20999908447266,118.20999908447266,118.9499969482422,114.02999877929688,115.6999969482422,60990000,AMZN,0.03911741266419089,0.08231091158480441,0.11287890911295317,113.31000061035157,111.95300025939942,111.95500030517579,0.01630458985524297,0.02622645159054784,0.03171085706939314,65557440.0,67.75040827913415,0.8632523989390203,0.03857539627705431,1
2022-07-20,122.7699966430664,122.7699966430664,123.4800033569336,118.31999969482422,118.62000274658205,71268300,AMZN,0.03857539627705431,0.1120470556722577,0.12964663506004426,115.78399963378907,112.65750007629394,112.11495025634765,0.018634628630747586,0.026982540085260052,0.16852434825381213,65575795.0,70.67781331378409,1.3101733035178162,0.01515028639903937,1
2022-07-21,124.62999725341795,124.62999725341795,124.8499984741211,121.26000213623048,123.1999969482422,60239900,AMZN,0.01515028639903937,0.1265479557766822,0.1439192358364607,118.58399963378906,113.44150009155274,112.43177017211914,0.015932997139992328,0.027032889117183507,-0.1547448164190811,65585785.0,78.21690948742344,1.6448721575551433,-0.01773248120979176,0
2022-07-22,122.41999816894533,122.41999816894533,125.5,121.3499984741211,125.01000213623048,51463800,AMZN,-0.01773248120979176,0.07811532257858644,0.08875840902564702,120.35799865722656,113.94049987792968,112.70299011230469,0.024398036981083077,0.026906604741934837,-0.14568583281180747,64941710.0,70.41269938151046,1.62820006879041,-0.010455798059483934,0
2022-07-25,121.13999938964844,121.13999938964844,123.63999938964844,120.02999877929688,122.6999969482422,50221300,AMZN,-0.010455798059483934,0.06487339235964695,0.040185474342836036,121.83399810791016,114.17449989318848,113.01835006713867,0.026624612223121825,0.026062000411559563,-0.024143184141085627,63959395.0,63.24549299545307,1.4478089082243433,-0.052253606265046604,0
2022-07-26,114.80999755859376,114.80999755859376,118.1500015258789,114.52999877929688,115.79000091552734,67075100,AMZN,-0.052253606265046604,-0.028762385180709282,0.01404342272343917,121.15399780273438,114.25399971008301,113.17594009399414,0.03438402698743684,0.028045168344159797,0.33559067566948686,64206490.0,50.69888727246232,0.8486789615390856,0.05365389594199388,1
2022-07-27,120.97000122070312,120.97000122070312,121.9000015258789,117.16000366210938,117.30999755859376,61582000,AMZN,0.05365389594199388,-0.01466152538552612,0.1263500884732709,120.79399871826172,114.93249969482422,113.33424011230468,0.03948223800401599,0.027532707144104662,-0.08189477168129455,63538445.0,56.02597323330969,0.8136476984732832,0.010829110898360028,1
2022-07-28,122.27999877929688,122.27999877929688,122.83999633789062,118.08000183105467,121.56999969482422,82245500,AMZN,0.010829110898360028,-0.0188558013793636,0.12265883983608705,120.3239990234375,115.60049972534179,113.56363006591796,0.0390489340487944,0.027492987548185324,0.33554447728232284,64331955.0,58.63659462278195,0.8226484318723299,0.10361464095050721,1
2022-07-29,134.9499969482422,134.9499969482422,137.64999389648438,132.41000366210938,134.89999389648438,148892900,AMZN,0.10361464095050721,0.10235254833123641,0.27059597129750057,122.82999877929687,117.03749961853028,113.95526000976562,0.05989664164309493,0.03408165281406049,0.8103470706604008,66892630.0,74.21711889815604,1.5818694520352032,0.0032604850044939404,1
2022-08-01,135.38999938964844,135.38999938964844,138.8300018310547,133.50999450683594,134.9600067138672,76846900,AMZN,0.0032604850044939404,0.11763249192502201,0.2357612486915266,125.67999877929688,118.32899971008301,114.52080993652343,0.05838642071164981,0.03383960200321035,-0.48387800895811683,67083915.0,78.56363191841731,1.9874192370372126,-0.009084834427092181,0
2022-08-02,134.16000366210938,134.16000366210938,137.44000244140625,134.08999633789062,134.72000122070312,61922400,AMZN,-0.009084834427092181,0.1685393825885264,0.18202646398334243,129.55,119.36199989318848,115.05763000488281,0.04625647067782782,0.03360100129022807,-0.19421082698196024,66350850.0,75.90493433579093,2.038930041545129,0.039952299225118226,1
2022-08-03,139.52000427246094,139.52000427246094,140.49000549316406,136.0500030517578,136.2100067138672,71827800,AMZN,0.039952299225118226,0.15334382792899492,0.2203271410651204,133.26000061035157,120.62150001525879,115.69621002197266,0.04507744599087038,0.034304168511938134,0.15996473004922285,66594295.0,78.329092203758,2.2817468273176242,0.021860686341448332,1
2022-08-04,142.57000732421875,142.57000732421875,143.55999755859375,139.5500030517578,140.5800018310547,70585000,AMZN,0.021860686341448332,0.16593072250142327,0.2255652461114226,137.31800231933593,121.93350028991699,116.39647018432618,0.04418312292937238,0.03436453607222633,-0.017302492906646205,67229930.0,78.38420094322731,2.4791224286047546,-0.012414983387324718,0
2022-08-05,140.8000030517578,140.8000030517578,142.86000061035156,139.60000610351562,140.10000610351562,50686900,AMZN,-0.012414983387324718,0.04334943487074927,0.21862560096999095,138.48800354003907,123.19650039672851,117.1304702758789,0.02203202197553043,0.034538360957631124,-0.28190267053906637,67478290.0,75.66438948261614,2.3244175921259407,-0.009872154542052702,0
2022-08-08,139.41000366210938,139.41000366210938,144.22999572753906,138.2899932861328,142.0500030517578,52229000,AMZN,-0.009872154542052702,0.029692032576878136,0.24751681129404357,139.29200439453126,124.57950057983399,117.78317031860351,0.02357366235875599,0.03338707995615933,0.030424034612493545,67415360.0,71.36235731979787,1.9760986473394393,-0.011333489631663474,0
2022-08-09,137.8300018310547,137.8300018310547,138.9499969482422,136.2100067138672,138.0500030517578,40434700,AMZN,-0.011333489631663474,0.02735538214644384,0.26194836376662134,140.0260040283203,126.01000061035157,118.31822036743164,0.023953878839088744,0.03286787903140632,-0.22581898945030543,66723080.0,66.14494309771368,1.508056144578596,0.0352608325167747,1
2022-08-10,142.69000244140625,142.69000244140625,144.60000610351562,141.00999450683594,142.89999389648438,54773800,AMZN,0.0352608325167747,0.02272074306100791,0.2924818883082916,140.66000366210938,127.62450065612794,118.86909042358398,0.022309172854364068,0.03326575854006326,0.3546236277256911,66394080.0,68.19097767357296,1.3970575422971985,-0.014366830308238487,0
2022-08-11,140.63999938964844,140.63999938964844,144.49000549316406,139.75999450683594,143.86000061035156,44867300,AMZN,-0.014366830308238487,-0.01353726475009065,0.2712646016567022,140.2740020751953,129.12500076293946,119.27770034790039,0.021197747282140047,0.033760573303498846,-0.1808620179720961,66079290.0,68.41147653113649,1.0715014024726823,0.020691152408548463,1
2022-08-12,143.5500030517578,143.5500030517578,143.57000732421875,140.1199951171875,142.0500030517578,47643500,AMZN,0.020691152408548463,0.019531249576671517,0.26420078550174564,140.82400207519532,130.62500076293946,119.71502044677734,0.022476089763493478,0.03366187060295945,0.06187579818709832,64245575.0,71.92329945610541,0.9426248181522663,-0.0025775713556979163,0
2022-08-15,143.17999267578125,143.17999267578125,143.75999450683594,141.49000549316406,142.8000030517578,39014600,AMZN,-0.0025775713556979163,0.027042456887163224,0.2586145392676733,141.5779998779297,132.096000289917,120.06840026855468,0.021562564090078336,0.03374875411897846,-0.1811138980133702,63240535.0,81.41747483568506,0.7323078265804019,0.0111747882760318,1
2022-08-16,144.77999877929688,144.77999877929688,146.57000732421875,142.0,143.91000366210938,59102900,AMZN,0.0111747882760318,0.0504244130879512,0.2247694772067239,142.96799926757814,133.42450027465821,120.5170002746582,0.019401814318250582,0.0331441149675437,0.5148918609956272,63146180.0,79.32986179508501,0.6060235014728441,-0.01851079360669594,0
2022-08-17,142.10000610351562,142.10000610351562,143.3800048828125,140.77999877929688,142.69000244140625,48149800,AMZN,-0.01851079360669594,-0.0041348120246399445,0.15744896952834542,142.85,134.39100074768066,120.86320037841797,0.01662920847830975,0.03307488846272655,-0.18532254762456668,61990255.0,73.61772753257219,0.26450848333593857,0.0014074379989574837,1
2022-08-18,142.3000030517578,142.3000030517578,142.77000427246094,140.3800048828125,141.32000732421875,37458700,AMZN,0.0014074379989574837,0.011803211528110591,0.1417797174656943,143.18200073242187,135.27450103759764,121.24920043945312,0.014786640971628339,0.03305782308708992,-0.22203830545505898,60851195.0,62.46185305418755,-0.010814840616598431,-0.02860159688639219,0
2022-08-19,138.22999572753906,138.22999572753906,141.11000061035156,137.91000366210938,140.47000122070312,47792800,AMZN,-0.02860159688639219,-0.03706030798411475,0.12914554643903187,142.1179992675781,136.06500091552735,121.59020034790039,0.015959359834805228,0.033573812886494574,0.27587983565900576,60667645.0,54.2874307665232,-0.5026946373592827,-0.036243902638259384,0
2022-08-22,133.22000122070312,133.22000122070312,136.32000732421875,132.85000610351562,135.72000122070312,50461500,AMZN,-0.036243902638259384,-0.06956273197772589,0.09971934862075726,140.1260009765625,136.66900100708008,121.93160034179688,0.019996151940500948,0.03473877580593801,0.05583895482164669,60679655.0,48.72628479745935,-1.163364727362671,0.003002506326521548,1
2022-08-23,133.6199951171875,133.6199951171875,134.99000549316406,132.9499969482422,133.41000366210938,36252100,AMZN,0.003002506326521548,-0.07708249589863392,0.1638358850151005,137.8940002441406,137.60950088500977,122.41100021362304,0.017598380826507488,0.032008720277445384,-0.2815889341379071,59138505.0,40.76392315957082,-1.547291520628229,0.001347163157822573,1
2022-08-24,133.8000030517578,133.8000030517578,135.47000122070312,132.10000610351562,132.75,38627000,AMZN,0.001347163157822573,-0.05840958969214616,0.10605936762492929,136.23399963378907,138.2510009765625,123.01360031127929,0.01901443519166663,0.030173784838619128,0.06551068765671508,57990755.0,34.915725043868335,-1.7481472997968304,0.026008936084948253,1
2022-08-25,137.27999877929688,137.27999877929688,137.4199981689453,134.27999877929688,135.25999450683594,37496300,AMZN,0.026008936084948253,-0.03527761183979061,0.12266928483597295,135.22999877929686,139.0010009765625,123.71300033569337,0.025402250397608437,0.030504790547767703,-0.02927227069148519,55753295.0,44.28199696708158,-1.6091466292777712,-0.04756700784791723,0
2022-08-26,130.75,130.75,137.8300018310547,130.5,136.5500030517578,53322700,AMZN,-0.04756700784791723,-0.05411268146374437,-0.031122616103896772,133.73399963378907,138.7910011291504,124.17460037231446,0.030381349471984686,0.02288124546441578,0.42207897845920805,50974785.0,37.94543370712822,-1.899564058633267,-0.007342307563037775,0
2022-08-29,129.7899932861328,129.7899932861328,131.9499969482422,128.77000427246094,129.89999389648438,48101600,AMZN,-0.007342307563037775,-0.02574694417610668,-0.04136203655189463,133.047998046875,138.5110008239746,124.69720016479492,0.026848076720193965,0.022892107952132923,-0.09791514683239966,49537520.0,38.61189182086105,-2.084114900409617,-0.008167020675137082,0
2022-08-30,128.72999572753906,128.72999572753906,132.07000732421875,126.8499984741211,131.25,49203000,AMZN,-0.008167020675137082,-0.036596314685985454,-0.04047411886068619,132.06999816894532,138.2395004272461,125.14740005493164,0.02648736719399603,0.02287777888678107,0.022897367239343325,48901550.0,27.84126991815964,-2.1942672186687795,-0.015225659516225343,0
2022-08-31,126.7699966430664,126.7699966430664,130.58999633789062,126.73999786376952,129.4499969482422,53648700,AMZN,-0.015225659516225343,-0.052541152827716986,-0.09138479959114498,130.66399688720702,137.60200004577638,125.50919998168945,0.02619447743275148,0.02080943062140756,0.09035424669227488,47992595.0,27.921047818385006,-2.3044484331529667,0.008282741023605045,1
2022-09-01,127.81999969482422,127.81999969482422,128.02000427246094,123.66000366210938,126.0,56636100,AMZN,0.008282741023605045,-0.06891025035395992,-0.10345799867886318,128.7719970703125,136.86449966430663,125.88660003662109,0.020634408441233595,0.020111419380050496,0.05568448070503096,47295150.0,23.38409869515455,-2.211528269360585,-0.002425266463259801,0
2022-09-02,127.51000213623048,127.51000213623048,131.3800048828125,126.38999938964844,129.5,57429800,AMZN,-0.002425266463259801,-0.024780098384470484,-0.09438920900194836,128.1239974975586,136.19999961853028,126.18800003051757,0.008705429318825047,0.020048119378372774,0.01401402992084555,47632295.0,23.431685868647648,-2.077930666392456,-0.010979542799969266,0
2022-09-06,126.11000061035156,126.11000061035156,128.6199951171875,124.73999786376952,127.91999816894533,43888600,AMZN,-0.010979542799969266,-0.028353439141247216,-0.0954020708872032,127.38799896240235,135.53499946594238,126.38100006103515,0.009095862179776265,0.020064524486930618,-0.23578699560158667,47215275.0,18.129050104998626,-1.9906661221423703,0.026722663554652915,1
2022-09-07,129.47999572753906,129.47999572753906,129.82000732421875,125.4000015258789,126.12000274658205,47900300,AMZN,0.026722663554652915,0.0058261479444727815,-0.060581919702436426,127.53799896240234,135.1174991607666,126.70619995117187,0.016828766816449382,0.021186298420565366,0.0914064244473507,47588555.0,28.952614785758527,-1.6280696201423202,0.0026259778181887405,1
2022-09-08,129.82000732421875,129.82000732421875,130.27999877929688,127.0999984741211,127.72000122070312,43988500,AMZN,0.0026259778181887405,0.024059404921654703,-0.09019549300570229,128.14800109863282,134.47399940490723,127.15460006713867,0.01413017351432081,0.019261366503098634,-0.08166545929774971,47049290.0,29.28288275509196,-1.3015640585840575,0.02657523304266962,1
2022-09-09,133.27000427246094,133.27000427246094,133.69000244140625,130.75999450683594,130.91000366210938,49387600,AMZN,0.02657523304266962,0.04263812072170903,-0.052403264712542086,129.23800201416014,134.10549964904786,127.64160018920899,0.01726338332612098,0.020308870665705,0.12273889766643564,47275305.0,41.593234821901476,-0.8133570329460285,0.023861278411006825,1
2022-09-12,136.4499969482422,136.4499969482422,136.49000549316406,134.0,134.10000610351562,53826900,AMZN,0.023861278411006825,0.07011210620528652,-0.049460159892547484,131.0260009765625,133.75049934387206,128.24640014648438,0.0171048830126651,0.020510685975699414,0.08988693518211055,47584475.0,55.83663885305956,-0.2647685179945132,-0.0705752837581286,0
2022-09-13,126.81999969482422,126.81999969482422,131.39999389648438,126.2699966430664,131.00999450683594,72694000,AMZN,-0.0705752837581286,0.005629998263709357,-0.11426172522583389,131.16800079345703,132.93249969482423,128.59160018920898,0.04171482489932559,0.02556625279148708,0.3505143339111114,49268445.0,40.785914442856765,-0.5239921415780273,0.01364140798846103,1
2022-09-14,128.5500030517578,128.5500030517578,128.83999633789062,126.33000183105467,127.36000061035156,45316800,AMZN,0.01364140798846103,-0.0071825201302772035,-0.11210109037423133,130.98200225830078,132.12099990844726,128.89260025024413,0.04014492664380629,0.025657885870313087,-0.37660879852532536,48579140.0,43.17295134370613,-0.5497848489753381,-0.0176585314552421,0
2022-09-15,126.27999877929688,126.27999877929688,130.3699951171875,125.5,127.37999725341795,52887200,AMZN,-0.0176585314552421,-0.027268589933760246,-0.11133009602191257,130.2740005493164,131.32999954223632,129.131600189209,0.040735993240565045,0.02563602749224608,0.16705504360413803,48816010.0,35.23093665759636,-0.6819335553531937,-0.021777003694830932,0
2022-09-16,123.52999877929688,123.52999877929688,123.87000274658205,120.6999969482422,122.77999877929688,115667800,AMZN,-0.021777003694830932,-0.07308475411504689,-0.13190445446184462,128.32599945068358,130.3914993286133,129.27560012817383,0.036982749573129504,0.025827591816776522,1.1870660575715863,52726465.0,39.21099854754233,-0.9028946293406507,0.009147615105472573,1
2022-09-19,124.66000366210938,124.66000366210938,124.70999908447266,121.8000030517578,122.16000366210938,47279700,AMZN,0.009147615105472573,-0.08640522938673978,-0.09816966277114758,125.96800079345704,129.7129997253418,129.45800018310547,0.033597510479324126,0.025522241787205056,-0.5912457918279763,52700810.0,42.37289788999517,-0.9182677034257382,-0.019813903001303257,0
2022-09-20,122.19000244140624,122.19000244140624,124.4000015258789,121.13999938964844,123.3499984741211,47698400,AMZN,-0.019813903001303257,-0.03650841558555018,-0.08279536614793825,125.04200134277343,129.16149978637696,129.6668002319336,0.017194089653270652,0.02470961713608868,0.008855809152765293,52562655.0,40.667820075231376,-1.031627381540202,-0.02987152347123634,0
2022-09-21,118.54000091552734,118.54000091552734,123.76000213623048,118.4499969482422,122.48999786376952,58498900,AMZN,-0.02987152347123634,-0.07786854841380408,-0.11285731741297167,123.04000091552734,128.40750007629396,129.85320022583008,0.01479435636658365,0.025304425562579783,0.22643317176257494,53674995.0,38.79663318015004,-1.2734142384007536,-0.010376272544574183,0
2022-09-22,117.30999755859376,117.30999755859376,118.79000091552734,116.26000213623048,117.08000183105467,55229200,AMZN,-0.010376272544574183,-0.07103263626396006,-0.12324368547873066,121.24600067138672,127.58299980163574,129.99140014648438,0.014947270713387414,0.02526933624964824,-0.055893358678539284,54505105.0,35.7626674058351,-1.4256808980613127,-0.0300912015408894,0
2022-09-23,113.77999877929688,113.77999877929688,116.0500030517578,112.05999755859376,116.0,65126700,AMZN,-0.0300912015408894,-0.0789281963599765,-0.17118298520515451,119.29600067138672,126.40799980163574,130.05440017700195,0.016350487122713413,0.024605450650728673,0.17920773793572975,55886625.0,32.89309858456048,-1.6573868819974766,0.012040804722097675,1
2022-09-26,115.1500015258789,115.1500015258789,117.33999633789062,113.12999725341795,113.3000030517578,62723300,AMZN,0.012040804722097675,-0.07628751690082813,-0.11931165180972159,117.39400024414063,125.62799987792968,130.08640014648438,0.0174837580622098,0.023268257718396905,-0.03690345127267314,56356655.0,36.33417041017399,-1.6102533147966893,-0.006426381710496365,0
2022-09-27,114.41000366210938,114.41000366210938,118.31999969482422,113.0500030517578,117.1999969482422,60094700,AMZN,-0.006426381710496365,-0.06367132027047473,-0.11849904013876456,115.83800048828125,124.85900039672852,130.09940017700194,0.017705088299852,0.023266523674344224,-0.041907871556502885,56956310.0,29.890598562082715,-1.521804555021523,0.0314657666190894,1
2022-09-28,118.01000213623048,118.01000213623048,118.6999969482422,113.8000030517578,114.37999725341795,55763800,AMZN,0.0314657666190894,-0.004471054287189857,-0.08327502483568605,115.73200073242188,124.32300071716308,130.09540023803712,0.02338389687407715,0.024717011656636145,-0.07206791946710778,57284350.0,35.502081739973875,-1.1316599354193766,-0.027201076403397306,0
2022-09-29,114.8000030517578,114.8000030517578,116.06999969482422,113.05999755859376,115.5999984741211,58969700,AMZN,-0.027201076403397306,-0.021396254019886762,-0.09442292268107666,115.2300018310547,123.72450103759766,129.93600036621095,0.026172729577034287,0.025143546030365307,0.05749070185317362,57550400.0,27.191900821276235,-1.0048890742300824,-0.015679468675155572,0
2022-09-30,113.0,113.0,116.91999816894533,112.83999633789062,114.08000183105467,59479600,AMZN,-0.015679468675155572,-0.0068553242016627935,-0.11594429455646693,115.07400207519531,122.98350105285644,129.7034004211426,0.02321308521042622,0.02506606598707411,0.008646813533051745,57692575.0,20.02047119246356,-0.9575683221704621,0.02548670135768094,1
2022-10-03,115.87999725341795,115.87999725341795,116.91000366210938,112.4499969482422,113.58000183105467,50941900,AMZN,0.02548670135768094,0.006339519911990443,-0.09120856942961342,115.22000122070312,122.40200080871583,129.57260040283202,0.02576343451647917,0.02602486539977001,-0.1435399700065233,57368180.0,33.096419844715,-0.661676813281078,0.04496029692750958,1
2022-10-04,121.08999633789062,121.08999633789062,123.0,119.79000091552734,119.88999938964844,62812600,AMZN,0.04496029692750958,0.058386438789998385,-0.03980655180528858,116.55599975585938,122.15100059509277,129.57160034179688,0.03142402908110489,0.02820059913900282,0.2330242884541016,58314380.0,39.59262792962057,-0.07529372261038958,-0.001156159830559167,0
2022-10-05,120.9499969482422,120.9499969482422,121.75,117.69000244140624,118.58000183105467,48217500,AMZN,-0.001156159830559167,0.024913098540730427,-0.06587889296232508,117.14399871826171,121.72450065612793,129.69440032958985,0.029658812044887205,0.02740220470532921,-0.23235943106956247,58330240.0,42.09433288415501,0.3211718987763166,-0.005374071210291542,0
2022-10-06,120.3000030517578,120.3000030517578,121.52999877929688,119.5,120.7699966430664,42253800,AMZN,-0.005374071210291542,0.04790940639191721,-0.07333233504359027,118.24399871826172,121.24850044250488,129.68100036621092,0.02490831154513085,0.027373501205513507,-0.12368331000155541,58243505.0,44.890864180367466,0.5445388730173049,-0.04771409266460669,0
2022-10-07,114.55999755859376,114.55999755859376,118.16999816894533,113.87999725341795,118.0,54678000,AMZN,-0.04771409266460669,0.013805288129148385,-0.14039173192803323,118.55599822998047,120.31300010681153,129.52660034179686,0.03509040787356234,0.028116334376476638,0.29403745935276837,58508025.0,36.057418880286356,0.321627939673899,-0.007768849586377025,0
2022-10-10,113.66999816894533,113.66999816894533,116.25,112.43000030517578,115.0999984741211,42339700,AMZN,-0.007768849586377025,-0.019071445778856777,-0.16694759464111752,118.11399841308594,119.17400016784669,129.10100036621094,0.03290317306499463,0.02715292544661249,-0.2256538278649548,57933665.0,37.70207213830529,0.13946702305972591,-0.01284419027000161,0
2022-10-11,112.20999908447266,112.20999908447266,115.4800033569336,110.38999938964844,112.70999908447266,56432200,AMZN,-0.01284419027000161,-0.07333386342368975,-0.1152026545143402,116.33799896240234,118.4435001373291,128.63740036010742,0.018784669663290184,0.022981233355751023,0.33284364320011717,57120575.0,40.246529389276915,-0.04429731872931786,0.006149206372302096,1
2022-10-12,112.9000015258789,112.9000015258789,113.83000183105467,111.4000015258789,112.48999786376952,45728700,AMZN,0.006149206372302096,-0.06655639210812136,-0.12174252162077182,114.72799987792969,117.66100006103515,128.2122003173828,0.020347000991174924,0.02270619712106918,-0.18967008197447555,57141170.0,43.0899458147948,-0.08212438876589445,-0.00327726077574253,0
2022-10-13,112.52999877929688,112.52999877929688,113.44000244140624,105.3499984741211,107.87999725341795,86868100,AMZN,-0.00327726077574253,-0.06458856255488177,-0.10888501847415488,113.1739990234375,116.97350006103515,127.67240020751953,0.020576927397776817,0.02255225767897195,0.8996407070395616,58840215.0,47.82608695652174,-0.09395772326315921,-0.05003107895219994,0
2022-10-14,106.9000015258789,106.9000015258789,114.95999908447266,106.5999984741211,114.0999984741211,67737300,AMZN,-0.05003107895219994,-0.06686449193399302,-0.13462314755729676,111.64199981689453,116.14200019836426,126.95900009155274,0.02155444729942306,0.024431754198362368,-0.220228138983125,56443690.0,37.50378465180974,-0.4243447774217426,0.06445275295885255,1
2022-10-17,113.79000091552734,113.79000091552734,114.19000244140624,110.08999633789062,110.11000061035156,62782000,AMZN,0.06445275295885255,0.0010557116962706115,-0.08719719579060137,111.66600036621094,115.59850006103515,126.41880004882813,0.04143317855810512,0.029040926525668486,-0.07315467253640162,57218805.0,49.2083723066978,-0.1371115919858581,0.022585461588422673,1
2022-10-18,116.36000061035156,116.36000061035156,119.5199966430664,114.79000091552734,119.05999755859376,65607400,AMZN,0.022585461588422673,0.036984239904990446,-0.04771259280275675,112.49600067138672,115.30699996948242,125.95779998779297,0.04152666087624265,0.02938310596048764,0.04500334490777602,58114255.0,47.83634717449263,0.24679697296080505,-0.01108629175628062,0
2022-10-19,115.06999969482422,115.06999969482422,116.58999633789062,113.22000122070312,114.70999908447266,47198100,AMZN,-0.01108629175628062,0.019220532680399582,-0.029272829373233056,112.93000030517578,115.13349990844726,125.50259994506835,0.04242189656465513,0.028739598429487142,-0.2805979203565452,57549215.0,50.372820560470814,0.42427595000749285,0.0015642678860967596,1
2022-10-20,115.25,115.25,118.23999786376952,113.51000213623048,113.83000183105467,48795100,AMZN,0.0015642678860967596,0.024171343199228312,-0.01756028984285707,113.4740005493164,115.03050003051757,124.95379989624024,0.04225409987763662,0.028660544374910904,0.033836107809424476,57227510.0,53.252385426730015,0.5559101523194117,0.03531453097461368,1
2022-10-21,119.31999969482422,119.31999969482422,119.58999633789062,114.5,114.79000091552734,55660500,AMZN,0.03531453097461368,0.1161833301371713,0.04869046383339737,115.95800018310547,115.30750007629395,124.52739990234375,0.029540544114529672,0.02883701439633044,0.14069855374822482,56754200.0,54.807158410800064,0.8988928972013457,0.004190412347291339,1
2022-10-24,119.81999969482422,119.81999969482422,120.38999938964844,116.56999969482422,119.9800033569336,49531500,AMZN,0.004190412347291339,0.052992343182888924,0.04055578034791241,117.16399993896485,115.5409999847412,124.05279983520508,0.018353777476638876,0.028757544262369174,-0.11011399466407956,56094610.0,47.956233254682054,1.126487292732142,0.006509754475742646,1
2022-10-25,120.5999984741211,120.5999984741211,121.31999969482422,118.9499969482422,119.6500015258789,50934600,AMZN,0.006509754475742646,0.036438620157521084,0.054103615189916576,118.01199951171876,115.85049972534179,123.60119995117188,0.017073827234845098,0.02869444515233847,0.028327428000363364,55636605.0,49.44812601036547,1.2851290075992825,-0.040961814879887926,0
2022-10-26,115.66000366210938,115.66000366210938,119.3499984741211,114.76000213623048,116.0,68802300,AMZN,-0.040961814879887926,0.005127348299729828,-0.0199135533563356,118.13000030517578,115.73299980163574,123.01880004882813,0.02728833281941766,0.029476185761329033,0.35079690426546994,56288530.0,43.55555640326608,1.0242705602129845,-0.04063638620803933,0
2022-10-27,110.95999908447266,110.95999908447266,114.12000274658205,109.7699966430664,113.91999816894533,129605400,AMZN,-0.04063638620803933,-0.03722343527572536,-0.033449511020952394,117.27200012207031,115.54099960327149,122.39599990844727,0.033102120694726685,0.030257225767123086,0.8837364448572214,59820315.0,44.85126062872234,0.5271332653565435,-0.06804249715805744,0
2022-10-28,103.41000366210938,103.41000366210938,103.95999908447266,97.66000366210938,97.91000366210938,223133400,AMZN,-0.06804249715805744,-0.13333888764169166,-0.08486722422912063,114.09000091552734,115.06149978637696,121.61819992065429,0.0322413158321888,0.03364581161596882,0.7216365984750635,68003005.0,37.674200251649054,-0.2751194760874536,-0.009380148789788323,0
2022-10-31,102.44000244140624,102.44000244140624,104.87000274658205,100.73999786376952,103.55999755859376,99251400,AMZN,-0.009380148789788323,-0.14505088714475045,-0.11598200837561112,110.61400146484375,114.38950004577637,120.90240005493165,0.029314693438997393,0.03293978497464741,-0.5551925440117884,70418480.0,38.12302784404573,-0.8060103431970784,-0.05515425020719411,0
2022-11-01,96.79000091552734,96.79000091552734,104.58000183105467,96.05999755859376,103.98999786376952,153370000,AMZN,-0.05515425020719411,-0.19742950132543335,-0.2006771505265914,105.852001953125,113.1745002746582,120.17380004882813,0.02187893754982661,0.032450955195206216,0.5452678753146052,74946350.0,32.523321880688115,-1.435816293648581,-0.04824876665742572,0
2022-11-02,92.12000274658205,92.12000274658205,97.73999786376952,92.01000213623048,97.31999969482422,135761800,AMZN,-0.04824876665742572,-0.20352758231183699,-0.23836291797508102,101.14400177001953,111.73300056457519,119.34380020141602,0.0219654926161476,0.03342113400547598,-0.11480863271826303,79323565.0,29.747966491221362,-2.0287907928655464,-0.030612240672440283,0
2022-11-03,89.30000305175781,89.30000305175781,93.5,89.0199966430664,92.47000122070312,136683300,AMZN,-0.030612240672440283,-0.19520544530849648,-0.25768910401991063,96.81200256347657,110.1830005645752,118.45380020141602,0.022823317482742557,0.03359455025650277,0.006787623617247274,84045040.0,31.50483331342336,-2.4449087436158576,0.01881299269611514,1
2022-11-04,90.9800033569336,90.9800033569336,92.44000244140624,88.04000091552734,91.48999786376952,129101300,AMZN,0.01881299269611514,-0.12020113978325175,-0.20583095935908835,94.32600250244141,109.00400085449219,117.52780029296875,0.030186107761513106,0.03339969192868162,-0.05547129751769231,87766205.0,23.08236938014089,-2.4356109167269455,-0.00494619214148917,0
2022-11-07,90.52999877929688,90.52999877929688,92.0999984741211,89.04000091552734,91.9499969482422,77495700,AMZN,-0.00494619214148917,-0.11626321142389329,-0.20357174067387562,91.94400177001953,107.84700088500976,116.72340026855468,0.03081520422900256,0.03341968017445372,-0.3997295147299059,89524005.0,17.91304120365878,-2.290538815125082,-0.006075283660437414,0
2022-11-08,89.9800033569336,89.9800033569336,91.72000122070312,88.2300033569336,90.79000091552734,88703400,AMZN,-0.006075283660437414,-0.0703584822210831,-0.19811064886297813,90.58200225830078,106.73550109863281,115.9272004699707,0.02583689634627267,0.03343197040548953,0.1446235081430325,91137565.0,18.24854489216696,-2.069131528629754,-0.042676192754212194,0
2022-11-09,86.13999938964844,86.13999938964844,89.4800033569336,85.87000274658203,89.47000122070312,90796200,AMZN,-0.042676192754212194,-0.06491536233866957,-0.23702393068698546,89.38600158691406,105.39750099182129,115.0754005432129,0.024060860720106055,0.033935430193568636,0.023593233179336925,93390940.0,16.284454661742288,-2.016730052898799,0.12177847617944271,1
2022-11-10,96.62999725341795,96.62999725341795,98.69000244140624,91.6500015258789,92.94000244140624,173414900,AMZN,0.12177847617944271,0.08208279900518844,-0.14129566958463513,90.8520004272461,104.60250091552734,114.47260055541992,0.06236275082978411,0.0453875876892329,0.9099356581002289,97718280.0,27.12239955937511,-1.1539013420216104,0.04305085149903842,1
2022-11-11,100.79000091552734,100.79000091552734,101.19000244140624,96.66000366210938,97.87999725341795,111590500,AMZN,0.04305085149903842,0.10782586498823354,-0.0571562256607866,92.81399993896484,104.29700088500977,113.93200057983398,0.06343491794700386,0.04547546812379907,-0.35651146470113004,99910940.0,32.13145654526116,-0.22967891488101255,-0.022819754250081536,0
2022-11-14,98.48999786376952,98.48999786376952,100.12000274658205,97.29000091552734,98.7699966430664,99533100,AMZN,-0.022819754250081536,0.08792664522042393,-0.13445823823409464,94.40599975585937,103.53200073242188,113.35160049438477,0.06580818001441334,0.04287856178343353,-0.1080504164781052,101748495.0,29.81559349497006,0.2728355853645619,0.004569038353104293,1
2022-11-15,98.94000244140624,98.94000244140624,103.79000091552734,97.33999633789062,103.20999908447266,111336300,AMZN,0.004569038353104293,0.09957767003997575,-0.14970778684746433,96.1979995727539,102.6610008239746,112.80820053100587,0.06497519769676678,0.042425715751231635,0.11858567652368901,104034940.0,33.37311400903933,0.6595663013045066,-0.018394983322362668,0
2022-11-16,97.12000274658205,97.12000274658205,98.48999786376952,95.54000091552734,96.8499984741211,87958800,AMZN,-0.018394983322362668,0.1274669541993645,-0.15599197875942594,98.39400024414063,101.76350097656248,112.16100067138672,0.05974352948505257,0.042491992095689116,-0.2099719498492405,106072975.0,35.40085056465557,0.807083266632775,-0.023373189953300733,0
2022-11-17,94.8499984741211,94.8499984741211,96.97000122070312,94.02999877929688,95.37000274658205,82617900,AMZN,-0.023373189953300733,-0.018420768186805492,-0.17700652083192114,98.03800048828126,100.74350090026854,111.46160049438477,0.028381735631489484,0.04257447953867279,-0.06072047367631206,107764115.0,39.83855469043636,0.7663748574625187,-0.007485493894513584,0
2022-11-18,94.13999938964844,94.13999938964844,95.98999786376952,92.4800033569336,95.9499969482422,72428200,AMZN,-0.007485493894513584,-0.06597878227476461,-0.21102916836722074,96.70800018310547,99.48450088500975,110.67900039672851,0.011947415910132164,0.04129387266190912,-0.12333525785574317,108602500.0,40.08600106877098,0.7076335954832151,-0.017845764989037338,0
2022-11-21,92.45999908447266,92.45999908447266,95.0199966430664,90.58999633789062,93.97000122070312,84330300,AMZN,-0.017845764989037338,-0.06122447872968284,-0.22834251944613726,95.50200042724609,98.11650085449217,109.79920043945313,0.011158533152643006,0.04116114710565299,0.1643296395602818,110342440.0,44.286091109715045,0.5771529528266788,0.008003437930963697,1
2022-11-22,93.1999969482422,93.1999969482422,93.3499984741211,90.87000274658205,92.62000274658205,62192000,AMZN,0.008003437930963697,-0.05801501264934117,-0.227197362127318,94.35399932861328,96.74650077819824,109.12680038452149,0.012497730582605159,0.0411980225065119,-0.26251892854644177,110905310.0,51.590096798463875,0.5616706483411011,0.009978544373689502,1
2022-11-23,94.12999725341795,94.12999725341795,94.58000183105467,92.83000183105467,93.23999786376952,59414700,AMZN,0.009978544373689502,-0.03078671137361888,-0.18614910709833155,93.75599822998046,95.67000045776366,108.43840026855469,0.014963809107726406,0.04088817858343668,-0.04465686905068178,110435930.0,57.53038969368481,0.629924033225798,-0.007648928209040617,0
2022-11-25,93.41000366210938,93.41000366210938,94.43000030517578,93.06999969482422,93.79000091552734,35088600,AMZN,-0.007648928209040617,-0.01518181165184318,-0.15816506459235513,93.46799926757812,94.7925006866455,107.78100036621093,0.011743585342604126,0.04022496376812155,-0.4094289796969437,105710090.0,53.90549608095446,0.6403488906795989,0.00578089353348199,1
2022-11-28,93.9499969482422,93.9499969482422,96.4000015258789,93.43000030517578,93.93000030517578,74943100,AMZN,0.00578089353348199,-0.002018296607585568,-0.09148057614210714,93.42999877929688,94.31950035095215,107.18940032958984,0.011973122912332724,0.037717412977030663,1.135824740799006,98300575.0,55.480766832475624,0.6929313935185819,-0.016285245651894598,0
2022-11-29,92.41999816894533,92.41999816894533,94.41000366210938,91.44000244140624,94.04000091552734,65567300,AMZN,-0.016285245651894598,-0.00043262941729849125,-0.0978133935343487,93.4219985961914,93.8185001373291,106.54460021972656,0.011410023626892992,0.03779947330815307,-0.12510558010010264,96616370.0,53.79116654579287,0.6354996415201342,0.04457912603558567,1
2022-11-30,96.54000091552734,96.54000091552734,96.54000091552734,91.52999877929688,92.47000122070312,102805800,AMZN,0.04457912603558567,0.03583695361213346,-0.002582911433363755,94.08999938964844,93.80600013732911,106.03160018920899,0.023339601331232616,0.037338215988920745,0.5679431667919832,94088160.0,66.0197193764768,0.8712452189775322,-0.010772746070691896,0
2022-12-01,95.5,95.5,97.2300033569336,94.91999816894533,96.98999786376952,68488000,AMZN,-0.010772746070691896,0.014554369346189366,0.03669124134436008,94.36399993896484,93.975,105.57080017089844,0.024553414676391657,0.03566554094795306,-0.3338119055539668,90724470.0,47.54455204582812,0.9471053709324888,-0.014345578498241363,0
2022-12-02,94.12999725341795,94.12999725341795,95.36000061035156,93.77999877929688,94.4800033569336,72496400,AMZN,-0.014345578498241363,0.007707885270115122,0.05408727924522805,94.50799865722657,94.21649971008301,105.10720016479492,0.025454520804033712,0.03505378124593009,0.05852704123350083,87515125.0,33.53114920861067,0.8955571305259684,-0.03314559872755318,0
2022-12-05,91.01000213623048,91.01000213623048,94.05999755859376,90.81999969482422,93.0500030517578,71535500,AMZN,-0.03314559872755318,-0.03129318688143634,0.0003297293711805871,93.91999969482421,94.21799964904785,104.65180023193359,0.029552264739614368,0.035753714253643876,-0.013254451255510613,84636835.0,32.22433908173103,0.6531324413957091,-0.03032636052572668,0
2022-12-06,88.25,88.25,91.04000091552734,87.9000015258789,90.5,75503600,AMZN,-0.03032636052572668,-0.04512008495523334,-0.025185008395452235,93.08600006103515,94.103999710083,104.11380020141601,0.03138498293073415,0.03640526000198424,0.05547036086977797,84537230.0,27.109193505699977,0.32526368497513847,0.0023795930251859776,1
2022-12-07,88.45999908447266,88.45999908447266,89.88999938964844,87.4800033569336,88.33999633789062,68086900,AMZN,0.0023795930251859776,-0.08369589552961265,-0.016892689661628157,91.46999969482422,94.02799949645996,103.59480010986329,0.014657526731363443,0.03638830865760396,-0.0982297532832872,83506405.0,30.082779318786663,0.14982486220138558,0.021365582288144003,1
2022-12-08,90.3499984741211,90.3499984741211,90.86000061035156,87.87999725341797,89.23999786376953,73305900,AMZN,0.021365582288144003,-0.05392671754847023,0.04887391588464052,90.43999938964843,94.23849945068359,103.04160003662109,0.022921065495200493,0.035258634221477035,0.07665204319773711,82631890.0,39.466284910933176,0.1859951752895208,-0.01394579034322141,0
2022-12-09,89.08999633789062,89.08999633789062,90.3000030517578,88.62999725341797,88.9000015258789,67398500,AMZN,-0.01394579034322141,-0.05354298377337219,-0.07802960912596557,89.43199920654297,93.86149940490722,102.52739990234375,0.0229063607404247,0.02160047548571352,-0.08058560088614963,77331070.0,38.47556886202521,0.1514522285738633,0.01638799835988114,1
2022-12-12,90.5500030517578,90.5500030517578,90.58000183105467,87.87000274658203,89.20999908447266,61999800,AMZN,0.01638799835988114,-0.005054379449240365,-0.1015973585748029,89.33999938964844,93.34949951171875,102.0783999633789,0.021456141570122267,0.019249358843073727,-0.08010118919560527,74851535.0,45.5970574237825,0.24763779901507288,0.02142456926150338,1
2022-12-13,92.48999786376952,92.48999786376952,96.25,90.5199966430664,95.2300033569336,100212000,AMZN,0.02142456926150338,0.04804530157245912,-0.060919891665538906,90.18799896240235,93.04949951171875,101.61059997558594,0.015254791789332684,0.019652046116119138,0.616327794605789,74885480.0,48.4491058539708,0.45078656728424527,-0.009838858835905628,0
2022-12-14,91.58000183105467,91.58000183105467,93.45999908447266,89.87000274658203,92.5,70298000,AMZN,-0.009838858835905628,0.03527021002569364,-0.07438852262723827,90.81199951171875,92.68149948120117,101.02040008544923,0.017498678503641802,0.019625776694374496,-0.2985071648106016,72833565.0,44.42501788922193,0.5274212102266618,-0.03417782070573294,0
2022-12-15,88.44999694824219,88.44999694824219,89.97000122070312,87.47000122070312,89.88999938964844,84802900,AMZN,-0.03417782070573294,-0.021029347625535655,-0.08927106212056801,90.43199920654297,92.24799919128418,100.37040008544922,0.022944425171063338,0.020544593975481102,0.2063344618623575,72675770.0,40.18985966500677,0.37786405769213527,-0.006670394101153776,0
2022-12-16,87.86000061035156,87.86000061035156,89.3499984741211,86.7300033569336,88.2699966430664,146144100,AMZN,-0.006670394101153776,-0.013806215940048716,-0.07369528704501438,90.18600006103516,91.8984992980957,99.7216000366211,0.022382184913878427,0.020069494341732518,0.7233384707362602,75852080.0,37.978689503242975,0.2556104856755832,-0.033462353983410575,0
2022-12-19,84.91999816894531,84.91999816894531,87.62999725341797,84.51000213623047,87.51000213623047,83531500,AMZN,-0.033462353983410575,-0.06217564542316367,-0.09793925303251005,89.05999908447265,91.43749923706055,99.12880004882813,0.02291986289023411,0.021143993932297583,-0.42843056955429604,76407245.0,35.97606869991601,0.006324515743842518,0.0031795134041781026,1
2022-12-20,85.19000244140625,85.19000244140625,86.61000061035156,84.33000183105469,85.33000183105469,74348300,AMZN,0.0031795134041781026,-0.07892740394605247,-0.07862856062138224,87.6,91.07399940490723,98.55920013427735,0.01679310696852155,0.02099006417724303,-0.10993696988561197,75908145.0,25.20752513383097,-0.10467420323794752,0.018546709195681466,1
2022-12-21,86.7699966430664,86.7699966430664,87.2300033569336,85.20999908447266,86.18000030517578,59267200,AMZN,0.018546709195681466,-0.052522440399834114,-0.06899142184249896,86.63799896240235,90.75249938964843,98.05040008544921,0.023094446055222758,0.021431891423103252,-0.20284391169670324,75761905.0,31.370031491196542,-0.039339345539098236,-0.034343619255829294,0
2022-12-22,83.79000091552734,83.79000091552734,85.68000030517578,82.25,85.5199966430664,81431300,AMZN,-0.034343619255829294,-0.05268508980776687,-0.10984804673958659,85.70599975585938,90.23549957275391,97.46820007324219,0.02313699228839079,0.02225679991686119,0.3739690756438636,76862735.0,29.35303692030753,-0.1578252213147442,0.01742450254827599,1
2022-12-23,85.25,85.25,85.77999877929688,82.93000030517578,83.25,57433700,AMZN,0.01742450254827599,-0.02970635775347419,-0.08735684982549019,85.18399963378906,89.82749938964844,96.92260009765624,0.026422962010339137,0.022832025924691104,-0.29469749346995566,77979990.0,37.681773282953614,-0.10160533436674557,-0.025923742926365456,0
2022-12-27,83.04000091552734,83.04000091552734,85.3499984741211,83.0,84.97000122070312,57284000,AMZN,-0.025923742926365456,-0.0221384514125611,-0.11612556026718401,84.80800018310546,89.2819995880127,96.44540008544922,0.024596977332120594,0.02319216047579772,-0.002606483649843172,77097035.0,38.58957422754448,-0.1728095295769494,-0.01469172937442731,0
2022-12-28,81.81999969482422,81.81999969482422,83.4800033569336,81.69000244140625,82.80000305175781,58228600,AMZN,-0.01469172937442731,-0.039558664749422046,-0.11469377498519451,84.13399963378906,88.75199966430662,95.80600006103515,0.024550734711509974,0.023157306646374404,0.016489770267439363,76730100.0,36.07382464422821,-0.2565748105729857,0.02884381103830358,1
2022-12-29,84.18000030517578,84.18000030517578,84.55000305175781,82.55000305175781,82.87000274658203,54995900,AMZN,0.02884381103830358,-0.029848985111117776,-0.12802983730201722,83.61600036621094,88.13399963378905,95.16240005493164,0.027560470419951345,0.021567704557706395,-0.05551739179715809,74339605.0,37.309751566050274,-0.11476988313165748,-0.002138278742257471,0
2022-12-30,84.0,84.0,84.05000305175781,82.47000122070312,83.12000274658203,62401200,AMZN,-0.002138278742257471,0.002506254710324729,-0.12041884816753923,83.65800018310547,87.55899963378906,94.54100006103516,0.02250315472104441,0.021566297869115004,0.13465185586561912,74035265.0,39.04434508385109,-0.0008509084253773835,0.021666663033621747,1
2023-01-03,85.81999969482422,85.81999969482422,86.95999908447266,84.20999908447266,85.45999908447266,76706000,AMZN,0.021666663033621747,0.006686213429023091,-0.088282139605523,83.77200012207031,87.14349975585938,93.95240005493164,0.023355063514684714,0.02233760440380421,0.22923918129779564,74245745.0,39.974553579947155,0.21725513747873038,-0.007923564525679994,0
2023-01-04,85.13999938964844,85.13999938964844,86.9800033569336,83.36000061035156,86.55000305175781,68885100,AMZN,-0.007923564525679994,0.025288998686998188,-0.06449843543345257,84.19199981689454,86.84999961853026,93.26880004882813,0.019052087489033035,0.02131629356270054,-0.10195942951007742,74113225.0,33.54231889237427,0.3291908138925237,-0.023725589118479662,0
2023-01-05,83.12000274658203,83.12000274658203,85.41999816894531,83.06999969482422,85.33000183105469,67930800,AMZN,-0.023725589118479662,0.01588857316801051,-0.05813028049198832,84.45200042724609,86.59349975585937,92.53480010986328,0.021654886211741897,0.020920164457738404,-0.013853503878197171,73734585.0,31.953922873444156,0.28244737818738486,0.035611152390083056,1
2023-01-06,86.08000183105469,86.08000183105469,86.4000015258789,81.43000030517578,83.02999877929688,83303400,AMZN,0.035611152390083056,0.022570699916736547,-0.02690478496552151,84.83200073242188,86.47449989318847,91.84440017700196,0.023756565052136972,0.022603598292667816,0.22629793849034607,74495410.0,44.90761444752928,0.4558652557162417,0.01486987397850048,1
2023-01-09,87.36000061035156,87.36000061035156,89.4800033569336,87.08000183105469,87.45999908447266,65266100,AMZN,0.01486987397850048,0.04000000726608999,-0.03309350209481143,85.50400085449219,86.32499999999999,91.2784001159668,0.023750640979777353,0.022308248530442935,-0.21652537591502863,74093420.0,48.956593951760304,0.649932423628111,0.028731709234134817,1
2023-01-10,89.87000274658203,89.87000274658203,90.19000244140624,87.29000091552734,87.56999969482422,67756600,AMZN,0.028731709234134817,0.0471918325117644,0.008755263674420588,86.31400146484376,86.36400032043456,90.85660018920899,0.024939958050620836,0.02307737667550206,0.03815916685691345,74111325.0,60.518500721274734,0.923783458352224,0.058083825879343465,1
2023-01-11,95.08999633789062,95.08999633789062,95.26000213623048,90.93000030517578,90.93000030517578,103126200,AMZN,0.058083825879343465,0.11686630279036558,0.05013796944366522,88.30400085449219,86.59099998474122,90.69020004272461,0.030297440887309204,0.026237254915062045,0.5220096640032115,76167645.0,67.38061918151114,1.4041255856314292,0.0018929468094222024,1
2023-01-12,95.2699966430664,95.2699966430664,97.19000244140624,93.5,96.93000030517578,85254800,AMZN,0.0018929468094222024,0.14617412770699167,0.030057290988281915,90.73399963378907,86.72999992370606,90.54679992675781,0.021315186340501766,0.025867423253039673,-0.1732964077024074,75419785.0,65.69424707304952,1.6638711178744494,0.029915043601747238,1
2023-01-13,98.12000274658205,98.12000274658205,98.37000274658205,94.12000274658205,94.18000030517578,85549400,AMZN,0.029915043601747238,0.1398698961363607,0.07141298083387526,93.14199981689453,87.05699996948242,90.5733999633789,0.02094487189964149,0.026447069279328578,0.0034555239118501113,76182355.0,76.58627727968883,1.9383359215912146,-0.02109661268732843,0
2023-01-17,96.0500030517578,96.0500030517578,98.88999938964844,95.7300033569336,98.68000030517578,72755000,AMZN,-0.02109661268732843,0.09947347047495936,0.08592432295913888,94.88000030517578,87.4370002746582,90.65199996948242,0.030168287766204258,0.025607208754223395,-0.1495556953058701,75579960.0,69.59362120551083,1.8892374452958594,-0.00614267515397382,0
2023-01-18,95.45999908447266,95.45999908447266,99.31999969482422,95.37999725341795,97.25,79570400,AMZN,-0.00614267515397382,0.062200914287868114,0.08650123402373011,95.99799957275391,87.81700019836425,90.77519989013672,0.031503791719451016,0.025595427665484265,0.09367603601127072,72251275.0,73.93985543563424,1.7300535123105059,-0.01864654092151996,0
2023-01-19,93.68000030517578,93.68000030517578,95.44000244140624,92.86000061035156,94.73999786376952,69002700,AMZN,-0.01864654092151996,-0.01482801647930021,0.10315593882612606,95.71600036621093,88.25500030517578,90.82919982910157,0.02055084540871132,0.024636355360825264,-0.1328094366749445,71524835.0,72.37735964217273,1.4303290018214974,0.03810845093076898,1
2023-01-20,97.25,97.25,97.3499984741211,93.1999969482422,93.86000061035156,67481500,AMZN,0.03810845093076898,0.020783073650687545,0.1415658787765457,96.11200103759765,88.85800018310547,90.96359985351563,0.02774725945996941,0.02570016014706461,-0.02204551416104006,71181495.0,73.5835440755175,1.3963928291132726,0.002776315095798454,1
2023-01-23,97.5199966430664,97.5199966430664,97.77999877929688,95.86000061035156,97.55999755859376,76501100,AMZN,0.002776315095798454,-0.006115023305342748,0.12389075044246889,95.99199981689453,89.39550018310547,91.11439971923828,0.023903205043570578,0.025567316123419302,0.1336603365366804,72043190.0,74.31654472897941,1.3170454805273533,-0.012305137300550828,0
2023-01-24,96.31999969482422,96.31999969482422,98.08999633789062,96.0,96.93000030517578,66929500,AMZN,-0.012305137300550828,0.0028110008796244923,0.14954050175902212,96.0459991455078,90.02200012207031,91.31799972534179,0.02232672648762193,0.02416608779158292,-0.1251171551781608,71318100.0,69.31567849419625,1.1165814359048554,0.008928577793566816,1
2023-01-25,97.18000030517578,97.18000030517578,97.23999786376952,91.5199966430664,92.55999755859376,94261600,AMZN,0.008928577793566816,0.018018030978411037,0.1399413525533817,96.38999938964844,90.61850013732911,91.32899978637695,0.022179037770868562,0.024052535695034065,0.4083714953794664,73159495.0,72.0029312944403,0.9796317658031115,0.02099198301215366,1
2023-01-26,99.22000122070312,99.22000122070312,99.48999786376952,96.91999816894533,98.23999786376952,68523600,AMZN,0.02099198301215366,0.059137498905636354,0.1948458589449551,97.49799957275391,91.4275001525879,91.29759979248047,0.01902174268428033,0.022951395605709142,-0.2730486221324484,73721475.0,79.40102280709915,0.9627428870054291,0.03043737760442844,1
2023-01-27,102.23999786376952,102.23999786376952,103.48999786376952,99.52999877929688,99.52999877929688,87775600,AMZN,0.03043737760442844,0.051311032018195535,0.24957221027998888,98.4959991455078,92.44850006103516,91.37259979248047,0.016501676629096778,0.022697172925409244,0.28095429895685564,75198825.0,79.44606247819127,1.082337881267696,-0.01652968356145279,0
2023-01-30,100.5500030517578,100.5500030517578,101.73999786376952,99.01000213623048,101.08999633789062,70691900,AMZN,-0.01652968356145279,0.031070616417077312,0.1944642752106942,99.1020004272461,93.26700019836426,91.4047998046875,0.02044946369876985,0.02312995816930677,-0.19462925915630314,75983625.0,73.68044304744139,0.9781614375812451,0.025658817736008643,1
2023-01-31,103.12999725341795,103.12999725341795,103.3499984741211,101.13999938964844,101.16000366210938,66527300,AMZN,0.025658817736008643,0.07070180211970745,0.22773806254068996,100.46399993896485,94.22350006103515,91.52499969482422,0.01879316047532958,0.02324919936351176,-0.0589119828438619,76189930.0,73.74642303597619,1.009461788684833,0.019586971068148662,1
2023-02-01,105.1500015258789,105.1500015258789,106.23999786376952,101.23999786376952,102.52999877929688,80450100,AMZN,0.019586971068148662,0.08201277213083769,0.22523889419473475,102.05800018310546,95.19000015258788,91.73099975585937,0.018692866075943712,0.023201535275763262,0.20927949879222507,76377135.0,70.34791220885532,1.085997537362449,0.07379935352944922,1
2023-02-02,112.91000366210938,112.91000366210938,114.0,108.87999725341795,110.25,158154200,AMZN,0.07379935352944922,0.1379762373813569,0.32616871589779795,104.79600067138672,96.57850036621093,92.10639984130859,0.03222088607782039,0.026722462558560645,0.9658670405630323,80840590.0,77.30651628332691,1.5507118723909832,-0.08431497620839845,0
2023-02-03,103.38999938964844,103.38999938964844,108.77999877929688,102.5199966430664,105.26000213623048,144374800,AMZN,-0.08431497620839845,0.011248058977967101,0.24386424414428842,105.0260009765625,97.59200019836426,92.32499984741212,0.05874598514612017,0.03378966907819175,-0.08712636148771258,84662790.0,56.76160830090789,1.1280639059382276,-0.011703250716856073,0
2023-02-06,102.18000030517578,102.18000030517578,103.9499969482422,100.6500015258789,102.93000030517578,81945200,AMZN,-0.011703250716856073,0.016210812570328192,0.18703529428031174,105.3520004272461,98.39700012207031,92.50459991455078,0.05837016033111128,0.033670142621112294,-0.43241341286706547,84594880.0,58.042506405709716,0.6991443763602496,-0.0006850625818668465,0
2023-02-07,102.11000061035156,102.11000061035156,102.41000366210938,98.08000183105467,101.16999816894533,119501300,AMZN,-0.0006850625818668465,-0.00989039726782881,0.16884157391194243,105.14800109863282,99.1345001220703,92.66419998168945,0.05717133059246651,0.03371074417149227,0.4583075030630226,87306640.0,58.84544230306708,0.3599372293569538,-0.02017429777965285,0
2023-02-08,100.0500030517578,100.0500030517578,102.66999816894533,98.77999877929688,102.04000091552734,75878300,AMZN,-0.02017429777965285,-0.04850212458499992,0.11327473009967104,104.1280014038086,99.6435001373291,92.79699996948243,0.05641066084669203,0.03392940553305613,-0.3650420539358149,87712725.0,58.410357606581364,-0.03307551952846488,-0.01809100582487666,0
2023-02-09,98.23999786376952,98.23999786376952,101.77999877929688,97.56999969482422,101.31999969482422,64622500,AMZN,-0.01809100582487666,-0.12992653726449976,0.03312652904818458,101.19400024414061,99.80100021362304,92.88279998779296,0.0329295959527885,0.031986512016322875,-0.14834017103704222,85787540.0,51.37080871809031,-0.4231808847027754,-0.006412838631079554,0
2023-02-10,97.61000061035156,97.61000061035156,98.81999969482422,96.2300033569336,97.55999755859376,52740100,AMZN,-0.006412838631079554,-0.05590481490877708,0.024561814314448815,100.03800048828124,99.91800041198731,92.9866000366211,0.008085953880006767,0.03204348691848317,-0.18387403768037447,84161805.0,50.12339454771196,-0.7147441257238158,0.019772567289289666,1
2023-02-13,99.54000091552734,99.54000091552734,99.68000030517578,96.91000366210938,97.8499984741211,52841500,AMZN,0.019772567289289666,-0.025836752610723046,0.014472055943707707,99.51000061035155,99.98900032043457,93.0466000366211,0.016092380682304726,0.03165139373416615,0.001922635717414245,82526410.0,54.32795898502792,-0.7642567355152816,0.0016073541414836079,1
2023-02-14,99.6999969482422,99.6999969482422,100.91999816894533,97.5199966430664,98.41000366210938,56202900,AMZN,0.0016073541414836079,-0.023602033568737912,0.03800097637183364,99.02799987792969,100.17150001525879,93.13059997558594,0.01628179864125547,0.031213822745098752,0.06361288002800825,81698805.0,53.452050917544646,-0.7706768080533095,0.014643999584324163,1
2023-02-15,101.16000366210938,101.16000366210938,101.16999816894533,98.4499969482422,99.08999633789062,47957600,AMZN,0.014643999584324163,0.011094458535672036,0.059710922190485016,99.25,100.45650024414063,93.27120010375977,0.015409828735661022,0.031262779657254575,-0.14670595289566912,80118165.0,52.70044897035029,-0.6650305893243513,-0.02975486385196624,0
2023-02-16,98.1500015258789,98.1500015258789,100.62999725341795,98.0999984741211,99.20999908447266,56339200,AMZN,-0.02975486385196624,-0.0009160865212498592,0.047715640543781745,99.23200073242188,100.68000030517578,93.41400009155274,0.01958607295954534,0.031769134008538896,0.17477104775885355,79484990.0,44.30521314286834,-0.7784313224945367,-0.009679109147911924,0
2023-02-17,97.1999969482422,97.1999969482422,97.94000244140624,95.6500015258789,97.8000030517578,60029400,AMZN,-0.009679109147911924,-0.004200426795877732,-0.000514170198023578,99.15,100.6775001525879,93.59300003051757,0.019904120893735687,0.03075605754632356,0.06549968760649771,79112385.0,45.23741139536523,-0.8899433535478889,-0.02695468312187954,0
2023-02-21,94.58000183105467,94.58000183105467,95.61000061035156,94.2699966430664,95.33999633789062,56580400,AMZN,-0.02695468312187954,-0.04982920473028607,-0.030147609856596147,98.15800018310547,100.5305004119873,93.71540008544922,0.01884059786604732,0.03134934401905188,-0.05745518029498875,78116350.0,37.858574354714065,-1.0989724716838825,0.012793392483054333,1
2023-02-22,95.79000091552734,95.79000091552734,97.01000213623048,94.8000030517578,95.0999984741211,59534100,AMZN,0.012793392483054333,-0.03921761436707638,-0.005502479038373087,97.3760009765625,100.50400047302246,93.82420013427735,0.021096619632725196,0.031377797336673494,0.05220358993573737,77746580.0,36.39535157083426,-1.1112396960590472,0.000313172345862478,1
2023-02-23,95.81999969482422,95.81999969482422,96.43000030517578,93.66999816894533,96.12000274658205,48467000,AMZN,0.000313172345862478,-0.052787700414895444,-0.013994655341435847,96.30800018310546,100.43600044250488,93.95880020141601,0.018038602610673173,0.03131066930884865,-0.1858951424477736,75456850.0,17.960254496178337,-1.0723094318963284,-0.024212061179431754,0
2023-02-24,93.5,93.5,94.13999938964844,92.31999969482422,93.52999877929688,57053800,AMZN,-0.024212061179431754,-0.04737647940487144,-0.05764967899949591,95.37799987792968,100.15000038146972,94.01780014038086,0.01669150259266509,0.03132929535203703,0.17716796995894124,74883360.0,24.601954880382735,-1.1508577650471574,0.0027807715104863906,1
2023-02-27,93.76000213623048,93.76000213623048,94.77999877929688,93.13999938964844,94.27999877929688,47470300,AMZN,0.0027807715104863906,-0.035390894238849335,-0.08294205697107182,94.69000091552735,99.72600059509277,94.04320022583008,0.017573795704586396,0.030395655264125087,-0.16797303597656943,72868095.0,27.267828762151723,-1.1316490464924138,0.005012811540044737,1
2023-02-28,94.2300033569336,94.2300033569336,94.69000244140624,92.91999816894533,93.13999938964844,43959300,AMZN,0.005012811540044737,-0.003700554740380224,-0.06285429639988183,94.62000122070313,99.41000061035156,94.09620025634766,0.013970147551909147,0.030305279164286127,-0.0739620352093836,71531465.0,29.175489327520722,-1.0361941465040565,-0.021861457228067538,0
2023-03-01,92.16999816894533,92.16999816894533,94.68000030517578,91.58999633789062,93.87000274658205,52299500,AMZN,-0.021861457228067538,-0.037791029460103265,-0.10627362917057959,93.89600067138672,98.86200065612793,94.17060028076172,0.014219803502779464,0.0298154441580708,0.18972549608387768,70820075.0,29.175477562660262,-1.057050923102234,-0.0004339906295109941,0
2023-03-02,92.12999725341795,92.12999725341795,92.2300033569336,90.38999938964844,91.41000366210938,55509400,AMZN,-0.0004339906295109941,-0.038509731299921746,-0.12382314867828648,93.15800018310547,98.21100044250488,94.25600021362305,0.014119515955140797,0.029271386256929346,0.06137534775667075,69573040.0,32.186596651253694,-1.0183950721164328,0.030066258059702644,1
2023-03-03,94.9000015258789,94.9000015258789,94.94000244140624,92.66000366210938,92.73999786376952,55759600,AMZN,0.030066258059702644,0.01497327835164608,-0.1595075861491121,93.43800048828125,97.31050033569336,94.45560028076171,0.01848311686363158,0.024171680335089565,0.004507344701978333,64453310.0,42.975643306922514,-0.7628151679141859,-0.012118034851298809,0
2023-03-06,93.75,93.75,96.5500030517578,93.73999786376952,95.19000244140624,52112400,AMZN,-0.012118034851298809,-0.0001066780717000615,-0.09323918605819825,93.43600006103516,96.82850036621093,94.6268002319336,0.01971026370146534,0.016361229902616094,-0.06540936448611534,59840190.0,34.35981773554347,-0.6330963927096394,-0.0021333007812501803,0
2023-03-07,93.5500030517578,93.5500030517578,95.08999633789062,92.77999877929688,94.05999755859376,49100700,AMZN,-0.0021333007812501803,-0.007216388421424802,-0.08445877106716781,93.3,96.39700050354004,94.76240036010742,0.01952619927573892,0.016287085133527886,-0.05779238722453772,58197965.0,33.42321340732123,-0.5269949798698295,0.003955051898638873,1
2023-03-08,93.91999816894533,93.91999816894533,94.16999816894533,92.18000030517578,93.5999984741211,44899100,AMZN,0.003955051898638873,0.018986655471038283,-0.08020764266429714,93.65,95.98750038146973,94.96500030517578,0.015783158309413813,0.01637374780617869,-0.08557108147134362,54467855.0,29.266888003502856,-0.40368179343166977,-0.017781071140368865,0
2023-03-09,92.25,92.25,96.20999908447266,92.18000030517578,93.68000030517578,56218700,AMZN,-0.017781071140368865,0.001302537177461982,-0.07796104761458833,93.6740005493164,95.59750022888184,95.10500030517578,0.018617165424929777,0.01625799727223701,0.25211195770071115,53484875.0,31.699750246227907,-0.4053124150090386,-0.0164769283801236,0
2023-03-10,90.7300033569336,90.7300033569336,93.56999969482422,90.25,92.66999816894533,69827500,AMZN,-0.0164769283801236,-0.04394097051524459,-0.0764453854859618,92.84000091552734,95.22200050354004,95.25880035400391,0.00945620173327246,0.016187828210473786,0.2420689201280002,53745125.0,30.617149183736927,-0.47467337907843565,0.01873687738723384,1
2023-03-13,92.43000030517578,92.43000030517578,94.0199966430664,88.12000274658203,89.97000122070312,72397100,AMZN,0.01873687738723384,-0.014079996744791656,-0.05306833595723226,92.5760009765625,94.96300048828125,95.47100036621094,0.01517716284805019,0.016937227507173525,0.036799255307722545,54727975.0,43.18325306421618,-0.3762760481643199,0.0265065123894086,1
2023-03-14,94.87999725341795,94.87999725341795,95.06999969482422,92.70999908447266,93.83000183105467,60912700,AMZN,0.0265065123894086,0.014216933813720134,-0.04681538697256005,92.84199981689453,94.73000030517578,95.68500030517578,0.02007685549445868,0.01746383852809638,-0.15863066338292553,55131535.0,47.32509125225268,-0.12916836156336342,0.013912307472971452,1
2023-03-15,96.1999969482422,96.1999969482422,96.66999816894533,93.06999969482422,93.22000122070312,70731800,AMZN,0.013912307472971452,0.024275967033086543,-0.03510531702239639,93.29799957275391,94.55500030517578,95.92900024414062,0.020681481219904513,0.01781998391378128,0.16119955280261755,55857980.0,51.03824412150838,0.1263749177165967,0.039916882423095545,1
2023-03-16,100.04000091552734,100.04000091552734,100.98999786376952,95.61000061035156,95.75,84446900,AMZN,0.039916882423095545,0.08444445436886006,-0.011071596540496609,94.85599975585937,94.49900016784667,96.2134002685547,0.020902490409220868,0.019818999814197238,0.19390288385139365,57682445.0,66.49848894103457,0.5343422135765824,-0.010895681300578275,0
2023-03-17,98.9499969482422,98.9499969482422,100.66000366210938,97.45999908447266,99.79000091552734,87300200,AMZN,-0.010895681300578275,0.09059840501681671,0.008150742841836367,96.4999984741211,94.53899993896485,96.48960021972657,0.01873671772599051,0.018768142439406988,0.03378809642509073,59230495.0,62.56657246612675,0.7006201473241643,-0.012531560404374309,0
2023-03-20,97.70999908447266,97.70999908447266,98.4800033569336,95.6999969482422,98.41000366210938,62388900,AMZN,-0.012531560404374309,0.05712429689347531,0.005246935722662771,97.55599822998047,94.56450004577637,96.78140014648437,0.023008402273380885,0.018860755240379792,-0.2853521526869355,59348470.0,58.123240021057384,0.6955261920552219,0.029679680207260972,1
2023-03-21,100.61000061035156,100.61000061035156,100.8499984741211,98.0,98.13999938964844,58597300,AMZN,0.029679680207260972,0.06039211132805122,0.06375553671555312,98.70199890136719,94.86599998474121,97.0720001220703,0.0235668659444737,0.01878424709578461,-0.06077363120683321,59449315.0,68.95778195006812,0.8459065347002332,-0.018984232685839375,0
2023-03-22,98.6999969482422,98.6999969482422,102.0999984741211,98.61000061035156,100.4499969482422,57475400,AMZN,-0.018984232685839375,0.025987526811929618,0.030378912254954926,99.20199890136719,95.01149978637696,97.29880004882813,0.027214849268865526,0.019273153465414677,-0.01914593334505177,59346380.0,63.613759723685014,0.7769606830367135,0.0001013387693993284,1
2023-03-23,98.70999908447266,98.70999908447266,101.05999755859376,97.62000274658205,100.43000030517578,57559300,AMZN,0.0001013387693993284,-0.01329470030870683,0.030160711739227297,98.93599853515624,95.15599975585937,97.47559997558594,0.019268789361297056,0.019273998056152437,0.0014597549560333434,59800995.0,58.91436225815848,0.6949191113136814,-0.00587581639584811,0
2023-03-24,98.12999725341795,98.12999725341795,98.3000030517578,96.4000015258789,98.06999969482422,56095400,AMZN,-0.00587581639584811,-0.008287010814696294,0.04951868720233099,98.77199859619141,95.38749961853027,97.53639999389648,0.01884990573137834,0.018394497809208002,-0.02543290137301879,59753075.0,60.52884186865916,0.5697336146629375,-0.0009171134251455548,0
2023-03-27,98.04000091552734,98.04000091552734,99.33999633789062,97.08000183105467,99.06999969482422,46721300,AMZN,-0.0009171134251455548,0.003377359882783315,0.04564845010432217,98.83799896240234,95.60149955749512,97.5918000793457,0.01784275006443558,0.01841093853701565,-0.16710995910538118,59715625.0,60.85065004743946,0.4540412399763573,-0.008159965772002842,0
2023-03-28,97.23999786376952,97.23999786376952,98.44000244140624,96.29000091552734,98.11000061035156,38720100,AMZN,-0.008159965772002842,-0.03349570347021058,0.03194305846975687,98.16399841308593,95.75199928283692,97.57419998168945,0.007638563127700419,0.018547436313758353,-0.17125379644830085,59453665.0,57.85984674022233,0.30401793407538247,0.0309543624265336,1
2023-03-29,100.25,100.25,100.41999816894533,98.55999755859376,98.69000244140624,49783300,AMZN,0.0309543624265336,0.01570418540712426,0.08766412055519668,98.4739990234375,96.15599937438965,97.6581999206543,0.015876666132053272,0.01876953423182006,0.28572240257643955,59327855.0,67.80943367897719,0.38279384704929387,0.0174563591022443,1
2023-03-30,102.0,102.0,103.04000091552734,101.01000213623048,101.5500030517578,53633400,AMZN,0.0174563591022443,0.033329966022103585,0.10713126061898226,99.13199920654297,96.64949951171874,97.78899993896485,0.016889073093441637,0.018953636820593117,0.07733717933523887,59234055.0,74.83471053538555,0.5195642569592519,0.012647067799287592,1
2023-03-31,103.29000091552734,103.29000091552734,103.48999786376952,101.9499969482422,102.16000366210938,56750300,AMZN,0.012647067799287592,0.05258334664764974,0.08840884356951784,100.16399993896485,97.06899948120117,97.98119995117187,0.015410001975595599,0.018136881157466495,0.058114906010060974,59283590.0,74.37161976600922,0.6549745041507853,-0.008519675143944028,0
2023-04-03,102.41000366210938,102.41000366210938,103.29000091552734,101.43000030517578,102.3000030517578,41135700,AMZN,-0.008519675143944028,0.04457367100952281,0.09237337239583332,101.03800048828126,97.50199966430664,98.08440002441407,0.017088967529670103,0.01798158478969454,-0.27514568204925793,58734755.0,68.17962625202479,0.6424567657751474,0.015037527888524194,1
2023-04-04,103.9499969482422,103.9499969482422,104.1999969482422,102.11000061035156,102.75,48662500,AMZN,0.015037527888524194,0.06900451698768251,0.11117042819047773,102.38000030517578,98.02199935913086,98.21300003051758,0.014214991905642294,0.01805397659257994,0.18297488556168973,58712845.0,68.51408758235405,0.6908506861877044,-0.027417013542964774,0
2023-04-05,101.0999984741211,101.0999984741211,103.91000366210938,100.75,103.91000366210938,45175400,AMZN,-0.027417013542964774,0.00847878777178157,0.07644804562559959,102.55,98.38099937438965,98.30860000610352,0.019352866940703997,0.019494970787156726,-0.07165887490367329,58726660.0,52.65796747444879,0.4931523582218369,0.009495540049077267,1
2023-04-06,102.05999755859376,102.05999755859376,102.37999725341795,99.8000030517578,100.75,43808000,AMZN,0.009495540049077267,0.0005882113587623028,0.10634143694952591,102.56199951171875,98.87149925231934,98.40619995117187,0.018029206262352385,0.018843857916119963,-0.03026868605479971,58106125.0,57.84957343167972,0.3935929989660638,0.0010778033801970288,1
2023-04-10,102.16999816894533,102.16999816894533,102.1999969482422,99.56999969482422,100.95999908447266,37261200,AMZN,0.0010778033801970288,-0.010843283344512455,0.1260883322907702,102.33799896240234,99.44349899291993,98.46519989013672,0.01673624197104557,0.018176406807927366,-0.14944302410518628,56477810.0,61.93789885334451,0.30562231522891925,-0.02202212039075757,0
2023-04-11,99.91999816894533,99.91999816894533,101.0,99.01000213623048,100.8000030517578,60417800,AMZN,-0.02202212039075757,-0.02431408460231632,0.08103427284474574,101.83999786376954,99.8179988861084,98.41879989624023,0.018977377217423833,0.018954590204032735,0.6214668341330929,55878845.0,48.08651556261186,0.07822045676472511,-0.020916697119598426,0
2023-04-12,97.83000183105467,97.83000183105467,100.51000213623048,97.70999908447266,100.4000015258789,56735000,AMZN,-0.020916697119598426,-0.05887441363018742,0.03109195471156534,100.61599884033203,99.96549911499024,98.36439987182617,0.01620734719316593,0.018966782870747507,-0.060955546213202094,55669960.0,47.611214921946285,-0.21462059992843519,0.04671368301429957,1
2023-04-13,102.4000015258789,102.4000015258789,102.56999969482422,98.70999908447266,98.9499969482422,67925100,AMZN,0.04671368301429957,0.012858586264870908,0.06444911407816822,100.8759994506836,100.27549934387207,98.3497999572754,0.0280838160988239,0.02134701382564341,0.19723451132457925,55529625.0,58.10277606895337,-0.10761191461153707,0.001074224694457504,1
2023-04-14,102.51000213623048,102.51000213623048,103.1999969482422,101.11000061035156,102.06999969482422,51450500,AMZN,0.001074224694457504,0.004409216033719465,0.02469013592661584,100.96600036621095,100.39899940490723,98.29699996948243,0.027838553262430156,0.019534301270757334,-0.2425406808381585,53879805.0,59.82064412652624,-0.03997618236619349,0.0022436418178333195,1
2023-04-17,102.73999786376952,102.73999786376952,103.7300033569336,101.58999633789062,103.16000366210938,39919500,AMZN,0.0022436418178333195,0.005578934178717132,0.03830218324826995,101.08000030517579,100.5884994506836,98.09359985351563,0.027842309097256067,0.019318777974676533,-0.22411832732432146,51510770.0,60.47236994832809,0.007184690682091377,-0.004282604839014548,0
2023-04-18,102.3000030517578,102.3000030517578,104.1999969482422,101.5199966430664,103.9499969482422,39790500,AMZN,-0.004282604839014548,0.023819104547903924,0.046975785593007524,101.55600128173828,100.81799964904785,98.07179992675782,0.025104167417015058,0.01907747796435358,-0.0032315034005937493,50380850.0,61.45835600903499,-0.0037335386226717837,0.019550341547772243,1
2023-04-19,104.3000030517578,104.3000030517578,105.12000274658205,101.38999938964844,101.58000183105467,58398900,AMZN,0.019550341547772243,0.06613514361245088,0.036676298767724935,102.85000152587891,101.00249977111817,98.11419998168945,0.02083334628866601,0.018440915818220403,0.46765936592905333,50370930.0,59.61083889395015,0.1052410056380697,-0.004698039106680318,0
2023-04-20,103.80999755859376,103.80999755859376,105.25,103.20999908447266,103.52999877929688,57696900,AMZN,-0.004698039106680318,0.01376949230179969,0.05177305743009519,103.13200073242187,101.25799980163575,98.14819992065429,0.009877286193388065,0.017854179889068324,-0.0120207743639007,50382005.0,54.56839771788086,0.12450319297185408,0.030343912917452087,1
2023-04-21,106.95999908447266,106.95999908447266,108.1500015258789,105.08000183105467,106.0999984741211,86774200,AMZN,0.030343912917452087,0.04341036831048317,0.08357815901649368,104.02200012207031,101.67049980163574,98.2863998413086,0.015619742508889901,0.01887597724552459,0.5039664176064917,51842750.0,58.4679304643689,0.3185386335857143,-0.007011967150520215,0
2023-04-24,106.20999908447266,106.20999908447266,109.2300033569336,105.06999969482422,107.66000366210938,69575600,AMZN,-0.007011967150520215,0.033774589184869086,0.08233977435246764,104.71600036621093,102.07449989318847,98.44579986572266,0.01704908047467367,0.018909542331104243,-0.19819946481788364,52516760.0,58.82079376216886,0.3623319047630136,-0.03427172037496595,0
2023-04-25,102.56999969482422,102.56999969482422,105.4499969482422,102.4499969482422,104.91000366210938,65026800,AMZN,-0.03427172037496595,0.002639263294350158,0.046205617472402816,104.76999969482422,102.30099983215332,98.54499984741211,0.025227452324775624,0.020758766883345534,-0.06537924214810942,53432035.0,47.08122306595262,0.1244017419869261,0.023496184744855597,1
2023-04-26,104.9800033569336,104.9800033569336,106.62000274658205,104.0999984741211,105.04000091552734,73803800,AMZN,0.023496184744855597,0.006519657576983473,0.07959693195394357,104.90599975585937,102.68800010681153,98.65379989624023,0.0260108776374643,0.021109905119906583,0.13497511795136785,55186220.0,58.36208058877887,0.10817900511145528,0.046103983455159314,1
2023-04-27,109.81999969482422,109.81999969482422,110.86000061035156,106.8000030517578,108.16000366210938,149961200,AMZN,0.046103983455159314,0.057894251782813155,0.09546134358926905,106.10800018310547,103.16650009155273,98.85619995117187,0.0321477494727334,0.022360945234292752,1.031889956885689,60195115.0,64.32792429430197,0.3865985041050999,-0.039792412663683274,0
2023-04-28,105.4499969482422,105.4499969482422,109.4800033569336,104.33000183105467,107.7300033569336,130715900,AMZN,-0.039792412663683274,-0.014117447168617847,0.033823499492570575,105.80599975585938,103.33899993896485,98.94199981689454,0.036940706515207394,0.02424136229971431,-0.12833519603737498,64049240.0,55.2329278279642,0.2464570766436096,-0.0322427121373291,0
2023-05-01,102.0500030517578,102.0500030517578,105.2300033569336,101.81999969482422,104.9499969482422,74728100,AMZN,-0.0322427121373291,-0.03916764964291419,-0.012005013580972279,104.9740005493164,103.27700004577636,99.01999984741211,0.03938829575553452,0.025255039177025946,-0.4283166776191726,64948130.0,53.2779401708759,-0.08734181228216942,0.015482549283793778,1
2023-05-02,103.62999725341795,103.62999725341795,103.9000015258789,101.1500015258789,101.47000122070312,73469400,AMZN,0.015482549283793778,0.010334382000073417,0.011912836126183768,105.18600006103516,103.3379997253418,99.14859985351562,0.037102351599755085,0.025413770645854174,-0.016843730805413237,66564815.0,59.06816382258097,-0.20701288103030646,0.00019303553981608879,1
2023-05-03,103.6500015258789,103.6500015258789,105.95999908447266,103.27999877929688,103.73999786376952,65051900,AMZN,0.00019303553981608879,-0.012669096861548601,-0.002885958933819599,104.91999969482421,103.32299995422363,99.32999984741211,0.035239598426804214,0.02519491793266987,-0.1145715086825263,67384285.0,52.27852776844462,-0.2852825138957864,0.0033767339022539034,1
2023-05-04,104.0,104.0,105.38999938964844,103.30999755859376,104.04000091552734,45345500,AMZN,0.0033767339022539034,-0.05299580869602305,0.028684486346666205,103.75599975585938,103.46800003051757,99.49419982910156,0.024045487989119384,0.024347899943309718,-0.302933503863838,67392790.0,52.69244375353102,-0.3117898297606696,0.015961573674128537,1
2023-05-05,105.66000366210938,105.66000366210938,105.76000213623048,103.5500030517578,104.2699966430664,56951700,AMZN,0.015961573674128537,0.0019915288757215155,0.035273429253697586,103.79800109863281,103.64800033569335,99.69099990844727,0.01964673865433547,0.02449937913515489,0.2559504250697424,68049975.0,55.01719235644746,-0.22015186805633657,0.0016089169321718,1
2023-05-08,105.83000183105467,105.83000183105467,106.0999984741211,104.6999969482422,105.04000091552734,49430900,AMZN,0.0016089169321718,0.037040653270531854,0.03582268501226027,104.55400085449219,103.83100051879883,99.93759994506836,0.007750215191603146,0.02449859311459349,-0.13205575952956627,68658460.0,56.12209253399091,-0.153853447612871,0.007464810562779034,1
2023-05-09,106.62000274658205,106.62000274658205,106.79000091552734,105.16000366210938,105.4800033569336,44089400,AMZN,0.007464810562779034,0.028852702619033055,0.06705368995612182,105.152001953125,104.16600074768067,100.1947999572754,0.006341794427051775,0.023852709601095153,-0.10805993821678339,67842040.0,54.19985420731239,-0.06699504349995511,0.033483395262233095,1
2023-05-10,110.19000244140624,110.19000244140624,110.66999816894533,108.0500030517578,108.0999984741211,78627600,AMZN,0.033483395262233095,0.06309696883018812,0.12634161687634826,106.46000213623047,104.78400077819825,100.51399993896484,0.013032795896176088,0.024020585109947677,0.7833674307203091,68936670.0,60.39088846420517,0.2057624217601095,0.01805969525073503,1
2023-05-11,112.18000030517578,112.18000030517578,113.27999877929688,110.48999786376952,111.02999877929688,74924800,AMZN,0.01805969525073503,0.0786538490882287,0.09550779915589391,108.09600219726562,105.27300071716309,100.91419998168945,0.012119449047935157,0.02227024002582772,-0.04709287832771192,69286655.0,58.83548139320936,0.4794384201784594,-0.01711533396079612,0
2023-05-12,110.26000213623048,110.26000213623048,112.63999938964844,109.31999969482422,112.16000366210938,49852700,AMZN,-0.01711533396079612,0.04353585382063274,0.07560237868008879,109.01600189208985,105.66050071716309,101.2768000793457,0.01884184966370295,0.02279592159170188,-0.3346301892030409,69206765.0,56.59395014433995,0.48872403983604484,0.008525256609829501,1
2023-05-15,111.1999969482422,111.1999969482422,112.29000091552734,109.25,111.1500015258789,53011100,AMZN,0.008525256609829501,0.05074170862965777,0.08234377321761688,110.09000091552734,106.08350067138672,101.60279998779296,0.01844069558475868,0.022815198339576497,0.06335464277762282,69861345.0,65.4052147385481,0.5132122942870534,0.0197842143706235,1
2023-05-16,113.4000015258789,113.4000015258789,114.79000091552734,111.0500030517578,111.0500030517578,71472900,AMZN,0.0197842143706235,0.06359030767811724,0.10850438067440882,111.44600067138671,106.63850059509278,101.99580001831055,0.018822381638996282,0.022977698318866986,0.34826291097524864,71445465.0,65.14388824853175,0.6251867159381579,0.018518504813616277,1
2023-05-17,115.5,115.5,115.83000183105467,114.22000122070312,114.88999938964844,65655200,AMZN,0.018518504813616277,0.048189467655356255,0.10738251793419717,112.50800018310547,107.19850044250488,102.43479995727539,0.015569827954280227,0.02294542581817099,-0.08139728484502518,71808280.0,61.332806440112726,0.778318805207904,0.022943736154795724,1
2023-05-18,118.1500015258789,118.1500015258789,118.5999984741211,116.33999633789062,116.69000244140624,73174100,AMZN,0.022943736154795724,0.05321805316867767,0.13813702248852455,113.70200042724609,107.91550064086914,102.91940002441406,0.01636949156070636,0.023139148749415646,0.11452101280629723,72582140.0,77.20653539351052,0.9825462498871627,-0.01608126535201726,0
2023-05-19,116.25,116.25,118.30999755859376,115.6999969482422,118.16000366210938,55056300,AMZN,-0.01608126535201726,0.05432611779173224,0.08685490833064113,114.9,108.3800006866455,103.39940002441406,0.015933608128475187,0.02297527973683707,-0.24759853554741362,70996245.0,82.50915597363532,0.9154833465570489,-0.010666648290490466,0
2023-05-22,115.01000213623048,115.01000213623048,116.7699966430664,114.25,116.7699966430664,70741100,AMZN,-0.010666648290490466,0.034262637522927575,0.08285475122505992,115.66200103759766,108.8200008392334,103.885,0.018675651212027397,0.023085296312457825,0.2848865615742431,71054520.0,76.46512763444777,0.7219297771677322,-0.00017393506729324049,0
2023-05-23,114.98999786376952,114.98999786376952,117.13999938964844,113.77999877929688,114.2699966430664,67576300,AMZN,-0.00017393506729324049,0.01402113153876594,0.12108801994636287,115.98000030517578,109.44100074768066,104.33619995117188,0.017316756208573012,0.021279807167972592,-0.04473778326884936,71181995.0,76.37208450672236,0.5354524236397209,0.015305697616549097,1
2023-05-24,116.75,116.75,117.33999633789062,115.0199966430664,115.3499984741211,63487900,AMZN,0.015305697616549097,0.010822510822510845,0.11211655807485776,116.23000030517578,110.02950057983398,104.77360000610352,0.01663904524069416,0.021001281718139145,-0.06050050091526171,70666200.0,77.82627228708631,0.47556120233442334,-0.01498929336188437,0
2023-05-25,115.0,115.0,116.87000274658205,114.30999755859376,116.62999725341795,66496700,AMZN,-0.01498929336188437,-0.02666103669231823,0.04716809615343598,115.6,110.28850059509277,105.14960006713868,0.01313190860622944,0.01915181830674478,0.04739170771123313,66492975.0,70.30433986497962,0.2730672766063016,0.04443478791610045,1
2023-05-26,120.11000061035156,120.11000061035156,121.5,116.0199966430664,116.04000091552734,96779900,AMZN,0.04443478791610045,0.03320430632560489,0.1390232725118512,116.37200012207032,111.02150077819825,105.55100006103515,0.0240687319634518,0.018619733756004633,0.45540906541226867,64796175.0,75.55475578293857,0.4289746417926068,0.01290486257498391,1
2023-05-30,121.66000366210938,121.66000366210938,122.91999816894533,119.86000061035156,122.37000274658205,64314800,AMZN,0.01290486257498391,0.05782107123171687,0.19216070577093225,117.70200042724609,112.00200080871582,106.0052001953125,0.022017723469445534,0.016234815834509177,-0.33545291945951583,64275510.0,76.20208800810894,0.5731796236621447,-0.00887721353399129,0
2023-05-31,120.58000183105467,120.58000183105467,122.04000091552734,119.16999816894533,121.4499969482422,72800800,AMZN,-0.00887721353399129,0.04861295826709844,0.16356272340900468,118.82000122070312,112.84950103759766,106.46260025024414,0.023467312374777935,0.016628024807809873,0.13194474677679158,64242080.0,69.82067288855612,0.533343155189745,0.01816217265513198,1
2023-06-01,122.7699966430664,122.7699966430664,123.48999786376952,119.93000030517578,120.69000244140624,54375100,AMZN,0.01816217265513198,0.05156314041170362,0.1844669062779869,120.02400054931641,113.80550079345703,106.90580017089843,0.023670092044313255,0.016684537914159484,-0.2530974934341381,63708240.0,70.0492140655856,0.5877093141395706,0.01205508998453797,1
2023-06-02,124.25,124.25,126.38999938964844,124.0199966430664,124.91999816894533,61264400,AMZN,0.01205508998453797,0.08043478260869574,0.19471153846153855,121.8740005493164,114.81800079345703,107.41680023193359,0.0190845582848994,0.016653503552437478,0.1266995371042996,64504185.0,76.93491162155858,0.651620386659622,0.00845072878678299,1
2023-06-05,125.3000030517578,125.3000030517578,125.8000030517578,123.02999877929688,123.36000061035156,47950100,AMZN,0.00845072878678299,0.04321041058223862,0.18587922306396343,122.91200103759766,115.80000076293945,107.9486003112793,0.010336360364510851,0.016574306638479606,-0.21732523292483075,64054105.0,77.03220257667411,0.6892369124726017,0.01045488848114906,1
2023-06-06,126.61000061035156,126.61000061035156,127.4000015258789,125.0,125.06999969482422,45695200,AMZN,0.01045488848114906,0.040687134631279376,0.1963526260962345,123.9020004272461,116.8390007019043,108.51820037841797,0.010133748171679191,0.016493231967145732,-0.047025970748757584,63867320.0,76.2207102088163,0.7234219370680135,-0.04249267220189956,0
2023-06-07,121.2300033569336,121.2300033569336,127.37000274658205,120.62999725341795,127.01000213623048,95663300,AMZN,-0.04249267220189956,0.005390624614433515,0.13702870225090025,124.03200073242188,117.56950073242187,108.98200042724609,0.024762595180458664,0.02013907932950299,1.093508727393687,66446015.0,60.06322721412489,0.3250754629194397,0.024911297199049942,1
2023-06-08,124.25,124.25,125.62999725341795,122.26000213623048,123.01000213623048,62159300,AMZN,0.024911297199049942,0.01205508998453797,0.12759776065954975,124.3280014038086,118.27250061035156,109.5222004699707,0.026059754974983324,0.01962218005048221,-0.3502283529838507,65622600.0,60.57558535886586,0.21183567911723156,-0.006599595129369917,0
2023-06-09,123.43000030517578,123.43000030517578,125.8000030517578,123.19000244140624,124.08000183105467,51396000,AMZN,-0.006599595129369917,-0.006599595129369917,0.1002852555660132,124.16400146484375,118.83500061035156,109.98580047607422,0.025714335571241018,0.01961286474385189,-0.1731567118677334,64446160.0,62.93227621154416,0.03768905026122571,0.025439515368102628,1
2023-06-12,126.56999969482422,126.56999969482422,126.77999877929688,123.52999877929688,124.0199966430664,51338000,AMZN,0.025439515368102628,0.010135647343454846,0.14792306586791204,124.41800079345703,119.65050048828125,110.4772004699707,0.028278911331138704,0.019397616354634703,-0.0011284924896879378,64520425.0,69.48751876480986,0.0871282342573334,0.0007111003199982147,1
2023-06-13,126.66000366210938,126.66000366210938,128.41000366210938,125.18000030517578,128.1199951171875,50564800,AMZN,0.0007111003199982147,0.000394937615644686,0.13902884117040948,124.4280014038086,120.4235008239746,110.94460052490234,0.02791349709358789,0.019446044694304283,-0.015060968483384674,64398110.0,69.6266472933616,0.07927282507280164,-0.001894879884926537,0
2023-06-14,126.41999816894533,126.41999816894533,126.9499969482422,124.12000274658205,126.6999969482422,52422500,AMZN,-0.001894879884926537,0.04281114137010289,0.11481478366731013,125.46600036621093,121.07450065612792,111.42480041503906,0.015435310218833223,0.019282423713854132,0.03673899629781974,63445590.0,67.13930497611659,0.014676956786066953,0.005458016543269828,1
2023-06-15,127.11000061035156,127.11000061035156,127.69000244140624,124.31999969482422,125.20999908447266,60458500,AMZN,0.005458016543269828,0.023018113564197584,0.10051948580390957,126.03800048828126,121.65500068664551,111.88800048828125,0.012427358159464344,0.019042478920887725,0.1532929562687777,63185755.0,72.30201938624282,-0.022779027902534388,-0.012744888197649185,0
2023-06-16,125.48999786376952,125.48999786376952,127.9000015258789,125.3000030517578,127.70999908447266,84247100,AMZN,-0.012744888197649185,0.01668960182695023,0.062124386314822866,126.45,122.02200050354004,112.37580047607422,0.014016943544015465,0.018941715997421477,0.3934699008410727,63739405.0,61.3693886007355,-0.18862797122008423,0.002310948445805039,1
2023-06-20,125.77999877929688,125.77999877929688,127.25,124.5,124.97000122070312,56930100,AMZN,0.002310948445805039,-0.006241612684144249,0.08197848412298381,126.29199981689453,122.49850044250488,112.85020050048828,0.006965458496541667,0.018395537452611927,-0.32424854980171425,63833095.0,59.19641391355762,-0.3039351650592712,-0.007552845901271921,0
2023-06-21,124.83000183105467,124.83000183105467,126.7300033569336,123.8499984741211,125.63999938964844,52137700,AMZN,-0.007552845901271921,-0.014448142887604765,0.08538387542322012,125.92599945068359,122.9895004272461,113.30340057373047,0.007358503981756983,0.018276704295439712,-0.08418042476651189,62902925.0,59.541982902211515,-0.4599602129284328,0.04261789623803569,1
2023-06-22,130.14999389648438,130.14999389648438,130.3300018310547,125.13999938964844,125.30999755859376,90354600,AMZN,0.04261789623803569,0.029504791817465126,0.13183751903948338,126.6719985961914,123.74750022888183,113.90800048828125,0.02173604178072347,0.020139665145319143,0.7329993459627102,64041840.0,64.52755277573274,-0.23214293865855495,-0.006300361919969633,0
2023-06-23,129.3300018310547,129.3300018310547,130.83999633789062,128.27999877929688,129.11000061035156,71927800,AMZN,-0.006300361919969633,0.017465197152412903,0.10775162167926933,127.11599884033203,124.37650032043457,114.53800048828126,0.022436546692022243,0.020216335954911447,-0.20393870372952794,64463835.0,60.26678220752947,-0.16699363349495133,-0.015464315871677181,0
2023-06-26,127.33000183105467,127.33000183105467,131.49000549316406,127.0999984741211,129.3300018310547,59989300,AMZN,-0.015464315871677181,0.014662554774147463,0.10721740722656237,127.48399963378907,124.99300041198731,115.03660049438477,0.02296066201554737,0.020241718885610577,-0.1659789399926037,64138465.0,53.95095327387015,-0.2821414315962194,0.014529104045574393,1
2023-06-27,129.17999267578125,129.17999267578125,130.08999633789062,127.5500030517578,128.6300048828125,46801000,AMZN,0.014529104045574393,0.027031276271915594,0.07551404561934527,128.16399841308595,125.44650001525879,115.57000030517578,0.023496643896366933,0.018200198765255356,-0.21984420554998974,61639520.0,54.89895916714755,-0.2579192444156009,-0.001083754432466999,0
2023-06-28,129.0399932861328,129.0399932861328,131.47999572753906,128.44000244140625,128.94000244140625,52149500,AMZN,-0.001083754432466999,0.033725798232190574,0.06066077101657941,129.00599670410156,125.81549949645996,116.09600021362304,0.022760249006262157,0.01810056153361169,0.11428174611653596,61031255.0,68.60408861736278,-0.27402109523093054,-0.008834406537251538,0
2023-06-29,127.9000015258789,127.9000015258789,129.25999450683594,127.26000213623048,128.77000427246094,40761000,AMZN,-0.008834406537251538,-0.01728768710043138,0.06070658138718832,128.55599822998047,126.18149948120117,116.60800018310547,0.011294972661145725,0.01809907262278641,-0.2183817678021841,59429265.0,59.54998896111955,-0.3777458136516052,0.019233769000189582,1
2023-06-30,130.36000061035156,130.36000061035156,131.25,128.9499969482422,129.47000122070312,54350700,AMZN,0.019233769000189582,0.007964113235244374,0.06182295491423573,128.76199798583986,126.56099967956543,117.12920013427734,0.014877439750555848,0.018147509545117787,0.3333995731213659,59428045.0,66.69881433562972,-0.3003494622188483,-0.0010739443770555468,0
2023-07-03,130.22000122070312,130.22000122070312,131.85000610351562,130.07000732421875,130.82000732421875,28264800,AMZN,-0.0010739443770555468,0.0226969241191326,0.04804829956300294,129.33999786376953,126.85949974060058,117.65740020751953,0.011807897580219833,0.01804599549913314,-0.4799551799700832,57778065.0,60.28170769710187,-0.27872844910275596,0.0012287180203460757,1
2023-07-05,130.3800048828125,130.3800048828125,131.39999389648438,129.63999938964844,130.24000549316406,35895400,AMZN,0.0012287180203460757,0.009289458701573494,0.04054271115186081,129.5800003051758,127.11349983215332,118.12580032348633,0.010414948525762987,0.01799291209677808,0.26996829979338255,57175330.0,60.437727447874266,-0.2734189743124249,-0.015493205988729275,0
2023-07-06,128.36000061035156,128.36000061035156,128.72999572753906,127.37000274658205,128.25,40639900,AMZN,-0.015493205988729275,-0.005269627333856386,0.013821972921283843,129.44400177001953,127.20099983215331,118.56880035400391,0.013093970586351696,0.018294979589126473,0.13217571053672605,56922565.0,54.94899198445464,-0.41711142351845565,0.011062622017709689,1
2023-07-07,129.77999877929688,129.77999877929688,130.97000122070312,128.1300048828125,128.58999633789062,41992300,AMZN,0.011062622017709689,0.01469896193111131,0.0705270575402841,129.82000122070312,127.62849960327148,119.11300033569336,0.013136532139778124,0.015290567007494645,0.03327764093907715,54239015.0,56.56665503304322,-0.4261791957658203,-0.02041918285409683,0
2023-07-10,127.12999725341795,127.12999725341795,129.27999877929688,125.91999816894533,129.07000732421875,61889300,AMZN,-0.02041918285409683,-0.024777564757675563,0.023179052341391948,129.1740005493164,127.77249946594239,119.55600021362305,0.012845803137536818,0.015312975521016674,0.4738249631480056,54225515.0,53.838955257253104,-0.6091580046718335,0.012978852839820698,1
2023-07-11,128.77999877929688,128.77999877929688,129.77000427246094,127.3499984741211,127.75,49951500,AMZN,0.012978852839820698,-0.011058227829115586,0.043344393266575576,128.88600006103516,128.03999938964844,119.9352001953125,0.015220653469586346,0.015409815918546154,-0.1928895624930319,54153290.0,56.602121189327406,-0.6157442871331855,0.01568569880112225,1
2023-07-12,130.8000030517578,130.8000030517578,131.25999450683594,128.8300018310547,130.30999755859375,54022800,AMZN,0.01568569880112225,0.0032213388036210766,0.03342026836637957,128.96999969482422,128.25149955749512,120.44220031738281,0.01725503779642336,0.014778201524024656,0.08150505990811086,54287530.0,62.547302931178244,-0.48640977082455095,0.026758409161619312,1
2023-07-13,134.3000030517578,134.3000030517578,134.6699981689453,132.7100067138672,134.0399932861328,61170900,AMZN,0.026758409161619312,0.04627611727299441,0.060318957593192835,130.15800018310546,128.63349952697754,121.08720031738281,0.01764515671469738,0.015794810998584142,0.13231635531664399,54817835.0,59.444724185230825,-0.18310416408045338,0.002829408900884234,1
2023-07-14,134.67999267578125,134.67999267578125,136.64999389648438,134.05999755859375,134.05999755859375,54487100,AMZN,0.002829408900884234,0.037756156130169805,0.06533772050682529,131.13799896240235,129.04649925231934,121.70820022583008,0.017812796008065176,0.01575223434561839,-0.10926437243852882,54921065.0,62.42451216841518,0.014648928820640172,-0.008315972513331604,0
2023-07-17,133.55999755859375,133.55999755859375,135.6199951171875,133.2100067138672,134.55999755859375,48450200,AMZN,-0.008315972513331604,0.05057815184529879,0.05074342630218598,132.4239990234375,129.36899909973144,122.30640014648438,0.013312930082094944,0.01595212546085619,-0.11079503221863529,54320650.0,65.08475102285718,0.04011829721736637,-0.005465676406731013,0
2023-07-18,132.8300018310547,132.8300018310547,133.86000061035156,131.35000610351562,132.7100067138672,54882900,AMZN,-0.005465676406731013,0.03144900675685447,0.058490749001792075,133.23399963378907,129.7359992980957,122.88300018310547,0.014754157300394912,0.015664089948233904,0.13276931777371415,52852440.0,59.34462937831123,-0.018934169369125176,0.019046892602732513,1
2023-07-19,135.36000061035156,135.36000061035156,135.99000549316406,132.52999877929688,133.38999938964844,54531000,AMZN,0.019046892602732513,0.03486236584252489,0.07616474736865353,134.1459991455078,130.21499938964843,123.47700012207031,0.015353207875164676,0.01606929020162054,-0.006411833193945671,52732485.0,64.41608634031022,0.0802207315017025,-0.03989357175040831,0
2023-07-20,129.9600067138672,129.9600067138672,134.7899932861328,129.3300018310547,134.07000732421875,59820600,AMZN,-0.03989357175040831,-0.03231568309211452,0.041095928923845504,133.2779998779297,130.47149963378905,123.95960021972657,0.02155853372184067,0.018685851943147046,0.09700170545194475,53116630.0,53.93431314864825,-0.2329173643742668,0.00030773533446226686,1
2023-07-21,130.0,130.0,131.3699951171875,128.4199981689453,131.33999633789062,133307300,AMZN,0.00030773533446226686,-0.03474898225638845,-0.001152469485351415,132.34200134277344,130.46399993896483,124.42720016479493,0.021317975315294262,0.01608030632645721,1.2284514030283882,55264265.0,49.242422296347,-0.44035936776604734,-0.009230745755709147,0
2023-07-24,128.8000030517578,128.8000030517578,131.66000366210938,128.35000610351562,130.30999755859375,45591100,AMZN,-0.009230745755709147,-0.03563937252056093,-0.004098034267325024,131.39000244140624,130.4375,124.79940017700196,0.02133746686326114,0.016154545404269506,-0.6579999744950202,53947430.0,47.13940472223691,-0.6488082673027162,0.002562125956798944,1
2023-07-25,129.1300048828125,129.1300048828125,129.5800018310547,128.52999877929688,129.30999755859375,39236700,AMZN,0.002562125956798944,-0.027855129844447157,0.014136519483806564,130.6500030517578,130.5275001525879,125.13840026855469,0.021783576031867303,0.015748847720388152,-0.13937808037094956,52909800.0,47.49899709539287,-0.7478413210568111,-0.007589335934878205,0
2023-07-26,128.14999389648438,128.14999389648438,129.0800018310547,126.11000061035156,126.51000213623048,53910100,AMZN,-0.007589335934878205,-0.05326541579016375,-0.007973361493230469,129.20800170898437,130.47600021362305,125.49620010375976,0.017037679962261378,0.01551034034290551,0.3739713074748896,53265255.0,49.56157228721459,-0.8550006420225262,0.0007803832093540297,1
2023-07-27,128.25,128.25,132.6300048828125,127.79000091552734,131.0,52610700,AMZN,0.0007803832093540297,-0.013157945718117015,-0.006122080961218579,128.86600036621093,130.4365005493164,125.83720016479492,0.005370846144345542,0.015510890593343594,-0.02410309014451839,53288315.0,46.61953274235561,-0.8907629941981399,0.030877245332297854,1
2023-07-28,132.2100067138672,132.2100067138672,133.00999450683594,129.3300018310547,129.69000244140625,46317400,AMZN,0.030877245332297854,0.017000051645132297,0.033698241880913526,129.30800170898436,130.65200080871583,126.2134002685547,0.01614646037880821,0.016831875348175866,-0.11962015331482001,53566135.0,60.609880036190255,-0.6315339375957241,0.011118568090654923,1
2023-07-31,133.67999267578125,133.67999267578125,133.8699951171875,132.3800048828125,133.1999969482422,41901500,AMZN,0.011118568090654923,0.03788811730122732,0.025467873963526566,130.28399963378905,130.8180004119873,126.57700012207032,0.014635582874604041,0.016483532129588512,-0.09533998022341494,52943675.0,60.31144397335104,-0.35846711006450205,-0.014886223394710907,0
2023-08-01,131.69000244140625,131.69000244140625,133.69000244140625,131.6199951171875,133.5500030517578,42098500,AMZN,-0.014886223394710907,0.019824962919477773,0.01128859781080549,130.7959991455078,130.89150047302246,126.84780014038085,0.0178494420470309,0.016876756283245396,0.004701502332852048,53635360.0,51.87526484293971,-0.3110322287756331,-0.026425663778747666,0
2023-08-02,128.2100067138672,128.2100067138672,130.22999572753906,126.81999969482422,130.14999389648438,51027600,AMZN,-0.026425663778747666,0.0004683013674686709,-0.016643642335308573,130.80800170898436,130.7830005645752,127.08700027465821,0.022344587411257368,0.017930859415196062,0.212100193593596,54391970.0,37.15730415173607,-0.5018854593183413,0.005459768439170398,1
2023-08-03,128.91000366210938,128.91000366210938,129.83999633789062,126.41000366210938,127.4800033569336,88585200,AMZN,0.005459768439170398,0.005146227384868363,0.004284847687305637,130.94000244140625,130.81050071716308,127.36500030517578,0.02246776726404937,0.017629739984997467,0.7360252098864144,56789235.0,37.99418095182458,-0.5641869544080664,0.08269337801006271,1
2023-08-04,139.57000732421875,139.57000732421875,143.6300048828125,139.32000732421875,141.05999755859375,153128500,AMZN,0.08269337801006271,0.05566901321077977,0.07543541868551484,132.41200256347656,131.30000114440918,127.85660049438476,0.04254313525689666,0.02545661071599865,0.7286013916545879,62346045.0,58.951465472022804,0.09426149142372409,0.01898684357254843,1
2023-08-07,142.22000122070312,142.22000122070312,142.5399932861328,138.9499969482422,140.99000549316406,71213100,AMZN,0.01898684357254843,0.06388396927604756,0.1186974301368473,134.12000427246093,132.05450134277345,128.36600051879884,0.04266658995969707,0.024992476157374217,-0.5349454869602981,62812235.0,63.2290870817857,0.6585501300084742,-0.016031491771390738,0
2023-08-08,139.94000244140625,139.94000244140625,140.83999633789062,138.4199981689453,140.6199951171875,51710500,AMZN,-0.016031491771390738,0.06264712466438538,0.08665944842285156,135.77000427246094,132.6125015258789,128.86480056762696,0.04285748092946931,0.025399399528660164,-0.2738625337192174,62900185.0,56.498304601844474,0.8181186985481834,-0.01493494570121734,0
2023-08-09,137.85000610351562,137.85000610351562,140.32000732421875,137.10000610351562,139.97000122070312,50017300,AMZN,-0.01493494570121734,0.07518913411464445,0.053899104642743056,137.69800415039063,132.9650016784668,129.21960067749023,0.04046011423888672,0.025609346955658287,-0.0327438334574216,62699910.0,62.35515967739083,0.7259125738047545,0.005150463718840648,1
2023-08-10,138.55999755859375,138.55999755859375,140.41000366210938,137.49000549316406,139.07000732421875,58928400,AMZN,0.005150463718840648,0.07485837888716773,0.031719988161088786,139.6280029296875,133.1780014038086,129.55760055541992,0.040479027853537575,0.02499981940015006,0.1781603565166452,62587785.0,63.1288404434975,0.6577667244928125,-0.0010825194798443905,0
2023-08-11,138.41000366210938,138.41000366210938,139.3300018310547,137.0,137.39999389648438,42905800,AMZN,-0.0010825194798443905,-0.008311267473209427,0.027695360774985245,139.39600219726563,133.364501953125,129.91420059204103,0.014626532784928575,0.025007071662599564,-0.27189945764690704,62008720.0,65.22980820338364,0.551892268251148,0.015605834874352187,1
2023-08-14,140.57000732421875,140.57000732421875,140.58999633789062,137.75,138.3000030517578,47148700,AMZN,0.015605834874352187,-0.011601700761652012,0.05248584826118807,139.06600341796874,133.71500244140626,130.27020080566408,0.01347031655177018,0.025076983241598034,0.0988887283304356,61943645.0,67.13602640348512,0.5740811395542291,-0.020630355012962953,0
2023-08-15,137.6699981689453,137.6699981689453,141.27999877929688,137.22999572753906,140.0500030517578,42781500,AMZN,-0.020630355012962953,-0.016221267920953464,0.03643752368569997,138.61200256347655,133.95700225830078,130.53860076904297,0.014742771672671844,0.02556621877936214,-0.09262609573540737,61338575.0,63.48443580691609,0.35114780232981246,-0.018885675014943426,0
2023-08-16,135.07000732421875,135.07000732421875,137.27000427246094,135.00999450683594,137.19000244140625,41675900,AMZN,-0.018885675014943426,-0.020166838274996435,-0.0021423853784368063,138.05600280761718,133.94250259399413,130.7340008544922,0.015610721408126657,0.025649272239591667,-0.02584294613325855,60695820.0,59.021183905753865,0.004609278334049449,-0.008069975106044458,0
2023-08-17,133.97999572753906,133.97999572753906,136.08999633789062,133.52999877929688,135.4600067138672,48354100,AMZN,-0.008069975106044458,-0.03305428631461915,0.030932508510273404,137.14000244140624,134.14350204467775,130.88140075683594,0.014777435560099554,0.02396294553859028,0.16024129053001857,60122495.0,52.5336257246076,-0.3048836174981222,-0.005672447612115605,0
2023-08-18,133.22000122070312,133.22000122070312,134.07000732421875,131.14999389648438,131.6199951171875,48497700,AMZN,-0.005672447612115605,-0.037497307305014105,0.024769240159254746,136.102001953125,134.30450210571288,131.12120071411132,0.014487749863783195,0.024019641746875334,0.0029697585106536195,55882015.0,49.327890343523705,-0.5531770911485197,0.01095925117625085,1
2023-08-21,134.67999267578125,134.67999267578125,135.19000244140625,132.7100067138672,133.74000549316406,41442500,AMZN,0.01095925117625085,-0.04190093434976094,0.04565209227254896,134.9239990234375,134.59850158691407,131.32980056762696,0.01266730165140447,0.023969586824367062,-0.14547494004870332,55674585.0,54.43750775621788,-0.6071608781466526,-0.0031926989840012077,0
2023-08-22,134.25,134.25,135.64999389648438,133.72999572753906,135.0800018310547,32905400,AMZN,-0.0031926989840012077,-0.024842000540657883,0.03964992583895577,134.23999938964843,134.85450134277343,131.54620056152345,0.01073136879322767,0.024003310429087456,-0.20599867285998674,55358020.0,59.85639592414621,-0.6557557280635096,0.009459994580714559,1
2023-08-23,135.52000427246094,135.52000427246094,135.9499969482422,133.22000122070312,134.5,42801000,AMZN,0.009459994580714559,0.003331583059457577,0.0575108133202864,134.3299987792969,135.22300186157227,131.72520065307617,0.008869376340141837,0.023939582873282843,0.3007287557665308,54802565.0,60.58956368434768,-0.5884410406030716,-0.027154721211281152,0
2023-08-24,131.83999633789062,131.83999633789062,136.77999877929688,131.8300018310547,136.39999389648438,43646300,AMZN,-0.027154721211281152,-0.015972529167714966,0.02799217417458566,133.9019989013672,135.4025016784668,131.8288005065918,0.015335169341388608,0.024876437697645276,0.01974953856218309,54354345.0,34.048664429800695,-0.766562286565067,0.010770617478674804,1
2023-08-25,133.25999450683594,133.25999450683594,133.8699951171875,130.5800018310547,132.47000122070312,44147500,AMZN,0.010770617478674804,0.0003002048173423866,0.007941817862857858,133.90999755859374,135.45500106811522,131.9656004333496,0.016378592380702616,0.024025577164266364,0.01148321850878542,54245850.0,30.521711612675958,-0.7619629851744818,-0.0009004586682715976,0
2023-08-28,133.13999938964844,133.13999938964844,133.9499969482422,131.85000610351562,133.77999877929688,34108400,AMZN,-0.0009004586682715976,-0.011434462205830997,-0.004039447304896804,133.60199890136718,135.4280014038086,132.08620040893555,0.015244709750027782,0.02390024775663162,-0.22739905996942067,53856195.0,33.685198595077196,-0.7396211936108137,0.013294308852149106,1
2023-08-29,134.91000366210938,134.91000366210938,135.13999938964844,133.25,133.3800048828125,38646100,AMZN,0.013294308852149106,0.004916228395600575,0.024451371865801486,133.73399963378907,135.58900146484376,132.27460052490235,0.016691632953965953,0.02380315299236468,0.13303760950381727,53683575.0,42.83624752565069,-0.585028854593268,0.0011860029483812262,1
2023-08-30,135.07000732421875,135.07000732421875,135.67999267578125,133.9199981689453,134.92999267578125,36137000,AMZN,0.0011860029483812262,-0.003320520469712207,0.05350596873192104,133.6440002441406,135.93200149536133,132.4604006958008,0.01605279101364928,0.022883003923126904,-0.06492505065194154,52939045.0,41.2619178241289,-0.4570614990123827,0.021766395374215985,1
2023-08-31,138.00999450683594,138.00999450683594,138.7899932861328,135.0,135.05999755859375,58781300,AMZN,0.021766395374215985,0.046799137896911924,0.07059181278575455,134.87799987792968,136.38700103759766,132.7240005493164,0.009265327563871502,0.023268129432108552,0.6266236820986799,51448850.0,49.121245053127545,-0.17403663813281567,0.0007970481467276525,1
2023-09-01,138.1199951171875,138.1199951171875,139.9600067138672,136.8800048828125,139.4600067138672,40991500,AMZN,0.0007970481467276525,0.036470064615695685,-0.010389139005079318,135.85,136.3145004272461,132.88340057373046,0.009900754408197699,0.013981655396379068,-0.3026438680328608,45842000.0,44.0849511880641,0.01113216524612659,-0.006154002858205887,0
2023-09-05,137.27000427246094,137.27000427246094,137.8000030517578,135.82000732421875,137.72999572753906,40636700,AMZN,-0.006154002858205887,0.03102001578598168,-0.034805209574992,136.6760009765625,136.06700057983397,133.0422006225586,0.011175787376234482,0.013255482151102404,-0.008655452959760002,44313180.0,48.92820345081365,0.06397004851605925,-0.013914209970579572,0
2023-09-06,135.36000061035156,135.36000061035156,137.4499969482422,134.61000061035156,136.32000732421875,41785500,AMZN,-0.013914209970579572,0.0033355343267889026,-0.032728324647359974,136.76600036621093,135.83800048828124,133.20280059814453,0.013272005786517355,0.013142858862337922,0.02827001208267399,43816930.0,50.806882339105414,-0.03669771671637445,0.018395430569861038,1
2023-09-07,137.85000610351562,137.85000610351562,138.02999877929688,133.16000366210938,133.89999389648438,48498900,AMZN,0.018395430569861038,0.020581910332053477,0.0,137.3220001220703,135.83800048828124,133.3762008666992,0.015467677297163689,0.013469428482698559,0.16066338801737445,43741010.0,59.9897119260519,0.052579268653051514,0.0027565441218631026,1
2023-09-08,138.22999572753906,138.22999572753906,138.85000610351562,136.75,136.86000061035156,38348200,AMZN,0.0027565441218631026,0.001594096293455305,-0.00238165297971471,137.36600036621093,135.8215003967285,133.56000091552735,0.012014524419637386,0.013432644884034903,-0.20929753045945376,42712000.0,63.191156158122716,0.12145377458638495,0.035231212663680456,1
2023-09-11,143.10000610351562,143.10000610351562,143.6199951171875,138.63999938964844,138.75,56764500,AMZN,0.035231212663680456,0.036055684639308305,0.033884851653176895,138.36200256347655,136.05600051879884,133.86400100708008,0.019716428824778476,0.015567902767938131,0.4802389681914667,43404935.0,68.79467795090756,0.4601957034228119,-0.013067856717097759,0
2023-09-12,141.22999572753906,141.22999572753906,143.0,140.61000061035156,142.32000732421875,42668500,AMZN,-0.013067856717097759,0.028848192116451843,0.0046950869241835225,139.15400085449218,136.08899993896483,134.08140090942382,0.021087423302054712,0.015548170233991366,-0.24832421671995697,43180925.0,64.63924566318416,0.5191466355116288,0.025632022130484877,1
2023-09-13,144.85000610351562,144.85000610351562,144.97999572753906,140.8699951171875,140.9499969482422,60465200,AMZN,0.025632022130484877,0.07010937832722153,0.05215375920728338,141.052001953125,136.44800033569337,134.37400100708007,0.019132764397828544,0.0157033012522258,0.41709223431805675,44065110.0,67.81213349654419,0.7488167445247516,-0.0008975138235036706,0
2023-09-14,144.72000122070312,144.72000122070312,145.86000061035156,142.9499969482422,145.0800018310547,64033600,AMZN,-0.0008975138235036706,0.04983674147992878,0.0714443871563637,142.4260009765625,136.93050003051758,134.6608009338379,0.019901631816048215,0.014898736551646401,0.05901576443971068,45182995.0,78.44522206106747,0.8324267217003061,-0.029919857618376344,0
2023-09-15,140.38999938964844,140.38999938964844,143.57000732421875,140.08999633789062,142.69000244140625,102909300,AMZN,-0.029919857618376344,0.01562615733828787,0.047842990494974424,142.85800170898438,137.25100021362306,134.90140090942384,0.026959973351879194,0.016510447797689044,0.6071140776092552,47910755.0,63.95303282399074,0.5501748025730686,-0.0029204620264398073,0
2023-09-18,139.97999572753906,139.97999572753906,141.75,139.22000122070312,140.47999572753906,42823500,AMZN,-0.0029204620264398073,-0.021803006589109497,0.05074308996317134,142.23399963378907,137.58899993896483,135.10540084838868,0.020264729848380295,0.016450385794429666,-0.583871428529783,47627045.0,63.23527327612474,0.3023150124134766,-0.016788047695762587,0
2023-09-19,137.6300048828125,137.6300048828125,138.83999633789062,135.55999755859375,138.6999969482422,61482500,AMZN,-0.016788047695762587,-0.025490270860530684,0.021903863732253726,141.51400146484374,137.73650054931642,135.31540100097655,0.020733009729843335,0.016873468531221823,0.43571870585075945,48629045.0,55.147615136803466,-0.035489724722592264,-0.01700219075536713,0
2023-09-20,135.2899932861328,135.2899932861328,139.3699951171875,135.1999969482422,138.5500030517578,46263700,AMZN,-0.01700219075536713,-0.06599939533693111,0.007746691144378426,139.60199890136718,137.78850021362305,135.4456008911133,0.011868418659414917,0.017339608017335698,-0.2475305981376814,49296960.0,50.38459055524344,-0.4112441890252718,-0.04405345369833069,0
2023-09-21,129.3300018310547,129.3300018310547,132.24000549316406,129.30999755859375,131.94000244140625,70343300,AMZN,-0.04405345369833069,-0.10634327846762626,-0.04567593156919725,136.5239990234375,137.47900009155273,135.41620086669923,0.015533485633018242,0.019837728578415637,0.5204858236587215,50674075.0,36.274532512968996,-1.0211684861211126,-0.0016238050792075631,0
2023-09-22,129.1199951171875,129.1199951171875,132.02999877929688,128.52000427246094,131.11000061035156,59904300,AMZN,-0.0016238050792075631,-0.08027640374284328,-0.02063107779320683,134.2699981689453,137.34300003051757,135.3126007080078,0.017067736332089672,0.01894518187336863,-0.14840077164420773,51486975.0,35.813381155702984,-1.3766146155699632,0.01665124873434287,1
2023-09-25,131.27000427246094,131.27000427246094,131.77999877929688,128.77000427246094,129.36000061035156,46017800,AMZN,0.01665124873434287,-0.062223115594541745,-0.0149331406003691,132.5279998779297,137.24350051879884,135.2444009399414,0.022373781704464458,0.019179548754698728,-0.23181140585901183,51580490.0,40.91461098464789,-1.4001774036359167,-0.040298626825268746,0
2023-09-26,125.9800033569336,125.9800033569336,130.38999938964844,125.27999877929688,130.1199951171875,73048200,AMZN,-0.040298626825268746,-0.08464725069070878,-0.053777948516886775,130.1979995727539,136.8855007171631,135.0928010559082,0.02570601676195871,0.02113785810912298,0.5873900968755568,53527480.0,37.11540513185107,-1.6860997166544804,0.0,0
2023-09-27,125.9800033569336,125.9800033569336,127.4800033569336,124.12999725341795,125.76000213623048,66553400,AMZN,0.0,-0.06881506682840144,-0.06619227679766082,128.33600158691405,136.4390007019043,134.9558010864258,0.026848677242615554,0.02082014284805827,-0.08891115729066557,54922845.0,32.49780579243797,-1.7800369147126605,0.0,0
2023-09-28,125.9800033569336,125.9800033569336,126.58000183105467,123.04000091552734,124.04000091552734,54555000,AMZN,0.0,-0.025902717286722332,-0.06729846356982672,127.66600189208984,135.98450050354003,134.76820114135742,0.02107221874641349,0.020808645322588522,-0.18028229962706643,55843745.0,31.73281642540327,-1.7446601547442868,0.009049050319664964,1
2023-09-29,127.12000274658205,127.12000274658205,129.14999389648438,126.31999969482422,128.1999969482422,62411700,AMZN,0.009049050319664964,-0.015489408660450232,-0.07890726899285894,127.26600341796875,135.44000091552735,134.71140106201173,0.02202559014736962,0.02018836711746238,0.14401429749793793,56025265.0,23.18795089851362,-1.553357888125338,0.01840783446134764,1
2023-10-02,129.4600067138672,129.4600067138672,130.47000122070312,126.54000091552734,127.27999877929688,48029700,AMZN,0.01840783446134764,-0.01378835605761819,-0.06269902048557685,126.90400390625,135.00700149536132,134.70060119628906,0.022426161828878764,0.02077970655182038,-0.23043756218785905,56377175.0,30.55834904830533,-1.1942310100907017,-0.03661366636292884,0
2023-10-03,124.72000122070312,124.72000122070312,128.52000427246094,124.25,128.05999755859375,51565000,AMZN,-0.03661366636292884,-0.010001604243973228,-0.09142567684960423,126.65200347900391,134.37950134277344,134.61900115966796,0.020883755145999796,0.022095600131464204,0.07360653928714944,56923590.0,17.935671067681582,-1.1978487108320888,0.018280939360016735,1
2023-10-04,127.0,127.0,127.36000061035156,125.68000030517578,126.05999755859376,44203900,AMZN,0.018280939360016735,0.008096496395356478,-0.06176123354503171,126.85600280761719,133.96150131225585,134.5764010620117,0.022797132158633195,0.022545575117901645,-0.14275380587607878,57044510.0,23.583797488625294,-0.9779076279988188,-0.008188983586829512,0
2023-10-05,125.95999908447266,125.95999908447266,126.7300033569336,124.33000183105467,126.70999908447266,39660600,AMZN,-0.008188983586829512,-0.0001587892675654068,-0.08625322083855702,126.852001953125,133.36700096130372,134.5326011657715,0.023250653387036482,0.021998589489720336,-0.10278052389042591,56602595.0,26.148777872805354,-0.83901968077629,0.015878056641289273,1
2023-10-06,127.95999908447266,127.95999908447266,128.4499969482422,124.12999725341795,124.16000366210938,46836700,AMZN,0.015878056641289273,0.006607900564360225,-0.07429644042895933,127.02000122070312,132.8535011291504,134.52680114746093,0.024086911970294396,0.022410921784109843,0.18093775686701674,57027020.0,31.12438852859883,-0.5622969523879879,0.0023444468936362206,1
2023-10-09,128.25999450683594,128.25999450683594,128.7899932861328,124.76000213623048,126.22000122070312,38773700,AMZN,0.0023444468936362206,-0.009269366173319638,-0.10370378031951111,126.77999877929688,132.11150054931642,134.4478009033203,0.022280296828134778,0.02053922118046697,-0.1721513257765812,56127480.0,34.273241206995365,-0.3208970482818634,0.009511938819224852,1
2023-10-10,129.47999572753906,129.47999572753906,130.74000549316406,128.0500030517578,128.82000732421875,42178600,AMZN,0.009511938819224852,0.038165446281648974,-0.08319762341895198,127.73199768066407,131.5240005493164,134.36380096435548,0.010760704101662608,0.02070714549311965,0.0878146785063072,56102985.0,39.867466275803416,-0.054847377954023724,0.01814956889912689,1
2023-10-11,131.8300018310547,131.8300018310547,132.0500030517578,129.61000061035156,129.74000549316406,40741800,AMZN,0.01814956889912689,0.0380315104807456,-0.08988611476589325,128.697998046875,130.87300033569335,134.36660095214845,0.010728109983781119,0.020202618512236984,-0.0340646678647466,55116815.0,54.98802314267378,0.2849448049439123,0.0037927633547389927,1
2023-10-12,132.3300018310547,132.3300018310547,134.47999572753906,131.22999572753906,132.1699981689453,55528600,AMZN,0.0037927633547389927,0.05057163220769878,-0.08561359373369026,129.9719985961914,130.25350036621094,134.4490008544922,0.007041335314409962,0.020273755274987103,0.36293929085116505,54691565.0,56.33136885367766,0.5344323839597624,-0.019194502454286222,0
2023-10-13,129.7899932861328,129.7899932861328,133.30999755859375,128.9499969482422,132.97999572753906,45786600,AMZN,-0.019194502454286222,0.014301298958685482,-0.07550399707671207,130.33799743652344,129.72350006103517,134.46660064697267,0.013834175244189678,0.01969302702005927,-0.17544112403338097,51835430.0,47.12507810193622,0.5190159127723022,0.021265196921155027,1
2023-10-16,132.5500030517578,132.5500030517578,133.07000732421875,130.42999267578125,130.69000244140625,42832900,AMZN,0.021265196921155027,0.03344775244546905,-0.05307896058407657,131.1959991455078,129.35200042724608,134.32620056152345,0.016047754880838403,0.02047256371222103,-0.06451014052146264,51835900.0,64.1533634542278,0.6754227163744522,-0.008147882355257097,0
2023-10-17,131.47000122070312,131.47000122070312,132.5800018310547,128.7100067138672,130.38999938964844,49344600,AMZN,-0.008147882355257097,0.015369211915573278,-0.04475770866501394,131.59400024414063,129.04400024414062,134.11120056152345,0.017179034135974658,0.02024557461065404,0.15202566251643024,51229005.0,61.30092787012017,0.6847259226224733,-0.025405007278304192,0
2023-10-18,128.1300048828125,128.1300048828125,130.6699981689453,127.51000213623048,129.89999389648438,42699500,AMZN,-0.025405007278304192,-0.028066425675878248,-0.05292326675024095,130.8540008544922,128.6860008239746,133.87500061035155,0.018664699524102903,0.020654392888398505,-0.13466721789213,51050795.0,53.89069736682605,0.4555515559243961,0.002107149015711185,1
2023-10-19,128.39999389648438,128.39999389648438,132.24000549316406,127.47000122070312,130.57000732421875,60961400,AMZN,0.002107149015711185,-0.02969854061959243,-0.007190968231680639,130.06799926757813,128.6395004272461,133.68600036621095,0.018468224846671502,0.0182011723228396,0.42768416491996386,50581700.0,52.39161120676356,0.3182603029851707,-0.025155731161039308,0
2023-10-20,125.16999816894533,125.16999816894533,128.1699981689453,124.97000122070312,128.0500030517578,56406400,AMZN,-0.025155731161039308,-0.03559592692945379,-0.030591675167407018,129.1440002441406,128.44200057983397,133.41820037841796,0.01969474171471873,0.01903924458853652,-0.07471941261191506,50406805.0,42.24230176411412,0.02167041083088539,0.011104892625885654,1
2023-10-23,126.55999755859376,126.55999755859376,127.87999725341795,123.9800033569336,124.62999725341795,48260000,AMZN,0.011104892625885654,-0.04519053455491118,-0.03588029679721194,127.94599914550781,128.2065002441406,133.18120025634767,0.01626640837903407,0.01880172319680651,-0.1444233278493221,50518915.0,53.7860002197768,-0.06442914603945327,0.015802781594350446,1
2023-10-24,128.55999755859375,128.55999755859375,128.8000030517578,126.33999633789062,127.73999786376952,46477400,AMZN,0.015802781594350446,-0.022134354872517692,0.0204793946095585,127.36399841308594,128.33549995422362,132.94100006103517,0.019766553417277823,0.01681280437713722,-0.03693742229589725,49190375.0,53.247288262105556,0.024991703351115113,-0.055771610960691276,0
2023-10-25,121.38999938964844,121.38999938964844,126.33999633789062,120.79000091552734,126.04000091552734,74577500,AMZN,-0.055771610960691276,-0.052602866122798186,-0.03643438518000752,126.01599731445313,128.1059997558594,132.6154000854492,0.029924020866644186,0.021093649437275003,0.6045970729860104,49591580.0,42.4212280870009,-0.365527067196846,-0.01499299533713827,0
2023-10-26,119.56999969482422,119.56999969482422,121.63999938964844,118.3499984741211,120.62999725341795,100419500,AMZN,-0.01499299533713827,-0.0687694285155408,-0.05088111995003042,124.2499984741211,127.7854995727539,132.30539993286132,0.02910571386115636,0.02129776132803499,0.3465120176997083,51884805.0,36.00267092439643,-0.6941335401218414,0.0683281608245998,1
2023-10-27,127.73999786376952,127.73999786376952,130.02000427246094,125.5199966430664,126.1999969482422,125309300,AMZN,0.0683281608245998,0.020532074238392095,0.004877242792571845,124.76399841308594,127.81649932861328,132.18059997558595,0.04543478402907858,0.026470102475448128,0.2478582347054108,55029685.0,49.312900913652136,-0.3275880940741571,0.03890722509168998,1
2023-10-30,132.7100067138672,132.7100067138672,133.0,128.55999755859375,129.72000122070312,72485500,AMZN,0.03890722509168998,0.048593625742021196,0.025104278012152204,125.99400024414062,127.97899932861328,132.17040008544922,0.048013006284971384,0.027570953015787384,-0.42154732330321854,56252475.0,53.88315711191818,0.25198098644584777,0.002863308000901066,1
2023-10-31,133.08999633789062,133.08999633789062,133.57000732421875,131.7100067138672,132.75,51589400,AMZN,0.002863308000901066,0.035236456637549596,0.06711028732573565,126.9,128.39749908447266,132.13860015869142,0.04800139755068717,0.026063051897370827,-0.28827972491049936,56253695.0,51.590099270720685,0.6411885656812875,0.02937864429857373,1
2023-11-01,137.0,137.0,137.35000610351562,133.7100067138672,133.9600067138672,61529400,AMZN,0.02937864429857373,0.12859379428980144,0.07874015748031504,130.02200012207032,128.89749908447266,132.1936001586914,0.032323878883623806,0.026506998852907967,0.19267523948718157,57119970.0,55.42644469140933,1.114494190102071,0.007810272439553012,1
2023-11-02,138.07000732421875,138.07000732421875,138.80999755859375,136.47000122070312,138.72999572753906,52236700,AMZN,0.007810272439553012,0.15472114808573778,0.0961416983785841,133.7220016479492,129.50299949645995,132.24460021972655,0.026344284506356928,0.02635668609978006,-0.15102861396340617,57748775.0,59.96151891781548,1.431917287829395,0.0038386235328597973,1
2023-11-03,138.60000610351562,138.60000610351562,139.49000549316406,137.4499969482422,138.99000549316406,44059800,AMZN,0.0038386235328597973,0.08501650556881923,0.08315104013105667,135.89400329589844,130.0349998474121,132.37980041503906,0.01650535241617525,0.026230635786034382,-0.15653553918987995,57609930.0,57.691336279306164,1.5972706815474247,0.008225103459209127,1
2023-11-06,139.74000549316406,139.74000549316406,140.72999572753906,138.36000061035156,138.75999450683594,44970400,AMZN,0.008225103459209127,0.05297263524712248,0.08950578105409379,137.3000030517578,130.6090003967285,132.50940063476563,0.010856754829187059,0.026240202211757196,0.020667365716594333,57919765.0,60.49759787283331,1.693929943642044,0.02125376487729147,1
2023-11-07,142.7100067138672,142.7100067138672,143.3699951171875,140.5,140.5500030517578,53553500,AMZN,0.02125376487729147,0.07228199444497063,0.10217803076057907,139.22400512695313,131.27050094604493,132.70080078125,0.010770146754546623,0.02648559942159668,0.19086109974561039,58488510.0,68.68273441331075,1.855391649272335,-0.004414580990635519,0
2023-11-08,142.0800018310547,142.0800018310547,143.1199951171875,141.22000122070312,142.97000122070312,44521700,AMZN,-0.004414580990635519,0.037080305336165686,0.07775164877214968,140.24000549316406,131.78300094604492,132.8442007446289,0.00928745382265152,0.026385706611530915,-0.16865004154723784,58677505.0,67.3692308765317,1.8150333895353814,-0.010416636461610618,0
2023-11-09,140.60000610351562,140.60000610351562,142.64999389648438,139.83999633789062,142.02000427246094,36235400,AMZN,-0.010416636461610618,0.018324028717952245,0.06249530838077999,140.74600524902343,132.19650115966797,132.95480072021485,0.012183557066105287,0.026584396966234557,-0.18611822998672556,57712845.0,70.50226671857004,1.5919126738578098,0.021052569890351647,1
2023-11-10,143.55999755859375,143.55999755859375,143.64999389648438,139.91000366210938,140.4600067138672,49287800,AMZN,0.021052569890351647,0.03578637255884165,0.10609449868838361,141.73800354003907,132.885001373291,133.06580078125,0.014454058557954747,0.02630834756782462,0.36021128509689415,57887905.0,71.68367515748277,1.545657666479602,-0.006756765374750118,0
2023-11-13,142.58999633789062,142.58999633789062,143.22999572753906,140.6699981689453,142.0800018310547,35680600,AMZN,-0.006756765374750118,0.020394953003390226,0.07574494949058908,142.30800170898436,133.38700103759766,133.15520080566407,0.015674277637627274,0.026163702382387855,-0.2760764327074854,57530290.0,68.37830685398293,1.358357604659616,0.02251214528584833,1
2023-11-14,145.8000030517578,145.8000030517578,147.25999450683594,144.67999267578125,145.0,56674600,AMZN,0.02251214528584833,0.0216522751910877,0.10899826346695196,142.9260009765625,134.1035011291504,133.32580078125,0.016023894269459268,0.026313460170124887,0.5883869665868848,57896790.0,85.6767010691855,1.3561341833266507,-0.017832688951265996,0
2023-11-15,143.1999969482422,143.1999969482422,147.2899932861328,142.58999633789062,147.05999755859375,63875700,AMZN,-0.017832688951265996,0.0078828484146507,0.11761485593645826,143.15,134.85700073242188,133.48260070800782,0.01875848050089434,0.02589633990377995,0.12706044683156126,58955600.0,83.76677392296168,1.096157421263301,-0.0025837648398919777,0
2023-11-16,142.8300018310547,142.8300018310547,143.32000732421875,139.52000427246094,140.91000366210938,49653500,AMZN,-0.0025837648398919777,0.01586056636368305,0.1123832447079689,143.59599914550782,135.5785011291504,133.5822006225586,0.017794701952955638,0.02595360531738053,-0.22265431142046188,58390205.0,77.74916950746231,0.828069997143019,0.016453061783939793,1
2023-11-17,145.17999267578125,145.17999267578125,145.22999572753906,142.5399932861328,142.66000366210938,49636700,AMZN,0.016453061783939793,0.011284446536203863,0.15986254533476862,143.9199981689453,136.5790008544922,133.72120056152343,0.016733381651672534,0.02500391127187694,-0.00033834472897176227,58051720.0,75.37645500394667,0.7406483636223133,0.0065436854591447435,1
2023-11-20,146.1300048828125,146.1300048828125,146.6300048828125,144.72999572753906,145.1300048828125,41951200,AMZN,0.0065436854591447435,0.02482648597965631,0.15463027577223487,144.62799987792968,137.55750122070313,133.78180053710938,0.0159614714738662,0.024992385028428953,-0.1548350313376997,57736280.0,75.93476719738574,0.6800158805671801,-0.015260459261028925,0
2023-11-21,143.89999389648438,143.89999389648438,144.0500030517578,141.5,143.91000366210938,71226000,AMZN,-0.015260459261028925,-0.013031612589191388,0.11932169126636083,144.247998046875,138.32450103759766,133.83520050048827,0.014482126857812435,0.02541160651075298,0.6978298594557486,58973710.0,64.70585557107884,0.4348612281528723,0.019527539517508297,1
2023-11-22,146.7100067138672,146.7100067138672,147.74000549316406,144.57000732421875,144.57000732421875,45669100,AMZN,0.019527539517508297,0.024511241902425818,0.20858396450719408,144.95,139.5905014038086,133.87240051269532,0.014252931453656586,0.020975558846237936,-0.3588141970628703,57528290.0,67.14283724763231,0.40755447478707385,0.0002044767086364363,1
2023-11-24,146.74000549316406,146.74000549316406,147.1999969482422,145.32000732421875,146.6999969482422,22378400,AMZN,0.0002044767086364363,0.027375226576936473,0.2272309598367921,145.73200073242188,140.9490016937256,133.91280059814454,0.013936191565751248,0.020297416430741407,-0.5099881539158863,53626235.0,66.47771323516238,0.3398791288846019,0.006746559883569869,1
2023-11-27,147.72999572753906,147.72999572753906,149.25999450683594,146.8800048828125,147.52999877929688,53762400,AMZN,0.006746559883569869,0.017564424716927318,0.15648973068786343,146.24200134277345,141.94850158691406,134.05960052490235,0.012644047933672945,0.01505400591292496,1.4024237657741394,50048890.0,66.2728803972876,0.31093894337295547,-0.00473835354015173,0
2023-11-28,147.02999877929688,147.02999877929688,147.60000610351562,145.52999877929688,146.97999572753906,42711700,AMZN,-0.00473835354015173,0.006158857636432202,0.10790438807153913,146.4220001220703,142.66450119018555,134.2006005859375,0.012979010220514578,0.013308987225974655,-0.20554699938990817,48560200.0,59.694769621879495,0.19923457169059766,-0.0048288883967405605,0
2023-11-29,146.32000732421875,146.32000732421875,148.5399932861328,145.97000122070312,147.85000610351562,40610900,AMZN,-0.0048288883967405605,0.01681732821667259,0.09940650199388079,146.9060028076172,143.32600173950195,134.37440063476564,0.010191346737716891,0.013490593895726027,-0.04918558615086732,48011275.0,59.48122848261719,0.040419017304340166,-0.001571972217158657,0
2023-11-30,146.08999633789062,146.08999633789062,146.92999267578125,144.3300018310547,144.75999450683594,65814000,AMZN,-0.001571972217158657,-0.004226094660235269,0.06635033823277836,146.78200073242186,143.78050155639647,134.59040069580078,0.004751078003996217,0.012244724797919276,0.620599395728733,48225505.0,63.00328305863678,-0.10906043083694295,0.006434406632690459,1
2023-12-01,147.02999877929688,147.02999877929688,147.25,145.5500030517578,146.0,39951800,AMZN,0.006434406632690459,0.0019762387575099627,0.06489455334088667,146.83999938964843,144.2285011291504,134.94440063476563,0.00579493663698865,0.012221825185823898,-0.39295894490533934,47611260.0,59.088518436811604,-0.16993613440379995,-0.014894936132684111,0
2023-12-04,144.83999633789062,144.83999633789062,145.35000610351562,142.80999755859375,145.25,48294200,AMZN,-0.014894936132684111,-0.019562712199481247,0.045021572579979185,146.26199951171876,144.54050064086914,135.25880065917968,0.007659503491119096,0.012872421162981625,0.20881161799968972,47822980.0,55.53913562197322,-0.3714478029719901,0.014084566393959497,1
2023-12-05,146.8800048828125,146.8800048828125,148.57000732421875,143.1300048828125,143.5500030517578,46822400,AMZN,0.014084566393959497,-0.0010201584556192023,0.05109488413464902,146.23200073242188,144.89750061035156,135.5710006713867,0.01103748488559248,0.013079796342609503,-0.030475709298425024,47915580.0,52.82131698928777,-0.37974777143337324,-0.016067541747663228,0
2023-12-06,144.52000427246094,144.52000427246094,147.85000610351562,144.27999877929688,147.5800018310547,39679000,AMZN,-0.016067541747663228,-0.012301824505580594,0.012683045851317187,145.87200012207032,144.98800048828124,135.94180068969726,0.013166229321960135,0.01293627239714946,-0.15256373018042646,47221855.0,53.49207835741367,-0.5464440744184125,0.016329923474831087,1
2023-12-07,146.8800048828125,146.8800048828125,147.9199981689453,145.33999633789062,146.14999389648438,52352800,AMZN,0.016329923474831087,0.005407684062738172,0.033783804827546504,146.03000183105468,145.22800064086914,136.35980072021485,0.01564878617726867,0.013329459655935388,0.3194082512160086,47613410.0,59.693626743819976,-0.5012167278792012,0.0036764247561378305,1
2023-12-08,147.4199981689453,147.4199981689453,147.83999633789062,145.39999389648438,145.47999572753906,41906000,AMZN,0.0036764247561378305,0.002652515764717256,0.04850634259865205,146.10800170898438,145.56900024414062,136.78860061645508,0.015464678359926444,0.013021556294118095,-0.19954615607952197,47896940.0,55.87002540728022,-0.4405368769559046,-0.010378502226973785,0
2023-12-11,145.88999938964844,145.88999938964844,146.19000244140625,143.63999938964844,145.66000366210938,50907300,AMZN,-0.010378502226973785,0.007249399877836904,0.016230160704089558,146.31800231933593,145.68550033569335,137.1640005493164,0.014428685898441183,0.012546484401493016,0.2147974037130722,47977915.0,49.38961021825635,-0.5044506187863034,0.010898597193382598,1
2023-12-12,147.47999572753906,147.47999572753906,147.5,145.3000030517578,145.52000427246094,44944300,AMZN,0.010898597193382598,0.00408490485280999,0.034294126623446886,146.43800048828126,145.93000030517578,137.52440032958984,0.013791888615464704,0.012601878662312958,-0.11713447776645003,48441100.0,59.41114886140738,-0.4428462023150095,0.009221593773735215,1
2023-12-13,148.83999633789062,148.83999633789062,149.4600067138672,146.82000732421875,148.1199951171875,52766200,AMZN,0.009221593773735215,0.0298920006761505,0.02085043362484451,147.3019989013672,146.0819999694824,138.0068002319336,0.010182385279750815,0.011773305266563207,0.1740354171719216,48245680.0,56.061441621861505,-0.3194672951648605,-0.00954043404920335,0
2023-12-14,147.4199981689453,147.4199981689453,150.5399932861328,145.52000427246094,149.92999267578125,58400800,AMZN,-0.00954043404920335,0.0036764247561378305,0.029469282895504545,147.40999755859374,146.2930000305176,138.4152001953125,0.010161929224347417,0.01120377697076941,0.10678426720135237,47971935.0,51.79323043840066,-0.34052195713816635,0.01729753821347546,1
2023-12-15,149.97000122070312,149.97000122070312,150.57000732421875,147.8800048828125,148.3800048828125,110089300,AMZN,0.01729753821347546,0.01729753821347546,0.04998949309049183,147.9199981689453,146.65,138.8954002380371,0.012654185873241863,0.011692509049764667,0.8850649306173888,50993725.0,55.45810191708948,-0.1968687402436342,0.027338841569267247,1
2023-12-18,154.07000732421875,154.07000732421875,154.85000610351562,150.0500030517578,150.55999755859375,62512800,AMZN,0.027338841569267247,0.05606969613265167,0.061234433785176234,149.55599975585938,147.09450073242186,139.41760040283202,0.013524882906384149,0.012594456278818882,-0.43216279874610886,51637530.0,64.71572866418052,0.14185592255299406,-0.0018174467759756174,0
2023-12-19,153.7899932861328,153.7899932861328,155.1199951171875,152.69000244140625,154.39999389648438,43171300,AMZN,-0.0018174467759756174,0.042785447120917475,0.05241899779215897,150.81799926757813,147.47750015258788,139.92820037841796,0.014703114436411382,0.012611181983568469,-0.30940063475000323,51698535.0,65.90032888518769,0.30524511068604365,-0.01085895208954335,0
2023-12-20,152.1199951171875,152.1199951171875,155.6300048828125,151.55999755859375,152.89999389648438,50322100,AMZN,-0.01085895208954335,0.022037079145384775,0.05712301299064859,151.4739990234375,147.88850021362305,140.38100036621094,0.01701712156444481,0.012317475138304572,0.16563781956994572,50653340.0,62.09384911623967,0.26077103355570364,0.011306871390431628,1
2023-12-21,153.83999633789062,153.83999633789062,153.97000122070312,152.10000610351562,153.3000030517578,36305700,AMZN,0.011306871390431628,0.04354903166928481,0.04859920453776034,152.75799865722655,148.24499969482423,140.82120025634765,0.015176283131747981,0.011860450010762198,-0.2785336859948213,50185170.0,63.24385791236679,0.3040911848087071,-0.0027300973670256745,0
2023-12-22,153.4199981689453,153.4199981689453,154.35000610351562,152.7100067138672,153.77000427246094,29514100,AMZN,-0.0027300973670256745,0.023004580383813034,0.04552264158183128,153.447998046875,148.5789993286133,141.24300018310547,0.014965950897544674,0.011907647968836818,-0.18706704456875922,50541955.0,67.91979007389098,0.26290529670360074,-6.514474615582078e-05,0
2023-12-26,153.41000366210938,153.41000366210938,153.97999572753906,153.02999877929688,153.55999755859375,25067200,AMZN,-6.514474615582078e-05,-0.004283790684325051,0.03844857577228966,153.3159973144531,148.8629997253418,141.715400390625,0.007953834110556125,0.011870993040116073,-0.15067035755791303,49107195.0,64.9018660151794,0.1964779541148176,-0.0004563413242133496,0
2023-12-27,153.33999633789062,153.33999633789062,154.77999877929688,153.1199951171875,153.55999755859375,31434700,AMZN,-0.0004563413242133496,-0.002926048298896422,0.04291639536816927,153.2259979248047,149.1784996032715,142.13120025634765,0.007934985782600249,0.01178220635350677,0.25401720176166465,48543345.0,72.47703211265679,0.1134342971230855,0.0002609139551152939,1
2023-12-28,153.3800048828125,153.3800048828125,154.0800018310547,152.9499969482422,153.72000122070312,27057000,AMZN,0.0002609139551152939,0.008282998988097034,0.04825039095952244,153.47799987792968,149.53149948120117,142.56940032958985,0.005516962406340213,0.011677605988362514,-0.1392632982023051,47865650.0,68.78610728416774,0.031091557940607473,-0.009388462612883952,0
2023-12-29,151.94000244140625,151.94000244140625,153.88999938964844,151.02999877929688,153.10000610351562,39823200,AMZN,-0.009388462612883952,-0.012350454639320607,0.04004385139407618,153.0980010986328,149.82399978637696,143.04560028076173,0.0040382126898905355,0.011946075363400128,0.47182614480541085,46566110.0,62.41757541561274,-0.14101702460687182,-0.013228970207501023,0
2024-01-02,149.92999267578125,149.92999267578125,152.3800048828125,148.38999938964844,151.5399932861328,47339400,AMZN,-0.013228970207501023,-0.022748048069462845,0.01972382452942467,152.4,149.96899948120117,143.47620025634765,0.006299778336409128,0.012366492209915451,0.1887392273850419,46935490.0,60.81366426648914,-0.3964220118957238,-0.00973782115920796,0
2024-01-03,148.47000122070312,148.47000122070312,151.0500030517578,148.3300018310547,149.1999969482422,49425500,AMZN,-0.00973782115920796,-0.03220130580458602,0.025062171876504502,151.41199951171876,150.1504997253418,143.9422003173828,0.006048574132730469,0.012066667285515585,0.04406688720178109,46992055.0,52.6684735891815,-0.6546424108974755,-0.026267891590348702,0
2024-01-04,144.57000732421875,144.57000732421875,147.3800048828125,144.0500030517578,145.58999633789062,56039800,AMZN,-0.026267891590348702,-0.057193095233593616,-0.015727107038407073,149.6580017089844,150.0349998474121,144.3024005126953,0.009576197481189338,0.01314333841613947,0.13382363354948357,47452925.0,39.87675776106315,-1.055314308457624,0.00463442024626004,1
2024-01-05,145.24000549316406,145.24000549316406,146.58999633789062,144.52999877929688,144.69000244140625,45153100,AMZN,0.00463442024626004,-0.05307079886891175,0.004982017709781683,148.03000183105468,150.07099990844728,144.6360006713867,0.011028344516735714,0.01267715312351599,-0.19426728860559817,47726630.0,44.64112635821048,-1.2302166705629016,0.026576703830634596,1
2024-01-08,149.10000610351562,149.10000610351562,149.39999389648438,146.14999389648438,146.74000549316406,46757100,AMZN,0.026576703830634596,-0.01869156438236752,0.015114386893398724,147.46200256347657,150.18199996948243,145.19020080566406,0.0201411410107574,0.013536001955201082,0.03552358531307931,47446845.0,47.9907756671572,-1.0480599748711754,0.015224607114340927,1
2024-01-09,151.3699951171875,151.3699951171875,151.7100067138672,148.2100067138672,148.3300018310547,43812600,AMZN,0.015224607114340927,0.00960449884447212,0.0267941730925505,147.7500030517578,150.37949981689454,145.82620071411134,0.020752457275576633,0.01390477839803218,-0.06297439319376097,47542175.0,43.18867000686723,-0.7507366189831455,0.015590940651907248,1
2024-01-10,153.72999572753906,153.72999572753906,154.4199981689453,151.8800048828125,152.05999755859375,44421800,AMZN,0.015590940651907248,0.035427995309415206,0.05373909363692064,148.802001953125,150.77149963378906,146.34600067138672,0.020229490757841258,0.013958001465754039,0.013904675823849688,47217900.0,49.86301923444056,-0.3893598028226437,0.009432101662268044,1
2024-01-11,155.17999267578125,155.17999267578125,157.1699981689453,153.1199951171875,155.0399932861328,49072700,AMZN,0.009432101662268044,0.07338994821912204,0.05221045003600011,150.9239990234375,151.15649948120117,146.795400390625,0.008221289578061787,0.01391652749036544,0.10469859393360914,47424320.0,57.057192325558475,-0.06396636656639121,-0.0036086969005325598,0
2024-01-12,154.6199951171875,154.6199951171875,156.1999969482422,154.00999450683594,155.38999938964844,40484200,AMZN,-0.0036086969005325598,0.06458268568755265,0.03883363962315167,152.79999694824218,151.44549942016602,147.22600036621094,0.010999212153782842,0.013892849371933065,-0.1750158438398539,46810220.0,51.900582838463464,0.0936883612399575,-0.009442449238027617,0
2024-01-16,153.16000366210938,153.16000366210938,154.99000549316406,152.14999389648438,153.52999877929688,41384600,AMZN,-0.009442449238027617,0.02723002945938857,0.038936410015322,153.61199645996095,151.7324996948242,147.54920043945313,0.011380720722533582,0.013888582819416495,0.02224077541361824,45959410.0,49.397043784126176,0.08029415223471825,-0.009467203666572499,0
2024-01-17,151.7100067138672,151.7100067138672,152.14999389648438,149.91000366210938,151.49000549316406,34953400,AMZN,-0.009467203666572499,0.0022462284973745472,0.011602356998073216,153.67999877929688,151.81949996948242,147.82200042724608,0.011430198614445544,0.01362426010225168,-0.1554008012642384,42202615.0,46.30435200855555,-0.03915325056398977,0.011798781932089941,1
2024-01-18,153.5,153.5,153.77999877929688,151.82000732421875,152.77000427246094,37850200,AMZN,0.011798781932089941,-0.0014961018274318727,-0.0036996644195599337,153.63399963378907,151.79099960327147,148.12000030517578,0.01024273851560952,0.012412165235072414,0.0828760578370058,40969485.0,50.32363238620091,-0.011953264680703235,0.011986946826648914,1
2024-01-19,155.33999633789062,155.33999633789062,155.75999450683594,152.74000549316406,153.8300018310547,51651600,AMZN,0.011986946826648914,0.0010310843514709234,0.010078699001397018,153.66600036621094,151.86849975585938,148.43200012207032,0.010890217922756644,0.012692991607133053,0.36463215518015746,41393500.0,53.695313956405364,0.108954917045613,-0.003604979862209201,0
2024-01-22,154.77999877929688,154.77999877929688,157.0500030517578,153.89999389648438,156.88999938964844,43687500,AMZN,-0.003604979862209201,0.0010348186985007501,0.017486219744223597,153.6980010986328,152.00149993896486,148.6733999633789,0.010889888486410336,0.01245030318463349,-0.15418883442139253,41061770.0,55.538224406965256,0.12884903987400476,0.008011406531487353,1
2024-01-23,156.02000427246094,156.02000427246094,156.2100067138672,153.92999267578125,154.85000610351562,37986000,AMZN,0.008011406531487353,0.018673286380046727,0.014170618736769836,154.27000122070314,152.11050033569336,148.95220001220704,0.009741404484163142,0.012327089106533927,-0.13050643776824034,41145785.0,62.24371532330353,0.19896494136300413,0.005447960655367012,1
2024-01-24,156.8699951171875,156.8699951171875,158.50999450683594,156.47999572753906,157.8000030517578,48547300,AMZN,0.005447960655367012,0.03401218228835967,0.022487270169584184,155.3019989013672,152.28300018310546,149.27759979248046,0.006391898329278495,0.012340299552111945,0.2780313799820986,42097445.0,67.31247248254607,0.27153998427608217,0.005609771850602074,1
2024-01-25,157.75,157.75,158.50999450683594,154.5500030517578,156.9499969482422,43638600,AMZN,0.005609771850602074,0.027687296416938123,0.028290178178012493,156.1519989013672,152.5,149.5613998413086,0.0057293668938498505,0.012375238820105713,-0.10111169931180519,43026015.0,81.0264069506646,0.3431483969595379,0.008684596622424712,1
2024-01-26,159.1199951171875,159.1199951171875,160.72000122070312,157.91000366210938,158.4199981689453,51047400,AMZN,0.008684596622424712,0.024333712298246324,0.03769400624322716,156.90799865722656,152.78899993896485,149.89199981689453,0.004927424964346027,0.012468849165908612,0.16977629896467805,44006650.0,81.63176171204786,0.4408850406644569,0.01344896590822775,1
2024-01-29,161.25999450683594,161.25999450683594,161.2899932861328,158.89999389648438,159.33999633789062,45270400,AMZN,0.01344896590822775,0.041865846870686285,0.051375598990520466,158.20399780273436,153.18299942016603,150.2011996459961,0.003244103471059868,0.012722320719018097,-0.11316932889823972,44917320.0,80.0692759605625,0.5980098446290882,-0.014014601164705653,0
2024-01-30,159.0,159.0,161.72999572753906,158.49000549316406,160.6999969482422,45207400,AMZN,-0.014014601164705653,0.019100087462727178,0.04646569333389583,158.79999694824218,153.5359992980957,150.51719970703124,0.010491742541726261,0.012990694394393184,-0.0013916378030678356,45186530.0,68.87684223242329,0.5019609383578754,-0.023899390262627773,0
2024-01-31,155.1999969482422,155.1999969482422,159.00999450683594,154.80999755859375,157.0,50284400,AMZN,-0.023899390262627773,-0.010645746292640368,0.03514976675719006,158.46599731445312,153.79949951171875,150.764599609375,0.01608312695414109,0.013854730429212862,0.11230462269451458,45333780.0,53.39492773030591,0.15283887956979347,0.026288672108771616,1
2024-02-01,159.27999877929688,159.27999877929688,159.75999450683594,155.6199951171875,155.8699951171875,76542400,AMZN,0.026288672108771616,0.00969888291154919,0.07280930470610358,158.7719970703125,154.33999938964843,151.04659973144533,0.020572411437333248,0.014595132211246208,0.5221897845057315,46689625.0,58.443186702966045,0.16593217861456644,0.07866649218561839,1
2024-02-02,171.80999755859375,171.80999755859375,172.5,167.3300018310547,169.19000244140625,117218300,AMZN,0.07866649218561839,0.07975114901216784,0.18842075710271944,161.30999755859375,155.70199890136718,151.56019958496094,0.0404111475052101,0.020818952295231744,0.5314165743431092,49748550.0,73.7103681559538,0.9442495458033004,-0.008730574595861018,0
2024-02-05,170.30999755859375,170.30999755859375,170.5500030517578,167.6999969482422,170.1999969482422,55081300,AMZN,-0.008730574595861018,0.05612057149967331,0.17261078984611888,163.1199981689453,156.95549850463868,152.08839965820312,0.04196218218047224,0.02117348011077401,-0.5300964098609176,50244960.0,73.62910482277258,1.263879970378114,-0.00681113075414308,0
2024-02-06,169.14999389648438,169.14999389648438,170.7100067138672,167.64999389648438,169.38999938964844,42505500,AMZN,-0.00681113075414308,0.06383643960053065,0.13447342033674126,165.14999694824218,157.9579978942871,152.53719940185547,0.040972209864840584,0.020963505309292824,-0.2283134203441095,50032380.0,74.22221468701456,1.2980758844264417,0.008158468416245013,1
2024-02-07,170.52999877929688,170.52999877929688,170.8800048828125,168.94000244140625,169.47999572753906,47174100,AMZN,0.008158468416245013,0.09877578693617561,0.1265772892922148,168.21599731445312,158.91599807739257,153.01299926757812,0.035932680508423034,0.020868599398235096,0.10983519779793194,50200455.0,73.92526065135614,1.3107132046411287,-0.004046223223746481,0
2024-02-08,169.83999633789062,169.83999633789062,171.42999267578125,168.8800048828125,169.64999389648438,42316500,AMZN,-0.004046223223746481,0.06629832772177502,0.1047941264429868,170.32799682617187,159.72149810791015,153.45519927978515,0.03704659316927553,0.02086434054038329,-0.10297175780778012,50095190.0,71.05110187589165,1.1740851346519516,0.02714319777292107,1
2024-02-09,174.4499969482422,174.4499969482422,175.0,170.5800018310547,170.89999389648438,56986000,AMZN,0.02714319777292107,0.015365807736235526,0.12417840689503001,170.85599670410156,160.68499832153321,154.00359924316408,0.014940848700541298,0.02142202977842855,0.34666146774898676,50490855.0,75.55208542700619,1.2866205145049356,-0.012095159915523457,0
2024-02-12,172.33999633789062,172.33999633789062,175.38999938964844,171.5399932861328,174.8000030517578,51050400,AMZN,-0.012095159915523457,0.011919434022647168,0.11460355568678571,171.26199645996093,161.57099838256835,154.5239990234375,0.01566740085067193,0.02170622686151865,-0.1041589162250377,51019165.0,70.73169691610418,1.1176401798867825,-0.021469171561243172,0
2024-02-13,168.63999938964844,168.63999938964844,170.9499969482422,165.75,167.72999572753906,56345100,AMZN,-0.021469171561243172,-0.003015043010572316,0.10107074534739446,171.15999755859374,162.34499816894532,154.97499908447264,0.01888013335686334,0.02230487480469387,0.10371515208499837,51767190.0,63.94219663627079,0.6770522978631037,0.013875689909627953,1
2024-02-14,170.97999572753906,170.97999572753906,171.2100067138672,168.27999877929688,169.2100067138672,42815500,AMZN,0.013875689909627953,0.0026388140002544525,0.12701857597314636,171.2499969482422,163.3084976196289,155.4539990234375,0.01968854205083085,0.022114880754262906,-0.24012025890450106,52160295.0,65.14769439233363,0.4732375337058139,-0.006901349311422389,0
2024-02-15,169.8000030517578,169.8000030517578,171.1699981689453,167.58999633789062,170.5800018310547,49855200,AMZN,-0.006901349311422389,-0.00023547625409303663,0.10618894496259168,171.24199829101562,164.1234977722168,155.95319915771483,0.0199002110005203,0.0222615390482087,0.16441942754376337,52760545.0,62.28151907085617,0.202795799912872,-0.0017079419299743659,0
2024-02-16,169.50999450683594,169.50999450683594,170.4199981689453,167.1699981689453,168.74000549316406,48107700,AMZN,-0.0017079419299743659,-0.02831758399440909,0.09121925133899955,170.25399780273438,164.83199768066407,156.4057989501953,0.013135296714230417,0.02225524403272973,-0.03505150917055788,52583350.0,59.90871851111183,-0.03889492968271924,-0.01433539469369316,0
2024-02-20,167.0800018310547,167.0800018310547,168.7100067138672,165.74000549316406,167.8300018310547,41980300,AMZN,-0.01433539469369316,-0.030521031789528252,0.0794676518204176,169.20199890136718,165.44699783325194,156.85699890136718,0.013444268212345269,0.022590346021927915,-0.12736838385539118,52497990.0,59.66507325495865,-0.3863753978524702,0.00903755380828164,1
2024-02-21,168.58999633789062,168.58999633789062,170.22999572753906,167.13999938964844,168.94000244140625,44420100,AMZN,0.00903755380828164,-0.0002965076609273698,0.08056654096405769,169.19199829101564,166.07549743652345,157.29119873046875,0.011513700323544308,0.022600940782024223,0.05811773617625415,52819695.0,66.94507877915768,-0.5296259191933999,0.035530017339574504,1
2024-02-22,174.5800018310547,174.5800018310547,174.8000030517578,171.77000427246094,173.10000610351562,55392400,AMZN,0.035530017339574504,0.02105513038643614,0.11289607487166164,169.91199951171876,166.96099777221679,157.83439880371094,0.019407465747628947,0.02366985232730922,0.24701205085085354,53161950.0,68.469342984217,-0.25024867778757276,0.0023485144793740087,1
2024-02-23,174.99000549316406,174.99000549316406,175.75,173.6999969482422,174.27999877929688,59715200,AMZN,0.0023485144793740087,0.030565384853522337,0.1092868810977119,170.95,167.822998046875,158.41639892578124,0.01848898531356318,0.023681169060079766,0.0780395866580974,53965780.0,55.42663413541784,-0.07615427259532215,-0.0014858549486425066,0
2024-02-26,174.72999572753906,174.72999572753906,176.3699951171875,174.25999450683594,175.6999969482422,44368600,AMZN,-0.0014858549486425066,0.030794651583170296,0.09810206818354428,171.99400024414064,168.60349807739257,158.96139892578125,0.01846556641572875,0.023717418989659452,-0.2569965435935909,53631840.0,57.87597318239139,-0.019760546564615566,-0.006810521779339163,0
2024-02-27,173.5399932861328,173.5399932861328,174.6199951171875,172.86000061035156,174.0800018310547,31141700,AMZN,-0.006810521779339163,0.038664061433338004,0.07615031128366012,173.28599853515624,169.2174980163574,159.4553988647461,0.016582141146355353,0.02376791290728565,-0.2981139815094459,52925405.0,57.814164430902814,-0.099400499949164,-0.0021896371944472026,0
2024-02-28,173.16000366210938,173.16000366210938,174.0500030517578,172.27000427246094,172.44000244140625,28180500,AMZN,-0.0021896371944472026,0.027107227139737677,0.08905662680571935,174.2,169.92549819946288,159.9701989746094,0.0171114956092873,0.023442699096942497,-0.09508793675361327,52074060.0,54.85419940632094,-0.20820919071189348,0.02078996747858297,1
2024-02-29,176.75999450683594,176.75999450683594,177.22000122070312,172.85000610351562,173.00999450683594,53805400,AMZN,0.02078996747858297,0.012487069841429443,0.1389175127740745,174.63599853515626,171.00349807739258,160.50599884033204,0.010713388369476343,0.022708788995754008,0.9093131775518533,52250110.0,61.533336147733635,-0.07512874318574259,0.00825982552183624,1
2024-03-01,178.22000122070312,178.22000122070312,178.72999572753906,176.07000732421875,176.75,31981200,AMZN,0.00825982552183624,0.018458172616408364,0.11891011166850962,175.28199768066406,171.95049819946288,160.9889987182617,0.011010337977998197,0.02224601868237044,-0.40561356295093054,50022050.0,57.02049452132566,0.06618927884859449,-0.003591063770984282,0
2024-03-04,177.5800018310547,177.5800018310547,180.13999938964844,177.49000549316406,177.52999877929688,37381500,AMZN,-0.003591063770984282,0.016310914972834434,0.03358363514610452,175.85199890136718,172.23899841308594,161.46479888916016,0.011295397463094542,0.014240904396131298,0.1688585794154065,46030210.0,60.323104088671755,0.07109398647990872,-0.01948421375262155,0
2024-03-05,174.1199951171875,174.1199951171875,176.92999267578125,173.3000030517578,176.92999267578125,37228300,AMZN,-0.01948421375262155,0.0033421796329009545,0.02237095656867094,175.96799926757814,172.42949829101562,161.90479888916016,0.014957500127842908,0.01484746663686507,-0.004098283910490497,45137560.0,60.89895755883647,-0.18988795842655026,-0.0035033346396604603,0
2024-03-06,173.50999450683594,173.50999450683594,176.4600067138672,173.25999450683594,175.5399932861328,32090900,AMZN,-0.0035033346396604603,0.0020211991067493607,0.025775943054539896,176.03799743652343,172.6474983215332,162.29819885253906,0.015033544131610349,0.014771634986570992,-0.13799716882049406,44616830.0,55.403670191200874,-0.42152787679895987,0.019076784751165476,1
2024-03-07,176.82000732421875,176.82000732421875,177.99000549316406,173.72000122070312,174.8300018310547,34063300,AMZN,0.019076784751165476,0.0003395158364325468,0.036885055942928346,176.05,172.9619987487793,162.76619903564452,0.01446406927552872,0.015230119997227409,0.06146290693000189,43961290.0,63.743143558544645,-0.371506987711995,-0.008313545751684748,0
2024-03-08,175.35000610351562,175.35000610351562,178.7899932861328,174.3300018310547,176.44000244140625,37893200,AMZN,-0.008313545751684748,-0.016103664558016484,0.03244235683250385,175.4760009765625,173.23749923706055,163.20499908447266,0.014034041042303784,0.015347572193638042,0.11243479052235106,43740125.0,60.92815867303439,-0.451771328200834,-0.019332758891648982,0
2024-03-11,171.9600067138672,171.9600067138672,174.47000122070312,171.47000122070312,174.30999755859375,28484800,AMZN,-0.019332758891648982,-0.03164768025249953,-0.01427337505264481,174.352001953125,173.1129997253418,163.57739929199218,0.015807692377318164,0.014802634441971281,-0.2482872916512725,42315065.0,58.81503033563796,-0.7309884566197979,0.019946455814511488,1
2024-03-12,175.38999938964844,175.38999938964844,176.75999450683594,171.97999572753906,173.5,36610600,AMZN,0.019946455814511488,0.00729384509576958,0.017697592645748772,174.6060028076172,173.2654998779297,164.01759918212892,0.017353170167841544,0.015222720188468151,0.2852679323709486,41593075.0,61.4864833516937,-0.6833662834741063,0.0066708374081581034,1
2024-03-13,176.55999755859375,176.55999755859375,177.6199951171875,175.5500030517578,175.89999389648438,30772600,AMZN,0.0066708374081581034,0.017578255710437807,0.04696393618127259,175.21600341796875,173.66149978637696,164.50999908447267,0.01720473098175907,0.014311067287604352,-0.15946201373372737,40314450.0,53.99514650091781,-0.5760540407216288,0.012403729449981915,1
2024-03-14,178.75,178.75,179.52999877929688,176.47000122070312,177.69000244140625,43705800,AMZN,0.012403729449981915,0.010915012984036299,0.045443937692235314,175.602001953125,174.05,165.08639923095703,0.01591545980197701,0.014252577685219377,0.4202829790137981,40358965.0,57.078299496104016,-0.3705474703834848,-0.024223786467438835,0
2024-03-15,174.4199981689453,174.4199981689453,177.92999267578125,173.89999389648438,176.63999938964844,72147400,AMZN,-0.024223786467438835,-0.005303723422862561,0.02720845132010541,175.41600036621094,174.28099975585937,165.60539916992187,0.01970182021749236,0.015328221987032332,0.6507511588850907,41473575.0,49.49396423575548,-0.5295144799661329,0.00034398325434925603,1
2024-03-18,174.47999572753906,174.47999572753906,176.69000244140625,174.27999877929688,175.8000030517578,31250700,AMZN,0.00034398325434925603,0.014654506369408349,0.029319812292853964,175.9199981689453,174.52949981689454,166.2035989379883,0.016861735716627125,0.015312801629696617,-0.5668492558290389,40630725.0,51.59322447695974,-0.627226779275766,0.00813845829732096,1
2024-03-19,175.89999389648438,175.89999389648438,176.08999633789062,173.52000427246094,174.22000122070312,26880900,AMZN,0.00813845829732096,0.002907774152521192,0.052789035005806006,176.0219970703125,174.97049942016602,166.8167987060547,0.014571162968750906,0.014904353216943134,-0.13983046779752129,39875755.0,54.48590286139688,-0.5932019342472872,0.012791359170393646,1
2024-03-20,178.14999389648438,178.14999389648438,178.52999877929688,174.63999938964844,176.13999938964844,29947200,AMZN,0.012791359170393646,0.009005416628208529,0.056705603928203674,176.33999633789062,175.4484992980957,167.39779846191405,0.01543325450483845,0.015011867953057678,0.11406984141155996,39152110.0,52.38094989171442,-0.4240696328972353,0.0,0
2024-03-21,178.14999389648438,178.14999389648438,181.4199981689453,178.14999389648438,179.99000549316406,32824300,AMZN,0.0,-0.003356677502185268,0.02044903212273108,176.2199951171875,175.6269989013672,167.9333984375,0.014274304230005506,0.012896521117397461,0.09607242079393075,38023705.0,49.87376975030182,-0.32174399322174674,0.0040415450203241665,1
2024-03-22,178.8699951171875,178.8699951171875,179.25999450683594,176.75,177.75,27995400,AMZN,0.0040415450203241665,0.025513111999530436,0.022172635591893863,177.10999450683593,175.82099838256835,168.43619842529296,0.005434437355939009,0.012910753095136807,-0.14711357134805614,36437715.0,52.31929646096117,-0.21997343844685924,0.004696213001679439,1
2024-03-25,179.7100067138672,179.7100067138672,180.9900054931641,177.24000549316406,178.00999450683594,29815500,AMZN,0.004696213001679439,0.029974845910101244,0.028501179580485925,178.15599670410157,176.06999893188475,168.92679870605468,0.004801272448634705,0.012917661933193601,0.06501425234145608,35710060.0,61.09568810790543,-0.11572563499207877,-0.007845994154095037,0
2024-03-26,178.3000030517578,178.3000030517578,180.4499969482422,177.9499969482422,180.1499938964844,29659000,AMZN,-0.007845994154095037,0.013644168496593778,0.027428892184965692,178.63599853515626,176.30799942016603,169.40039886474608,0.007518667188809097,0.01295468424316754,-0.0052489476949908465,35635925.0,59.21509180511507,-0.1587169374143893,0.008581036192426339,1
2024-03-27,179.8300018310547,179.8300018310547,180.0,177.30999755859375,179.8800048828125,33272600,AMZN,0.008581036192426339,0.009430300264542835,0.03851927713030445,178.9720001220703,176.6414993286133,169.933798828125,0.006237698311750541,0.013019838338463171,0.121838227856637,35890530.0,56.21642641906384,-0.10375534835802114,0.0030584610251771505,1
2024-03-28,180.3800048828125,180.3800048828125,181.6999969482422,179.25999450683594,180.1699981689453,38051600,AMZN,0.0030584610251771505,0.012517603495534768,0.020479805886374214,179.41800231933593,176.8224998474121,170.5071987915039,0.0061548759547644894,0.01225209229602543,0.1436316969518463,35102840.0,60.7986194371612,-0.05258452036005101,0.003270852211551434,1
2024-04-01,180.97000122070312,180.97000122070312,183.0,179.9499969482422,180.7899932861328,29174500,AMZN,0.003270852211551434,0.01174040454431613,0.015430366856492572,179.83800354003907,176.95999984741212,171.05659881591797,0.006116344654958148,0.012148692507459456,-0.23329110996646663,34962505.0,71.98631549865098,-0.0037999984656562624,-0.0015472110151306673,0
2024-04-02,180.69000244140625,180.69000244140625,180.7899932861328,178.3800048828125,179.07000732421875,32611500,AMZN,-0.0015472110151306673,0.005453206226292195,0.017513236728707415,180.03400268554688,177.1154998779297,171.56359893798827,0.006155334073032399,0.012118048244666632,0.11780836004044626,34724005.0,65.28258220073127,-0.014580927203329264,0.009519072430478337,1
2024-04-03,182.41000366210932,182.41000366210932,182.8699951171875,179.8000030517578,179.89999389648438,31046600,AMZN,0.009519072430478337,0.023051040605750472,0.047610893506758956,180.8560028076172,177.53000030517578,172.11619903564454,0.004526983747586621,0.011249742692666244,-0.047986139858638865,34414920.0,66.34991982532145,0.06553738819422694,-0.013212014767422176,0
2024-04-04,180.0,180.0,185.1000061035156,180.0,184.0,41624300,AMZN,-0.013212014767422176,0.0009453270712025397,0.03740421704012187,180.89000244140624,177.854500579834,172.5957989501953,0.008476133261371168,0.011717124262638375,0.3407039740261413,34891590.0,53.451128947186625,-0.06528698181878312,0.028166707356770848,1
2024-04-05,185.07000732421875,185.07000732421875,186.2700042724609,181.97000122070312,182.3800048828125,42374000,AMZN,0.028166707356770848,0.026000678093191176,0.04665761598387852,181.8280029296875,178.267000579834,173.15979919433593,0.015283692249392657,0.012564021240665557,0.01801111370041064,35307125.0,78.24932914020683,0.15603751796052423,0.0006483768975988902,1
2024-04-08,185.19000244140625,185.19000244140625,187.2899932861328,184.8099975585937,186.8999938964844,39221300,AMZN,0.0006483768975988902,0.023318788706624405,0.05611631591322386,182.67200317382813,178.7590003967285,173.70859924316406,0.015412594351619801,0.012320861640592018,-0.07440175579364705,35373530.0,78.31833949682374,0.2702260550803173,0.002591909504893186,1
2024-04-09,185.6699981689453,185.6699981689453,187.33999633789065,184.1999969482422,187.2400054931641,36520100,AMZN,0.002591909504893186,0.027560992087284797,0.07972779088041593,183.66800231933593,179.44449996948242,174.23959930419923,0.015100150129289726,0.011168955779473634,-0.06887074115340386,35775295.0,77.18418284037402,0.33363639265517353,0.0015080453603608657,1
2024-04-10,185.9499969482422,185.9499969482422,186.2700042724609,182.6699981689453,182.7700042724609,35879200,AMZN,0.0015080453603608657,0.01940679356977726,0.06020866409340453,184.3760009765625,179.9724998474121,174.73339935302735,0.014997428880508706,0.010516837580075286,-0.01754924000755753,35738725.0,74.37498629094495,0.3483721009820844,0.016671181255133227,1
2024-04-11,189.0500030517578,189.0500030517578,189.7700042724609,185.509994506836,186.7400054931641,40020700,AMZN,0.016671181255133227,0.0502777947319879,0.07074085673918917,186.18600158691407,180.5970001220703,175.3343994140625,0.012134100974572522,0.010931118834080131,0.11542899507235393,36201130.0,78.53402346655349,0.5109992933943159,-0.015445639364236818,0
2024-04-12,186.1300048828125,186.1300048828125,188.3800048828125,185.0800018310547,187.72000122070312,38608800,AMZN,-0.015445639364236818,0.005727549125433162,0.04128674060314674,186.39800109863282,180.96600036621095,175.9529995727539,0.011388274834420498,0.011493867219426614,-0.03527924299175178,35946280.0,67.04226179474735,0.37244953714716367,-0.013485250630092094,0
2024-04-15,183.6199951171875,183.6199951171875,188.69000244140625,183.0,187.42999267578125,48052400,AMZN,-0.013485250630092094,-0.008477819015718757,0.0527462277538322,186.08399963378906,181.42600021362304,176.4397994995117,0.01317216690034114,0.010398706661978714,0.2445970866745406,34741530.0,58.511070087414176,0.07770652567078384,-0.001633742516860992,0
2024-04-16,183.32000732421875,183.32000732421875,184.8300018310547,182.259994506836,183.2700042724609,32891300,AMZN,-0.001633742516860992,-0.01265681514462158,0.050664900350432696,185.61400146484374,181.86800079345704,176.6699996948242,0.012967379302966812,0.010430888903734314,-0.31551181626724156,34823560.0,61.48216864660973,-0.1586231461255414,-0.011128128209780819,0
2024-04-17,181.27999877929688,181.27999877929688,184.57000732421875,179.82000732421875,184.3099975585937,31359700,AMZN,-0.011128128209780819,-0.02511426859687005,0.030585588797567453,184.68000183105468,182.13700103759766,176.88939971923827,0.013225321438812413,0.010769420894168285,-0.046565505163979504,35047500.0,53.24093937345547,-0.45663420150077005,-0.011363622972558218,0
2024-04-18,179.22000122070312,179.22000122070312,182.38999938964844,178.64999389648438,181.47000122070312,30723800,AMZN,-0.011363622972558218,-0.05199683508263919,0.006006215890417055,182.71400146484376,182.19050140380858,177.09079986572266,0.005316485420995793,0.010798256534125136,-0.020277617451697538,35086330.0,47.57118210862619,-0.7779186116153096,-0.02561096030926935,0
2024-04-19,174.6300048828125,174.6300048828125,179.0,173.44000244140625,178.74000549316406,56000700,AMZN,-0.02561096030926935,-0.061784772461809134,-0.019758569375630697,180.41400146484375,182.014501953125,177.17279998779296,0.008573400203032674,0.012261906212062914,0.8227139872021039,36245150.0,38.629850739733655,-1.2566336276087813,0.014888568814227066,1
2024-04-22,177.22999572753906,177.22999572753906,178.8699951171875,174.55999755859375,176.94000244140625,37924900,AMZN,0.014888568814227066,-0.03480012830612644,-0.009168666821810945,179.13600158691406,181.93250198364257,177.32059997558594,0.014919383599230075,0.012724350495164013,-0.3227781081307912,36741625.0,44.27151148426094,-1.3472157581503121,0.01303389727631088,1
2024-04-23,179.5399932861328,179.5399932861328,179.92999267578125,175.97999572753906,178.0800018310547,37046500,AMZN,0.01303389727631088,-0.02061975718449882,-0.0009460431883744347,178.37999877929687,181.92400131225585,177.42239990234376,0.01745703261678986,0.013032392468609646,-0.023161564038402194,37103175.0,45.33937804190899,-1.2052113673284903,-0.016430862529557833,0
2024-04-24,176.58999633789062,176.58999633789062,180.32000732421875,176.17999267578125,179.94000244140625,34185100,AMZN,-0.016430862529557833,-0.02587159351824686,-0.009590615168810768,177.44199829101564,181.8385009765625,177.50739990234376,0.01814319408859303,0.01344055488693252,-0.0772380656742202,37329480.0,44.55792351802662,-1.2578039963084982,-0.016535467634067658,0
2024-04-25,173.6699981689453,173.6699981689453,173.9199981689453,166.32000732421875,169.67999267578125,49249400,AMZN,-0.016535467634067658,-0.030967542762836975,-0.034254593779610376,176.33199768066407,181.53050079345704,177.6079998779297,0.018727817072928376,0.013727952264387548,0.4406685953821987,38128320.0,30.46604184718295,-1.4248280330659118,0.034260361668536854,1
2024-04-26,179.6199951171875,179.6199951171875,180.82000732421875,176.1300048828125,177.8000030517578,43919800,AMZN,0.034260361668536854,0.028574644075189726,-0.004213381445015263,177.32999572753906,181.49250030517578,177.78079986572266,0.022011352344857755,0.01589355235612585,-0.10821654680057013,38421730.0,42.045114787479505,-1.085509945559094,0.007460258507441919,1
2024-04-29,180.9600067138672,180.9600067138672,183.52999877929688,179.38999938964844,182.75,54063900,AMZN,0.007460258507441919,0.021046160786813983,-5.522742315589024e-05,178.07599792480468,181.49200057983398,178.00399993896485,0.02149279082124738,0.015967636440787823,0.23096872025828907,39666200.0,43.43463605209514,-0.7383384375124918,-0.03293549122868411,0
2024-04-30,175.0,175.0,182.9900054931641,174.8000030517578,181.08999633789065,94639800,AMZN,-0.03293549122868411,-0.02528680770805991,-0.03149041100517658,177.16799926757812,181.20750045776367,178.11380004882812,0.026175481160912454,0.01759908462673971,0.7505174432477124,42767615.0,36.82310933334704,-0.8686311534987987,0.02285714285714291,1
2024-05-01,179.0,179.0,185.1499938964844,176.55999755859375,181.63999938964844,94645100,AMZN,0.02285714285714291,0.013647452925351633,-0.018694170240936447,177.65,181.0370002746582,178.35220001220702,0.027678520481378237,0.01827637676053406,5.600180896414564e-05,45947540.0,38.1625397240765,-0.6537548894271841,0.031955314082140474,1
2024-05-02,184.72000122070312,184.72000122070312,185.1000061035156,179.91000366210938,180.8500061035156,54303500,AMZN,0.031955314082140474,0.06362643616203889,0.02622222900390625,179.86000061035156,181.27300033569335,178.67480010986327,0.027608127936766612,0.01941508134981855,-0.4262407668225825,46581500.0,48.441984903746544,-0.1225410652156203,0.008066292135759712,1
2024-05-03,186.2100067138672,186.2100067138672,187.8699951171875,185.4199981689453,186.9900054931641,39172000,AMZN,0.008066292135759712,0.036688630307445624,0.006159827873412738,181.1780029296875,181.3300003051758,178.90740020751954,0.024845792293899008,0.018457210500296597,-0.27864686438259045,46421400.0,52.927890398898526,0.3094307573452121,0.013371946429286963,1
2024-05-06,188.6999969482422,188.6999969482422,188.75,184.8000030517578,186.27999877929688,34725300,AMZN,0.013371946429286963,0.042771827736575174,0.01895347729662933,182.7260009765625,181.50550003051757,179.1816000366211,0.024984846887632556,0.01868164467156373,-0.11351730828142548,46196600.0,55.79490503687979,0.7196663739202,0.00031795209095974997,1
2024-05-07,188.759994506836,188.759994506836,189.94000244140625,187.3099975585937,188.9199981689453,34048900,AMZN,0.00031795209095974997,0.07862854003906272,0.016642410558323162,185.47799987792968,181.6599998474121,179.46220001220703,0.012399744275841323,0.018679037137942143,-0.019478593417479484,46073040.0,58.41583920445518,0.9380562078783627,-0.004026247769404745,0
2024-05-08,188.0,188.0,188.42999267578125,186.38999938964844,187.44000244140625,26136400,AMZN,-0.004026247769404745,0.05027932960893855,0.011024485535906736,187.2779998779297,181.7625,179.75140014648437,0.014032132151228689,0.01871193983068387,-0.23238636196764062,45585900.0,60.17617293583593,0.9702844681828093,0.007978723404255428,1
2024-05-09,189.5,189.5,191.6999969482422,187.44000244140625,188.8800048828125,43368400,AMZN,0.007978723404255428,0.025876996252212736,0.0023803064849408084,188.23399963378907,181.7849998474121,180.0782000732422,0.006922042824026169,0.018420483885170594,0.6593103870464181,45753285.0,68.56429419411467,1.0261568971059303,-0.010659653152828352,0
2024-05-10,187.47999572753903,187.47999572753903,189.88999938964844,186.92999267578125,189.16000366210932,34141800,AMZN,-0.010659653152828352,0.006820197453852872,0.007252945840604763,188.48799743652344,181.85249938964844,180.29260009765625,0.009521781213638779,0.018235603797153305,-0.21274937512105585,45529935.0,62.98454482264308,0.8669428393712755,-0.004853789332504355,0
2024-05-13,186.57000732421875,186.57000732421875,188.3099975585937,185.3600006103516,188.0,24898600,AMZN,-0.004853789332504355,-0.011287703542505412,0.016065854947597158,188.06199951171874,182.0,180.45960021972655,0.0069260051949296235,0.0179871730687119,-0.27072972133865236,44372245.0,59.23301221865722,0.6501256841860472,0.002679959159411549,1
2024-05-14,187.07000732421875,187.07000732421875,187.72000122070312,183.4499969482422,183.82000732421875,38698200,AMZN,0.002679959159411549,-0.008953100401558056,0.020456032348764808,187.7240020751953,182.1875,180.64940032958984,0.0072191740535107836,0.01798041441586133,0.5542319648494294,44662590.0,64.71085404679243,0.49707033499317643,-0.005773249525686142,0
2024-05-15,185.9900054931641,185.9900054931641,186.72000122070312,182.72999572753903,185.97000122070312,75459900,AMZN,-0.005773249525686142,-0.010691460142744247,0.02598194365392459,187.32200317382814,182.42300033569336,180.88680053710937,0.007395423882440788,0.017826918279567748,0.9499589128176504,46867600.0,68.23565389198511,0.2900381153155487,-0.01268885714634993,0
2024-05-16,183.6300048828125,183.6300048828125,187.3099975585937,183.4600067138672,185.6000061035156,38834500,AMZN,-0.01268885714634993,-0.030976227531332445,0.024606648990469493,186.14800415039062,182.64350051879882,181.0892007446289,0.005975457564515798,0.01787937588924631,-0.48536242428097576,47273135.0,56.641287580893284,-0.022320377333839625,0.005826891232250109,1
2024-05-17,184.6999969482422,184.6999969482422,185.3000030517578,183.3500061035156,183.759994506836,33175700,AMZN,0.005826891232250109,-0.014828242173298145,0.0576647299081694,185.59200439453124,183.14700012207032,181.24680053710938,0.0073343379521666726,0.016727511427894495,-0.14571579394610468,46131885.0,56.249987250336055,-0.16537599690536697,-0.006280474722663021,0
2024-05-20,183.5399932861328,183.5399932861328,186.6699981689453,183.27999877929688,184.33999633789065,30511800,AMZN,-0.006280474722663021,-0.016240627749027348,0.035603440222919724,184.98600158691406,183.4625,181.4106002807617,0.007453135561565889,0.016600907094682923,-0.08029672320403192,45761230.0,66.99840790930725,-0.336752835913102,-0.0021248741632043933,0
2024-05-21,183.1499938964844,183.1499938964844,183.259994506836,180.75,182.3000030517578,50839100,AMZN,-0.0021248741632043933,-0.02095479378979448,0.020106944109095082,184.20199890136718,183.64300003051758,181.63440002441405,0.006776956372920269,0.016409865046435015,0.6662111052117541,46450860.0,59.64667108375107,-0.4669896078734377,-0.0001091401274257997,0
2024-05-22,183.1300048828125,183.1300048828125,185.22000122070312,181.97000122070312,183.8800048828125,28148800,AMZN,-0.0001091401274257997,-0.015377173643111197,0.03703498884731893,183.62999877929687,183.97000045776366,181.78920013427734,0.006921778102572337,0.015888493530174266,-0.4463159261277245,46149045.0,44.971538100725624,-0.539935794470052,-0.011358061353112014,0
2024-05-23,181.0500030517578,181.0500030517578,184.759994506836,180.0800018310547,183.66000366210932,33670200,AMZN,-0.011358061353112014,-0.014050001429239067,0.042494414467795893,183.11399841308594,184.3390007019043,181.87900024414063,0.006470577168032144,0.015611402686282588,0.19615045756835103,45370085.0,34.268246389055435,-0.7033839749709256,-0.0016570176564539851,0
2024-05-24,180.75,180.75,182.44000244140625,180.3000030517578,181.6499938964844,27471600,AMZN,-0.0016570176564539851,-0.021386015232848554,0.006291086257269152,182.3239990234375,184.39550094604493,181.91900024414062,0.0045557153632429966,0.013674761945293627,-0.18409751055829782,44547675.0,22.026705610111208,-0.799790310176894,0.007745471073219434,1
2024-05-28,182.1499938964844,182.1499938964844,182.2400054931641,179.49000549316406,179.92999267578125,29927000,AMZN,0.007745471073219434,-0.007573277980246207,0.006575967829725027,182.0459991455078,184.4550003051758,182.07360015869142,0.006800913906100629,0.01368265602187373,0.08937957745453495,43340830.0,28.745941204004012,-0.7388096185412041,-0.000713640562059914,0
2024-05-29,182.0200042724609,182.0200042724609,184.0800018310547,181.5500030517578,181.6999969482422,32009300,AMZN,-0.000713640562059914,-0.006169749722526152,0.040114310128348096,181.82000122070312,184.80600051879884,182.22440032958986,0.006797818435839125,0.011225175692352306,0.06957930965349024,40209305.0,29.959756390654505,-0.678334573587762,-0.0148335176621609,0
2024-05-30,179.32000732421875,179.32000732421875,181.33999633789065,178.36000061035156,181.3099975585937,29184700,AMZN,-0.0148335176621609,-0.020804878812905714,0.0017877504146299739,181.05800170898436,184.82200088500977,182.29280059814454,0.009022452074819338,0.010695535426479068,-0.08824310434779892,36936285.0,18.424270993659945,-0.7838124616852158,-0.016060700229647673,0
2024-05-31,176.44000244140625,176.44000244140625,179.2100067138672,173.8699951171875,178.3000030517578,58903900,AMZN,-0.016060700229647673,-0.02546258233993881,-0.04482459248906101,180.13600158691406,184.40800094604492,182.25860076904297,0.01013630410852989,0.008299569135306346,1.0183143907595418,37166305.0,17.491119240761492,-0.9974783266922034,0.01076849847083472,1
2024-06-03,178.33999633789062,178.33999633789062,178.6999969482422,175.9199981689453,177.6999969482422,30786600,AMZN,0.01076849847083472,-0.013333353593966146,-0.04226416461103366,179.65400085449218,184.0145004272461,182.26240081787108,0.0124514207729279,0.008496146191732624,-0.47734190775143925,36747035.0,27.100655526119226,-0.9604317919451889,0.00560726713319748,1
2024-06-04,179.33999633789062,179.33999633789062,179.82000732421875,176.44000244140625,177.63999938964844,27198400,AMZN,0.00560726713319748,-0.015426833119690841,-0.04960254775689732,179.09200134277344,183.5465003967285,182.27180084228516,0.012036271167332767,0.007907899412659463,-0.11655070712582749,36370690.0,29.07411140338128,-0.823432112301207,0.010817455564965828,1
2024-06-05,181.27999877929688,181.27999877929688,181.5,178.75,180.10000610351562,32116400,AMZN,0.010817455564965828,-0.0040655173925627786,-0.039627018145882764,178.94400024414062,183.17250061035156,182.30320068359376,0.013598338241042665,0.008436417151114385,0.18081945996823334,36274065.0,37.816829529944904,-0.5690999592976269,0.020520748266509736,1
2024-06-06,185.0,185.0,185.0,181.4900054931641,181.75,31371200,AMZN,0.020520748266509736,0.03167517535013009,-0.015957446808510634,180.0799987792969,183.02250061035156,182.4372006225586,0.013629752931727685,0.009799410643673814,-0.02320309872837556,36535805.0,53.31077084645462,-0.13966613920703935,-0.003783767287795614,0
2024-06-07,184.3000030517578,184.3000030517578,186.2899932861328,183.3600006103516,184.8999938964844,28021500,AMZN,-0.003783767287795614,0.044547724447928205,-0.027440617141119672,181.6519989013672,182.76250076293945,182.52660064697267,0.008858115221045963,0.009598350429194227,-0.10677627887999186,35768460.0,49.01576192657451,0.09525075323813148,0.014975553234585659,1
2024-06-10,187.0599975585937,187.0599975585937,187.22999572753903,183.7899932861328,184.07000732421875,34445600,AMZN,0.014975553234585659,0.04889537624628959,-0.0022402292432079918,183.3959991455078,182.7415008544922,182.6602005004883,0.009283114886698517,0.009992775961335494,0.22925610691790244,35783650.0,58.02921867505888,0.4165249479288363,0.0009087895389932044,1
2024-06-11,187.22999572753903,187.22999572753903,187.7700042724609,184.5399932861328,187.0599975585937,27265100,AMZN,0.0009087895389932044,0.043994644534189886,0.003537483933166996,184.9739990234375,182.7745002746582,182.785400390625,0.010001786497909499,0.009930305857766986,-0.20845913556448425,35901975.0,59.40094042101651,0.6088476422908013,-0.0018159287809063063,0
2024-06-12,186.88999938964844,186.88999938964844,188.3500061035156,185.42999267578125,188.0200042724609,33984200,AMZN,-0.0018159287809063063,0.03094660551703532,-0.0009622490379140869,186.09599914550782,182.7654998779297,182.90940032958986,0.010885933846970224,0.009922652825818053,0.24643591991226876,35666275.0,58.53769070910491,0.676329816095691,-0.016373254687715777,0
2024-06-13,183.8300018310547,183.8300018310547,187.6699981689453,182.6699981689453,186.08999633789065,39721500,AMZN,-0.016373254687715777,-0.0063243144267314255,-0.011613546955827059,185.86199951171875,182.65749969482422,182.93780029296875,0.011218030408327934,0.010512715429782063,0.1688225704886388,33879355.0,56.04348362597076,0.48690122717355533,-0.0009247574783881607,0
2024-06-14,183.66000366210932,183.66000366210932,183.72000122070312,182.22999572753903,183.0800018310547,25456400,AMZN,-0.0009247574783881607,-0.003472595654101851,0.00016336534607175324,185.73399963378904,182.65899963378905,183.01100036621094,0.011127030994785795,0.010118400255462833,-0.3591279282000931,33210450.0,56.36206420310553,0.3296993721049441,0.002177904217078641,1
2024-06-17,184.0599975585937,184.0599975585937,185.0,181.22000122070312,182.5200042724609,35601900,AMZN,0.002177904217078641,-0.016037635192742372,-0.003465075258381467,185.13399963378902,182.62699966430665,182.99080017089844,0.007523810163425054,0.010041486726521786,0.39854417749563953,33331760.0,54.366727832159825,0.23656150093658268,-0.006791263808433312,0
2024-06-18,182.8099975585937,182.8099975585937,184.2899932861328,181.42999267578125,183.7400054931641,36659200,AMZN,-0.006791263808433312,-0.023607318644483732,-0.003977311508348347,184.24999999999994,182.5904998779297,182.9432000732422,0.0072543748098456975,0.010058599698132643,0.02969785320446383,33639130.0,51.718125589461735,0.08262220756181032,0.017996874289478715,1
2024-06-20,186.1000061035156,186.1000061035156,186.509994506836,182.72000122070312,182.91000366210932,44726800,AMZN,0.017996874289478715,-0.004227049540975081,0.016107083294245372,184.0920013427734,182.73800048828122,182.9518002319336,0.012655295358693587,0.010827709525990352,0.22007026885474867,33333515.0,64.3765959291753,0.18818793912406462,0.01601287280926522,1
2024-06-21,189.0800018310547,189.0800018310547,189.27999877929688,185.8600006103516,187.8000030517578,70792500,AMZN,0.01601287280926522,0.028558994438921292,0.03249056293123398,185.1420013427734,183.03550033569334,183.01440032958985,0.010838502477091633,0.011340161898437128,0.5827758748669702,35465700.0,76.68921335325734,0.4306592506427831,-0.0185635417434159,0
2024-06-24,185.57000732421875,185.57000732421875,191.0,185.3300018310547,189.3300018310547,50610400,AMZN,-0.0185635417434159,0.010399671262249166,0.02496550232682826,185.52400207519528,183.2615005493164,182.94480041503905,0.01542967176645255,0.011877280404666544,-0.2850881096161316,36312710.0,64.29422156577391,0.33107200605884923,0.004149318226444931,1
2024-06-25,186.33999633789065,186.33999633789065,188.83999633789065,185.4199981689453,186.8099975585937,45366400,AMZN,0.004149318226444931,0.0123872585544893,0.03092667406855143,185.9800018310547,183.54100036621094,182.94900024414062,0.01545520101816833,0.011872140842947661,-0.10361506725890335,37207450.0,63.966498815706956,0.2946935825925173,0.03901472799901873,1
2024-06-26,193.6100006103516,193.6100006103516,194.8000030517578,186.259994506836,186.9199981689453,65103900,AMZN,0.03901472799901873,0.05907774846009883,0.06291521876404715,188.14000244140624,184.1140007019043,183.1488003540039,0.02107865144147948,0.014494600133119904,0.43506868519432884,38966295.0,70.28630217253445,0.7139843630249532,0.02189972356695158,1
2024-06-27,197.8500061035156,197.8500061035156,199.83999633789065,194.1999969482422,195.009994506836,74397500,AMZN,0.02189972356695158,0.06313809572614537,0.08696847302211452,190.49000244140626,184.90550079345704,183.43940032958983,0.021438303085673325,0.01504839339279063,0.14275028070514972,41085705.0,70.7861812810877,1.201905098873582,-0.023249966952787804,0
2024-06-28,193.25,193.25,198.8500061035156,192.5,197.72999572753903,76930200,AMZN,-0.023249966952787804,0.022054147073000685,0.0776823115481764,191.32400207519532,185.60200042724608,183.6788003540039,0.026438678352214823,0.015714133955159616,0.03404281057831238,43472980.0,62.85550344605088,1.1403758769080814,0.02043982896891161,1
2024-07-01,197.1999969482422,197.1999969482422,198.3000030517578,192.82000732421875,193.4900054931641,41192000,AMZN,0.02043982896891161,0.06267170967830005,0.11766036170697802,193.65,186.6400001525879,184.03840026855468,0.023463846508000756,0.015394585842554908,-0.4645535823382755,42587385.0,64.08333845491985,1.2807296025861434,0.014198798656638534,1
2024-07-02,200.0,200.0,200.42999267578125,195.92999267578125,197.27999877929688,45600000,AMZN,0.014198798656638534,0.07330687952434878,0.12145342663948133,196.3820007324219,187.72300033569337,184.54580017089845,0.023000827920646706,0.015473061111972707,0.10701107011070121,43328055.0,66.52861468091035,1.4639531087935618,-0.01205001831054675,0
2024-07-03,197.58999633789065,197.58999633789065,200.02999877929688,196.759994506836,199.94000244140625,31597900,AMZN,-0.01205001831054675,0.020556767289872546,0.10176201835989551,197.1779998779297,188.63550033569337,184.95300018310547,0.02058239934386302,0.01598361557520612,-0.30706359649122805,43548030.0,63.14496038150727,1.3286145817376798,0.012196992290986808,1
2024-07-05,200.0,200.0,200.5500030517578,198.1699981689453,198.6499938964844,39858900,AMZN,0.012196992290986808,0.010866787112250753,0.10326567380163199,197.60799865722657,189.5715003967285,185.36220031738281,0.018889870590718175,0.01601309137007864,0.2614414249048196,43935155.0,70.18726209339903,1.3052756386618607,-0.0035500335693359197,0
2024-07-08,199.2899932861328,199.2899932861328,201.1999969482422,197.9600067138672,200.0399932861328,34767300,AMZN,-0.0035500335693359197,0.03125481648710382,0.07724320695206921,198.8159973144531,190.28600006103517,185.81620025634766,0.013516958330463498,0.01569019791195311,-0.12774060498408135,44104960.0,69.2534924347029,1.1512725705017086,0.00025090598345323123,1
2024-07-09,199.33999633789065,199.33999633789065,200.57000732421875,199.0500030517578,199.3999938964844,32700100,AMZN,0.00025090598345323123,0.010851924050537143,0.08160603926799226,199.2439971923828,191.0379997253418,186.32960021972656,0.01099813011721981,0.015612717419814471,-0.059458169026642804,44338890.0,68.98607219102307,0.9693229200885791,0.002257434315787732,1
2024-07-10,199.7899932861328,199.7899932861328,200.1100006103516,197.69000244140625,200.0,32883800,AMZN,0.002257434315787732,-0.001050033569335973,0.0680530091611471,199.20199584960938,191.67449951171875,186.73300018310547,0.00882568920191918,0.015401669956356218,0.0056177198234868,44260800.0,71.5263540911837,0.8027123876729716,-0.023724863074531144,0
2024-07-11,195.0500030517578,195.0500030517578,200.2700042724609,192.8600006103516,200.08999633789065,44565000,AMZN,-0.023724863074531144,-0.012854867823314797,0.0417668509462481,198.69399719238282,192.06549987792968,187.01480010986327,0.01320793949295251,0.01655403474142902,0.35522658573522525,45125795.0,60.943992518752616,0.3214077155283479,-0.0028710461411535215,0
2024-07-12,194.4900054931641,194.4900054931641,196.47000122070312,193.8300018310547,194.8000030517578,30598500,AMZN,-0.0028710461411535215,-0.027549972534179568,0.04066566498119761,197.59199829101564,192.44550018310548,187.40460021972658,0.010441579399970256,0.01656910588100121,-0.3133961629081118,44956510.0,57.03145761690015,-0.06588554638215438,-0.009100746683475047,0
2024-07-15,192.72000122070312,192.72000122070312,196.19000244140625,190.8300018310547,194.5599975585937,40683200,AMZN,-0.009100746683475047,-0.032966994263463834,0.048359893929711184,196.27799987792972,192.8900001525879,187.67900024414064,0.010473797413991442,0.016217859006744877,0.32958151543376313,45004595.0,59.7331769096745,-0.4510213600956998,0.0015566783408962337,1
2024-07-16,193.0200042724609,193.0200042724609,196.6199951171875,192.2400054931641,195.58999633789065,33994700,AMZN,0.0015566783408962337,-0.0317045860416143,0.0509637396478102,195.01400146484374,193.35800018310547,187.84500030517577,0.010702284434550796,0.016199854394755672,-0.164404471624651,45431510.0,59.21125665257071,-0.6814844708854979,-0.02637038381521717,0
2024-07-17,187.92999267578125,187.92999267578125,191.5800018310547,185.9900054931641,191.3500061035156,48076100,AMZN,-0.02637038381521717,-0.0593623354967836,0.021025726222535512,192.64200134277343,193.55149993896484,187.87940002441405,0.012444428947883742,0.017449687771481665,0.4142233936466566,46055220.0,41.666662935549944,-1.1453453727480145,-0.022242286163404512,0
2024-07-18,183.75,183.75,189.67999267578125,181.4499969482422,189.58999633789065,51043600,AMZN,-0.022242286163404512,-0.057933877851615745,0.0051419640827083946,190.3820007324219,193.59850006103517,187.78040008544923,0.012111464736234954,0.01814941531831888,0.06172505673297124,46774440.0,29.276898870437577,-1.6704933780732545,-0.0033741230867346816,0
2024-07-19,183.1300048828125,183.1300048828125,184.92999267578125,180.11000061035156,181.13999938964844,43081800,AMZN,-0.0033741230867346816,-0.05840917419661895,-0.015959167776980476,188.11000061035156,193.45000000000002,187.66780029296876,0.012020433525883353,0.01768275889749556,-0.1559803775595765,46692190.0,33.155805195504385,-1.9755277066145775,-0.003167158934036185,0
2024-07-22,182.5500030517578,182.5500030517578,185.0599975585937,182.47999572753903,185.0,39931900,AMZN,-0.003167158934036185,-0.052770849442340007,-0.03453563949682792,186.0760009765625,193.12350006103517,187.5588003540039,0.012643394890087806,0.017245870170554407,-0.0731144009767466,45149160.0,22.534708435411247,-2.1195537379699596,0.02114489480045134,1
2024-07-23,186.41000366210932,186.41000366210932,189.38999938964844,183.5599975585937,184.1000061035156,47537700,AMZN,0.02114489480045134,-0.03424515834649511,0.004526573825170743,184.75400085449218,193.16549987792968,187.4970004272461,0.018889914110872173,0.017476151442842553,0.1904692739388809,44995525.0,25.495869178358575,-1.866931330477082,-0.029934025650088292,0
2024-07-24,180.8300018310547,180.8300018310547,185.4499969482422,180.41000366210932,183.1999969482422,41532400,AMZN,-0.029934025650088292,-0.03777997723320059,-0.02956957505164204,183.33400268554686,192.8900001525879,187.36400054931642,0.01985538857148022,0.018706736889208313,-0.12632710459277585,44803825.0,22.880275823517366,-1.9771240380108983,-0.005419431054668911,0
2024-07-25,179.85000610351562,179.85000610351562,183.8999938964844,176.8000030517578,182.91000366210932,44464200,AMZN,-0.005419431054668911,-0.02122445657950678,-0.07107068056122035,182.55400390625,192.2020004272461,187.22960052490234,0.01808194609571577,0.01612267602465463,0.07059067137945307,43771840.0,15.812702643648322,-2.010877838245812,0.014734466536293178,1
2024-07-26,182.5,182.5,183.19000244140625,180.2400054931641,180.38999938964844,29506000,AMZN,0.014734466536293178,-0.0034402056791056346,-0.0775840567600713,182.4280029296875,191.43450012207032,187.13820037841796,0.019989139899352734,0.015598348809708475,-0.3364099657702151,41527265.0,23.272843863326514,-1.7587111274300418,0.003835599716395466,1
2024-07-29,183.1999969482422,183.1999969482422,184.75,182.3800048828125,183.83999633789065,33270100,AMZN,0.003835599716395466,0.003560634815766628,-0.052005190436004156,182.55800170898436,190.93199996948243,187.08240020751953,0.02000334025829171,0.01499533345448478,0.1275706635938454,39344260.0,24.82843371727799,-1.46098976643345,-0.008133134602594794,0
2024-07-30,181.7100067138672,181.7100067138672,185.8600006103516,179.3800048828125,184.72000122070312,39508600,AMZN,-0.008133134602594794,-0.025213222766528376,-0.07854964743453097,181.61800231933594,190.15750045776366,187.04400024414062,0.016577195843794,0.014018071565407813,0.18751070781272072,39260090.0,22.688821891537913,-1.2867526535281573,0.029002194810164417,1
2024-07-31,186.97999572753903,186.97999572753903,187.94000244140625,184.4600067138672,185.0500030517578,41667300,AMZN,0.029002194810164417,0.03400980940225917,-0.06510002136230486,182.8480010986328,189.5065002441406,187.08960021972655,0.015305177305594234,0.015355881353577433,0.05463873688260268,39063455.0,38.00176408614609,-0.7647080197637615,-0.015563100170141286,0
2024-08-01,184.07000732421875,184.07000732421875,190.6000061035156,181.8699951171875,189.2899932861328,70435600,AMZN,-0.015563100170141286,0.02346400376697355,-0.06842446107722944,183.69200134277344,188.83050079345702,187.10020050048828,0.017799499095401485,0.015481446454956005,0.6904287054836766,41005340.0,35.51972172827358,-0.5723149369882339,-0.0878470841762542,0
2024-08-02,167.89999389648438,167.89999389648438,168.77000427246094,160.5500030517578,166.75,141448400,AMZN,-0.0878470841762542,-0.08000003344392126,-0.1605000305175781,180.77200012207032,187.22550048828123,186.79520050048828,0.04371039744073729,0.02399201375864955,1.0081947197155983,46084815.0,25.367189407160197,-1.441546020987345,-0.04097671157906757,0
2024-08-05,161.02000427246094,161.02000427246094,162.9600067138672,151.61000061035156,154.2100067138672,83149400,AMZN,-0.04097671157906757,-0.12106983103306257,-0.19203166392165671,176.33600158691405,185.31200103759764,186.35300048828125,0.04328497202030395,0.025028900694300048,-0.4121573662197664,48503920.0,21.91009309582175,-2.334462844943504,0.005651399696776416,1
2024-08-06,161.92999267578125,161.92999267578125,165.0800018310547,158.5399932861328,161.7100067138672,59950800,AMZN,0.005651399696776416,-0.10885484182075278,-0.18766933053764934,172.37999877929687,183.44150085449218,185.97060028076172,0.04500888054403163,0.025177378560302086,-0.27899900660738386,49866455.0,25.36942907545729,-2.6929583445158767,0.0051874985158653075,1
2024-08-07,162.77000427246094,162.77000427246094,167.5800018310547,161.42999267578125,166.5500030517578,48408200,AMZN,0.0051874985158653075,-0.12947904593150217,-0.18529451052462387,167.53800048828126,181.59050140380856,185.61100036621093,0.03914794406406905,0.025261008257080088,-0.19253454499356137,50642675.0,28.78234818278581,-2.696023944477375,0.018615215947435537,1
2024-08-08,165.8000030517578,165.8000030517578,166.69000244140625,162.5500030517578,165.1699981689453,44616200,AMZN,0.018615215947435537,-0.09925573719503566,-0.14996154597464073,163.88399963378907,180.12800140380858,185.2840005493164,0.04423434494312767,0.025807958094052813,-0.07833383600299126,50645235.0,33.28831717352267,-2.330247615664268,0.00687575011257735,1
2024-08-09,166.94000244140625,166.94000244140625,168.5500030517578,165.85000610351562,166.39999389648438,36401000,AMZN,0.00687575011257735,-0.005717638415579596,-0.14165253881246953,163.69200134277344,178.75050125122067,184.9824005126953,0.023061997515508963,0.025996544413207354,-0.1841304279611442,50935360.0,35.10779130524905,-1.8677671511113694,-0.000838620987187122,0
2024-08-12,166.8000030517578,166.8000030517578,168.5500030517578,166.11000061035156,168.13999938964844,30072800,AMZN,-0.000838620987187122,0.035896153433933486,-0.13449563099193684,164.8480010986328,177.45450134277343,184.7320004272461,0.007096271537497737,0.026031647567763237,-0.17384687233867202,50404840.0,29.86237619263261,-1.4463479105481643,0.020563504874259175,1
2024-08-13,170.22999572753906,170.22999572753906,171.0399932861328,167.10000610351562,167.80999755859375,39237900,AMZN,0.020563504874259175,0.05125673702941613,-0.11807070790834817,166.50800170898438,176.31500091552732,184.60780029296876,0.009167522236824528,0.02669373130549139,0.3047637732435955,50667000.0,38.611927311164884,-0.841631469728652,-0.0007636117446156998,0
2024-08-14,170.10000610351562,170.10000610351562,172.27999877929688,168.86000061035156,172.11000061035156,28843800,AMZN,-0.0007636117446156998,0.04503287853199889,-0.09487568385652045,167.9740020751953,175.42350158691403,184.44300048828126,0.010280394312826766,0.02627162307844856,-0.26489949767953946,49705385.0,39.330255522426334,-0.3789996351613443,0.04403286281963403,1
2024-08-15,177.58999633789062,177.58999633789062,177.91000366210938,173.99000549316406,174.86000061035156,51698500,AMZN,0.04403286281963403,0.07110972900556778,-0.033523829453656506,170.33200073242188,175.11550140380857,184.40800048828126,0.018933785281898947,0.028052910917573916,0.7923609233180093,49738130.0,45.14149048929044,0.45747752534534136,-0.002984395462729106,0
2024-08-16,177.05999755859375,177.05999755859375,178.33999633789062,176.25999450683594,177.0399932861328,31489200,AMZN,-0.002984395462729106,0.06062055210966877,-0.033145891783834314,172.3559997558594,174.81200103759764,184.3236004638672,0.020320617474530508,0.02805154332552097,-0.3909068928498892,49158500.0,43.903885269281886,0.9715645320822794,0.006551472258579993,1
2024-08-19,178.22000122070312,178.22000122070312,178.3000030517578,176.16000366210938,177.63999938964844,31129800,AMZN,0.006551472258579993,0.06846521558756624,-0.023719538530092565,174.63999938964844,174.5955009460449,184.18800048828126,0.019401125984859453,0.02810161417013142,-0.011413436987919634,48718395.0,46.512083978012434,1.3622719613506176,0.003703308593809629,1
2024-08-20,178.8800048828125,178.8800048828125,179.00999450683594,177.42999267578125,177.9199981689453,26255200,AMZN,0.003703308593809629,0.05081366017959721,-0.04039482126155558,176.37000122070313,174.21900100708007,184.07960052490233,0.019327234927471744,0.027651346162151674,-0.1565895058753991,47654270.0,41.08322697750455,1.620152207397589,0.006876093995775934,1
2024-08-21,180.11000061035156,180.11000061035156,182.38999938964844,178.88999938964844,179.9199981689453,35599100,AMZN,0.006876093995775934,0.05884770222021207,-0.003981646924805182,178.37200012207032,174.18300094604493,183.9406005859375,0.018538806625713573,0.02688660668889441,0.35588759560010974,47357605.0,45.47324076422366,1.813943347073434,-0.022097583221652117,0
2024-08-22,176.1300048828125,176.1300048828125,181.47000122070312,175.67999267578125,181.3800048828125,32047500,AMZN,-0.022097583221652117,-0.008221135678725289,-0.020683909338107043,178.0800018310547,173.99700088500975,183.71860076904298,0.012129331618102661,0.027323696456947162,-0.09976656713231513,46736770.0,63.04282429686147,1.6207819977376414,0.005166572293719973,1
2024-08-23,177.0399932861328,177.0399932861328,178.97000122070312,175.24000549316406,177.33999633789062,29150100,AMZN,0.005166572293719973,-0.00011298019166816609,-0.029917845007491395,178.0760009765625,173.7240005493164,183.52160064697264,0.012438906868385089,0.02712265203280419,-0.09040954832670256,46718975.0,81.31355851320204,1.503585435234542,-0.00869856159361615,0
2024-08-26,175.5,175.5,177.47000122070312,174.3000030517578,176.6999969482422,22366200,AMZN,-0.00869856159361615,-0.015262042431111511,-0.04203055172767056,177.53200073242186,173.3390007019043,183.35500061035157,0.012312141035229745,0.0271460156832893,-0.23272304383175357,46173780.0,75.88711855881367,1.2803666837323258,-0.013561281383547064,0
2024-08-27,173.1199951171875,173.1199951171875,174.88999938964844,172.25,174.14999389648438,29842000,AMZN,-0.013561281383547064,-0.032200411495954984,-0.04727318958391813,176.37999877929687,172.9095001220703,183.14420043945313,0.012379437659937422,0.027239810703830365,0.33424542389856127,45690450.0,68.64866291547277,0.9458709816182145,-0.013401063602498708,0
2024-08-28,170.8000030517578,170.8000030517578,173.69000244140625,168.9199981689453,173.69000244140625,29045000,AMZN,-0.013401063602498708,-0.051690619771496915,-0.08653328187769438,174.51799926757812,172.10050048828126,182.8790005493164,0.01001219916300676,0.02633028966641951,-0.026707325246297153,45059335.0,59.24558007776128,0.5608379065934752,0.007728290643119529,1
2024-08-29,172.1199951171875,172.1199951171875,174.2899932861328,170.80999755859375,173.22000122070312,26407800,AMZN,0.007728290643119529,-0.022767328986864288,-0.06492101771899561,173.71599731445312,171.50299987792968,182.66520050048828,0.010270384962858961,0.026315188125691943,-0.09079703907729386,42857945.0,59.51506990917581,0.3953300758595435,0.037067191865004956,1
2024-08-30,178.5,178.5,178.89999389648438,172.60000610351562,172.77999877929688,43429400,AMZN,0.037067191865004956,0.008246762139826336,0.0631328558001667,174.00799865722655,172.03300018310546,182.51320037841796,0.021541685900730603,0.01889886753607364,0.6445671354675513,37956995.0,67.4835862864033,0.698109768995081,-0.012605042016806678,0
2024-09-03,176.25,176.25,178.25999450683594,175.25999450683594,177.5500030517578,37817500,AMZN,-0.012605042016806678,0.004273504273504258,0.09458449461824925,174.15799865722656,172.79449996948242,182.25660034179688,0.022082914975080796,0.016290404290279583,-0.12921891621804582,35690400.0,59.32467942551615,0.7261929142884695,-0.016567365497562103,0
2024-09-04,173.3300018310547,173.3300018310547,175.97999572753906,172.5399932861328,174.47999572753906,30309200,AMZN,-0.016567365497562103,0.0012130702390849013,0.07040085018776421,174.2,173.3645004272461,182.0118002319336,0.022614535765468055,0.016962515331233545,-0.19854035829972894,34208320.0,54.60507452101403,0.5362165618197834,0.026308183871355473,1
2024-09-05,177.88999938964844,177.88999938964844,179.8800048828125,175.0,175.0,40170500,AMZN,0.026308183871355473,0.04151051645907833,0.09289177809369664,175.6179992675781,174.12050018310546,181.84280029296875,0.023492245089621333,0.017711247208735882,0.32535665738455655,33796435.0,50.466713351453365,0.6956573216735353,-0.03653943460735232,0
2024-09-06,171.38999938964844,171.38999938964844,178.3800048828125,171.16000366210938,177.24000549316406,41466500,AMZN,-0.03653943460735232,-0.004241202348640782,0.03371529695415987,175.4720001220703,174.4,181.3984002685547,0.030957633959705345,0.01960644620629944,0.03226248117399577,33638950.0,42.56100417404883,0.35833906033014884,0.023396899008788496,1
2024-09-09,175.39999389648438,175.39999389648438,175.85000610351562,173.50999450683594,174.52999877929688,29037400,AMZN,0.023396899008788496,-0.01736698097207634,0.05067683797385514,174.85199890136718,174.8229995727539,180.94940002441408,0.027188173526154647,0.02016968639958861,-0.29973834299977087,33270770.0,46.55760496387955,0.3972512179331802,0.023660258265018275,1
2024-09-10,179.5500030517578,179.5500030517578,180.5,176.7899932861328,177.49000549316406,36233800,AMZN,0.023660258265018275,0.018723421570257193,0.07643884752234498,175.51199951171876,175.46049957275392,180.6754000854492,0.028839510341468925,0.020682986677323482,0.2478321061803055,33578820.0,50.753654302518335,0.677967465618774,0.027680318219044597,1
2024-09-11,184.5200042724609,184.5200042724609,184.9900054931641,175.72999572753906,180.10000610351562,42564700,AMZN,0.027680318219044597,0.06455894722895783,0.08394530284658908,177.75,176.175,180.4218002319336,0.02769685421965845,0.021042998599332497,0.17472360061599934,33745160.0,54.57564456468252,1.1463109758510281,0.013440254011034769,1
2024-09-12,187.0,187.0,187.41000366210932,183.5399932861328,184.8000030517578,33544200,AMZN,0.013440254011034769,0.05121142639613541,0.0993532821286307,179.5720001220703,177.0199996948242,180.1618002319336,0.026720267263091815,0.0211045662120866,-0.21192443503654435,33980180.0,61.64061003819111,1.54618527054037,-0.0027272433520636463,0
2024-09-13,186.4900054931641,186.4900054931641,188.5,185.91000366210932,187.0,26495400,AMZN,-0.0027272433520636463,0.08810319246916132,0.05011548701391888,182.59200134277344,177.4650001525879,179.93980041503906,0.012259117918597781,0.019036709883796913,-0.21013468796394008,32720025.0,60.207406235372495,1.6878440555198666,-0.00857958097692424,0
2024-09-16,184.88999938964844,184.88999938964844,185.8099975585937,183.3600006103516,185.2899932861328,26065500,AMZN,-0.00857958097692424,0.05410493627932955,0.044222308477461336,184.49000244140626,177.85650024414062,179.63760040283202,0.015935820222900555,0.0191640898438131,-0.016225458004030857,32448840.0,60.12945118058936,1.5868234422377145,0.010763186217390919,1
2024-09-17,186.8800048828125,186.8800048828125,189.4499969482422,186.13999938964844,186.8500061035156,26091700,AMZN,0.010763186217390919,0.04082429243368879,0.04859164853996978,185.95600280761718,178.28950042724608,179.38940063476562,0.014269164058283072,0.019235808687824284,0.0010051600774971803,32196935.0,64.96955213652967,1.5644812126554815,-0.0024080275860086653,0
2024-09-18,186.42999267578125,186.42999267578125,188.8000030517578,185.0599975585937,186.4499969482422,34448100,AMZN,-0.0024080275860086653,0.01035111835625191,0.04220699679606388,186.33800048828124,178.66699981689453,179.13120056152343,0.009504343367187546,0.019265052988836295,0.3202704308266613,32606580.0,67.72509130526119,1.4333422878703588,0.01845197970580159,1
2024-09-19,189.8699951171875,189.8699951171875,190.9900054931641,188.47000122070312,190.0399932861328,39543200,AMZN,0.01845197970580159,0.015347567471590828,0.05418907597446876,186.91199951171876,179.15499954223634,178.93280059814452,0.011125594912621196,0.0195827794648051,0.14790656088434484,32803785.0,69.20579047820316,1.4858709914787926,0.009111555436973173,1
2024-09-20,191.6000061035156,191.6000061035156,191.83999633789065,187.41000366210932,190.22999572753903,100378600,AMZN,0.009111555436973173,0.02740093549162781,0.0878328552309755,187.93399963378906,179.9284996032715,178.86380065917967,0.010831257590663267,0.0187166878861735,1.5384541463513322,36220340.0,65.76034318300472,1.5382511045266156,0.011899784481557374,1
2024-09-23,193.8800048828125,193.8800048828125,194.4499969482422,190.57000732421875,191.63999938964844,36993100,AMZN,0.011899784481557374,0.04862353573931255,0.09511981606022091,189.73200073242188,180.77050018310547,178.85160064697266,0.0075733788713927665,0.01879190295912661,-0.631464276250117,36612490.0,71.19499098194775,1.6193851824618433,0.0004126358007008335,1
2024-09-24,193.9600067138672,193.9600067138672,195.3699951171875,190.1300048828125,194.2700042724609,43478900,AMZN,0.0004126358007008335,0.03788528278075742,0.10518522344083858,191.14800109863282,181.69350051879883,178.87640075683595,0.008519105148147884,0.018558446960522976,0.17532458755822034,37668125.0,76.61934017504082,1.5701989340569886,-0.007372694808574054,0
2024-09-25,192.52999877929688,192.52999877929688,193.9499969482422,192.16000366210932,193.75,26391100,AMZN,-0.007372694808574054,0.03272008980939067,0.11211878586855573,192.36800231933594,182.66400070190429,178.86660064697264,0.010103654971790799,0.01827907215737932,-0.39301362269974627,37495580.0,70.55022821758956,1.3419647576708815,-0.007115748848874337,0
2024-09-26,191.16000366210932,191.16000366210932,194.52999877929688,189.5399932861328,194.3099975585937,36334900,AMZN,-0.007115748848874337,0.006794167472989221,0.11920374851622095,192.6260040283203,183.68200073242187,178.9312008666992,0.008946588329039176,0.017988991794299882,0.3767861135003845,37860075.0,82.42043444208383,1.0142424900963203,-0.016687603998191913,0
2024-09-27,187.97000122070312,187.97000122070312,190.8999938964844,187.33999633789065,190.67999267578125,36002300,AMZN,-0.016687603998191913,-0.018945745131403013,0.09208695417824164,191.9000030517578,184.47450103759766,179.01560089111328,0.010654511827111988,0.01866696083165847,-0.009153733738086478,38339800.0,71.18299411249214,0.5228824778133552,-0.008724793206352333,0
2024-09-30,186.3300018310547,186.3300018310547,188.4900054931641,184.6499938964844,187.13999938964844,41583900,AMZN,-0.008724793206352333,-0.03894162812880719,0.043865556476496925,190.39000244140624,184.8660011291504,179.07960083007814,0.006080609645138607,0.017225072975870604,0.15503453945997903,38247525.0,62.48157261960943,0.05244121985314276,-0.006440170323887107,0
2024-10-01,185.1300048828125,185.1300048828125,186.19000244140625,183.4499969482422,184.8999938964844,36044900,AMZN,-0.006440170323887107,-0.04552485834917941,0.05038300642730498,188.6240020751953,185.31000137329102,179.13120086669923,0.004229851781369731,0.01699816473889905,-0.13320058965128334,38158895.0,51.30397569556576,-0.35226685631482235,-0.0019986515757438594,0
2024-10-02,184.759994506836,184.759994506836,186.6000061035156,184.0399932861328,184.44000244140625,23704100,AMZN,-0.0019986515757438594,-0.04035736935399803,0.0659435328854503,187.07000122070312,185.8815010070801,179.09820068359375,0.005362926781222264,0.01643650718522455,-0.3423729848050626,37828640.0,44.736840218297864,-0.6407884900337839,-0.015154729791168164,0
2024-10-03,181.9600067138672,181.9600067138672,183.44000244140625,180.8800048828125,183.0500030517578,30204300,AMZN,-0.015154729791168164,-0.04812720638206236,0.022879348688420897,185.2300018310547,186.08500137329102,179.12080078125,0.006111828188699018,0.015994177535664327,0.27422260284085875,37330330.0,40.39034470436058,-0.9949769270273796,0.02500542770436187,1
2024-10-04,186.509994506836,186.509994506836,187.6000061035156,183.6000061035156,185.75,40890300,AMZN,0.02500542770436187,-0.007767232560438653,0.0882198212908143,184.93800048828126,186.84100112915038,179.2540005493164,0.01553893429874764,0.014155027695722902,0.3537906854322066,37301520.0,53.054287187229676,-0.9004308763090645,-0.030614935516868003,0
2024-10-07,180.8000030517578,180.8000030517578,183.6000061035156,180.25,182.9499969482422,42364200,AMZN,-0.030614935516868003,-0.029678520501013717,0.030786826357932284,183.8320007324219,187.11100158691406,179.22000061035158,0.02041517934941155,0.015421686453632955,0.036045223439299834,37967860.0,39.94708874568643,-1.1822986446556842,0.010619458719785868,1
2024-10-08,182.72000122070312,182.72000122070312,183.08999633789065,180.9199981689453,181.9199981689453,26372100,AMZN,0.010619458719785868,-0.013017898765977476,0.017655238736094647,183.35000000000002,187.26950149536134,179.2104006958008,0.02167652219211059,0.014700011466900104,-0.3774909003356608,37474775.0,44.150122272448634,-1.195696517739779,0.013408477078997505,1
2024-10-09,185.1699981689453,185.1699981689453,185.8500061035156,182.0500030517578,182.82000732421875,26343100,AMZN,0.013408477078997505,0.0022191149290933243,0.0035226202115441474,183.43200073242187,187.30200119018554,179.27960052490235,0.02281798272372507,0.013644038017312529,-0.001099646975401991,36663695.0,42.35026188802768,-1.0035718048041211,0.007992632403596822,1
2024-10-10,186.6499938964844,186.6499938964844,188.1300048828125,185.8300018310547,187.1300048828125,27785000,AMZN,0.007992632403596822,0.025774824189758627,-0.0018716903931315088,184.3699981689453,187.28450088500978,179.27300048828124,0.021091936865866575,0.013419692185181674,0.054735395606439585,36375735.0,41.87722847642336,-0.7523168801692663,0.011626110360002606,1
2024-10-11,188.82000732421875,188.82000732421875,189.92999267578125,186.3000030517578,186.6300048828125,25751600,AMZN,0.011626110360002606,0.012385463972002242,0.012493976955457065,184.83200073242188,187.40100097656253,179.36800048828124,0.018674299098375473,0.013648463486783292,-0.07318337232319594,36338545.0,41.6666666666667,-0.4314214827450247,-0.006779016992029097,0
2024-10-14,187.5399932861328,187.5399932861328,189.8300018310547,187.3600006103516,189.77999877929688,22614400,AMZN,-0.006779016992029097,0.03727870641929987,0.014332813593122662,186.17999877929688,187.53350067138675,179.76080047607422,0.008150444057936653,0.013589776612139096,-0.12182543997266193,36165990.0,39.82887527824572,-0.3028880492727368,0.0007998782160802964,1
2024-10-15,187.69000244140625,187.69000244140625,188.41000366210932,184.5800018310547,187.6300048828125,32178900,AMZN,0.0007998782160802964,0.027200094064688596,0.004334319014501764,187.1739990234375,187.57400054931642,180.29420043945314,0.008353307893900121,0.01338641294303992,0.4229384816753927,36470350.0,42.007931748663374,-0.20971022057152489,-0.004262363692000948,0
2024-10-16,186.88999938964844,186.88999938964844,187.77999877929688,185.6100006103516,187.0500030517578,23456800,AMZN,-0.004262363692000948,0.009288768362647026,0.0024674501525470127,187.51799926757812,187.59700088500978,180.79340057373048,0.00784577447597089,0.013412564126913912,-0.27105028450319935,35920785.0,42.813861818368686,-0.20372672337683917,0.0034244710350397334,1
2024-10-17,187.52999877929688,187.52999877929688,188.94000244140625,186.0,188.22000122070312,25039400,AMZN,0.0034244710350397334,0.00471473298467151,-0.0123242028654732,187.69400024414062,187.48000106811526,181.2886004638672,0.0071942792677421015,0.01274089589598848,0.06746870843422803,35195595.0,49.18998088718948,-0.16034668263119478,0.007785456851548744,1
2024-10-18,188.9900054931641,188.9900054931641,190.7400054931641,186.27999877929688,187.1499938964844,37417700,AMZN,0.007785456851548744,0.0009003186227687365,-0.013622132187936398,187.72799987792968,187.3495010375977,181.75240051269532,0.00585054252784583,0.01269136517828406,0.4943528998298681,32047550.0,54.92958224416091,-0.043104852027700424,0.00042331249658356107,1
2024-10-21,189.07000732421875,189.07000732421875,189.4600067138672,186.3999938964844,188.0500030517578,24639400,AMZN,0.00042331249658356107,0.00815833471717986,-0.024809147088174832,188.03400268554688,187.109001159668,182.19500061035157,0.004415168059640934,0.012350919249961853,-0.3415041544509684,31429865.0,57.61794281438925,0.026315664023771612,0.003332044214411578,1
2024-10-22,189.6999969482422,189.6999969482422,191.5200042724609,186.97999572753903,188.3500061035156,29650600,AMZN,0.003332044214411578,0.010709118656777816,-0.021963340988688573,188.43600158691407,186.89600067138673,182.65300048828124,0.004440700773368171,0.012387961591596003,0.20338157585006122,30738450.0,59.45636172450035,0.0971625257575639,-0.026304640562205495,0
2024-10-23,184.7100067138672,184.7100067138672,189.16000366210932,183.69000244140625,188.8500061035156,31937100,AMZN,-0.026304640562205495,-0.011664576397349968,-0.040617005739422396,188.0000030517578,186.50500106811526,182.9426007080078,0.013691602980860747,0.013564998259548945,0.07711479700242152,31015750.0,54.85694142909808,-0.1936859545443701,0.009041189476714617,1
2024-10-24,186.3800048828125,186.3800048828125,187.1100006103516,183.8600006103516,185.25,21647400,AMZN,0.009041189476714617,-0.006132319650029916,-0.025005224355121092,187.77000427246094,186.26600112915042,183.26820068359376,0.014482943042772433,0.013723430576784863,-0.3221864226870943,30281375.0,49.74441686302664,-0.2705249596676076,0.007779788122410869,1
2024-10-25,187.8300018310547,187.8300018310547,190.4499969482422,187.52999877929688,187.8500061035156,29362100,AMZN,0.007779788122410869,-0.006137910092559706,-0.0007447964501743343,187.53800354003906,186.259001159668,183.47300079345703,0.014482069423111749,0.01335340236680931,0.3563799809676913,29949365.0,66.60367104464618,-0.22262232701999385,0.002981406341556969,1
2024-10-28,188.38999938964844,188.38999938964844,190.2100067138672,188.2100067138672,189.57000732421875,27930800,AMZN,0.002981406341556969,-0.0035965933687421847,0.011055640736061134,187.402001953125,186.36200103759768,183.6996008300781,0.01459609175917752,0.013204357718372722,-0.04874651336246383,29266710.0,64.31094018265861,-0.15533546815486488,0.012951868195294036,1
2024-10-29,190.8300018310547,190.8300018310547,191.4600067138672,187.82000732421875,188.5800018310547,35690200,AMZN,0.012951868195294036,0.005956799688936254,0.030789157877731954,187.6280029296875,186.6470008850098,183.95180084228517,0.015831317863032848,0.013368577520009507,0.27780801122774856,29248975.0,64.29292532293887,0.0409053203805414,0.009956473710912794,1
2024-10-30,192.72999572753903,192.72999572753903,195.6100006103516,192.4199981689453,194.6999969482422,37707600,AMZN,0.009956473710912794,0.043419353159872554,0.04313705053941286,189.23200073242188,187.04550094604494,184.22880065917968,0.003646849057326063,0.013465988694430314,0.056525320676264146,29949150.0,65.03461146340109,0.273129352094994,-0.032843885079535395,0
2024-10-31,186.3999938964844,186.3999938964844,190.6000061035156,185.22999572753903,190.509994506836,75146800,AMZN,-0.032843885079535395,0.00010724870237277528,0.024400895904555187,189.23599853515626,187.26750030517582,184.35460052490234,0.01880744927292396,0.015142460128162068,0.992882071518739,32196275.0,45.036888960099375,-0.010108201554342555,0.06185621865256041,1
2024-11-01,197.92999267578125,197.92999267578125,200.5,197.0200042724609,199.0,99687800,AMZN,0.06185621865256041,0.053771978631034,0.06122995284591415,191.25599670410156,187.83850021362304,184.7906002807617,0.03382985330199357,0.019725226042897274,0.32657411892455834,35136150.0,65.0014474483711,0.5382272432014839,-0.01086239567545566,0
2024-11-04,195.77999877929688,195.77999877929688,197.3300018310547,194.3099975585937,196.4499969482422,38492100,AMZN,-0.01086239567545566,0.0392271320855182,0.08285395727150924,192.73399658203124,188.5875,185.165400390625,0.03518746226760529,0.01839483758154715,-0.6138735131079229,34942545.0,61.04286377220194,0.7047799806456005,0.0190009257528736,1
2024-11-05,199.5,199.5,199.82000732421875,195.9900054931641,196.0399932861328,30564800,AMZN,0.0190009257528736,0.04543309797073225,0.09183449358140439,194.4679962158203,189.42649993896484,185.645400390625,0.03549383930518171,0.01864385917073519,-0.20594615518508996,35152180.0,65.94185760742798,0.9963107826564424,0.03804509442551707,1
2024-11-06,207.08999633789065,207.08999633789065,207.5500030517578,199.13999938964844,200.009994506836,72292200,AMZN,0.03804509442551707,0.07450838441698626,0.11837769825404432,197.33999633789065,190.52249984741212,186.32480041503905,0.037750768800256476,0.020021853997728208,1.3652109616290633,37449635.0,71.03226924265829,1.595596141495109,0.01429333510169939,1
2024-11-07,210.0500030517578,210.0500030517578,212.25,207.19000244140625,207.44000244140625,52878400,AMZN,0.01429333510169939,0.1268777356742148,0.12536838960868657,202.06999816894532,191.69250030517577,187.10980041503908,0.027220699582047866,0.020107601600133,-0.26854626086908406,38704305.0,71.93751140436265,2.057248757906894,-0.008902691496347037,0
2024-11-08,208.17999267578125,208.17999267578125,209.9600067138672,207.44000244140625,209.72000122070312,36075800,AMZN,-0.008902691496347037,0.051785986860465316,0.10253142993644682,204.1199981689453,192.6604995727539,187.83100036621093,0.02048189656227169,0.020334016072506313,-0.3177592362855155,39220515.0,69.19059428090898,2.095505951826604,-0.006436720074140423,0
2024-11-11,206.83999633789065,206.83999633789065,209.6499938964844,205.58999633789065,208.5,35456000,AMZN,-0.006436720074140423,0.056491968676850135,0.10291139886259626,206.33199768066407,193.6254997253418,188.39780029296875,0.019405246453848772,0.02032364541390227,-0.017180492185897456,39862595.0,66.97030155304313,1.895429767898083,0.01000777103494599,1
2024-11-12,208.91000366210932,208.91000366210932,209.5399932861328,206.009994506836,208.3699951171875,38942900,AMZN,0.01000777103494599,0.04716793815593645,0.1130587721491858,208.21399841308593,194.68649978637694,189.05100036621093,0.018911939074261332,0.020325330953273588,0.09834442689530687,40200795.0,75.4308491140571,1.7697575636693186,0.024843245179395845,1
2024-11-13,214.1000061035156,214.1000061035156,215.08999633789065,209.13999938964844,209.3999938964844,46212900,AMZN,0.024843245179395845,0.0338500646558868,0.1455937011222137,209.61600036621093,196.0470001220703,189.86640045166016,0.014263381711684142,0.020624559155752592,0.1866835803188771,41338600.0,77.12328562598361,1.8923854411095835,-0.012237320417028852,0
2024-11-14,211.47999572753903,211.47999572753903,215.8999938964844,210.8800048828125,214.16000366210932,42620300,AMZN,-0.012237320417028852,0.006807867912426824,0.12771288382734314,209.9019989013672,197.24449996948243,190.53820037841797,0.015630103663363502,0.021060920293784185,-0.07774019808321919,42217645.0,72.62290516492453,1.6614847417977678,-0.04194247823144048,0
2024-11-15,202.6100006103516,202.6100006103516,207.33999633789065,199.6100006103516,206.759994506836,86591100,AMZN,-0.04194247823144048,-0.02675565501678323,0.07206727721736672,208.78800048828126,197.9254997253418,191.16260040283203,0.02517401907089679,0.023645138724759714,1.0316867783661778,44676315.0,61.736544411677954,0.8184570908771462,-0.004491405455644193,0
2024-11-18,201.6999969482422,201.6999969482422,204.6699981689453,200.9499969482422,204.1499938964844,36409900,AMZN,-0.004491405455644193,-0.024850123190158224,0.06680059837499996,207.76000061035157,198.55699920654297,191.68860046386717,0.025164251707837235,0.023706979576240926,-0.5795191422675079,45264840.0,59.204057363726555,0.14207565746097472,0.014427385751801136,1
2024-11-19,204.6100006103516,204.6100006103516,205.3000030517578,198.77999877929688,199.3300018310547,31197900,AMZN,0.014427385751801136,-0.020583040430713573,0.0785978065470263,206.9,199.30249938964843,192.18980041503906,0.02588028234456782,0.023832248938420276,-0.1431478801095306,45342205.0,59.89010933173859,-0.1509379988544577,-0.008455088814713463,0
2024-11-20,202.8800048828125,202.8800048828125,203.1300048828125,199.4499969482422,202.97999572753903,32769000,AMZN,-0.008455088814713463,-0.05240542223655198,0.09837040500514038,204.65599975585937,200.21099929809571,192.5570004272461,0.02033039127345492,0.022953382018602204,0.05035915878953401,45383800.0,64.85755901291687,-0.48407380243677345,-0.022180598835253806,0
2024-11-21,198.3800048828125,198.3800048828125,203.4900054931641,195.75,203.4900054931641,58800000,AMZN,-0.022180598835253806,-0.06194434986467445,0.06438458893455379,202.03600158691407,200.8109992980957,192.78460052490234,0.02101280842348828,0.02370978971414724,0.794378833653758,47241430.0,50.46460044550728,-1.0005657606457863,-0.006351495788949668,0
2024-11-22,197.1199951171875,197.1199951171875,199.259994506836,196.75,198.25,31530800,AMZN,-0.006351495788949668,-0.02709641911369498,0.049459581512908635,200.93800048828126,201.27549896240234,192.9972003173828,0.013093678385162575,0.0237825206258457,-0.4637619047619047,47349865.0,51.40933449395042,-1.3958573431519783,0.021966324768223133,1
2024-11-25,201.4499969482422,201.4499969482422,201.9499969482422,199.0,199.27999877929688,40685700,AMZN,0.021966324768223133,-0.0012394645700671836,0.06932426137749315,200.88800048828125,201.92849884033203,193.32840026855467,0.017988937098571443,0.02417076784462968,0.29034785035584254,47987610.0,52.02491728095258,-1.3345381182140876,0.03181932866326287,1
2024-11-26,207.8600006103516,207.8600006103516,208.0,201.7899932861328,201.8999938964844,41673700,AMZN,0.03181932866326287,0.015883876595988777,0.08924172622695825,201.53800048828128,202.77999877929688,193.74800018310546,0.022596240682344435,0.02491052645589098,0.024283716391754417,48286785.0,50.81967585907352,-0.854456000372946,-0.010199148999145757,0
2024-11-27,205.7400054931641,205.7400054931641,207.63999938964844,205.0500030517578,206.97999572753903,28061600,AMZN,-0.010199148999145757,0.01409700582373108,0.06750381390563209,202.11000061035156,203.4304992675781,194.13420043945314,0.022836402700643427,0.025088453240844407,-0.32663526396744225,47804485.0,45.32842591471626,-0.6794852283594746,0.010450052683389277,1
2024-11-29,207.88999938964844,207.88999938964844,208.1999969482422,204.58999633789065,205.8300018310547,24892400,AMZN,0.010450052683389277,0.04793827136184259,0.1152897328156477,204.01199951171876,204.50499954223633,194.49460052490235,0.017984603316486308,0.02360532259325164,-0.11293725233058705,45291765.0,49.687574695210664,-0.43087518625538346,0.01356490130596999,1
2024-12-02,210.7100067138672,210.7100067138672,212.9900054931641,209.509994506836,209.9600067138672,39523200,AMZN,0.01356490130596999,0.068942836512351,0.06456835502954927,206.7300018310547,205.1440002441406,194.87680053710938,0.015638337931896246,0.019710920859561894,0.58776172647073,42283535.0,54.04051781077772,-0.1054012821129211,0.012956175029913197,1
2024-12-03,213.44000244140625,213.44000244140625,214.0200042724609,209.6499938964844,210.3099975585937,32214800,AMZN,0.012956175029913197,0.05951851911045014,0.09020330867412829,209.1280029296875,206.0270004272461,195.26800048828125,0.01492461595965821,0.019527759639879374,-0.18491417698971746,41969670.0,54.66529049517664,0.24568342280529176,0.022113948494724145,1
2024-12-04,218.16000366210932,218.16000366210932,220.0,215.75,215.9600067138672,48745700,AMZN,0.022113948494724145,0.049552598005933035,0.09353385294290395,211.18800354003906,206.96000061035156,195.7520004272461,0.012001616317337585,0.01966130187663057,0.5131461315916908,42878715.0,54.2221257440561,0.7208535804551097,0.010955259211262947,1
2024-12-05,220.5500030517578,220.5500030517578,222.1499938964844,217.3000030517578,218.02999877929688,41140200,AMZN,0.010955259211262947,0.07198404375995704,0.06499592907378116,214.1500030517578,207.63300094604492,196.31240051269532,0.0047166537033100685,0.01811278599142473,-0.15602401852881387,41321115.0,59.47754040469431,1.0985506464246182,0.029381072944344444,1
2024-12-06,227.02999877929688,227.02999877929688,227.1499938964844,220.6000061035156,220.75,44178100,AMZN,0.029381072944344444,0.09206791786926849,0.08083787422442956,217.9780029296875,208.48200073242188,197.02980041503906,0.007761771959851195,0.018891757236815895,0.07384261622452004,40886100.0,76.85877096614696,1.6538641547534025,-0.004140432746599365,0
2024-12-09,226.08999633789065,226.08999633789065,230.0800018310547,225.6699981689453,227.2100067138672,46819400,AMZN,-0.004140432746599365,0.07299126350894514,0.0860313396686605,221.0540008544922,209.37750091552735,197.79220031738282,0.012664204668604864,0.018749190797021,0.05978754179106849,41423280.0,76.80808578195668,1.8140973168075867,-0.004644181824783655,0
2024-12-10,225.0399932861328,225.0399932861328,229.0599975585937,224.1999969482422,226.08999633789065,31199900,AMZN,-0.004644181824783655,0.05434778257140915,0.08799070426645583,223.3739990234375,210.28750076293946,198.56640014648437,0.015288907210666577,0.018699370133601602,-0.3336117079672102,41210475.0,73.41277835133747,1.7071474079571054,0.02319588240507131,1
2024-12-11,230.259994506836,230.259994506836,231.1999969482422,226.259994506836,226.41000366210932,35385800,AMZN,0.02319588240507131,0.055463836824404256,0.10219707276085321,225.79399719238282,211.3550003051758,199.46899993896486,0.015496497826363297,0.019135267590041635,0.13416389155093444,41032620.0,79.05346306755351,1.8345849079401857,-0.0056023335225718895,0
2024-12-12,228.97000122070312,228.97000122070312,231.08999633789065,227.6300048828125,229.8300018310547,28204100,AMZN,-0.0056023335225718895,0.03817727523209036,0.06945350160334884,227.47799682617188,212.09850006103517,200.3532000732422,0.017173372019825165,0.018683597530488018,-0.20295429239977614,40132180.0,84.83260508616983,1.682617379616274,-0.006594726378065796,0
2024-12-13,227.4600067138672,227.4600067138672,230.1999969482422,225.8600006103516,228.3999938964844,28768100,AMZN,-0.006594726378065796,0.00189405777598739,0.0755627544409263,227.56399841308593,212.89750061035156,201.2632000732422,0.012753985477549712,0.018474416522149657,0.019997092621285573,39439570.0,84.35237722390163,1.345615592164573,0.024048121869595374,1
2024-12-16,232.92999267578125,232.92999267578125,233.0,228.009994506836,230.22999572753903,37552100,AMZN,0.024048121869595374,0.03025342318847346,0.14964706566355224,228.93199768066407,214.41350021362305,202.19160003662108,0.016030755702718703,0.01553119766389023,0.30533820446953386,36987620.0,84.74615321652428,1.3526832232521269,-0.007641775792155969,0
2024-12-17,231.1499938964844,231.1499938964844,232.72999572753903,227.8500061035156,232.38999938964844,35948100,AMZN,-0.007641775792155969,0.027150732281540968,0.1460089112237286,230.15399780273438,215.88600006103516,203.19859985351562,0.016578794943857545,0.01567041455465448,-0.04271398936411008,36964530.0,78.63291346304999,1.1092762756641932,-0.04598741035997567,0
2024-12-18,220.5200042724609,220.5200042724609,231.3999938964844,220.1100006103516,230.7700042724609,43281400,AMZN,-0.04598741035997567,-0.04229996728366081,0.07775770301866869,228.20599975585938,216.68150024414064,203.95459991455078,0.02488646740286797,0.019507153294479475,0.20399687327007543,37568705.0,65.02644383067252,0.15432250353093657,0.012561168873593376,1
2024-12-19,223.2899932861328,223.2899932861328,226.08999633789065,222.9199981689453,224.91000366210932,39918700,AMZN,0.012561168873593376,-0.024806777762539256,0.10060128111249567,227.06999816894532,217.70199966430664,204.71699981689454,0.026651895436221262,0.01937029852852798,-0.07769388236055208,37926190.0,65.46185452662472,-0.3417511788905232,0.00729994595290151,1
2024-12-20,224.9199981689453,224.9199981689453,226.2100067138672,218.72999572753903,219.83999633789065,88279200,AMZN,0.00729994595290151,-0.011166835795081487,0.13378361040877373,226.56199645996094,219.02899932861328,205.48239990234376,0.02712806436713605,0.01828571915849531,1.2114748225768874,39400150.0,64.61633887915437,-0.596174912864698,0.0006224408269077664,1
2024-12-23,225.0599975585937,225.0599975585937,226.8800048828125,223.8999938964844,225.009994506836,28070000,AMZN,0.0006224408269077664,-0.03378695472738846,0.14174108732498647,224.98799743652344,220.4259994506836,206.20719970703124,0.023264628148822526,0.018094093625692052,-0.682031554431848,39227110.0,62.62495175671849,-0.7795296945683177,0.017728630305016146,1
2024-12-24,229.0500030517578,229.0500030517578,229.13999938964844,226.1300048828125,226.94000244140625,15007500,AMZN,0.017728630305016146,-0.009084970366328604,0.13700673378817063,224.56799926757813,221.80599975585938,207.03739990234374,0.0256345227582797,0.01793130270398259,-0.4653544709654436,37943200.0,62.02253073743912,-0.6612529721201845,-0.00873171784917226,0
2024-12-26,227.0500030517578,227.0500030517578,228.5,226.6699981689453,228.5,16146700,AMZN,-0.00873171784917226,0.029611820482412288,0.09232176650176793,225.8739990234375,222.7654998779297,207.8245999145508,0.010346342784658851,0.017206898595700806,0.07590871231051133,36666850.0,57.23831325333958,-0.7408807552242855,-0.014534256804240364,0
2024-12-27,223.75,223.75,226.02999877929688,220.8999938964844,225.6000061035156,27367100,AMZN,-0.014534256804240364,0.0020601313435382185,0.0875376398657397,225.96600036621095,223.66599960327147,208.5617999267578,0.012789945347415066,0.01742857187475777,0.6949036025937187,36632125.0,46.06903034204291,-1.021651569005238,-0.010949707031249978,0
2024-12-30,221.3000030517578,221.3000030517578,223.0,218.42999267578125,220.0599975585937,28321200,AMZN,-0.010949707031249978,-0.016094589839309892,0.0645052850136143,225.24200134277345,224.33649978637695,209.23720001220704,0.012958956294743544,0.017689309553732237,0.03486302896543658,36803565.0,44.45986914068911,-1.357202513274463,-0.008630834323407832,0
