Date,Adj Close,Close,High,Low,Open,Volume,Ticker,Return_1D,Return_5D,Return_20D,MA_5,MA_20,MA_50,Volatility_5D,Volatility_20D,Volume_Change,Volume_MA,RSI,MACD,Target_Return,Target_Direction
2015-03-16,35.45314025878906,41.560001373291016,41.63999938964844,41.27999877929688,41.470001220703125,35273500,MSFT,0.004349885925181818,-0.030105481894341146,-0.04591361365007318,35.4821418762207,36.72931804656982,37.29323143005371,0.014192197142840804,0.009396998560355382,-0.39191693516550385,33703375.0,24.13057414250811,-0.15634280280852259,0.0033687948604173013,1
2015-03-17,35.57257461547852,41.70000076293945,41.83000183105469,41.150001525878906,41.369998931884766,31673400,MSFT,0.0033687948604173013,-0.0078514239702977,-0.04313877475130168,35.42584075927735,36.64913101196289,37.21253890991211,0.012451751902177859,0.009464328548348364,-0.10206245481735576,33602260.0,26.77462542790751,-0.12747596240981113,0.01918449026539748,1
2015-03-18,36.2550163269043,42.5,42.83000183105469,41.33000183105469,41.43000030517578,44194800,MSFT,0.01918449026539748,0.012387426373426269,-0.023661633433548768,35.51456298828125,36.60519886016846,37.152779998779295,0.01553562519002252,0.010602312495621252,0.39532857224042894,34456415.0,36.218923396720896,-0.05584301694196381,-0.004941269681771998,0
2015-03-19,36.075870513916016,42.290000915527344,42.59000015258789,42.220001220703125,42.2599983215332,33879100,MSFT,-0.004941269681771998,0.03096029334556616,-0.027816147749422537,35.731238555908206,36.553588676452634,37.10095756530762,0.008814564665866276,0.01063531481316543,-0.23341433833844705,34770200.0,36.21886616549657,-0.016017448154218572,0.013951462571981876,1
2015-03-20,36.57918167114258,42.880001068115234,42.97999954223633,42.4900016784668,42.560001373291016,71904500,MSFT,0.013951462571981876,0.03624944561972576,-0.02234373324100214,35.98715667724609,36.51178894042969,37.049376220703124,0.009479193862975662,0.010976094384911744,1.1223851873278807,36879370.0,41.96143756124458,0.04537346751676863,-0.00046605422268175545,0
2015-03-23,36.5621337890625,42.86000061035156,43.130001068115234,42.77999877929688,42.880001068115234,26246100,MSFT,-0.00046605422268175545,0.031280544464562965,-0.02921812637780863,36.20895538330078,36.45676746368408,36.974414596557615,0.010065537153352054,0.010828423703857984,-0.6349866837263314,36565735.0,46.27677835895507,0.0837513980352872,0.0009330647342218334,1
2015-03-24,36.59624862670898,42.900001525878906,43.16999816894531,42.75,42.77999877929688,25513300,MSFT,0.0009330647342218334,0.02877705710918743,-0.026989946952193034,36.413690185546876,36.40601100921631,36.906911544799804,0.010294335824512803,0.010841288242619707,-0.027920338640788578,36577815.0,48.53474618401722,0.10876759963177096,-0.03356631431303325,0
2015-03-25,35.36784744262695,41.459999084472656,42.93000030517578,41.43999862670898,42.91999816894531,43469900,MSFT,-0.03356631431303325,-0.02447023816726268,-0.05751289716817842,36.2362564086914,36.2980993270874,36.824835205078124,0.017541291813634046,0.013025564218704148,0.7038133052172788,37263320.0,37.956318741578606,0.04327881137455364,-0.0060301123802495304,0
2015-03-26,35.15457534790039,41.209999084472656,41.61000061035156,40.91999816894531,41.220001220703125,37495600,MSFT,-0.0060301123802495304,-0.025537711298199817,-0.06468447328651816,36.051997375488284,36.17653846740723,36.74255920410156,0.01754996414895816,0.01299945178848617,-0.13743532881373088,37690235.0,40.94486192770922,-0.010819194863912085,-0.005823736612453612,0
2015-03-27,34.94984436035156,40.970001220703125,41.43000030517578,40.83000183105469,41.119998931884766,34401400,MSFT,-0.005823736612453612,-0.04454274908168343,-0.06567842111864985,35.72612991333008,36.053697967529295,36.66296493530273,0.01408817098774775,0.013008061857734341,-0.0825216825440852,37719920.0,34.59007644555999,-0.05437204008930985,-0.0002441635417662624,0
2015-03-30,34.94131088256836,40.959999084472656,41.540000915527344,40.90999984741211,41.09999847412109,35049700,MSFT,-0.0002441635417662624,-0.04433064316883517,-0.06654491209089997,35.40196533203125,35.929151725769046,36.59133155822754,0.014122045563541633,0.012994713771223382,0.018845163278238708,37876205.0,39.88659043474509,-0.07638747897328058,-0.007324402502059346,0
2015-03-31,34.685386657714844,40.65999984741211,41.02999877929688,40.540000915527344,40.77999877929688,34887200,MSFT,-0.007324402502059346,-0.05221469524063549,-0.06053596744358425,35.01979293823242,35.81740112304688,36.50170455932617,0.01312555732380618,0.012805573410204114,-0.004636273634296417,38033135.0,38.08677416777046,-0.09936340013820733,0.0014760409767715643,1
2015-04-01,34.7365837097168,40.720001220703125,40.7599983215332,40.310001373291016,40.59999847412109,36865300,MSFT,0.0014760409767715643,-0.017848520013387326,-0.05434276001041827,34.89354019165039,35.7175931930542,36.41056053161621,0.003929022775561941,0.012834427620812399,0.056699878465454434,38588965.0,46.767358731865926,-0.10191066555015449,-0.010560195177085174,0
2015-04-02,34.36975860595703,40.290000915527344,40.7400016784668,40.119998931884766,40.65999984741211,37487500,MSFT,-0.010560195177085174,-0.022324739644173586,-0.0654138890891447,34.736576843261716,35.59731216430664,36.32004249572754,0.005007009900043176,0.012915676924296286,0.016877660021754837,39303665.0,38.42895879142785,-0.11796503582644724,0.031272967979625754,1
2015-04-06,35.444602966308594,41.54999923706055,41.77999877929688,40.18000030517578,40.34000015258789,39223700,MSFT,0.031272967979625754,0.01415624632990653,-0.019122259369791172,34.83552856445313,35.56276245117188,36.230522842407225,0.01660309537763849,0.014595086290504544,0.04631410470156716,39452410.0,49.913576585510526,-0.04937095776176348,-0.0004812954510476919,0
2015-04-07,35.42754364013672,41.52999877929688,41.90999984741211,41.310001373291016,41.61000061035156,28809400,MSFT,-0.0004812954510476919,0.013915698789965347,-0.0308057307279207,34.9327751159668,35.506459426879886,36.1398152923584,0.016614742388518303,0.014300654493841592,-0.2655103929512004,39287480.0,48.50077014017095,-0.0008869030967706415,-0.002648722671554249,0
2015-04-08,35.33370590209961,41.41999816894531,41.68999862670898,41.040000915527344,41.459999084472656,24753400,MSFT,-0.002648722671554249,0.018691423301189225,-0.014513670276580348,35.06243896484375,35.4804407119751,36.0501106262207,0.016017917968037382,0.013690581254363019,-0.14078738189618667,38567165.0,39.15657674031023,0.02755316679023817,0.0014490658534680456,1
2015-04-09,35.38490676879883,41.47999954223633,41.619998931884766,41.25,41.25,25723900,MSFT,0.0014490658534680456,0.018663984475268958,-0.011909569337471337,35.19210357666016,35.4591157913208,36.03512168884277,0.016018905852299686,0.013697732454129346,0.03920673523637164,38242595.0,41.615128801457594,0.05113240555355991,0.005785612478561575,1
2015-04-10,35.589630126953125,41.720001220703125,41.95000076293945,41.40999984741211,41.630001068115234,28022000,MSFT,0.005785612478561575,0.035492583319589155,0.01706473033243383,35.43607788085937,35.488972663879395,36.04913017272949,0.013878974130856156,0.012698195489989858,0.08933715338653947,36644070.0,37.05355850590759,0.08010981253252708,0.0009586683599138723,1
2015-04-13,35.623748779296875,41.7599983215332,42.060001373291016,41.38999938964844,41.400001525878906,30276700,MSFT,0.0009586683599138723,0.005054247981238991,0.009183044479236901,35.47190704345703,35.505180549621585,36.049929733276365,0.0031069304178666093,0.012563343277452859,0.0804617800299765,35257520.0,37.777572407817,0.0998814629839958,-0.002633920119521793,0
2015-04-14,35.5299186706543,41.650001525878906,42.02999877929688,41.38999938964844,41.79999923706055,24244400,MSFT,-0.002633920119521793,0.002889701627566188,0.0021656307820629994,35.49238204956055,35.509019470214845,36.07612693786621,0.0034910949633030143,0.012548694746215372,-0.19923901878342087,34706065.0,36.32383792838922,0.10445361992881452,0.014645765413296541,1
2015-04-15,36.0502815246582,42.2599983215332,42.459999084472656,41.68000030517578,41.7599983215332,27343600,MSFT,0.014645765413296541,0.020280228305064707,0.013429078843560038,35.63569717407226,35.53290481567383,36.097823791503906,0.0066384895067602735,0.012946425780016726,0.12783158172608933,34489575.0,60.69491606485246,0.13821763786533203,-0.0023662578112062516,0
2015-04-16,35.9649772644043,42.15999984741211,42.34000015258789,41.81999969482422,41.95000076293945,22509700,MSFT,-0.0023662578112062516,0.016393161621015118,-0.00799997053882906,35.75171127319336,35.518402862548825,36.11239349365234,0.007205934287560966,0.012206796834243215,-0.17678359835573954,33405320.0,63.23108465970947,0.149541296880131,-0.012808544927276788,0
2015-04-17,35.50431823730469,41.619998931884766,41.7400016784668,41.15999984741211,41.66999816894531,42387600,MSFT,-0.012808544927276788,-0.0023970996423429147,-0.015843062647396322,35.734648895263675,35.48982524871826,36.11368392944336,0.00988738142622872,0.012486743730320502,0.8830815159686713,33830745.0,58.35448509260792,0.12191106956017897,0.030995104458419798,1
2015-04-20,36.60477828979492,42.90999984741211,43.16999816894531,41.68000030517578,41.72999954223633,46057700,MSFT,0.030995104458419798,0.027538637681730593,0.0006997591931516833,35.93085479736328,35.49110507965088,36.12664978027344,0.01729786690484035,0.014027541586471022,0.08658428408308083,32538405.0,68.85869085738307,0.1706628357336812,-0.0062919698703266524,0
2015-04-21,36.37446212768555,42.63999938964844,43.150001525878906,42.52999877929688,43.0,26013800,MSFT,-0.0062919698703266524,0.023769923732721576,-0.005132951551998666,36.09976348876953,35.48172149658203,36.135687103271486,0.017801435568983174,0.014100828795852368,-0.4351910755422004,32526790.0,69.26084425973502,0.1794177033184452,0.008207776811897771,1
2015-04-22,36.67301559448242,42.9900016784668,43.130001068115234,42.54999923706055,42.66999816894531,25064300,MSFT,0.008207776811897771,0.017274041796269346,0.0020976731401212145,36.224310302734374,35.4855598449707,36.15154251098633,0.017134738650793464,0.01422388463871149,-0.03649985776780018,32504340.0,70.90233192453775,0.1959866400535269,0.008141685782792951,1
2015-04-23,36.97159576416016,43.34000015258789,43.61000061035156,42.79999923706055,42.88999938964844,46309500,MSFT,0.008141685782792951,0.02798885405530749,0.04534480997563617,36.42563400268555,35.56574726104736,36.16930366516113,0.016870488718534655,0.011876425361514913,0.8476279010385288,32646320.0,78.50484709784304,0.21613972382460303,0.10452201130802052,1
2015-04-24,40.83594131469727,47.869998931884766,48.13999938964844,45.650001525878906,45.65999984741211,130933700,MSFT,0.10452201130802052,0.15016829901526196,0.16161099687799818,37.49195861816406,35.84981555938721,36.26807899475098,0.04421650583560649,0.02560006454127652,1.8273615564840906,37318225.0,86.65905458340964,0.4645490137458744,0.00334230212584008,1
2015-04-27,40.97242736816406,48.02999877929688,48.130001068115234,47.220001220703125,47.22999954223633,59248200,MSFT,0.00334230212584008,0.11931909664336904,0.17232073899146605,38.36548843383789,36.15094470977783,36.3575560760498,0.04562936250453085,0.025424519862065332,-0.5474946480547025,38560565.0,87.10055009229463,0.6040407608555318,0.0235271969846218,1
2015-04-28,41.93639373779297,49.15999984741211,49.209999084472656,47.70000076293945,47.77999877929688,60730800,MSFT,0.0235271969846218,0.15290759738476223,0.20019520385866052,39.477874755859375,36.50069885253906,36.45309883117676,0.042596145528472976,0.025560728493644224,0.02502354501908921,39844620.0,89.57066687760597,0.7193838438853326,-0.002034407271143346,0
2015-04-29,41.85107803344727,49.060001373291016,49.310001373291016,48.5,48.720001220703125,47804600,MSFT,-0.002034407271143346,0.14119543634540666,0.20659107671035892,40.51348724365234,36.85898342132569,36.54659408569336,0.04409873382027986,0.025404793691109925,-0.21284422401812586,40490490.0,88.59469049438391,0.7449421851560039,-0.008561017496203083,0
2015-04-30,41.49279022216797,48.63999938964844,49.540000915527344,48.59999847412109,48.70000076293945,64725500,MSFT,-0.008561017496203083,0.12228832336175754,0.19449830095298837,41.41772613525391,37.196793746948245,36.63377670288086,0.0464990370898028,0.025674031701248223,0.3539596607857822,41883500.0,84.5999672665123,0.6937670631508165,0.00041123146401522703,1
2015-05-01,41.50985336303711,48.65999984741211,48.880001068115234,48.400001525878906,48.58000183105469,38937300,MSFT,0.00041123146401522703,0.016502914507257493,0.20774352357082138,41.55250854492188,37.55379848480225,36.72181228637695,0.01211010982929419,0.025344171977326583,-0.3984241141435756,41955990.0,84.56911573812904,0.6195523628032171,-0.00863129998192358,0
2015-05-04,41.15156936645508,48.2400016784668,48.869998931884766,48.18000030517578,48.369998931884766,34039500,MSFT,-0.00863129998192358,0.00437225738864111,0.16101087112108914,41.58833694458008,37.83914680480957,36.796540145874026,0.013239970277659215,0.02513223908322532,-0.12578684192278355,41696780.0,82.02130636879122,0.5094214957374259,-0.013266946227426857,0
2015-05-05,40.605613708496094,47.59999847412109,48.15999984741211,47.310001373291016,47.81999969482422,50369200,MSFT,-0.013266946227426857,-0.031733296802237465,0.1461594436508722,41.322180938720706,38.09805030822754,36.85540115356445,0.0055284166222026535,0.02551307186969672,0.47972796310169064,42774770.0,75.8720515814811,0.369414471590646,-0.027730987913215044,0
2015-05-06,39.47957992553711,46.27999877929688,47.77000045776367,46.02000045776367,47.56999969482422,52433000,MSFT,-0.027730987913215044,-0.05666516179140879,0.11733482004193463,40.84788131713867,38.30534400939942,36.8927651977539,0.01031135284650953,0.026612213721344823,0.04097345203020897,44158750.0,67.85094004322983,0.1801598494644121,0.009075075838206104,1
2015-05-07,39.83786010742188,46.70000076293945,47.09000015258789,46.15999984741211,46.27000045776367,32971700,MSFT,0.009075075838206104,-0.039884763253687394,0.12584329719216658,40.51689529418945,38.52799167633057,36.93900077819824,0.01396203862503391,0.026599969749729637,-0.3711651059447295,44521140.0,72.2417052629271,0.06427365589821843,0.02248407967783228,1
2015-05-08,40.73357772827149,47.75,47.97999954223633,47.52000045776367,47.54999923706055,35364900,MSFT,0.02248407967783228,-0.018700996796506608,0.14453501154603732,40.36164016723633,38.78518905639649,37.0019564819336,0.01963481719090706,0.02684508951599438,0.07258345793513832,44888285.0,71.64579563508255,0.034599826870247874,-0.007958278575430966,0
2015-05-11,40.40940856933594,47.369998931884766,47.90999984741211,47.369998931884766,47.54999923706055,24609400,MSFT,-0.007958278575430966,-0.018034811516182803,0.1343390281491177,40.213208007812504,39.02447204589844,37.06201156616211,0.019594087573248507,0.02702587951293748,-0.30412923548490167,44604920.0,70.94761832901006,-0.0174113955370907,-0.0004218790297518815,0
2015-05-12,40.39236068725586,47.34999847412109,47.68000030517578,46.41999816894531,46.84999847412109,29928300,MSFT,-0.0004218790297518815,-0.005251811307942722,0.1368548591871015,40.17055740356446,39.26759414672852,37.121214065551754,0.018816658764740708,0.02699037408811943,0.2161328598015393,44889115.0,69.89053924152684,-0.06105730265432685,0.005913237944717098,1
2015-05-13,40.63121032714844,47.630001068115234,48.31999969482422,47.56999969482422,48.18999862670898,34184600,MSFT,0.005913237944717098,0.029170280022822626,0.12707054171981724,40.40088348388672,39.49664058685303,37.195430297851566,0.01136989188387251,0.026926718146526665,0.14221656425523665,45231165.0,69.69694481013568,-0.080702057665889,0.022884685221272072,1
2015-05-14,41.56104278564453,48.720001220703125,48.81999969482422,48.02999877929688,48.02999877929688,32980900,MSFT,0.022884685221272072,0.0432549005788998,0.15559763822731076,40.74552001953125,39.776443862915045,37.29199630737305,0.013780489418472678,0.027089129756370296,-0.03521176202149501,45754725.0,55.70470846055908,-0.03999269946288031,-0.008620669082580967,0
2015-05-15,41.2027587890625,48.29999923706055,48.90999984741211,48.04999923706055,48.869998931884766,28642700,MSFT,-0.008620669082580967,0.011518287539603156,0.16049992887260722,40.83935623168945,40.061365890502934,37.380543899536136,0.012929317642817762,0.02693892381035445,-0.13153673793013532,45067480.0,51.75101383643129,-0.04570203561289787,-0.0060041351512296615,0
2015-05-18,40.95537185668945,48.0099983215332,48.220001220703125,47.61000061035156,47.97999954223633,24136500,MSFT,-0.0060041351512296615,0.013510796289352589,0.11885315989217271,40.94854888916016,40.27889556884766,37.47693939208985,0.01256383139370785,0.026529479576119074,-0.15732455390029576,43971420.0,41.63023165442622,-0.07302506152283872,-0.0025156933944536775,0
2015-05-19,40.85234069824219,47.58000183105469,47.810001373291016,47.18000030517578,47.560001373291016,28574800,MSFT,-0.0025156933944536775,0.01138779717649574,0.12310501128065932,41.04054489135742,40.502789497375495,37.56291412353516,0.012729791575616307,0.026451093120169893,0.18388333022600634,44099470.0,41.504768839300105,-0.10308392414299661,0.0,0
2015-05-20,40.85234069824219,47.58000183105469,47.93000030517578,47.27000045776367,47.38999938964844,25047900,MSFT,0.0,0.005442377160642886,0.11396186094902316,41.08477096557617,40.711755752563484,37.66287933349609,0.01258773179584464,0.02648094862689159,-0.12342693562159668,44098650.0,44.19875910320398,-0.12647166401529564,-0.0033629041806686466,0
2015-05-21,40.71495819091797,47.41999816894531,47.59999847412109,47.0099983215332,47.27999877929688,22410700,MSFT,-0.0033629041806686466,-0.020357636334832452,0.10124968504569054,40.91555404663086,40.898923873901374,37.76095039367676,0.0033138163415141297,0.026550615676263004,-0.10528627150379877,42903710.0,42.953375550113336,-0.15293122558182204,-0.010965520872781909,0
2015-05-22,40.268497467041016,46.900001525878906,47.34999847412109,46.81999969482422,47.29999923706055,25720600,MSFT,-0.010965520872781909,-0.02267472735999143,-0.013895696520947576,40.728701782226565,40.870551681518556,37.86647048950195,0.004168980277083255,0.012798868128193641,0.14769284315081643,37643055.0,42.29220190267664,-0.1993051800549479,-0.006610272973703979,0
2015-05-26,40.00231170654297,46.59000015258789,46.880001068115234,46.18999862670898,46.83000183105469,29581900,MSFT,-0.006610272973703979,-0.023270699469691625,-0.02367728064788477,40.538089752197266,40.8220458984375,37.96052490234375,0.004229494626724082,0.012830072746602972,0.15012480268734008,36159740.0,44.46375987689155,-0.24377110704494265,0.021893380414149233,1
2015-05-27,40.87809753417969,47.61000061035156,47.77000045776367,46.619998931884766,46.81999969482422,27335600,MSFT,0.021893380414149233,0.0006304861728181343,-0.02523574655060401,40.54324111938477,40.769131088256835,38.06902404785156,0.012790477938620017,0.012669076184711726,-0.07593494670727707,34489980.0,63.451387762679815,-0.21127657944017553,-0.0033607852520374237,0
2015-05-28,40.74071502685547,47.45000076293945,48.02000045776367,47.38999938964844,47.5,19283700,MSFT,-0.0033607852520374237,-0.0027324180078504012,-0.026531288051992452,40.52091598510742,40.713612937927245,38.1723868560791,0.012890932846347736,0.01267713683618508,-0.2945572806157538,33063935.0,59.069331849610506,-0.1964246408287138,-0.012433971970238766,0
2015-05-29,40.23414611816406,46.86000061035156,47.56999969482422,46.59000015258789,47.43000030517578,36519600,MSFT,-0.012433971970238766,-0.01180922427819553,-0.03033404351128599,40.42475357055664,40.650680732727054,38.251969451904294,0.01398938803144123,0.012823152134304431,0.8938066864761431,31653640.0,44.55763281574104,-0.2165222205276257,0.007895979383984564,1
2015-06-01,40.55183410644531,47.22999954223633,47.77000045776367,46.619998931884766,47.060001373291016,28837300,MSFT,0.007895979383984564,0.0070361860319274605,-0.023079321630292138,40.4814208984375,40.60277976989746,38.341488723754885,0.013604734257880518,0.012988819808848917,-0.21036101162115683,31148640.0,51.55422382887886,-0.20437628539239372,-0.006564086837584804,0
2015-06-02,40.28564834594727,46.91999816894531,47.34999847412109,46.619998931884766,46.93000030517578,21498300,MSFT,-0.006564086837584804,0.007083006639287737,-0.02104223566291652,40.53808822631836,40.55948371887207,38.415618057250974,0.013597884541740017,0.012933732050723455,-0.2544967802117396,30521580.0,48.89555156882694,-0.20945309352586716,-0.0014915761268660122,0
2015-06-03,40.22555923461914,46.84999847412109,47.7400016784668,46.81999969482422,47.369998931884766,28002200,MSFT,-0.0014915761268660122,-0.015963030055763605,-0.009359653485484287,40.40758056640625,40.54048099517822,38.48888656616211,0.007460700804670644,0.012609079502256666,0.30253089779191833,29403230.0,45.64028262582581,-0.21142865616997808,-0.010458905731487556,0
2015-06-04,39.80484390258789,46.36000061035156,47.15999984741211,46.20000076293945,46.790000915527344,27745500,MSFT,-0.010458905731487556,-0.022971396639717034,0.008238790221787307,40.22040634155273,40.55674419403076,38.55305847167969,0.00814504109119281,0.011144714934983656,-0.00916713686781756,28168855.0,28.805976608068676,-0.2338892902058316,-0.0047456534274765705,0
2015-06-05,39.615943908691406,46.13999938964844,46.52000045776367,45.84000015258789,46.310001373291016,25438100,MSFT,-0.0047456534274765705,-0.015365113196563196,-0.005570484913900553,40.0967658996582,40.545648384094235,38.63802040100098,0.006934631755697907,0.011010672079047322,-0.08316303544718961,27792175.0,30.03384858183466,-0.2526851522574711,-0.00888572666060794,0
2015-06-08,39.2639274597168,45.72999954223633,46.43000030517578,45.66999816894531,46.29999923706055,22121600,MSFT,-0.00888572666060794,-0.031759516557200884,-0.03607957735405776,39.8391845703125,40.4721658706665,38.72020744323731,0.0035180145163674352,0.009770375859067206,-0.1303753031869519,27130010.0,29.26334220662484,-0.27803248659876734,-0.0017494748515054503,0
2015-06-09,39.19523620605469,45.650001525878906,45.93999862670898,45.459999084472656,45.7599983215332,24406100,MSFT,-0.0017494748515054503,-0.027067012314877625,-0.030046773913999014,39.62110214233398,40.411457252502444,38.80511528015137,0.004085068579799611,0.009662131987126683,0.10327010704469841,27119845.0,29.511830691504016,-0.28744256335477253,0.021029906579167035,1
2015-06-10,40.019508361816406,46.61000061035156,46.83000183105469,45.68999862670898,45.790000915527344,28417400,MSFT,0.021029906579167035,-0.005122386779035759,-0.009230763419011856,39.579891967773435,40.39281463623047,38.906679229736326,0.012762805016417349,0.010897500768553985,0.16435645187063885,27044300.0,41.446416789818535,-0.2287282056297154,-0.0036474558745056562,0
2015-06-11,39.87353897094727,46.43999862670898,46.91999816894531,46.130001068115234,46.65999984741211,27347800,MSFT,-0.0036474558745056562,0.001725796702720217,-0.018647521206005324,39.593630981445315,40.35493106842041,39.01044227600098,0.011824737364529679,0.010815019012818233,-0.03763891137120212,26702460.0,41.37344118242914,-0.19178990681160224,-0.010120822466429424,0
2015-06-12,39.46998596191406,45.970001220703125,46.470001220703125,45.900001525878906,46.220001220703125,23931000,MSFT,-0.010120822466429424,-0.0036843233399601605,-0.05031290563413715,39.564439392089845,40.25037822723389,39.10511032104492,0.012626683587725843,0.009425943703230999,-0.12493875192885717,26249965.0,41.740681263094764,-0.1864380432618777,-0.010658927090642312,0
2015-06-15,39.049278259277344,45.47999954223633,45.650001525878906,45.02000045776367,45.45000076293945,33254500,MSFT,-0.010658927090642312,-0.005466829589568567,-0.05226544515647358,39.52150955200195,40.14270420074463,39.198700714111325,0.012936068621781465,0.0095058741661562,0.38959926455225435,26480555.0,40.44774384573973,-0.20183434139440606,0.007695280453325237,1
2015-06-16,39.34977340698242,45.83000183105469,46.2400016784668,45.29999923706055,45.34999847412109,27070300,MSFT,0.007695280453325237,0.003942754678535776,-0.03920361058679489,39.5524169921875,40.06242427825928,39.2768041229248,0.013482650808469925,0.009741200496504392,-0.18596580913861283,26627245.0,32.68476268105451,-0.18294258358302226,0.0030549745150580954,1
2015-06-17,39.46998596191406,45.970001220703125,46.06999969482422,45.36000061035156,45.72999954223633,28704100,MSFT,0.0030549745150580954,-0.013731363087574944,-0.033837834324817684,39.44251251220703,39.99330654144287,39.35765296936035,0.0080697912647343,0.009803701718721695,0.06035396726301512,26633710.0,35.54697058838843,-0.15463832448196635,0.01631506105257463,1
2015-06-18,40.11394119262695,46.720001220703125,46.79999923706055,46.16999816894531,46.220001220703125,32658300,MSFT,0.01631506105257463,0.006029116749703078,-0.018074839605139337,39.49059295654297,39.95638656616211,39.453257675170896,0.011649823310446028,0.010597031532279706,0.13775732386662543,27014230.0,48.67424481474095,-0.08814176192406178,-0.01327024755247641,0
2015-06-19,39.58161926269531,46.09999847412109,46.83000183105469,45.9900016784668,46.790000915527344,63837000,MSFT,-0.01327024755247641,0.0028283086010967295,-0.027835934962975428,39.51291961669922,39.899719619750975,39.53719192504883,0.012474739956923924,0.010946075107679792,0.9546945186981564,29085545.0,39.783093191674666,-0.07605923064665909,0.0028194644530634694,1
2015-06-22,39.69321823120117,46.22999954223633,46.720001220703125,46.15999984741211,46.33000183105469,20318100,MSFT,0.0028194644530634694,0.016490444910357338,-0.014286086445383206,39.64170761108399,39.87095565795899,39.61926368713379,0.010765358061370923,0.01074108745416361,-0.6817190657455707,28815420.0,43.551427636572534,-0.05744886446242044,-0.006921927291364538,0
2015-06-23,39.41846466064453,45.90999984741211,46.27999877929688,45.619998931884766,46.130001068115234,25896500,MSFT,-0.006921927291364538,0.0017456581757575584,-0.014595332644311676,39.6554458618164,39.84176330566406,39.69515800476074,0.01125475624122424,0.01075038906908067,0.274553230863122,28631150.0,41.60703759269647,-0.06024774284146424,-0.005881075519431622,0
2015-06-24,39.186641693115234,45.63999938964844,46.25,45.54999923706055,45.66999816894531,34890900,MSFT,-0.005881075519431622,-0.007178727377107119,-0.041378047000601326,39.59877700805664,39.75719051361084,39.76829246520996,0.011435700822616168,0.009388553459271061,0.34732106655339523,29008915.0,43.30844304384952,-0.07344175153295038,0.00021932251828982174,1
2015-06-25,39.19523620605469,45.650001525878906,46.060001373291016,45.5,46.02999877929688,20616000,MSFT,0.00021932251828982174,-0.02290238653341614,-0.03793450408963206,39.415036010742185,39.679916572570804,39.831191558837894,0.006334030671984953,0.009396753713409464,-0.4091296011280878,29075530.0,45.26119582554174,-0.0769493042275229,-0.008543332636482548,0
2015-06-26,38.86037826538086,45.2599983215332,46.27999877929688,45.02999877929688,45.650001525878906,49835300,MSFT,-0.008543332636482548,-0.018221614242907025,-0.034144327277347175,39.2707878112793,39.61122817993164,39.88909957885742,0.0049105212340246635,0.009205305134262244,1.4173117966627862,29741315.0,45.43682871069318,-0.09594465244532327,-0.019663758225545003,0
2015-06-29,38.09623718261719,44.369998931884766,45.22999954223633,44.36000061035156,45.040000915527344,34081700,MSFT,-0.019663758225545003,-0.040233095721340706,-0.060554521834508934,38.9513916015625,39.48844833374024,39.94093795776367,0.007235722957541794,0.009741128813866283,-0.31611327713488235,30003535.0,39.26183302048965,-0.15082885328068116,-0.004958594931258609,0
2015-06-30,37.90733337402344,44.150001525878906,44.720001220703125,43.93999862670898,44.709999084472656,35945400,MSFT,-0.004958594931258609,-0.03833562011180536,-0.059036283877086815,38.649165344238284,39.36953258514404,39.966989059448245,0.007371579456735455,0.009717435659568027,0.05468330511682229,30725890.0,26.436547791301393,-0.18827630270993917,0.006794784838354495,1
2015-07-01,38.1649055480957,44.45000076293945,45.22999954223633,44.09999847412109,44.459999084472656,28343900,MSFT,0.006794784838354495,-0.026073582753559643,-0.051227471431894656,38.444818115234376,39.26649990081787,40.00279792785645,0.009920632240482142,0.00995848938036192,-0.21147351260522906,30742975.0,31.40157919737969,-0.18390950304310688,-0.0011244713860014688,0
2015-07-02,38.12199020385742,44.400001525878906,44.75,44.060001373291016,44.47999954223633,21752000,MSFT,-0.0011244713860014688,-0.02738205215947842,-0.042277610806584764,38.23016891479492,39.182357215881346,40.031777420043944,0.009752871636686523,0.009787000401451258,-0.23256855972537305,30443300.0,34.07698331946969,-0.17232050144025046,-0.00022574784226192524,0
2015-07-06,38.11338424682617,44.38999938964844,44.47999954223633,43.95000076293945,43.959999084472656,23034000,MSFT,-0.00022574784226192524,-0.019222510225026634,-0.037928155020827026,38.080770111083986,39.107229232788086,40.054613189697264,0.009812976653306807,0.00977516646298483,0.058937109231335105,30323095.0,37.752486803442935,-0.1542299799769269,-0.002027184936336468,0
2015-07-07,38.0361213684082,44.29999923706055,44.4900016784668,43.31999969482422,44.34000015258789,36435800,MSFT,-0.002027184936336468,-0.001577998738321984,-0.031270587807811,38.068746948242186,39.04583892822266,39.998616790771486,0.004350476214354596,0.009635999898201434,0.5818268646348876,31038805.0,31.74224976353773,-0.1370427698546292,-0.0013542352722777373,0
2015-07-08,37.98461151123047,44.2400016784668,44.900001525878906,44.02999877929688,44.43999862670898,39785900,MSFT,-0.0013542352722777373,0.002038606526197473,-0.030887036589339556,38.08420257568359,38.985307693481445,39.938860473632815,0.0036254867650778178,0.009635959907124299,0.09194528458274553,31807795.0,28.953643987728327,-0.11936687389077616,0.006328937222606967,1
2015-07-09,38.22501373291016,44.52000045776367,45.220001220703125,44.5,44.75,32424700,MSFT,0.006328937222606967,0.0015749596114869036,-0.04484049660686018,38.09622421264648,38.89558296203613,39.86463287353516,0.0034206726037964157,0.00829198385914147,-0.18502032126959556,32008160.0,19.779706055032165,-0.08341007061943634,0.002021464487950375,1
2015-07-10,38.302284240722656,44.61000061035156,45.13999938964844,44.56999969482422,45.0099983215332,25465800,MSFT,0.002021464487950375,0.004729397282280168,-0.03940595118405388,38.13228302001953,38.8170202255249,39.793656997680664,0.003377739849394654,0.008338764801306704,-0.21461725166308399,31914060.0,26.044315551872913,-0.04810064030159539,0.020847322212344643,1
2015-07-13,39.10078430175781,45.540000915527344,45.619998931884766,44.95000076293945,44.97999954223633,28178300,MSFT,0.020847322212344643,0.025906911035166402,-0.009353985089138539,38.32976303100586,38.79856014251709,39.74581687927246,0.009372829520936887,0.009535862628094112,0.10651540497451495,32126425.0,41.176437167560366,0.031088866759304223,0.0017568718783036452,1
2015-07-14,39.16947937011719,45.619998931884766,45.959999084472656,45.310001373291016,45.45000076293945,22880300,MSFT,0.0017568718783036452,0.029796886773274522,0.00307819033278256,38.556434631347656,38.80457019805908,39.69900939941406,0.008781185736419882,0.009234037093643094,-0.18801702018929456,31607715.0,46.0491749694321,0.08698500351879335,0.0030691337123214257,1
2015-07-15,39.289695739746094,45.7599983215332,45.88999938964844,45.43000030517578,45.68000030517578,26629600,MSFT,0.0030691337123214257,0.03435823552202888,-0.001526760182707143,38.81745147705078,38.80156631469727,39.66177192687988,0.008058162864574264,0.009093114366986503,0.16386585840220635,31585680.0,51.695275818834226,0.12844085185361304,0.019667445923407634,1
2015-07-16,40.06242370605469,46.65999984741211,46.68999862670898,45.970001220703125,46.0099983215332,26271700,MSFT,0.019667445923407634,0.04806826194970304,0.015009829106914063,39.184933471679685,38.8311882019043,39.650908126831055,0.009866299332301142,0.010094087382559729,-0.013439931504791613,31464060.0,61.39961848827483,0.2000216461182065,-0.0008574455986238849,0
2015-07-17,40.02807235717773,46.619998931884766,46.77999877929688,46.2599983215332,46.54999923706055,29467100,MSFT,-0.0008574455986238849,0.045057054707463795,-0.0021406232570587713,39.5300910949707,38.826894760131836,39.66187797546387,0.010475058112090445,0.009411588877096685,0.12162897718838139,31304500.0,66.66670296522946,0.23476998315497682,0.006434883660425772,1
2015-07-20,40.28564834594727,46.91999816894531,47.130001068115234,46.43999862670898,46.650001525878906,30631900,MSFT,0.006434883660425772,0.03030282039985055,0.01778676811020441,39.76706390380859,38.86209621429443,39.67083374023437,0.008071645903910374,0.00897787885176295,0.03952883045837563,29644245.0,86.53269120846511,0.26270591673065896,0.007673303164078549,1
2015-07-21,40.59477233886719,47.27999877929688,47.33000183105469,46.47999954223633,46.77999877929688,42781900,MSFT,0.007673303164078549,0.03638784563057973,0.02271305144407121,40.05212249755859,38.90717391967773,39.66805763244629,0.007717400476531216,0.009096743530343005,0.3966453272568793,30767435.0,93.11312164027828,0.28759843327030626,-0.036802473595324625,0
2015-07-22,39.10078430175781,45.540000915527344,46.93000030517578,45.20000076293945,45.43999862670898,59152400,MSFT,-0.036802473595324625,-0.004808167496119786,-0.008059176368781618,40.014340209960935,38.8912899017334,39.641885147094726,0.0214431543724998,0.012362123896185179,0.38265013942812254,32430230.0,60.7494538409027,0.19355259576001518,0.012516834087216822,1
2015-07-23,39.59020233154297,46.11000061035156,46.22999954223633,45.09999847412109,45.27000045776367,33934000,MSFT,0.012516834087216822,-0.011787139439602856,0.010298423671723844,39.91989593505859,38.911467933654784,39.62584197998047,0.01992336520525166,0.012609454075205249,-0.4263292782710423,32382385.0,65.29499705531474,0.15602373642930528,-0.0036871043078783305,0
2015-07-24,39.44422912597656,45.93999862670898,46.31999969482422,45.79999923706055,45.90999984741211,32333200,MSFT,-0.0036871043078783305,-0.014585844304252915,0.00635263220797766,39.80312728881836,38.923917579650876,39.60210235595703,0.01991563492294256,0.012645679512162998,-0.047173925856073606,32968245.0,63.478232650213336,0.11498115501931416,-0.012842565445410958,0
2015-07-27,38.93766403198242,45.34999847412109,46.0099983215332,45.25,45.93999862670898,39701400,MSFT,-0.012842565445410958,-0.03346065830663136,0.0019888063382649257,39.53353042602539,38.927781867980954,39.54963478088379,0.019550067081184373,0.01284062596675077,0.22788341395222256,32461550.0,58.40001194243743,0.05061356339765491,-0.00022092086281599865,0
2015-07-28,38.92906188964844,45.34000015258789,45.63999938964844,44.790000915527344,45.58000183105469,34328900,MSFT,-0.00022092086281599865,-0.04103263433316329,0.02186107523005587,39.20038833618164,38.96942310333252,39.50416084289551,0.01839071636155366,0.011965520672394427,-0.13532268383482693,32473910.0,58.87072733787171,0.006664036464719136,0.0209529231691854,1
2015-07-29,39.7447395324707,46.290000915527344,46.77999877929688,45.2599983215332,45.400001525878906,40945900,MSFT,0.0209529231691854,0.01646911288896935,0.048470994789266086,39.32917938232422,39.06129341125488,39.47994819641113,0.013401166457588327,0.012652322408245252,0.1927530448106407,32723935.0,62.88190234138794,0.030404485273702958,0.012745942568490154,1
2015-07-30,40.25132369995117,46.880001068115234,47.400001525878906,45.93000030517578,46.2599983215332,39777900,MSFT,0.012745942568490154,0.016699115676947818,0.0546685003379912,39.46140365600586,39.16561431884766,39.467927856445314,0.013440705587860839,0.012828728068091539,-0.02852544455000383,33295635.0,65.40012430320574,0.07553226447944617,-0.0038396863881766663,0
2015-07-31,40.096771240234375,46.70000076293945,47.369998931884766,46.5,47.290000915527344,31201500,MSFT,-0.0038396863881766663,0.016543411513347817,0.05180162488413664,39.59191207885742,39.264353370666505,39.45281646728515,0.013460947822799756,0.012886055957603783,-0.21560715874895353,33768110.0,58.76124130895813,0.08933518695897993,0.002355503614835719,1
2015-08-03,40.191219329833984,46.810001373291016,47.0,46.45000076293945,46.97999954223633,24125900,MSFT,0.002355503614835719,0.03219390091870755,0.05451720239671021,39.84262313842773,39.368245124816895,39.44234169006348,0.01021156542208396,0.012869096814483184,-0.22677114882297322,33822705.0,58.947241131193316,0.09846774448616592,0.015594795198543787,1
2015-08-04,40.8179931640625,47.540000915527344,47.709999084472656,46.68000030517578,46.75,33403900,MSFT,0.015594795198543787,0.04852239388065871,0.0731376306408793,40.22040939331055,39.50733871459961,39.45333160400391,0.01009732671274017,0.013126429717033365,0.38456596437853086,33671110.0,62.29253882283921,0.13794162148937622,0.0008414802276444089,1
2015-08-05,40.85234069824219,47.58000183105469,48.40999984741211,47.540000915527344,47.97999954223633,26959700,MSFT,0.0008414802276444089,0.027867868271387097,0.07549713088848753,40.44192962646484,39.65072517395019,39.47033218383789,0.008264685959427837,0.013091790640356258,-0.19291759345465653,33029800.0,57.20992743833649,0.15624190455977865,-0.020176771440171826,0
2015-08-06,40.02807235717773,46.619998931884766,47.77000045776367,46.33000183105469,47.709999084472656,27368000,MSFT,-0.020176771440171826,-0.00554643480640904,0.04716960043143703,40.39727935791016,39.740878105163574,39.45333168029785,0.01290193752077458,0.01411613739098003,0.015144827279235384,32776965.0,50.0,0.10516069189561172,0.0025742584259267343,1
2015-08-07,40.1311149597168,46.7400016784668,46.77999877929688,46.2599983215332,46.38999938964844,19163000,MSFT,0.0025742584259267343,0.000856520822503537,0.04774730163611873,40.40414810180664,39.83231964111328,39.441139678955075,0.01287342383549772,0.014115893140752582,-0.2998026892721426,32461825.0,48.73610211521152,0.07220939898818918,0.012622941672494337,1
2015-08-10,40.63768768310547,47.33000183105469,47.4900016784668,46.84000015258789,46.95000076293945,23079900,MSFT,0.012622941672494337,0.011108604334879368,0.0393062034123588,40.49344177246094,39.90916481018066,39.449210510253906,0.014059890479853945,0.013663685432997182,0.204399102436988,32206905.0,50.34001433802684,0.0779367195389597,-0.019437852098099673,0
2015-08-11,39.8477783203125,46.40999984741211,46.93999862670898,45.900001525878906,46.81999969482422,29237400,MSFT,-0.019437852098099673,-0.0237692931117498,0.017317027468912283,40.299398803710936,39.94307975769043,39.43512939453125,0.014495177923637777,0.014482467238269852,0.26679058401466205,32524760.0,56.66157744194336,0.024690718598457118,0.007110475197054322,1
2015-08-12,40.1311149597168,46.7400016784668,46.900001525878906,45.709999084472656,46.18999862670898,30181400,MSFT,0.007110475197054322,-0.01765445323813286,0.021415773375905944,40.15515365600586,39.98515071868896,39.43203872680664,0.015342346861540937,0.014541528154350163,0.032287412697435514,32702350.0,55.007843904533914,0.005708403024243802,-0.000213875663715557,0
2015-08-13,40.12253189086914,46.72999954223633,47.09999847412109,46.4900016784668,47.060001373291016,22627200,MSFT,-0.000213875663715557,0.002359832190981681,0.0015003631646322013,40.17404556274414,39.988156127929685,39.42997817993164,0.01217568628420376,0.01387408610306827,-0.2502932269543494,32520125.0,56.44374672490979,-0.009445658419246994,0.005777684687628737,1
2015-08-14,40.35434722900391,47.0,47.09999847412109,46.52000045776367,46.52999877929688,21473400,MSFT,0.005777684687628737,0.005562573317765995,0.008151151244925714,40.218692016601565,40.004469871520996,39.44096824645996,0.012392422473805826,0.013927521037006174,-0.05099172677131947,32120440.0,64.1994511011242,-0.006042650112125236,0.006808430187216441,1
2015-08-17,40.62909698486328,47.31999969482422,47.45000076293945,46.56999969482422,46.810001373291016,21099700,MSFT,0.006808430187216441,-0.00021139731938435435,0.008525334778447524,40.216973876953126,40.0216423034668,39.4612313079834,0.011271320396847246,0.013936148052849415,-0.01740292641128094,31643830.0,66.17644710115148,0.011566925344285717,0.005531011464626534,1
2015-08-18,40.853816986083984,47.27000045776367,47.43000030517578,46.70000076293945,46.84000015258789,23574100,MSFT,0.005531011464626534,0.025247045335490048,0.0063812316781679534,40.418181610107425,40.03459453582764,39.49302909851074,0.0029914776325890755,0.013886398585475418,0.11727180955179461,30683440.0,61.8905217076925,0.03393863339405445,-0.013962355023533601,0
2015-08-19,40.28340148925781,46.61000061035156,47.08000183105469,46.29999923706055,46.77999877929688,31485500,MSFT,-0.013962355023533601,0.0037947246094178766,0.030245357187038246,40.448638916015625,40.09372539520264,39.514792404174806,0.008692172034078599,0.011377486774078611,0.335597117175205,29300095.0,50.33926546948062,0.007301349077593389,-0.020381907210305417,0
2015-08-20,39.46234893798828,45.65999984741211,46.470001220703125,45.65999984741211,46.06999969482422,36238200,MSFT,-0.020381907210305417,-0.01645416980853842,-0.0032294200591347355,40.316602325439455,40.0873327255249,39.50364921569824,0.012923176479212947,0.012066233704221224,0.15094884947039122,29415305.0,44.11922371348517,-0.06466916426433622,-0.05672366589726374,0
2015-08-21,37.223899841308594,43.06999969482422,45.47999954223633,43.06999969482422,45.29999923706055,70053100,MSFT,-0.05672366589726374,-0.0775739815571932,-0.056290345479352744,39.69051284790039,39.9763162612915,39.45065643310547,0.02581305708808106,0.01750161288634857,0.9331285770264528,31301300.0,30.317689168953677,-0.2515883961985356,-0.032272934002403386,0
2015-08-24,36.02257537841797,41.68000030517578,42.68999862670898,39.720001220703125,40.45000076293945,88753700,MSFT,-0.032272934002403386,-0.11337986685161894,-0.07486552483400322,38.76920852661133,39.830561828613284,39.381708221435545,0.02304477134936289,0.018596709536861888,0.2669489287411977,33753915.0,20.444583211468142,-0.4339963509500482,-0.02903082059263995,0
2015-08-25,34.976810455322266,40.470001220703125,43.2400016784668,40.38999938964844,42.56999969482422,70616600,MSFT,-0.02903082059263995,-0.1438545272957873,-0.10152444581196318,37.593807220458984,39.63294925689697,39.30025886535645,0.016346625387240955,0.019409783663312356,-0.20435317062837943,35568300.0,17.801800566351048,-0.5930979862719781,0.055349564688954356,1
2015-08-26,36.91276168823242,42.709999084472656,42.84000015258789,41.060001373291016,42.0099983215332,63408000,MSFT,0.055349564688954356,-0.0836731675184933,-0.07125415533103718,36.91967926025391,39.49135036468506,39.251518630981444,0.042429696830872964,0.023031055220720967,-0.10208081385963075,36691405.0,34.782112861244585,-0.5376133519415305,0.027862464978149593,1
2015-08-27,37.94124221801758,43.900001525878906,43.95000076293945,42.93000030517578,43.22999954223633,50943200,MSFT,0.027862464978149593,-0.03854577238574908,-0.05739144131392615,36.615457916259764,39.37584629058838,39.220943756103516,0.046635217551982536,0.023824451758713165,-0.1965808730759525,37249670.0,40.18973129602553,-0.4072261279148107,0.0006834861089339839,1
2015-08-28,37.9671745300293,43.93000030517578,44.150001525878906,43.38999938964844,43.400001525878906,28246700,MSFT,0.0006834861089339839,0.01996767377650932,-0.05311142629030874,36.764112854003905,39.26936645507813,39.17800842285156,0.037492038147886056,0.02383433595119201,-0.4455256049875155,37101930.0,37.498165063887924,-0.29977865991288,-0.009332888704330133,0
2015-08-31,37.612831115722656,43.52000045776367,43.93000030517578,43.09999847412109,43.560001373291016,34441700,MSFT,-0.009332888704330133,0.04414608674141185,-0.06415302290163138,37.08216400146485,39.14044704437256,39.13863265991211,0.03299856320651122,0.02385348175276989,0.2193176548056941,37617720.0,39.09241135459502,-0.23592701264682764,-0.03906286606318998,0
2015-09-01,36.1435661315918,41.81999969482422,42.59000015258789,41.65999984741211,42.16999816894531,49688900,MSFT,-0.03906286606318998,0.033357978074069594,-0.11451878620495781,37.31551513671875,38.90672569274902,39.06763961791992,0.036060096122591714,0.024721533443665587,0.44269591802959773,38431970.0,32.55794706406881,-0.2733615546272985,0.036824766784463,1
2015-09-02,37.47454452514648,43.36000061035156,43.380001068115234,41.880001068115234,42.36000061035156,37671500,MSFT,0.036824766784463,0.015219203636371414,-0.08268305108992324,37.42787170410156,38.73783588409424,39.02876121520996,0.030365391479492437,0.026475326731165302,-0.24185280817244903,38967560.0,39.61837600420673,-0.19298990047654896,0.003228204529706735,1
2015-09-03,37.59552001953125,43.5,43.97999954223633,43.27999877929688,43.40999984741211,28285200,MSFT,0.003228204529706735,-0.009112042154543643,-0.06077115869933414,37.358727264404294,38.61620826721192,38.99693878173828,0.027240728954788036,0.026237578181726187,-0.24916183321609175,39013420.0,39.088991681074646,-0.11977251501106256,-0.02045966491602602,0
2015-09-04,36.82632827758789,42.61000061035156,43.040000915527344,42.20000076293945,42.810001373291016,37138800,MSFT,-0.02045966491602602,-0.030048226305043557,-0.08234973499854703,37.130558013916016,38.45096893310547,38.94956062316894,0.028426118060314653,0.02649344211453184,0.31301175172881934,39912210.0,35.526323813174315,-0.11141287052866322,0.030040084729320515,1
2015-09-08,37.932594299316406,43.88999938964844,44.0,43.20000076293945,43.29999923706055,32469800,MSFT,0.030040084729320515,0.008501438847023701,-0.06656612464969713,37.19451065063477,38.315714263916014,38.931004943847654,0.03236915830416494,0.027339754778515125,-0.12571757838163866,40381705.0,39.58074875157728,-0.024201762433963214,-0.018682994693578925,0
2015-09-09,37.223899841308594,43.06999969482422,44.400001525878906,42.90999984741211,44.209999084472656,33469500,MSFT,-0.018682994693578925,0.029890069667821706,-0.06584754758250544,37.410577392578126,38.18452033996582,38.91355819702149,0.026669074857753765,0.027316499730491665,0.03078860972349684,40593310.0,39.19413346928635,-0.00791121197568323,0.005107797461411989,1
2015-09-10,37.41403198242188,43.290000915527344,43.790000915527344,42.75,43.119998931884766,31366600,MSFT,0.005107797461411989,-0.001614763928191043,-0.06770514549676221,37.398474884033206,38.04866619110108,38.903692169189455,0.020654613542346077,0.027280959549690932,-0.06283033806898819,40652570.0,42.42808319048404,0.02045277432717829,0.004388927089527206,1
2015-09-11,37.57823944091797,43.47999954223633,43.59000015258789,42.93999862670898,43.13999938964844,27132500,MSFT,0.004388927089527206,-0.000459644622665234,-0.06341305820060139,37.39501876831055,37.921451568603516,38.8919588470459,0.020708573555731306,0.027326369013103525,-0.1349875345112317,40877835.0,51.547130792579736,0.053196200595132304,-0.010119572709526348,0
2015-09-14,37.19796371459961,43.040000915527344,43.43999862670898,42.86000061035156,43.43000030517578,23656000,MSFT,-0.010119572709526348,0.010091569113554355,-0.07821669116569707,37.46934585571289,37.7636323928833,38.87347831726074,0.01854841111292949,0.02729138401381027,-0.12813047083755646,40986965.0,55.528398890304736,0.052099220733942575,0.021840542463237744,1
2015-09-15,38.0103874206543,43.97999954223633,44.290000915527344,43.08000183105469,43.18999862670898,28882200,MSFT,0.021840542463237744,0.002050825227614128,-0.06445404300234892,37.48490447998047,37.63269691467285,38.8714183807373,0.015592760123792212,0.0277985944613517,0.22092492390936758,41376090.0,64.58854789249257,0.10584578215368146,0.007275750825831873,1
2015-09-16,38.28694152832031,44.29999923706055,44.380001068115234,43.84000015258789,43.970001220703125,23372200,MSFT,0.007275750825831873,0.028558041783468102,-0.06283073766737701,37.697512817382815,37.50435314178467,38.876434783935544,0.011350424990002616,0.027829359352768594,-0.1907749409671008,41365995.0,57.86349163800168,0.15671053936273627,-0.0011283598221406566,0
2015-09-17,38.24374008178711,44.25,45.0,44.08000183105469,44.290000915527344,32768200,MSFT,-0.0011283598221406566,0.022176388253344337,-0.050632799914242854,37.86345443725586,37.402370071411134,38.88161735534668,0.011766585118638533,0.027707860403521654,0.4020160703742053,41430130.0,51.95098452163507,0.1823393954192299,-0.01740155746916794,0
2015-09-18,37.57823944091797,43.47999954223633,43.9900016784668,43.33000183105469,43.5,63143700,MSFT,-0.01740155746916794,0.0,-0.047744484243222085,37.86345443725586,37.30816459655762,38.86868186950684,0.015300289328722417,0.027612948496015376,0.9269810364926971,42775405.0,47.68270592272883,0.15067810140602328,0.014489625831522135,1
2015-09-21,38.12273406982422,44.11000061035156,44.470001220703125,43.59999847412109,43.619998931884766,26177200,MSFT,0.014489625831522135,0.024860779001772304,0.02414669694329441,38.04840850830078,37.353106307983396,38.86509086608887,0.015151083514043892,0.024625806973416736,-0.5854344930689839,40581610.0,52.97071423555025,0.16164383404909094,-0.0047607249646425265,0
2015-09-22,37.94124221801758,43.900001525878906,44.04999923706055,43.310001373291016,43.380001068115234,28085900,MSFT,-0.0047607249646425265,-0.0018191133352970512,0.053262900263070234,38.03457946777344,37.44903964996338,38.84190002441406,0.012136437082375117,0.02337792283428654,0.07291459743593665,37548220.0,62.32232321224989,0.1520533391951262,-0.0006835866511684108,0
2015-09-23,37.915306091308594,43.869998931884766,44.16999816894531,43.5099983215332,43.93000030517578,17145200,MSFT,-0.0006835866511684108,-0.00970658459978646,0.08401268148048624,37.960252380371095,37.595964431762695,38.81681655883789,0.011392726942843713,0.02217113183468673,-0.38954421969742825,34874650.0,53.67954697590115,0.13966199142606012,0.0009118375896821629,1
2015-09-24,37.94987869262695,43.90999984741211,44.130001068115234,43.27000045776367,43.45000076293945,27905600,MSFT,0.0009118375896821629,-0.007683908229992986,0.028096434863207786,37.90148010253906,37.64782028198242,38.79002021789551,0.011463451319754044,0.018629243916371493,0.6276042274222522,33099530.0,53.00154256663184,0.1297079059712306,0.0006833305640252529,1
2015-09-25,37.97581100463867,43.93999862670898,44.72999954223633,43.7599983215332,44.47999954223633,29384600,MSFT,0.0006833305640252529,0.010579834756383022,0.0009111137274435688,37.980994415283206,37.64954872131348,38.748287963867185,0.007275566388176349,0.01757009076582009,0.053000114672323795,32021600.0,61.13908234633072,0.12095622529205369,-0.014793075048434634,0
2015-09-28,37.41403198242188,43.290000915527344,44.09000015258789,43.209999084472656,43.83000183105469,27613800,MSFT,-0.014793075048434634,-0.01859001209368416,-0.014568967916480546,37.83925399780274,37.62189159393311,38.69600715637207,0.006590879845248335,0.017885294941989094,-0.060262858776365835,31989955.0,44.38201225610539,0.07563491814048484,0.003465280513677449,1
2015-09-29,37.54368209838867,43.43999862670898,43.56999969482422,43.04999923706055,43.369998931884766,32763600,MSFT,0.003465280513677449,-0.010478310576771621,-0.0018384422358751484,37.759741973876956,37.61843414306641,38.6411678314209,0.007261360389071818,0.0177843771777871,0.1864937096669057,31906050.0,53.96147451970744,0.05372130041473425,0.01887622562056679,1
2015-09-30,38.25236511230469,44.2599983215332,44.29999923706055,43.65999984741211,43.880001068115234,34958900,MSFT,0.01887622562056679,0.008889787680584238,0.0583450723438621,37.82715377807617,37.72387409210205,38.59431968688965,0.011955463595619605,0.01566963572765043,0.06700423640869735,31169550.0,59.202940063049176,0.08445800210085247,0.007908151359424131,1
2015-10-01,38.55487060546875,44.61000061035156,44.75,43.75,44.75,28657900,MSFT,0.007908151359424131,0.015941866843419916,0.02882826446622566,37.94815216064453,37.77789039611817,38.583401412963866,0.012227648714078646,0.013573938792738374,-0.1802402249498697,30718870.0,60.40518857265484,0.12046983795523256,0.021519991039809616,1
2015-10-02,39.38457107543945,45.56999969482422,45.56999969482422,43.91999816894531,44.27000045776367,41839000,MSFT,0.021519991039809616,0.03709624715134341,0.04758681499760531,38.22990417480469,37.867342948913574,38.5792887878418,0.014485774116730174,0.014293037901131964,0.4599464720024844,31396560.0,71.2604669242228,0.19127000243469067,0.023260753693981506,1
2015-10-05,40.30068588256836,46.630001068115234,46.88999938964844,45.70000076293945,45.75,34369300,MSFT,0.023260753693981506,0.07715431209078738,0.0943443934674022,38.80723495483399,38.041060829162596,38.596417922973636,0.008790895087009984,0.013948157502006944,-0.17853438179688808,31258085.0,71.82851259200231,0.28524217381298533,0.0025733150092153156,1
2015-10-06,40.40439224243164,46.75,47.18000030517578,46.220001220703125,46.33000183105469,27017200,MSFT,0.0025733150092153156,0.07619684549176786,0.06516290247935341,39.37937698364258,38.16465072631836,38.625752487182616,0.009087681477669926,0.012599507595690554,-0.21391474368113406,30985455.0,70.86870181596439,0.3363157999108891,0.0010696041426132563,1
2015-10-07,40.44760894775391,46.79999923706055,47.34999847412109,45.95000076293945,47.09999847412109,27711500,MSFT,0.0010696041426132563,0.05738844719808123,0.08660320708438674,39.81842575073242,38.325836181640625,38.65612342834473,0.01048597701799074,0.011518689387765084,0.025698443954221828,30697555.0,71.72033737088626,0.3531972448591181,0.013888770998815358,1
2015-10-08,41.009376525878906,47.45000076293945,47.52000045776367,46.5,46.560001373291016,33772700,MSFT,0.013888770998815358,0.0636626678254757,0.0960961530461677,40.30932693481445,38.50560340881348,38.68141616821289,0.010347327330478284,0.011719735013759168,0.21872507803619445,30817860.0,84.52159989192003,0.3800504371432911,-0.007165247086563187,0
2015-10-09,40.71553421020508,47.11000061035156,47.540000915527344,46.91999816894531,47.45000076293945,28600600,MSFT,-0.007165247086563187,0.0337940238632084,0.08348700779927953,40.57551956176758,38.662468147277835,38.69070037841797,0.011904932999376483,0.012015023481852277,-0.15314440361593828,30891265.0,77.47251281495784,0.35627680237639225,-0.0023350719030313938,0
2015-10-12,40.62046051025391,47.0,47.06999969482422,46.5,46.97999954223633,19769100,MSFT,-0.0023350719030313938,0.007934719240693333,0.09200763842648274,40.63947448730469,38.83359298706055,38.701174163818365,0.007819154447166974,0.011651211602667381,-0.30878722823996696,30696920.0,78.91774959506006,0.3138904282327473,-0.002340631136479754,0
2015-10-13,40.52538299560547,46.88999938964844,47.130001068115234,46.560001373291016,46.560001373291016,19987800,MSFT,-0.002340631136479754,0.0029944950649887225,0.06616600738945788,40.663672637939456,38.9593427658081,38.7078574371338,0.007974494119614196,0.010990204885074085,0.01106271909191614,30252200.0,77.75719633720684,0.26134425018469865,-0.004478567581300497,0
2015-10-14,40.34388732910156,46.68000030517578,47.09999847412109,46.52999877929688,46.650001525878906,24697800,MSFT,-0.004478567581300497,-0.002564344873545621,0.05372447415941428,40.64292831420899,39.06219005584717,38.69837532043457,0.008277162893263348,0.011078411647275336,0.23564374268303667,30318480.0,74.68790740013714,0.19907400038565554,0.007069558471953341,1
2015-10-15,40.62910079956055,47.0099983215332,47.02999877929688,46.52999877929688,47.0099983215332,27189400,MSFT,0.007069558471953341,-0.0092728970429089,0.06237257947763908,40.566873168945314,39.18145809173584,38.69391052246094,0.005366464295002297,0.011081824741348983,0.10088347950019849,30039540.0,75.97278836373204,0.16330375707876643,0.010635851718318268,1
2015-10-16,41.06122589111328,47.5099983215332,47.540000915527344,46.900001525878906,47.02000045776367,26450300,MSFT,0.010635851718318268,0.00849041250750826,0.09268625944202102,40.63601150512695,39.355607414245604,38.714573593139654,0.006698214009435735,0.01008171584212161,-0.027183387643714085,28204870.0,86.63185690706038,0.1550216938629274,0.0023156917987572356,1
2015-10-19,41.15631103515625,47.619998931884766,47.880001068115234,47.02000045776367,47.41999816894531,29387600,MSFT,0.0023156917987572356,0.013191640817736827,0.07957396129500682,40.74318161010742,39.50728626251221,38.735077514648445,0.006307545064640946,0.009810032857043039,0.11104978015372224,28365390.0,86.53838882600003,0.14254042097156205,0.003149353779076325,1
2015-10-20,41.285926818847656,47.77000045776367,47.810001373291016,47.02000045776367,47.43999862670898,30802200,MSFT,0.003149353779076325,0.018767097730443716,0.08815432509064647,40.89529037475586,39.67452049255371,38.748042297363284,0.005669239086458352,0.009600505533846632,0.04813594849528369,28501205.0,84.75236378828428,0.1299602400572255,-0.01193178363792613,0
2015-10-21,40.79331207275391,47.20000076293945,47.9900016784668,47.11000061035156,47.91999816894531,25144300,MSFT,-0.01193178363792613,0.011139847283089255,0.0759061782203323,40.98517532348633,39.818420791625975,38.76695297241211,0.008594864266342189,0.010216101982083165,-0.18368493159579513,28901160.0,74.57314815900526,0.07797203493928118,0.017584616469363823,1
2015-10-22,41.51064682006836,48.02999877929688,48.95000076293945,47.09000015258789,47.52999877929688,56637100,MSFT,0.017584616469363823,0.021697404155135658,0.09382818206829224,41.16148452758789,39.99645919799805,38.79454360961915,0.011015255804687095,0.010646579127376463,1.252482670028595,30337735.0,73.9299864836783,0.08104738729646954,0.10077039877806615,1
2015-10-23,45.69369125366211,52.869998931884766,54.06999969482422,52.25,52.29999923706055,135227100,MSFT,0.10077039877806615,0.11281848658959337,0.20323147932458152,42.08797760009766,40.38235321044922,38.905966796875006,0.045049259179230416,0.02394799786895767,1.3876063569638983,35629860.0,84.9776636825532,0.33946306792708836,0.026102142644795157,1
2015-10-26,46.88639450073242,54.25,54.31999969482422,52.5,52.52999877929688,64633300,MSFT,0.026102142644795157,0.13922733406989418,0.2531767365452864,43.23399429321289,40.855971336364746,39.03660774230958,0.04363477220502109,0.023501641604851953,-0.5220388516798777,37480835.0,86.83705067382132,0.5527642490251907,-0.010322767406718447,0
2015-10-27,46.40239715576172,53.68999862670898,54.369998931884766,53.58000183105469,53.9900016784668,50999900,MSFT,-0.010322767406718447,0.12392770929822783,0.23595754497807375,44.2572883605957,41.298907089233396,39.15207374572754,0.04584606150085565,0.02395067259005711,-0.21093461110603973,38392650.0,82.22639976283537,0.6183439592107527,0.005401463814450613,1
2015-10-28,46.65303802490234,53.97999954223633,53.97999954223633,52.86000061035156,53.540000915527344,47000800,MSFT,0.005401463814450613,0.1436442802608855,0.21961185636323943,45.42923355102539,41.71894073486328,39.26805816650391,0.042973533331989874,0.023904191990574895,-0.07841387924290044,38994745.0,81.60700841656038,0.6333704801101516,-0.011486110908963787,0
2015-10-29,46.1171760559082,53.36000061035156,53.83000183105469,53.220001220703125,53.540000915527344,30202100,MSFT,-0.011486110908963787,0.11097223456447836,0.19614397173898923,46.35053939819336,42.097056007385255,39.38473365783692,0.0465380284000687,0.02439190518447272,-0.35741306530952666,39071955.0,79.45316432526435,0.5642871731297359,-0.013493043169185204,0
2015-10-30,45.49491500854492,52.63999938964844,53.9900016784668,52.619998931884766,53.31999969482422,46619800,MSFT,-0.013493043169185204,-0.004350190139240651,0.15514562597117965,46.31078414916992,42.40257320404053,39.50538497924805,0.016794081601065606,0.02472024364067143,0.5435946507030969,39310995.0,75.13364324325177,0.4393070046704288,0.011398247843679599,1
2015-11-02,46.01347732543945,53.2400016784668,53.36000061035156,52.619998931884766,52.84999847412109,30285000,MSFT,0.011398247843679599,-0.018617707430656272,0.1417541989115898,46.136200714111325,42.68821277618408,39.68117652893067,0.01130466713643047,0.02446350209863103,-0.35038331352772856,39106780.0,77.11360124958404,0.3576468456981132,0.017092299495024,1
2015-11-03,46.79995346069336,54.150001525878906,54.38999938964844,52.900001525878906,52.93000030517578,36596900,MSFT,0.017092299495024,0.008567581187608475,0.158288761773411,46.215711975097655,43.00799083709717,39.89672409057618,0.01368710817524087,0.02454301199122158,0.20841670794122513,39585765.0,80.09670529780723,0.32370207438083876,0.004616684899253043,1
2015-11-04,47.01601409912109,54.400001525878906,54.880001068115234,54.060001373291016,54.18000030517578,37087800,MSFT,0.004616684899253043,0.007780330919178402,0.1623929157308548,46.288307189941406,43.33641109466553,40.13750816345215,0.013639651409188021,0.02450577407614571,0.013413704439447116,40054580.0,79.96754617045892,0.28430345773004895,-0.00036754665286686805,0
2015-11-05,46.99873352050781,54.380001068115234,54.70000076293945,54.0,54.4900016784668,31468500,MSFT,-0.00036754665286686805,0.0191155994358998,0.1460484772512778,46.46461868286133,43.63587894439697,40.33922760009766,0.01174192478943428,0.02452739880466291,-0.15151343568505005,39939370.0,78.98737986812976,0.22801254063794674,0.009930168055740873,1
2015-11-06,47.46543884277344,54.91999816894531,54.97999954223633,53.959999084472656,54.09000015258789,32851200,MSFT,0.009930168055740873,0.04331305671982033,0.1657820476509071,46.85872344970703,43.97337417602539,40.52971153259277,0.006670468154557143,0.024300534964010242,0.04393917727251062,40151900.0,79.72313757289271,0.19445188259023638,-0.013838466966385354,0
2015-11-09,46.808589935302734,54.15999984741211,54.869998931884766,53.560001373291016,54.54999923706055,32513100,MSFT,-0.013838466966385354,0.01727999395133062,0.15234020853817598,47.01774597167969,44.28278064727783,40.70653984069824,0.011650365999884588,0.024690185434755124,-0.010291861484512,40789100.0,74.78666354835858,0.10475161441625547,-0.012001214937406024,0
2015-11-10,46.246829986572266,53.5099983215332,54.130001068115234,53.27000045776367,54.06999969482422,55283700,MSFT,-0.012001214937406024,-0.011818889405213917,0.1411818116953325,46.90712127685547,44.56885299682617,40.87921981811523,0.010348871481174398,0.024983336418516338,0.7003515506057558,42553895.0,74.32534754823277,-0.009604032416220099,0.002616608029032186,1
2015-11-11,46.36783981323242,53.650001525878906,54.20000076293945,53.459999084472656,53.70000076293945,36516300,MSFT,0.002616608029032186,-0.013786244927572078,0.1493151226353331,46.777486419677736,44.87005062103272,41.083705291748046,0.010047396445611104,0.024863235553649443,-0.33947438395042295,43144820.0,72.88276501604857,-0.08982381944375661,-0.006151269953536209,0
2015-11-12,46.082618713378906,53.31999969482422,53.97999954223633,53.18999862670898,53.47999954223633,35361100,MSFT,-0.006151269953536209,-0.019492329654567375,0.1342268917228251,46.59426345825195,45.142726516723634,41.25586677551269,0.010040046450252181,0.025043720999903523,-0.031635187573768375,43553405.0,52.89579237434242,-0.1701626391207458,-0.009002190511777752,0
2015-11-13,45.66777420043945,52.84000015258789,53.290000915527344,52.52999877929688,53.06999969482422,36848200,MSFT,-0.009002190511777752,-0.03787312803087417,0.11218730589149684,46.23473052978515,45.37305393218994,41.41731185913086,0.006455711502069446,0.025261235914881507,0.042054687212784714,44073300.0,39.737987058043444,-0.25424900079959145,0.01760033572976827,1
2015-11-16,46.47154235839844,53.77000045776367,53.88999938964844,52.84999847412109,53.08000183105469,32165200,MSFT,0.01760033572976827,-0.00720054967197592,0.12914741845307387,46.167321014404294,45.63881549835205,41.61021614074707,0.011936276087320749,0.02538692710327427,-0.1270889758522804,44212180.0,50.552516164588,-0.25792780452047337,-0.008238142817131422,0
2015-11-17,46.08870315551758,52.970001220703125,53.52999877929688,52.84999847412109,53.16999816894531,31551300,MSFT,-0.008238142817131422,-0.0034191928636103652,0.11632962383873102,46.13569564819336,45.878954315185545,41.773338317871094,0.011195393203088176,0.025590162488626507,-0.019085844328653345,44249635.0,45.58388841823346,-0.2861544996942853,0.01661281603843534,1
2015-11-18,46.85436630249024,53.84999847412109,53.97999954223633,52.97999954223633,53.0,29710000,MSFT,0.01661281603843534,0.010492757290775812,0.14857960586594632,46.233000946044925,46.182007026672366,41.96594764709473,0.013684670669480882,0.025343152886229105,-0.058358926573548464,44477920.0,55.56849026918939,-0.25434070681104237,0.0016716342667437711,1
2015-11-19,46.93268966674805,53.93999862670898,54.65999984741211,53.77999877929688,53.9900016784668,28149200,MSFT,0.0016716342667437711,0.018446672023053834,0.13061812479535728,46.40301513671875,46.453109169006346,42.15632080078125,0.012922220623730468,0.025250958137900903,-0.05253450016829353,43053525.0,61.83282892340925,-0.22984715604705452,0.004634595622591053,1
2015-11-20,47.150203704833984,54.18999862670898,54.29999923706055,53.27000045776367,54.25,37147600,MSFT,0.004634595622591053,0.0324611726835653,0.031875569935601256,46.699501037597656,46.52593479156494,42.34776008605957,0.010833773962651679,0.012049491658863746,0.31966805450954205,38149550.0,59.84295455776635,-0.20181909184064817,0.0,0
2015-11-23,47.150203704833984,54.18999862670898,54.459999084472656,53.75,54.25,28235900,MSFT,0.0,0.014603805081431664,0.005626561967724708,46.83523330688477,46.53912525177002,42.546804885864255,0.009014165356263553,0.01058494414782285,-0.23989975126253105,36329680.0,53.51104217717044,-0.18646619174738865,0.0011073496479774292,1
2015-11-24,47.202415466308594,54.25,54.43999862670898,53.58000183105469,53.91999816894531,24600000,MSFT,0.0011073496479774292,0.024164539996558432,0.017240883221213865,47.05797576904297,46.57912616729736,42.730645446777345,0.006819680725737855,0.010283572879500522,-0.1287686951717495,35009685.0,51.93202486200959,-0.17610563654353362,-0.010322672931501353,0
2015-11-25,46.71516036987305,53.68999862670898,54.22999954223633,53.68999862670898,54.09000015258789,21005100,MSFT,-0.010322672931501353,-0.00297103436888857,0.0013315819848120913,47.03013458251953,46.582232284545896,42.8992098236084,0.00570887625818548,0.010520086583315122,-0.14613414634146338,33709900.0,47.32173159886178,-0.2034434380330492,0.0044701582111985605,1
2015-11-27,46.92398452758789,53.93000030517578,54.08000183105469,53.790000915527344,53.79999923706055,9009100,MSFT,0.0044701582111985605,-0.00018548136111462554,0.017494750127405645,47.0283935546875,46.62257270812988,43.07281471252441,0.006108255593683629,0.010193640783796061,-0.5710993996696041,32650250.0,44.624251711320966,-0.2080909058523115,0.007787760202737415,1
2015-11-30,47.2894172668457,54.34999847412109,54.959999084472656,54.0,54.540000915527344,56241400,MSFT,0.007787760202737415,0.0029525548369464527,0.03944401825926547,47.056236267089844,46.71229782104492,43.26703826904297,0.006829418827334274,0.009709512633107828,5.2427323484032815,33131330.0,55.06702921563677,-0.18780420909441964,0.01600748654655293,1
2015-12-01,48.04640197753906,55.220001220703125,55.22999954223633,54.29999923706055,54.40999984741211,39952800,MSFT,0.01600748654655293,0.019007304365329825,0.04418106977052272,47.23547592163086,46.813944053649905,43.465511627197266,0.009644607641842912,0.009995301269313738,-0.2896193906979556,33614720.0,68.21469030389285,-0.1275367473392206,-0.00018134070806719027,0
2015-12-02,48.037689208984375,55.209999084472656,55.959999084472656,55.060001373291016,55.31999969482422,47274900,MSFT,-0.00018134070806719027,0.017695572025799633,0.02644737134900299,47.402530670166016,46.875830841064456,43.6674405670166,0.009751515337612144,0.009368416229120212,0.1832687571334175,34148620.0,67.29483811066552,-0.09394377884376559,-0.01829332208457024,0
2015-12-03,47.15892028808594,54.20000076293945,55.77000045776367,53.93000030517578,55.4900016784668,38627800,MSFT,-0.01829332208457024,0.009499269930775434,0.003039521569471404,47.4912826538086,46.8829761505127,43.852312850952146,0.012770845115431067,0.010301799627559248,-0.18291101620521677,34225620.0,59.926888651204685,-0.13414169902890172,0.031549546739523926,1
2015-12-04,48.64676284790039,55.90999984741211,56.22999954223633,54.09999847412109,54.119998931884766,43963700,MSFT,0.031549546739523926,0.03671423766879034,0.035065398659592795,47.835838317871094,46.96537761688232,44.066250534057616,0.018540900354448903,0.012455848205526256,0.13813626455557904,34850380.0,72.9359727443609,-0.0671457253426182,-0.0017883612546194527,0
2015-12-07,48.55976486206055,55.810001373291016,55.970001220703125,55.290000915527344,55.790000915527344,30709800,MSFT,-0.0017883612546194527,0.026863253316201874,0.023055217563920705,48.089907836914065,47.02009391784668,44.277929611206055,0.018976944500241413,0.012328141490392767,-0.3014737158155478,34743310.0,68.07243036164338,-0.036824341133528726,-0.0003588472299830281,0
2015-12-08,48.54233932495117,55.790000915527344,56.09999847412109,54.9900016784668,55.470001220703125,32878000,MSFT,-0.0003588472299830281,0.01032204966448802,0.03703912875916093,48.18909530639648,47.1067813873291,44.500495758056644,0.018093483674525766,0.011820015613426132,0.07060286944232796,34761555.0,72.66866002402179,-0.02655549490153608,-0.014518569348427879,0
2015-12-09,47.83757400512695,54.97999954223633,55.869998931884766,54.5099983215332,55.369998931884766,36373200,MSFT,-0.014518569348427879,-0.004165795798104166,0.03439682285286483,48.149072265625,47.18631858825684,44.706373596191405,0.01963294670331611,0.011987891149037538,0.10630816959669076,33816030.0,59.18703858426455,-0.07319739471661779,0.005275139025415099,1
2015-12-10,48.08992385864258,55.27000045776367,55.65999984741211,55.0099983215332,55.38999938964844,31775800,MSFT,0.005275139025415099,0.01974183388570605,0.037139622038607545,48.33527297973633,47.272422790527344,44.903124771118165,0.017000298090342623,0.012012601355749919,-0.12639525804713359,33579005.0,60.47254565138142,-0.09181711611338605,-0.02189285911179839,0
2015-12-11,47.0370979309082,54.060001373291016,55.09999847412109,54.0099983215332,54.709999084472656,39549500,MSFT,-0.02189285911179839,-0.03308883927230655,0.020712347609103787,48.01333999633789,47.32014675140381,45.07276931762695,0.011176783843225964,0.013039251436288762,0.24464214905682935,33788425.0,49.110859212878,-0.1749810018445741,0.01997787111999494,1
2015-12-14,47.97679901123047,55.13999938964844,55.209999084472656,53.68000030517578,54.33000183105469,46768900,MSFT,0.01997787111999494,-0.012005120957361726,0.050561360854954884,47.89674682617188,47.43559799194336,45.244613876342775,0.016512327610359256,0.013460268614719478,0.1825408665090582,34284460.0,55.661535358370294,-0.1666830951944881,0.0010881120282297818,1
2015-12-15,48.02900314331055,55.20000076293945,55.900001525878906,55.09000015258789,55.65999984741211,39843000,MSFT,0.0010881120282297818,-0.010575019432093269,0.03351429080835411,47.79407958984375,47.51347103118896,45.399180221557614,0.016567515929399267,0.012986948312182195,-0.14808772496252853,34668350.0,55.661489019817886,-0.15775177635907367,0.01684776198590754,1
2015-12-16,48.83818435668945,56.130001068115234,56.25,54.7599983215332,55.540000915527344,37503300,MSFT,0.01684776198590754,0.02091682892312341,0.059656293471618715,47.99420166015625,47.65094509124756,45.567856063842775,0.016587394622623364,0.013183527686971641,-0.058722987726827824,34965950.0,63.9269173290572,-0.10022358442855905,-0.0076608436215133136,0
2015-12-17,48.46404266357422,55.70000076293945,56.790000915527344,55.52999877929688,56.36000061035156,41280900,MSFT,-0.0076608436215133136,0.007779567421053457,0.03435488489358618,48.06902542114258,47.731428909301755,45.72818473815918,0.01737925594998624,0.012978517165659868,0.10072713601203098,35544495.0,59.88822393226619,-0.09054001041406856,-0.028186655529456428,0
2015-12-18,47.09800338745117,54.130001068115234,56.0,54.02999877929688,55.77000045776367,84684200,MSFT,-0.028186655529456428,0.0012948387384024151,0.003522357697309797,48.081206512451175,47.739694595336914,45.84995727539062,0.019598906899645115,0.014605719317070345,1.051413607745955,38371245.0,48.910928738302545,-0.17444637245210548,0.012931804981493045,1
2015-12-21,47.70706558227539,54.83000183105469,55.34999847412109,54.22999954223633,54.880001068115234,37246300,MSFT,0.012931804981493045,-0.005622163931610746,0.011810381158211536,48.027259826660156,47.767537689208986,45.989787902832035,0.018031077373334838,0.014851767656412423,-0.5601741529116411,38376180.0,48.036251909000235,-0.18617062287439368,0.00948407583774391,1
2015-12-22,48.15952301025391,55.34999847412109,55.47999954223633,54.5,54.9900016784668,28322200,MSFT,0.00948407583774391,0.0027175218805586265,0.021406467546532637,48.05336380004883,47.81800365447998,46.14056915283203,0.01865387644663679,0.014979371522883384,-0.2395969532544172,38380495.0,50.670613046739284,-0.16160774941011002,0.008491033075558763,1
2015-12-23,48.56844711303711,55.81999969482422,55.880001068115234,55.43999862670898,55.70000076293945,27279800,MSFT,0.008491033075558763,-0.005523080909034639,0.02893986744605348,47.99941635131836,47.886305236816405,46.30143043518066,0.01715787804231989,0.015068569466847677,-0.03680505045512006,38514485.0,58.181682105251035,-0.11799829446873744,-0.0026873386880085226,0
2015-12-24,48.43792724609375,55.66999816894531,55.959999084472656,55.43000030517578,55.86000061035156,9558500,MSFT,-0.0026873386880085226,-0.0005388617219111991,0.036878111143801684,47.99419326782227,47.97244358062744,46.46331123352051,0.01681506794280766,0.014847429678347802,-0.6496125338162303,37942155.0,48.561063527685036,-0.09889400286714656,0.00503004005761043,1
2015-12-28,48.68157196044922,55.95000076293945,55.95000076293945,54.97999954223633,55.34999847412109,22458300,MSFT,0.00503004005761043,0.033622838742671135,0.03745605686635578,48.310906982421876,48.06032295227051,46.62436065673828,0.0059306961316699415,0.014853023394032504,1.3495632159857718,38614615.0,50.82155076551313,-0.07204684253857652,0.010723592106370416,1
2015-12-29,49.20361328125,56.54999923706055,56.84999847412109,56.060001373291016,56.290000915527344,27731400,MSFT,0.010723592106370416,0.03136951897394891,0.04047831682092484,48.610216522216795,48.156032752990725,46.78720840454102,0.0054048618066694365,0.01492812238318787,0.23479515368482917,37189115.0,54.17583862934382,-0.023823144237661964,-0.004243926703648926,0
2015-12-30,48.99479675292969,56.310001373291016,56.77999877929688,56.290000915527344,56.470001220703125,21704500,MSFT,-0.004243926703648926,0.01734389567143202,0.019739142502990914,48.77727127075195,48.20345249176025,46.94397811889648,0.006664763941181464,0.014618160558313427,-0.2173312562654608,36276700.0,57.79599086969684,-0.011316354767923587,-0.014739609140424714,0
2015-12-31,48.27263259887695,55.47999954223633,56.18999862670898,55.41999816894531,56.040000915527344,27334100,MSFT,-0.014739609140424714,-0.006090672684504028,0.00489081372899669,48.718108367919925,48.215199661254886,47.08371223449707,0.00969255848446255,0.01504060221564405,0.25937478403096126,35279660.0,51.15759717861065,-0.054586712311563645,-0.012257019920610901,0
2016-01-04,47.68095397949219,54.79999923706055,54.79999923706055,53.38999938964844,54.31999969482422,53778000,MSFT,-0.012257019920610901,-0.015627697336339064,0.01106967013276039,48.56671371459961,48.24130134582519,47.22146507263184,0.010929653458994673,0.014703560149594947,0.9674326207923436,36037170.0,54.33247718931496,-0.12209710523334438,0.004562184241711176,1
2016-01-05,47.89848327636719,55.04999923706055,55.38999938964844,54.540000915527344,54.93000030517578,34079700,MSFT,0.004562184241711176,-0.01608593668089109,-0.015381898562763285,48.4100959777832,48.203887367248534,47.349221801757814,0.010844347424872143,0.01283904719311828,-0.3662891888876493,35542970.0,49.41628643305235,-0.14934163361103325,-0.018165383114452482,0
2016-01-06,47.02838897705078,54.04999923706055,54.400001525878906,53.63999938964844,54.31999969482422,39518900,MSFT,-0.018165383114452482,-0.04420862938999093,-0.031535899923729294,47.97505111694336,48.12731857299805,47.37591575622559,0.009139252315787523,0.013421415169561458,0.15960234391734662,35983425.0,43.352544611608984,-0.21898931220510154,-0.03478266512332284,0
2016-01-07,45.392616271972656,52.16999816894531,53.4900016784668,52.06999969482422,52.70000076293945,56564900,MSFT,-0.03478266512332284,-0.07352169454079094,-0.06488609936768197,47.254615020751956,47.96983242034912,47.34604019165039,0.014067826989956343,0.015336070560214653,0.4313379167942428,37167770.0,29.374984872073682,-0.3599281036218814,0.003067128919587825,1
2016-01-08,45.53184127807617,52.33000183105469,53.27999877929688,52.150001525878906,52.369998931884766,48754000,MSFT,0.003067128919587825,-0.0567773326881813,-0.04819919853802923,46.7064567565918,47.854545783996585,47.32862907409668,0.016257896283637628,0.015158256554815952,-0.13808740049041013,37786810.0,31.940056680279895,-0.4240659829177493,-0.0005733962728737829,0
2016-01-11,45.50573348999024,52.29999923706055,52.84999847412109,51.459999084472656,52.5099983215332,36943800,MSFT,-0.0005733962728737829,-0.045620322329069096,-0.053736628409901566,46.27141265869141,47.72533626556397,47.30568298339844,0.016949535251514186,0.01505936489575747,-0.2422406366657095,38045210.0,38.254197663018616,-0.4462889452844562,0.009178011166852462,1
2016-01-12,45.92338562011719,52.77999877929688,53.09999847412109,52.060001373291016,52.7599983215332,36095500,MSFT,0.009178011166852462,-0.04123507721223607,-0.023677317687135435,45.8763931274414,47.669650650024415,47.301807174682615,0.01797943427548575,0.01456420632546503,-0.022961904297879476,37872510.0,36.45983974702382,-0.4117385812803478,-0.021599213858158883,0
2016-01-13,44.93147659301758,51.63999938964844,54.06999969482422,51.29999923706055,53.79999923706055,66883600,MSFT,-0.021599213858158883,-0.04458822489234038,-0.0634748978876235,45.457010650634764,47.51738452911377,47.29053840637207,0.01851035215155993,0.01436381951431304,0.8529622806166974,38878245.0,27.350474476448426,-0.4324314479114106,0.02846623220902922,1
2016-01-14,46.21050643920898,53.11000061035156,53.41999816894531,51.56999969482422,52.0,52381900,MSFT,0.02846623220902922,0.018018132339759463,-0.03786247028020706,45.62058868408203,47.42645969390869,47.29447898864746,0.018042222888442337,0.016002567602601422,-0.21681996782469848,39505190.0,35.25584022532709,-0.34075333469540836,-0.03991693115137118,0
2016-01-15,44.36592483520508,50.9900016784668,51.970001220703125,50.34000015258789,51.310001373291016,71820700,MSFT,-0.03991693115137118,-0.025606617482269223,-0.09157300952920866,45.38740539550781,47.202846717834475,47.245798416137696,0.026623598377797528,0.017485276423305704,0.37109765014251095,41221060.0,29.032446887290092,-0.38201412613307306,-0.008433086755318842,0
2016-01-19,43.99178314208984,50.560001373291016,51.68000030517578,50.060001373291016,51.47999954223633,43564500,MSFT,-0.008433086755318842,-0.03326944171185431,-0.09227995180942161,45.08461532592773,46.979233741760254,47.18531379699707,0.026536975120817288,0.017493140071812574,-0.39342696464946736,41335240.0,26.171573970846055,-0.40972476132156527,0.0045490090253519355,1
2016-01-20,44.19190216064453,50.790000915527344,51.380001068115234,49.09999847412109,49.97999954223633,63273000,MSFT,0.0045490090253519355,-0.03770374148360178,-0.06170327864855829,44.7383186340332,46.83392868041992,47.1291771697998,0.0259287500279453,0.016691294556224413,0.45239816823330914,40264680.0,23.674729551773652,-0.38990796114610093,-0.006103684516103325,0
2016-01-21,43.92216873168945,50.47999954223633,51.58000183105469,50.29999923706055,51.0,40191200,MSFT,-0.006103684516103325,-0.0224632693572544,-0.07933619065416042,44.53645706176757,46.644683837890625,47.058311767578125,0.024702386752618943,0.0162696638898019,-0.36479699081756833,40411925.0,23.524183570789404,-0.37043692108020454,0.03585612318570908,1
2016-01-22,45.497047424316406,52.290000915527344,52.33000183105469,51.2599983215332,51.40999984741211,37555800,MSFT,0.03585612318570908,-0.015439324730862736,-0.055284509054847275,44.39376525878906,46.51156005859375,47.0320809173584,0.027242503085531822,0.018354870213039626,-0.06557156790541208,40873605.0,36.697351365088174,-0.2336401639231942,-0.009561928628167626,0
2016-01-25,45.062007904052734,51.790000915527344,52.650001525878906,51.650001525878906,51.93999862670898,34707700,MSFT,-0.009561928628167626,0.01568958770572726,-0.07219582707315242,44.532981872558594,46.336238098144534,47.008384475708006,0.019058970998330316,0.0182200518949634,-0.07583648863823966,41245000.0,37.25674646764742,-0.15821280394354442,0.0073367429304052045,1
2016-01-26,45.392616271972656,52.16999816894531,52.43999862670898,51.54999923706055,51.790000915527344,28900800,MSFT,0.0073367429304052045,0.031843063177463105,-0.06287038168766157,44.813148498535156,46.18397254943848,46.988880004882816,0.017910129653830518,0.018383089756786673,-0.16730869518867575,42212115.0,37.93968243943384,-0.07598216152565762,-0.018209402455686474,0
2016-01-27,44.566043853759766,51.220001220703125,52.20000076293945,51.02000045776367,52.0099983215332,36775200,MSFT,-0.018209402455686474,0.008466295289919268,-0.08453975377033973,44.887976837158206,45.978196144104004,46.95854850769043,0.02110919634094793,0.01857690443906438,0.27246304600564697,42927960.0,38.099290665075685,-0.06747341530215678,0.01639968976405415,1
2016-01-28,45.296913146972656,52.060001373291016,52.209999084472656,51.25,51.86000061035156,62513800,MSFT,0.01639968976405415,0.03129955680652308,-0.07939864318391565,45.162925720214844,45.782861137390135,46.95113128662109,0.021383018603956715,0.018858796352652276,0.69989014335748,44667080.0,49.49312297505781,-0.006072090802584196,0.058201930654688816,1
2016-01-29,47.93328094482422,55.09000015258789,55.09000015258789,54.0,54.72999954223633,83611700,MSFT,0.058201930654688816,0.053547068621550675,-0.02166588859340446,45.65017242431641,45.72978534698486,46.98036605834961,0.029776004152315037,0.02342546999572788,0.3374918817925001,47762440.0,60.058292827349135,0.20688082066704871,-0.006897579723148195,0
2016-02-01,47.602657318115234,54.709999084472656,55.09000015258789,54.5,54.880001068115234,44208500,MSFT,-0.006897579723148195,0.05638118522086555,-0.013878987838283008,46.158302307128906,45.696286582946776,47.010645141601564,0.02934041632204003,0.023245443139264303,-0.4712641891027213,48606160.0,58.56437741493205,0.3138420027796569,-0.031255692176244354,0
2016-02-02,46.11480331420898,53.0,54.2599983215332,52.650001525878906,54.16999816894531,56313800,MSFT,-0.031255692176244354,0.01590979109706514,-0.03284646246710621,46.30273971557617,45.61797904968262,46.995853881835934,0.03516375962135686,0.024125135626941713,0.2738229073594445,48732950.0,50.71894896678753,0.2741954918413784,-0.015848991113119437,0
2016-02-03,45.38393020629883,52.15999984741211,53.38999938964844,51.2599983215332,53.25,57559800,MSFT,-0.015848991113119437,0.018352231470733615,-0.05249755103016018,46.46631698608398,45.4922513961792,46.964878692626954,0.03481103729400191,0.02429106088860111,0.02212601529287661,49906955.0,51.733367082510306,0.1924202601250638,-0.003067547831934303,0
2016-02-04,45.24471282958984,52.0,52.810001373291016,51.369998931884766,52.09999847412109,46987100,MSFT,-0.003067547831934303,-0.0011524034146310758,-0.037927647241570495,46.45587692260742,45.40306758880615,46.92676887512207,0.03417712561545561,0.024008771121586784,-0.18368201418351005,50280365.0,45.9459546014553,0.12584587702190425,-0.03538479827800023,0
2016-02-05,43.64373779296875,50.15999984741211,52.0,49.560001373291016,51.93999862670898,62009000,MSFT,-0.03538479827800023,-0.0894898714901895,-0.038527818456759455,45.59796829223633,45.315623664855956,46.856639556884765,0.014384090760595235,0.02405282996405726,0.3197026417889166,50552570.0,46.90523277654322,-0.021283756621594985,-0.014951650842797592,0
2016-02-08,42.99119186401367,49.40999984741211,49.56999969482422,48.18999862670898,49.54999923706055,59290500,MSFT,-0.014951650842797592,-0.09687411825109737,-0.055799399777092584,44.67567520141601,45.188591194152835,46.77241508483887,0.013160124559813325,0.024202268222010527,-0.04384041026302632,51079395.0,45.81212110568091,-0.1506160422389221,-0.0026312606794587357,0
2016-02-09,42.87807083129883,49.27999877929688,50.2400016784668,48.66999816894531,49.02000045776367,46740500,MSFT,-0.0026312606794587357,-0.0701885782935312,-0.0577435513542357,44.02832870483398,45.05720806121826,46.69567329406738,0.013320010044406668,0.024197613953488357,-0.2116696604009074,51569230.0,44.4607456352677,-0.22724536167195813,0.008725267074184861,1
2016-02-10,43.25219345092773,49.709999084472656,50.38999938964844,49.52000045776367,49.88999938964844,38237000,MSFT,0.008725267074184861,-0.046971180011977864,-0.05816627265432539,43.60198135375977,44.92364845275879,46.62223747253418,0.016736579987861166,0.024186132316979355,-0.18193001786459284,51676305.0,47.19995893124296,-0.2352117576293523,-0.00040235297998281183,0
2016-02-11,43.23479080200195,49.68999862670898,50.11000061035156,48.5099983215332,48.68000030517578,48878600,MSFT,-0.00040235297998281183,-0.04442335693803767,-0.03776162992335963,43.19999694824219,44.838814163208006,46.541144943237306,0.017031000862928244,0.023776079466319423,0.27830635248581226,50776055.0,39.13023874225095,-0.22417408452481702,0.016301325396442357,1
2016-02-12,43.9395751953125,50.5,50.68000030517578,49.75,50.25,34243300,MSFT,0.016301325396442357,0.006778461637431343,-0.04914318017449004,43.25916442871094,44.725267601013186,46.459008407592776,0.011859434207557789,0.02311122135403766,-0.29942142369053126,49869125.0,44.74316568124508,-0.1552044142059955,0.018947091703639174,1
2016-02-16,44.77210235595703,51.09000015258789,51.09000015258789,50.130001068115234,50.900001525878906,37291200,MSFT,0.018947091703639174,0.04142500858260911,0.009155168572743122,43.61534652709961,44.74557647705078,46.39369667053223,0.009653021873416958,0.021773291528667783,0.0890071926479048,48142650.0,47.2243608644847,-0.04503360721218885,0.02603227574816791,1
2016-02-17,45.9376220703125,52.41999816894531,52.77000045776367,51.45000076293945,51.4900016784668,40789000,MSFT,0.02603227574816791,0.07135468503355225,0.04423187216434865,44.227256774902344,44.842868423461915,46.369270706176756,0.010121321898496764,0.022369917383335134,0.0937969279615567,48003875.0,55.95468259833108,0.10653938584631617,-0.0043876271853019455,0
2016-02-18,45.73606491088867,52.18999862670898,52.95000076293945,52.09999847412109,52.33000183105469,27176000,MSFT,-0.0043876271853019455,0.05742764150861035,0.03494221055773661,44.72403106689453,44.920076560974124,46.311056747436524,0.013072661460920166,0.02241397852291989,-0.3337419402289833,46199025.0,51.99841683432832,0.18863028312311325,-0.007089408299890687,0
2016-02-19,45.41182327270508,51.81999969482422,52.27999877929688,51.52999877929688,51.970001220703125,33559100,MSFT,-0.007089408299890687,0.05035371815890266,0.03391577838780191,45.159437561035155,44.9945592880249,46.24809791564942,0.01479725480746233,0.022433706278075553,0.2348800412128349,45867420.0,35.46771494968547,0.21460844497944087,0.016016801130536384,1
2016-02-22,46.13917541503906,52.650001525878906,53.0,52.27999877929688,52.27999877929688,25008300,MSFT,0.016016801130536384,0.05005966056679623,0.01411361895056662,45.59935760498047,45.026665687561035,46.200034637451175,0.014767292041290169,0.02126148088252794,-0.25479825144297674,45240045.0,41.93415594600105,0.2706755354880563,-0.027920048336897874,0
2016-02-23,44.85096740722656,51.18000030517578,52.369998931884766,50.97999954223633,52.34000015258789,28895300,MSFT,-0.027920048336897874,0.0017614775076346678,-0.004683335400311628,45.61513061523438,45.016113662719725,46.14030250549317,0.021105987107594676,0.02211662150450674,0.15542839777193973,44949425.0,42.87774968302036,0.21341738966182505,0.0035166752683328806,1
2016-02-24,45.00869369506836,51.36000061035156,51.5,50.20000076293945,50.68999862670898,33014500,MSFT,0.0035166752683328806,-0.020221516338445156,-0.00845781998120576,45.429344940185544,44.99691753387451,46.07867790222168,0.016117012943779,0.022066324653345053,0.14255605582914876,45155110.0,47.739348744169455,0.179920475175951,0.014408464483425698,1
2016-02-25,45.65719985961914,52.09999847412109,52.09999847412109,50.61000061035156,51.72999954223633,26939500,MSFT,0.014408464483425698,-0.0017243514811164928,0.024484022172574393,45.41357192993164,45.05147533416748,46.0510799407959,0.018069792910879266,0.021869342282019758,-0.18401005618743282,44663325.0,52.34139080748983,0.1939829537942358,-0.015355390587212803,0
2016-02-26,44.95611572265625,51.29999923706055,52.68000030517578,51.09999847412109,52.59999847412109,35975900,MSFT,-0.015355390587212803,-0.010034997875162044,-0.007523634628493037,45.32243041992187,45.03443546295166,45.99066627502442,0.019198978190579943,0.021878480681181083,0.33543310009465666,43336430.0,58.297053180128685,0.15054773372134145,-0.00818694921398233,0
2016-02-29,44.58806228637695,50.880001068115234,51.650001525878906,50.65999984741211,51.34999847412109,31654000,MSFT,-0.00818694921398233,-0.03361813718405826,-0.0697890608051206,45.01220779418945,44.867174530029295,45.92184745788574,0.01641161710877853,0.017065938269996014,-0.12013320028129948,40738545.0,60.47237121242446,0.09426112859321911,0.03341217725843704,1
2016-03-01,46.07784652709961,52.58000183105469,52.59000015258789,50.91999816894531,50.970001220703125,33024500,MSFT,0.03341217725843704,0.027354574288967592,-0.03203205192570957,45.25758361816406,44.790933990478514,45.866640701293946,0.019265555070972388,0.018919647489120662,0.04329626587477087,40179345.0,67.77481390314321,0.15121818125478656,0.007036822738512694,1
2016-03-02,46.4020881652832,52.95000076293945,52.959999084472656,52.15999984741211,52.40999984741211,29289900,MSFT,0.007036822738512694,0.03095834061870395,0.006229775048952835,45.53626251220703,44.805298233032225,45.825401611328125,0.01923656065254568,0.017639526471138967,-0.1130857393753123,38828150.0,67.59523330583082,0.2014415191097351,-0.011331689524909927,0
2016-03-03,45.87627410888672,52.34999847412109,52.970001220703125,51.77999877929688,52.970001220703125,24427800,MSFT,-0.011331689524909927,0.004798241020937732,0.010848419260955922,45.58007736206055,44.82991542816162,45.80096702575683,0.01994301725425126,0.017447603658220366,-0.1659992010897955,37171550.0,63.962213551905954,0.19010381010465907,-0.006112742273321814,0
2016-03-04,45.59584426879883,52.02999877929688,52.45000076293945,51.709999084472656,52.400001525878906,33034200,MSFT,-0.006112742273321814,0.014230067163480076,0.0077607176010043855,45.70802307128906,44.84747200012207,45.758742599487306,0.018403648007585628,0.01749529112417937,0.35231989782133466,36473905.0,59.165803596648146,0.15600173338938217,-0.019219376546358635,0
2016-03-07,44.719520568847656,51.02999877929688,51.79999923706055,50.58000183105469,51.560001373291016,38407800,MSFT,-0.019219376546358635,0.0029482842655592645,0.024649189787136372,45.7343147277832,44.90126113891601,45.68994255065918,0.020604502958414074,0.01606344105385504,0.16266778066367582,35293845.0,49.710415787801836,0.07103496569878959,0.01214958277580891,1
2016-03-08,45.26284408569336,51.650001525878906,52.130001068115234,50.59999847412109,50.79999923706055,33835100,MSFT,0.01214958277580891,-0.017687511523068356,0.05283994518842827,45.57131423950195,45.01484375,45.623830490112304,0.012953711382851955,0.01575692196092085,-0.11905654580579983,34021075.0,46.01036872439791,0.04907795924645782,0.02303971140248917,1
2016-03-09,46.3056869506836,52.84000015258789,52.84999847412109,51.86000061035156,51.88999938964844,28251600,MSFT,0.02303971140248917,-0.0020775188878617845,0.07993867384730335,45.55203399658203,45.18622455596924,45.5811856842041,0.017415245226170602,0.01633513286923696,-0.16502093979329158,33096630.0,53.06316533580705,0.09953157223054415,-0.014950623449285438,0
2016-03-10,45.61338806152344,52.04999923706055,52.93999862670898,51.15999984741211,52.93000030517578,38387800,MSFT,-0.014950623449285438,-0.005730326894885285,0.05459132640925213,45.499456787109374,45.304284286499026,45.51982200622559,0.01805216894793293,0.01682365564935049,0.3587832193574878,33104170.0,51.04264959562032,0.08176635115865277,0.0195961019884463,1
2016-03-11,46.507232666015625,53.06999969482422,53.06999969482422,52.380001068115234,53.0,32275700,MSFT,0.0195961019884463,0.019988409291073372,0.0756900126798381,45.68173446655273,45.467906379699706,45.4658943939209,0.01981384958036027,0.017213397493864403,-0.15921985630851465,32274025.0,51.871639704119374,0.12321177895368325,0.0018844134547810754,1
2016-03-14,46.594871520996094,53.16999816894531,53.59000015258789,52.630001068115234,52.709999084472656,24083600,MSFT,0.0018844134547810754,0.04193584654516269,0.06043063261036852,46.05680465698242,45.600671195983885,45.41789588928223,0.015341299919611527,0.016962147312390995,-0.25381633860768316,31766040.0,60.10149354517667,0.14786566448966165,0.007899257329323062,1
2016-03-15,46.96293640136719,53.59000015258789,53.59000015258789,52.7400016784668,52.75,21104800,MSFT,0.007899257329323062,0.03756043947338239,0.048933016993307765,46.39682312011719,45.7102128982544,45.39170196533203,0.01519475922629357,0.01659392190895136,-0.12368582770017766,30956720.0,61.050595290738364,0.17826165728006113,0.014181728742596489,1
2016-03-16,47.62895202636719,54.34999847412109,54.59999847412109,53.400001525878906,53.45000076293945,31691700,MSFT,0.014181728742596489,0.02857672918431997,0.03681796923371272,46.661476135253906,45.79477939605713,45.39066192626953,0.013331190836493242,0.015907626795033922,0.5016346992153444,30501855.0,61.12757063085862,0.2292715095647399,0.005703750643539118,1
2016-03-17,47.90061569213867,54.65999984741211,55.0,54.0,54.209999084472656,28223900,MSFT,0.005703750643539118,0.05014377856628882,0.04732700081363306,47.11892166137695,45.90300693511963,45.39070457458496,0.007039134908592996,0.015856674552938446,-0.10942297194533579,30554250.0,67.46370866842564,0.264838531970037,-0.021404954853757596,0
2016-03-18,46.87530517578125,53.4900016784668,54.970001220703125,53.45000076293945,54.91999816894531,67625500,MSFT,-0.021404954853757596,0.007914306843601615,0.03222689153632374,47.192536163330075,45.97618103027344,45.38764289855957,0.013639246582943026,0.01661419983674428,1.3960366923068745,32257570.0,62.58442092148669,0.2054883227770815,0.0069171912943275515,1
2016-03-21,47.19955062866211,53.86000061035156,53.93000030517578,52.93000030517578,53.25,23925700,MSFT,0.0069171912943275515,0.012977374718021073,0.022982101524021026,47.313471984863284,46.02919979095459,45.42378158569336,0.01384476612802124,0.016324086494378297,-0.6462029855601807,32203440.0,57.07962556338841,0.17541422740250362,0.00389894867720475,1
2016-03-22,47.38357925415039,54.06999969482422,54.25,53.459999084472656,53.61000061035156,23124100,MSFT,0.00389894867720475,0.00895691123715503,0.05646727358027426,47.39760055541992,46.15583038330078,45.460816345214845,0.013579304435737913,0.01481056278515144,-0.03350372193917006,31914880.0,56.30628775801925,0.15591825191230385,-0.0018496422401449442,0
2016-03-23,47.295936584472656,53.970001220703125,54.2400016784668,53.7400016784668,54.11000061035156,20129000,MSFT,-0.0018496422401449442,-0.006991870022883928,0.05081780210952691,47.330997467041016,46.270192527770995,45.496620407104494,0.011705811826078076,0.01484649442447885,-0.1295228787282532,31270605.0,59.665887486364326,0.12638165166522392,0.004447206103136647,1
2016-03-24,47.50627136230469,54.209999084472656,54.33000183105469,53.72999954223633,53.84000015258789,19950000,MSFT,0.004447206103136647,-0.00823255242413723,0.04049901238733056,47.25212860107422,46.36264610290527,45.52827812194824,0.011528749156467734,0.014593939657958747,-0.008892642456157729,30921130.0,63.132648913713275,0.11082831495353712,-0.012359272312872482,0
2016-03-28,46.91912841796875,53.540000915527344,54.290000915527344,53.33000183105469,54.209999084472656,17025100,MSFT,-0.012359272312872482,0.0009348897468115513,0.04366508680204362,47.26089324951172,46.4607967376709,45.56803115844727,0.0077262119060226946,0.014419801310912637,-0.1466115288220552,29973590.0,65.74658176936376,0.05370898321265288,0.021852881336970498,1
2016-03-29,47.9444465637207,54.709999084472656,54.86000061035156,53.45000076293945,53.65999984741211,23924300,MSFT,0.021852881336970498,0.01578184379167058,0.07527540120013754,47.409872436523436,46.62861595153809,45.6027099609375,0.012425416055720706,0.01483532815374924,0.40523697364479494,29587105.0,67.95781879863276,0.07631226693903409,0.006214340483384095,1
2016-03-30,48.24238967895508,55.04999923706055,55.63999938964844,54.900001525878906,54.93000030517578,23008300,MSFT,0.006214340483384095,0.018124642298512406,0.04697578804127578,47.581634521484375,46.73684310913086,45.6802392578125,0.012500985131819227,0.01311954591567267,-0.03828743160719439,29086295.0,64.40679024221913,0.10110593381381239,0.003269691509548256,1
2016-03-31,48.40012741088867,55.22999954223633,55.59000015258789,54.86000061035156,54.95000076293945,26360500,MSFT,0.003269691509548256,0.02334642056287195,0.04305925281828915,47.80247268676758,46.83674507141113,45.76840614318848,0.012141271501016942,0.013076134965786535,0.14569524910575748,28939825.0,72.52117467091938,0.11679474453235894,0.006156069730906211,1
2016-04-01,48.69808197021485,55.56999969482422,55.61000061035156,54.56999969482422,55.04999923706055,24399200,MSFT,0.006156069730906211,0.02508743737896979,0.06150908974496505,48.04083480834961,46.977835464477536,45.85852973937988,0.012156947153603978,0.01270366087318237,-0.07440298932114342,28938395.0,69.59249702181549,0.13463648592434296,-0.002519287696686079,0
2016-04-04,48.57539749145508,55.43000030517578,55.65999984741211,55.0,55.43000030517578,18928800,MSFT,-0.002519287696686079,0.03530050811540697,0.06534703481069548,48.37208862304688,47.126813125610354,45.951594314575196,0.009034233012335776,0.012591934629292697,-0.22420407226466443,28233125.0,67.60127335414904,0.12574128448065658,-0.01569553475571095,0
2016-04-05,47.81298065185547,54.560001373291016,55.29999923706055,54.459999084472656,55.18999862670898,19272300,MSFT,-0.01569553475571095,-0.0027420467079646293,0.06917471483723303,48.345795440673825,47.281486129760744,45.99791297912598,0.009200229469192713,0.012281889934272296,0.018146950678331386,27276350.0,57.059653204682206,0.05944137184698883,0.01026417505313204,1
2016-04-06,48.303741455078125,55.119998931884766,55.20000076293945,54.209999084472656,54.36000061035156,21188700,MSFT,0.01026417505313204,0.0012717399890704861,0.06718308208003054,48.35806579589844,47.43353099822998,46.062747650146484,0.010077236677510355,0.012218443599256168,0.09943805357948965,26644030.0,55.77218262980655,0.0404762399324301,-0.011974062699604548,0
2016-04-07,47.72534942626953,54.459999084472656,54.90999984741211,54.22999954223633,54.869998931884766,19225100,MSFT,-0.011974062699604548,-0.013941657196285262,0.03065849076157523,48.22311019897461,47.504514122009276,46.10940231323242,0.011196095210352586,0.011744588379448234,-0.09267203745392594,26192705.0,48.575514033411324,-0.01614927444371206,-0.0007343987817356457,0
2016-04-08,47.69029998779297,54.41999816894531,55.27999877929688,54.31999969482422,54.66999816894531,22167200,MSFT,-0.0007343987817356457,-0.020694490247855524,0.04553294579802292,48.02155380249023,47.60835971832275,46.171887435913085,0.010205484731803254,0.011104427230499803,0.1530343145159192,25381675.0,57.89470961409978,-0.05869952168035253,-0.002021160918100229,0
2016-04-11,47.59391021728516,54.310001373291016,55.150001525878906,54.29999923706055,54.4900016784668,21414200,MSFT,-0.002021160918100229,-0.020205439890482957,0.023365775363873853,47.82525634765625,47.66269359588623,46.21782737731934,0.01022756901085261,0.010357977631425378,-0.03396910751019522,24838600.0,53.996512971976266,-0.09397791849052017,0.006260110040846367,1
2016-04-12,47.89185333251953,54.650001525878906,54.77999877929688,53.7599983215332,54.369998931884766,24944300,MSFT,0.006260110040846367,0.0016496081103658522,0.027835291077881852,47.84103088378906,47.7275426864624,46.21699882507324,0.008542551067581356,0.010419081172298516,0.16484855843318913,24881635.0,55.03469926172909,-0.09746951025640305,0.012809049013418283,1
2016-04-13,48.50530242919922,55.34999847412109,55.43999862670898,54.88999938964844,55.119998931884766,20818000,MSFT,0.012809049013418283,0.0041727818187446974,0.03284219740116434,47.881343078613284,47.80466098785401,46.23505172729492,0.009320635831817966,0.010635243306083118,-0.16542055700099823,24867295.0,60.849216735201196,-0.060497706037051846,0.0001804901688302607,1
2016-04-14,48.51405715942383,55.36000061035156,55.58000183105469,55.06999969482422,55.220001220703125,20877100,MSFT,0.0001804901688302607,0.01652597084433638,0.018583342597306096,48.03908462524414,47.84891624450684,46.28303680419922,0.00619489156967084,0.010221125477589268,0.0028388894226150097,24326565.0,59.38009730006867,-0.03855464747196402,0.005238381341738041,1
2016-04-15,48.768192291259766,55.650001525878906,55.91999816894531,55.11000061035156,55.29999923706055,28793800,MSFT,0.005238381341738041,0.022601919127007042,0.018112013521852877,48.2546630859375,47.89229507446289,46.350722045898436,0.005785044840931887,0.010210307732202164,0.3792049662069923,24355060.0,68.34778658894335,-0.011434129099088253,0.014555209132083968,1
2016-04-18,49.478023529052734,56.459999084472656,56.59000015258789,55.209999084472656,55.4900016784668,23786000,MSFT,0.014555209132083968,0.039587277094187856,0.055524296716818355,48.63148574829101,48.022430992126466,46.435388259887695,0.0058675618830714045,0.009181323557193791,-0.1739193854232508,22163085.0,66.23368022858583,0.04661733997569251,-0.0012397490371705011,0
2016-04-19,49.41668319702149,56.38999938964844,56.77000045776367,55.68000030517578,56.630001068115234,29596800,MSFT,-0.0012397490371705011,0.031839023934088884,0.04697359485056252,48.9364517211914,48.133287620544436,46.55084716796875,0.007175288683927137,0.009167419640538417,0.2442949634238627,22446640.0,63.08597702087584,0.07169195744762868,-0.014186886549603428,0
2016-04-20,48.715614318847656,55.59000015258789,56.5,55.4900016784668,56.290000915527344,36195700,MSFT,-0.014186886549603428,0.004335853589520822,0.028111744314473386,48.97851409912109,48.1998893737793,46.66533561706543,0.010464179435106835,0.009870366762654327,0.22295991458536069,23100220.0,53.1359465020108,0.03379348855585429,0.0034176406165895568,1
2016-04-21,48.88210678100586,55.77999877929688,56.22999954223633,55.41999816894531,55.79999923706055,38909100,MSFT,0.0034176406165895568,0.007586453146406047,0.033537134711355776,49.0521240234375,48.27919788360596,46.78541633605957,0.010507851368854682,0.009848404887108078,0.07496470575234082,24039225.0,51.8782993177678,0.01370012524865527,-0.071710018088596,0
2016-04-22,45.37677001953125,51.77999877929688,52.43000030517578,50.77000045776367,51.90999984741211,126834100,MSFT,-0.071710018088596,-0.06954168511052905,-0.04482568893973771,48.3738395690918,48.172722816467285,46.82790786743164,0.03395563078288346,0.019103350665064085,2.259754144917256,29383430.0,30.68779022980692,-0.22853880385944114,0.006372881002564945,1
2016-04-25,45.66595077514648,52.11000061035156,52.130001068115234,51.630001068115234,51.77999877929688,33226900,MSFT,0.006372881002564945,-0.07704577673091295,-0.02670931206689553,47.61142501831055,48.11006393432617,46.87653106689453,0.03240733124139799,0.019033531309662326,-0.738028653177655,30193520.0,36.2513087163562,-0.35463757557354647,-0.012857429858938785,0
2016-04-26,45.07880401611328,51.43999862670898,52.34999847412109,51.09000015258789,52.2599983215332,33532600,MSFT,-0.012857429858938785,-0.08778167412841797,-0.05977006208213986,46.743849182128905,47.966781806945804,46.899315643310544,0.031536842843390527,0.01839510893264676,0.009200376803132349,30673935.0,29.60065054147435,-0.456448524613721,-0.009720120049372394,0
2016-04-27,44.64063262939453,50.93999862670898,51.5,50.54999923706055,51.47999954223633,43369300,MSFT,-0.009720120049372394,-0.0836483691405806,-0.07465959032149172,45.92885284423828,47.78669395446777,46.8966862487793,0.03172721482009847,0.018324054701238886,0.29334736942557393,31691985.0,30.135229015772055,-0.5271516400067651,-0.02041594650749079,0
2016-04-28,43.729251861572266,49.900001525878906,50.77000045776367,49.560001373291016,50.619998931884766,43134800,MSFT,-0.02041594650749079,-0.10541392871053257,-0.09650543912133569,44.89828186035156,47.55315017700195,46.85251884460449,0.02963292165694429,0.01861256619801465,-0.005407050609532504,32530700.0,27.0789157325965,-0.6036482257676605,-0.0006013943031193403,0
2016-04-29,43.70295333862305,49.869998931884766,50.25,49.34999847412109,49.34999847412109,48411700,MSFT,-0.0006013943031193403,-0.036887082976328034,-0.10257341623119709,44.56351852416992,47.30339374542236,46.81185661315918,0.010493864803591659,0.01846220063365922,0.12233509834286926,33731325.0,27.300371698565755,-0.6219062515204514,0.014838693289999538,1
2016-05-02,44.35144805908203,50.61000061035156,50.75,49.77999877929688,50.0,33114500,MSFT,0.014838693289999538,-0.028785182258372233,-0.08695655929765855,44.30061798095703,47.09219627380371,46.79064910888672,0.013525622201000067,0.018996544853040174,-0.3159814672899319,34440610.0,30.15708489836686,-0.5582231817484695,-0.016399824331830515,0
2016-05-03,43.62409210205078,49.77999877929688,50.40999984741211,49.59999847412109,50.34000015258789,26460200,MSFT,-0.016399824331830515,-0.03227041945350895,-0.08760986018222916,44.00967559814453,46.882751846313475,46.740347442626955,0.014072619954901434,0.019019301024331386,-0.20094822509776689,34800005.0,22.987179898567305,-0.5330506649643403,0.001807745050321774,1
2016-05-04,43.70295333862305,49.869998931884766,50.060001373291016,49.459999084472656,49.84000015258789,24257600,MSFT,0.001807745050321774,-0.021005062776687677,-0.09524703424337744,43.822139739990234,46.652712440490724,46.717387161254884,0.014346575613743464,0.01876857520463159,-0.0832420011942464,34953450.0,23.58015556931612,-0.4806695735291253,0.0014033994948006168,1
2016-05-05,43.764286041259766,49.93999862670898,50.29999923706055,49.72999954223633,49.869998931884766,25390700,MSFT,0.0014033994948006168,0.0008011611952201125,-0.08299705361254983,43.82914657592774,46.45465927124023,46.692499008178714,0.011118906012294759,0.01873851291115748,0.046711133830222185,35261730.0,21.926941014525468,-0.4140036648873533,0.009011252516333501,1
2016-05-06,44.15865707397461,50.38999938964844,50.38999938964844,49.65999984741211,49.91999816894531,24787300,MSFT,0.009011252516333501,0.010427298398363094,-0.07405369466584055,43.92028732299805,46.278077125549316,46.66252815246582,0.01175636723507131,0.018957448266913174,-0.023764606726084714,35392735.0,19.062055157773628,-0.31968172037067577,-0.006350592915798425,0
2016-05-09,43.87822341918945,50.06999969482422,50.59000015258789,50.0,50.4900016784668,17951600,MSFT,-0.006350592915798425,-0.010669880254240649,-0.07807063511134349,43.82564239501953,46.09229278564453,46.64097030639648,0.009663805809709401,0.01896243291270006,-0.2757742876392346,35219605.0,18.588325093183016,-0.25530585992901933,0.018973584064491567,1
2016-05-10,44.710750579833984,51.02000045776367,51.09999847412109,50.18999862670898,50.33000183105469,22891000,MSFT,0.018973584064491567,0.024909595258536532,-0.06642262788618192,44.04297409057617,45.933237648010255,46.643424072265624,0.009530325332773435,0.019524977042332487,0.27515096147418605,35116940.0,27.619917774566872,-0.14146586095476643,0.0005879364250547248,1
2016-05-11,44.737037658691406,51.04999923706055,51.77999877929688,51.0,51.130001068115234,24039100,MSFT,0.0005879364250547248,0.023661657647161105,-0.07768768736177167,44.24979095458984,45.74482440948486,46.61660789489746,0.00964638781857281,0.01918441416967433,0.05015508278362679,35277995.0,26.46766712189151,-0.053720308268906836,0.00901100707684277,1
2016-05-12,45.14016342163086,51.5099983215332,51.810001373291016,50.91999816894531,51.20000076293945,24102800,MSFT,0.00901100707684277,0.0314383600151491,-0.06954466262646086,44.524966430664065,45.57612972259521,46.59136940002441,0.009591286621272966,0.019382763113113665,0.002649849619994038,35439280.0,47.926310728755084,0.037241388055668345,-0.008347683467133216,0
2016-05-13,44.76334762573242,51.08000183105469,51.900001525878906,51.040000915527344,51.43999862670898,22592300,MSFT,-0.008347683467133216,0.013693590154810087,-0.08212001465235963,44.645904541015625,45.37588748931885,46.56911087036133,0.011325366335139564,0.019301497769688022,-0.06266906749423307,35129205.0,42.209001538364326,0.0755916096216418,0.014682588683587516,1
2016-05-16,45.42058944702149,51.83000183105469,51.959999084472656,50.75,50.79999923706055,20032000,MSFT,0.014682588683587516,0.035151059173410104,-0.08200477287959529,44.95437774658203,45.17301578521729,46.56560577392578,0.010989736883250004,0.019307994797100665,-0.11332622176582285,34941505.0,52.91491608599556,0.14477444889016233,-0.018651964623383477,0
2016-05-17,44.57340621948242,50.5099983215332,51.72999954223633,50.36000061035156,51.720001220703125,27803500,MSFT,-0.018651964623383477,-0.0030718419747018944,-0.09800894483810663,44.92690887451172,44.93085193634033,46.562683486938475,0.013353129792252734,0.0195637640845311,0.3879542731629393,34851840.0,49.46405034757809,0.13331703459504207,0.005939672481446001,1
2016-05-18,44.838157653808594,50.810001373291016,51.13999938964844,50.29999923706055,50.47999954223633,24907500,MSFT,0.005939672481446001,0.0022603194223240752,-0.07959371382778413,44.94713287353515,44.73697910308838,46.55418975830078,0.013677068223272842,0.01958162321617262,-0.10415954825831275,34287430.0,59.856799999457444,0.14257370416638993,-0.009643566381437374,0
2016-05-19,44.405757904052734,50.31999969482422,50.619998931884766,49.81999969482422,50.470001220703125,23842400,MSFT,-0.009643566381437374,-0.01626944747005954,-0.09157438522458494,44.80025177001953,44.51316165924072,46.516191177368164,0.013323868683666364,0.019540717278413694,-0.0427622202147947,33534095.0,55.82642542430984,0.11951279608457122,0.005961753340841813,1
2016-05-20,44.67049407958984,50.619998931884766,51.220001220703125,50.400001525878906,50.47999954223633,23905800,MSFT,0.005961753340841813,-0.00207432086891568,-0.015564702812417397,44.781681060791016,44.47784786224365,46.49733329772949,0.013478769617951072,0.011611350849211569,0.0026591282756769363,28387680.0,52.82470458067133,0.12162193961161183,-0.01165566277731811,0
2016-05-23,44.14982986450195,50.02999877929688,50.68000030517578,49.97999954223633,50.59999847412109,26118700,MSFT,-0.01165566277731811,-0.027977610990754576,-0.0332002484325733,44.52752914428711,44.402041816711424,46.45018524169922,0.01107037654291041,0.011730925910665163,0.09256749408093423,28032270.0,54.83149927607616,0.08899699998012589,0.031181706179392643,1
2016-05-24,45.52649688720703,51.59000015258789,51.709999084472656,50.400001525878906,50.70000076293945,34757900,MSFT,0.031181706179392643,0.021382495720240202,0.009931338704853854,44.71814727783203,44.42442646026611,46.42881774902344,0.017154199012629597,0.013509245549867446,0.3307668452105197,28093535.0,63.53070847063659,0.15719206810056274,0.01027315937377482,1
2016-05-25,45.99419784545898,52.119998931884766,52.4900016784668,51.790000915527344,51.91999816894531,24040200,MSFT,0.01027315937377482,0.02578250874123933,0.030321371726554913,44.94935531616211,44.49210472106934,46.40944297790527,0.01736237559126854,0.013446478188259003,-0.308352921206402,27127080.0,65.60490850477895,0.22663790247107085,-0.004413083308652199,0
2016-05-26,45.79122161865234,51.88999938964844,51.97999954223633,51.36000061035156,51.93000030517578,24335200,MSFT,-0.004413083308652199,0.031200091609587366,0.04715309933971357,45.22644805908203,44.59520320892334,46.372688369750975,0.01637201163437053,0.012512371055091604,0.012271112553140062,26187100.0,61.739139498612275,0.24990962275413325,0.00828714415505516,1
2016-05-27,46.17070007324219,52.31999969482422,52.31999969482422,51.77000045776367,51.91999816894531,17721400,MSFT,0.00828714415505516,0.03358382360802681,0.05646636087722334,45.5264892578125,44.718590545654294,46.338090057373044,0.016394095007780548,0.012558655512279122,-0.271779151188402,24652585.0,66.25280927744438,0.2796216633011127,0.012996378199397585,1
2016-05-31,46.770751953125,53.0,53.0,52.08000183105469,52.2599983215332,37653100,MSFT,0.012996378199397585,0.059364262482251684,0.05454847586532319,46.05067367553711,44.839555740356445,46.33599899291992,0.012791855624791298,0.012472358142398747,1.124724908867245,24879515.0,65.10247264441006,0.32525198392763627,-0.0028301874481267975,0
2016-06-01,46.63838195800781,52.84999847412109,52.95000076293945,52.43999862670898,52.43999862670898,25324800,MSFT,-0.0028301874481267975,0.0244228119188592,0.06909690748189412,46.273050689697264,44.9902702331543,46.32477561950684,0.007943193355552101,0.011723388283636291,-0.3274179284043014,24822745.0,63.72581309634225,0.3309847892573716,-0.0070009975484974785,0
2016-06-02,46.31186676025391,52.47999954223633,52.7400016784668,51.84000015258789,52.63999938964844,22840800,MSFT,-0.0070009975484974785,0.006906717144242958,0.059696501547990444,46.33658447265625,45.12071590423584,46.3033413696289,0.008720258267238712,0.011950076928031097,-0.09808567096285059,24751905.0,58.55313830880356,0.29826580725426216,-0.013147613690447035,0
2016-06-03,45.70297622680664,51.790000915527344,52.41999816894531,51.59999847412109,52.380001068115234,23368300,MSFT,-0.013147613690447035,-0.0019271246480515591,0.044298453394604254,46.31893539428711,45.217650413513184,46.271482162475586,0.010803835957641242,0.012481654161956247,0.023094637665931117,24650785.0,56.63427073603511,0.22446083063661165,0.006564858442631438,1
2016-06-06,46.00300979614258,52.130001068115234,52.34999847412109,51.88999938964844,51.9900016784668,18243300,MSFT,0.006564858442631438,-0.0036319630595507135,0.04176650388344716,46.285397338867185,45.309868049621585,46.241416931152344,0.010482735091879128,0.012423689763640241,-0.21931419915013073,24323585.0,54.33063719177697,0.18626674858420178,-0.000575401141000853,0
2016-06-07,45.976539611816406,52.09999847412109,52.72999954223633,52.09999847412109,52.2400016784668,20866800,MSFT,-0.000575401141000853,-0.016980961565565056,0.04782135713610702,46.12655487060547,45.41478385925293,46.222565155029294,0.00734139942588396,0.01228274192170644,0.14380621926953996,24469345.0,61.88349731620342,0.15113383585720558,-0.0011516307772163614,0
2016-06-08,45.92359161376953,52.040000915527344,52.43999862670898,51.869998931884766,52.02000045776367,21149400,MSFT,-0.0011516307772163614,-0.015326225186839904,0.02712638500152087,45.98359680175781,45.47542591094971,46.18214805603027,0.007411888979947113,0.011663072838273844,0.013543044453390163,24382265.0,59.53489650143626,0.11772711330040422,-0.008070876050807807,0
2016-06-09,45.55294799804688,51.619998931884766,52.0,51.4900016784668,52.0,20305700,MSFT,-0.008070876050807807,-0.01638713390966906,0.01823791609941261,45.83181304931641,45.51622142791748,46.12835922241211,0.0075678310431045726,0.01185408351700535,-0.039892384653938184,24195595.0,60.187924865286504,0.06661065286870109,-0.0027119863011405565,0
2016-06-10,45.42940902709961,51.47999954223633,52.04999923706055,51.040000915527344,51.04999923706055,25833200,MSFT,-0.0027119863011405565,-0.005985763341744277,0.006407721717067272,45.777099609375,45.53068370819092,46.06894485473633,0.005248331306682892,0.011724705537938673,0.2722142058633783,24282115.0,56.913117357416695,0.02269150314964244,-0.026029538719597012,0
2016-06-13,44.24690246582031,50.13999938964844,50.720001220703125,49.060001373291016,49.58000183105469,83217800,MSFT,-0.026029538719597012,-0.03817374858958722,-0.011537232742960146,45.42587814331055,45.504861450195314,45.97992126464844,0.010661033683063922,0.013013591464601983,2.2213508198751994,27313390.0,50.789106625990065,-0.08204675344788545,-0.006182483752993795,0
2016-06-14,43.97334671020508,49.83000183105469,50.09999847412109,49.56999969482422,49.900001525878906,42577100,MSFT,-0.006182483752993795,-0.04356989278715717,-0.031863143002678895,45.02523956298828,45.43249931335449,45.88788024902344,0.009997464512664353,0.012560882613745534,-0.488365469887452,28440645.0,34.615207308843054,-0.16122057740221435,-0.0028099262024599003,0
2016-06-15,43.84978485107422,49.68999862670898,50.119998931884766,49.68999862670898,49.77999877929688,33757600,MSFT,-0.0028099262024599003,-0.04515776510114056,-0.01623437447981968,44.610478210449216,45.39631824493408,45.80861633300781,0.009702234843781622,0.011907715540858486,-0.20714186734183404,28738350.0,27.204269244650376,-0.21028097319291078,0.014087567784066612,1
2016-06-16,44.46752166748047,50.38999938964844,50.470001220703125,49.5099983215332,49.52000045776367,31188600,MSFT,0.014087567784066612,-0.023827795527370688,-0.00826608419529129,44.393392944335936,45.37778644561767,45.73189193725586,0.014297202314313025,0.012282159257500551,-0.07610138161480673,29052405.0,37.068952667149716,-0.19010780605159605,-0.005159779268817277,0
2016-06-17,44.23807907104492,50.130001068115234,50.43000030517578,49.81999969482422,50.40999984741211,45710500,MSFT,-0.005159779268817277,-0.02622376080974409,-0.0037760606038999,44.155126953125,45.36940250396729,45.66214653015137,0.014252697339967075,0.012143609000995818,0.46561564161264046,30145810.0,30.550345093408254,-0.18122961051476777,-0.0011967149063439875,0
2016-06-20,44.18513870239258,50.06999969482422,50.83000183105469,50.02999877929688,50.63999938964844,35607900,MSFT,-0.0011967149063439875,-0.0013958889772102134,-0.010865234137157675,44.142774200439455,45.34513473510742,45.59204330444336,0.008250994053508532,0.012060148712571621,-0.22101267761236476,30730915.0,20.75861598872801,-0.1682192752631565,0.022368637683807258,1
2016-06-21,45.17350006103516,51.18999862670898,51.43000030517578,50.15999984741211,50.20000076293945,34097800,MSFT,0.022368637683807258,0.027292745279075215,0.023186277267090327,44.38280487060547,45.39631824493408,45.54363510131836,0.012101861197548624,0.012778666028128983,-0.04240912831141408,31129870.0,36.12050843880035,-0.08646416884276506,-0.003907038377593541,0
2016-06-22,44.99700546264648,50.9900016784668,51.459999084472656,50.95000076293945,51.08000183105469,28816800,MSFT,-0.003907038377593541,0.026162514034413942,-0.011630401211680796,44.61224899291992,45.36984367370606,45.4857381439209,0.012297608431788714,0.010686665343045331,-0.15487802732141076,30832815.0,37.17740105428011,-0.040048225964902484,0.018042938546647846,1
2016-06-23,45.80888366699219,51.90999984741211,52.060001373291016,51.150001525878906,51.27999877929688,29028800,MSFT,0.018042938546647846,0.030164982198517043,-0.004029077299911754,44.88052139282227,45.36057796478271,45.43180976867676,0.01310956781575026,0.011227612151380122,0.00735681963299184,31082245.0,50.993482229826,0.0449515346728219,-0.04006945399784356,0
2016-06-24,43.97334671020508,49.83000183105469,50.93999862670898,49.52000045776367,49.810001373291016,133503000,MSFT,-0.04006945399784356,-0.005984264380347382,-0.039699200942627355,44.8275749206543,45.26968421936035,45.34099555969238,0.024716528762703104,0.014340809935574956,3.598984456815301,36540635.0,35.21863783351306,-0.019375247497655457,-0.02809587876622821,0
2016-06-27,42.73787689208984,48.43000030517578,49.150001525878906,48.040000915527344,49.09999847412109,50216300,MSFT,-0.02809587876622821,-0.032754492863555806,-0.07435068508181042,44.53812255859375,45.098043060302736,45.22038925170899,0.027548261708143645,0.015255668021701727,-0.6238563927402381,38165380.0,29.94540589366909,-0.13558585451605087,0.020854952363900114,1
2016-06-28,43.629173278808594,49.43999862670898,49.470001220703125,48.66999816894531,48.91999816894531,38140700,MSFT,0.020854952363900114,-0.03418656469257386,-0.06716972772781138,44.22925720214844,44.94096412658691,45.1034122467041,0.027159583658414106,0.01580098660829897,-0.24047171934212597,38189760.0,37.128757789495374,-0.1421900074760737,0.022249470714932995,1
2016-06-29,44.59989929199219,50.540000915527344,50.720001220703125,49.79999923706055,49.90999984741211,31304000,MSFT,0.022249470714932995,-0.008825168843378695,-0.043708263032174455,44.14983596801758,44.839039993286136,45.007076568603516,0.030168712187234607,0.016807606603885732,-0.17924946317188728,38488720.0,44.99083322239098,-0.07435566486315065,0.012465021884095151,1
2016-06-30,45.15583801269531,51.16999816894531,51.29999923706055,50.5,50.720001220703125,28527800,MSFT,0.012465021884095151,-0.014255873577801892,-0.024961825735574483,44.0192268371582,44.7812385559082,44.93588104248047,0.029362190931529066,0.01707025096049663,-0.08868515205724503,38773070.0,48.62464180083993,0.010278011944351795,-0.00019514532497699744,0
2016-07-01,45.14702606201172,51.15999984741211,51.720001220703125,51.06999969482422,51.130001068115234,21400400,MSFT,-0.00019514532497699744,0.02669069878946151,-0.01216441927186429,44.253962707519534,44.75344104766846,44.861179428100584,0.020772209752814325,0.016834138893580732,-0.24984050645335432,38674675.0,55.1308088587678,0.06494005462344676,0.00019518341410762474,1
2016-07-05,45.15583801269531,51.16999816894531,51.27999877929688,50.7400016784668,50.83000183105469,24806400,MSFT,0.00019518341410762474,0.056576538107184327,-0.01841557296362606,44.737554931640624,44.711082458496094,44.856760787963864,0.010814659549594792,0.016753983096560062,0.1591559036279695,39002830.0,56.9501013649402,0.09892768776802374,0.004104049797707843,1
2016-07-06,45.34115982055664,51.380001068115234,51.540000915527344,50.38999938964844,50.77999877929688,28167500,MSFT,0.004104049797707843,0.03923949076017874,-0.01381965229711346,45.079952239990234,44.6793134689331,44.85026496887207,0.009565023294315089,0.016789841758192914,0.13549325980392157,39367865.0,58.70238900283179,0.12921428416932354,0.0,0
2016-07-07,45.34115982055664,51.380001068115234,51.61000061035156,51.06999969482422,51.41999816894531,19585200,MSFT,0.0,0.016620228752344923,-0.012682627223743914,45.228204345703126,44.65019187927246,44.855512084960935,0.005417312383825379,0.016789683006832295,-0.30468802698145026,39289655.0,55.493867289733046,0.14347215868819613,0.017905818425559827,1
2016-07-08,46.15303039550781,52.29999923706055,52.36000061035156,51.54999923706055,51.72999954223633,28391000,MSFT,0.017905818425559827,0.022083354593754656,0.013173294459156937,45.427642822265625,44.68019599914551,44.8857600402832,0.007756457653434292,0.01717380297729306,0.44961501541980686,39693920.0,61.22025306270236,0.19842080086141195,0.00554479226762461,1
2016-07-11,46.408939361572266,52.59000015258789,52.83000183105469,52.470001220703125,52.5,22269200,MSFT,0.00554479226762461,0.027951194345054775,0.021561590948461218,45.68002548217773,44.72917251586914,44.93935379028321,0.007318360621359558,0.017184280700068045,-0.21562466978972206,39515720.0,62.72717428418972,0.24006071707512333,0.011789664901476149,1
2016-07-12,46.956085205078125,53.209999084472656,53.400001525878906,52.790000915527344,52.93999862670898,27317600,MSFT,0.011789664901476149,0.03986742958632905,0.06122875474391898,46.0400749206543,44.86463165283203,45.004416427612306,0.007028643003725536,0.016074197851514697,0.2266987588238465,36720710.0,60.74466323912174,0.28921505867802955,0.005637871208463041,1
2016-07-13,47.22081756591797,53.5099983215332,53.86000061035156,53.18000030517578,53.560001373291016,25356800,MSFT,0.005637871208463041,0.04145588142871315,0.07385089147556823,46.41600646972656,45.027005195617676,45.06180381774902,0.00685456540965579,0.015931625249565633,-0.07177790142618679,35859695.0,63.26310899129125,0.32182039641046845,0.004298205604583494,1
2016-07-14,47.42378234863281,53.7400016784668,53.9900016784668,53.58000183105469,53.84000015258789,24545500,MSFT,0.004298205604583494,0.04593227293519653,0.08150547396519414,46.8325309753418,45.205705070495604,45.137797622680665,0.00575410403709274,0.015858092774885396,-0.03199536219081267,35399090.0,60.385820157327,0.33766855712607563,-0.0007442168750291245,0
2016-07-15,47.38848876953125,53.70000076293945,54.0,53.209999084472656,53.95000076293945,32024400,MSFT,-0.0007442168750291245,0.02676873790163281,0.06568765230257734,47.07962265014648,45.35175342559815,45.21150833129883,0.004467265434980861,0.015709898435455928,0.3046953616752561,35440880.0,78.5819778114773,0.32620815017428684,0.004841897933187678,1
2016-07-18,47.61793899536133,53.959999084472656,54.34000015258789,53.54999923706055,53.70000076293945,31433900,MSFT,0.004841897933187678,0.026051007638199675,0.07640159779289823,47.3214225769043,45.52074642181397,45.28858139038086,0.0044689026417216796,0.01558497383732503,-0.018439065212775274,34727050.0,99.11225634461837,0.31438387231485065,-0.016123441319894294,0
2016-07-19,46.85017395019531,53.09000015258789,53.900001525878906,52.93000030517578,53.709999084472656,53336500,MSFT,-0.016123441319894294,-0.0022555384338419637,0.06031519479327607,47.30024032592773,45.6539981842041,45.34241172790527,0.009128937536043078,0.016183011237688037,0.6967827727389857,35613480.0,83.24223240578888,0.23859488204733575,0.05311740625650363,1
2016-07-20,49.3387336730957,55.90999984741211,56.84000015258789,55.52999877929688,56.150001525878906,89893300,MSFT,0.05311740625650363,0.04485132228431299,0.09220524436744504,47.72382354736328,45.86225986480713,45.4516219329834,0.026037707692614074,0.0192786574803184,0.6853993044163003,38403255.0,87.23990668566849,0.33395426668065376,-0.0019673951760545982,0
2016-07-21,49.24166488647461,55.79999923706055,56.22999954223633,55.7599983215332,55.97999954223633,32776700,MSFT,-0.0019673951760545982,0.03833271931955484,0.09433204232561132,48.08740005493164,46.074492835998534,45.54224021911621,0.026472397346673462,0.01923847018620249,-0.6353821697501372,38601250.0,84.60391788428821,0.36581732018664526,0.013799456431765833,1
2016-07-22,49.921173095703125,56.56999969482422,56.630001068115234,55.77999877929688,56.08000183105469,32157200,MSFT,0.013799456431765833,0.05344513809016593,0.08977056630773284,48.593936920166016,46.28010730743408,45.64592292785645,0.026091735322763786,0.019106431536605104,-0.018900621478062152,38757670.0,86.30860372278698,0.4049373475341058,0.0028281739338813505,1
2016-07-25,50.06235885620117,56.72999954223633,56.7400016784668,56.2599983215332,56.470001220703125,25610600,MSFT,0.0028281739338813505,0.05133401218977496,0.13847051911068187,49.082820892333984,46.584557914733885,45.744366836547854,0.02622063661827376,0.015996854487832578,-0.2035811575634695,33363050.0,86.57883525837802,0.41127775383411413,0.0005289728455271092,1
2016-07-26,50.08884048461914,56.7599983215332,57.290000915527344,56.5099983215332,56.52000045776367,28079000,MSFT,0.0005289728455271092,0.06912816455850801,0.17200114107422726,49.73055419921875,46.95210609436035,45.85087669372559,0.02286303871909905,0.013865375052319209,0.09638196684185463,32256185.0,86.25326390531441,0.38848261919959026,-0.010042352573464752,0
2016-07-27,49.58583068847656,56.18999862670898,56.79999923706055,56.11000061035156,56.61000061035156,32327500,MSFT,-0.010042352573464752,0.0050081750581207896,0.13652922945851964,49.77997360229492,47.24993896484375,45.93418151855469,0.008633146046542046,0.014083887910120841,0.15130524591331596,31965525.0,80.10001282215669,0.3139445143831816,0.0003557298508733986,1
2016-07-28,49.60346984863281,56.209999084472656,56.369998931884766,55.720001220703125,56.0,37550400,MSFT,0.0003557298508733986,0.0073475371515632215,0.1121879339655596,49.852334594726564,47.500117492675784,46.034782791137694,0.008492918301744243,0.013640135404410992,0.16156213749903325,32277845.0,77.57389522973368,0.24339338591491422,0.008361523717297814,1
2016-07-29,50.01823043823242,56.68000030517578,56.7599983215332,56.04999923706055,56.2599983215332,30558700,MSFT,0.008361523717297814,0.0019442119748114273,0.10768026105882633,49.87174606323242,47.74323711395264,46.13838424682617,0.006677256252605641,0.013559161070864826,-0.18619508713622224,32379390.0,78.12917335096522,0.20382824283469803,-0.0017639595060364721,0
2016-08-01,49.93000030517578,56.58000183105469,56.75,56.13999938964844,56.59999847412109,26003400,MSFT,-0.0017639595060364721,-0.002643873641782979,0.10594217737829292,49.84527435302734,47.98238582611084,46.24886909484863,0.0065759224732827816,0.013596573222790646,-0.14906720508398585,32609540.0,74.96298430995837,0.15319432663847166,0.0,0
2016-08-02,49.93000030517578,56.58000183105469,56.900001525878906,56.310001373291016,56.84999847412109,35122000,MSFT,0.0,-0.0031711690250073588,0.10572635793268281,49.813506317138675,48.22109394073486,46.35405921936035,0.006559221837481237,0.013600373756967214,0.35066952783097594,33125320.0,73.79850707257279,0.10355851155804441,0.006892813348766236,1
2016-08-03,50.2741584777832,56.970001220703125,57.11000061035156,56.4900016784668,56.68000030517578,22075600,MSFT,0.006892813348766236,0.013881541959659183,0.10879736373638282,49.951171875,48.46774387359619,46.47654579162597,0.004536549170756383,0.013603666065992302,-0.37145948408404983,32820725.0,74.43272742730272,0.07887761813035676,0.007372447932399551,1
2016-08-04,50.64480209350586,57.38999938964844,57.52000045776367,56.66999816894531,56.79999923706055,26587700,MSFT,0.007372447932399551,0.020993133102396255,0.11697191456811096,50.15943832397461,48.732925987243654,46.57891189575195,0.00468612310138268,0.013553339308323274,0.204393085578648,33170850.0,76.39486093288602,0.07264226041193678,0.00993180971316332,1
2016-08-05,51.147796630859375,57.959999084472656,58.209999084472656,57.45000076293945,57.650001525878906,29335200,MSFT,0.00993180971316332,0.022583089860043204,0.10822184789490485,50.3853515625,48.98266429901123,46.68198387145996,0.005073641776009152,0.013287953329988448,0.10333725745363465,33218060.0,77.39719659650163,0.08657583509882238,0.001725152758544013,1
2016-08-08,51.23603439331055,58.060001373291016,58.09000015258789,57.77999877929688,58.060001373291016,19473500,MSFT,0.001725152758544013,0.02615730182559961,0.104012181664622,50.646558380126955,49.224019050598145,46.79088012695313,0.00415597532887487,0.013310665365278482,-0.3361729253592953,33078275.0,88.05533434088068,0.08575435260346076,0.0024112480036249107,1
2016-08-09,51.35957717895508,58.20000076293945,58.5,58.02000045776367,58.16999816894531,16920700,MSFT,0.0024112480036249107,0.02863162157103183,0.0937789416354653,50.932473754882814,49.44419364929199,46.894657669067385,0.0034906250577583183,0.01322536309714077,-0.1310909697794439,32558430.0,79.74049655073297,0.07778538217439879,-0.00309270808227069,0
2016-08-10,51.20073699951172,58.02000045776367,58.31999969482422,57.81999969482422,58.15999984741211,15756900,MSFT,-0.00309270808227069,0.01843051280784702,0.08428315388732899,51.11778945922852,49.64318962097168,46.983257369995115,0.005099497247836056,0.01333202220301933,-0.06877966041594019,32078435.0,78.31657324465687,0.047555941622188014,0.004826044113060535,1
2016-08-11,51.44783401489258,58.29999923706055,58.45000076293945,58.02999877929688,58.02999877929688,18162300,MSFT,0.004826044113060535,0.015856156766178575,0.08485303084172435,51.27839584350586,49.84439220428467,47.079446411132814,0.004752601493395583,0.013332881505890078,0.15265693124916702,31759275.0,75.21888229192791,0.030756320699119488,-0.006174953608140021,0
2016-08-12,51.13014602661133,57.93999862670898,58.18999862670898,57.619998931884766,58.02999877929688,21655200,MSFT,-0.006174953608140021,-0.00034509021718831523,0.07895709177976151,51.27486572265625,50.03147506713867,47.17581199645996,0.004465345301330952,0.01349242664670278,0.1923159511735848,31240815.0,66.66686514268838,-0.012858444939592761,0.0031066602872198423,1
2016-08-15,51.28899002075195,58.119998931884766,58.5,57.959999084472656,58.0099983215332,19283900,MSFT,0.0031066602872198423,0.0010335621807671114,0.07709386636301585,51.285456848144534,50.2150276184082,47.287532272338865,0.0046427193502626635,0.013491571938329087,-0.10950256751265286,30633315.0,67.98954747664193,-0.04055360085605786,-0.005540307953060375,0
2016-08-16,51.00483322143555,57.43999862670898,57.619998931884766,57.27000045776367,57.61000061035156,20523500,MSFT,-0.005540307953060375,-0.006907065381077326,0.08867969787384133,51.214508056640625,50.422760581970216,47.38756874084473,0.005046733920272546,0.01286166770430694,0.06428160278781792,28992665.0,72.76353360038871,-0.08499767382378476,0.002089134146524785,1
2016-08-17,51.11138916015625,57.560001373291016,57.68000030517578,57.22999954223633,57.540000915527344,18856400,MSFT,0.002089134146524785,-0.001745049868253301,0.03592827288202516,51.19663848876953,50.51139335632324,47.490265731811526,0.005137072351540807,0.005794871922144992,-0.08122883523765445,25440820.0,73.51898216019649,-0.11248171071624635,0.0006950755246242224,1
2016-08-18,51.146915435791016,57.59999847412109,57.70000076293945,57.27000045776367,57.41999816894531,14214300,MSFT,0.0006950755246242224,-0.0058490038475566,0.03869183858240599,51.13645477294922,50.60665588378906,47.594732208251955,0.004374337274836473,0.005734463128934751,-0.24618166776266948,24512700.0,69.96601678376794,-0.13217134552657583,0.0003469607410042652,1
2016-08-19,51.1646614074707,57.619998931884766,57.72999954223633,57.20000076293945,57.43000030517578,17271000,MSFT,0.0003469607410042652,0.0006750495263871947,0.024909036279730623,51.143357849121095,50.66883029937744,47.70696647644043,0.0033621806904713695,0.005010413579232322,0.21504400498089948,23768390.0,72.39925976882309,-0.1467768891505643,0.0008677720178975612,1
2016-08-22,51.20906066894531,57.66999816894531,57.75,57.2599983215332,57.59999847412109,15221900,MSFT,0.0008677720178975612,-0.0015584114987310382,0.022905469077833862,51.12737197875977,50.72616539001465,47.82255950927734,0.002997535328298546,0.004996925393597964,-0.11864396966012392,23248955.0,72.83685412114707,-0.15539469127483496,0.0038152141945990703,1
2016-08-23,51.40443420410156,57.88999938964844,58.18000030517578,57.84999847412109,57.900001525878906,18732400,MSFT,0.0038152141945990703,0.007834570910783434,0.026265206116847573,51.20729217529297,50.79194507598877,47.965710144042966,0.0014199183161110259,0.005029531498282734,0.23062167009374646,22781625.0,71.31272181645286,-0.1498187322238429,0.0010363356418423564,1
2016-08-24,51.457706451416016,57.95000076293945,58.040000915527344,57.720001220703125,57.79999923706055,18151500,MSFT,0.0010363356418423564,0.0067757362292499845,0.03775021486883068,51.27655563354492,50.88553886413574,48.11539733886719,0.0014002855247867497,0.004265579294501037,-0.031010441801370914,22072825.0,67.41235725164893,-0.1443658046539389,0.0037962599918794915,1
2016-08-25,51.653053283691406,58.16999816894531,58.290000915527344,57.77999877929688,57.880001068115234,18552600,MSFT,0.0037962599918794915,0.00989576484892396,0.041319356111840344,51.377783203125,50.98801803588867,48.27146270751953,0.0016926976703664515,0.004270962239070553,0.022097347326667238,21122935.0,62.465459993826094,-0.129879935335528,-0.0024066990543507583,0
2016-08-26,51.52873992919922,58.02999877929688,58.70000076293945,57.68999862670898,58.27999877929688,20971200,MSFT,-0.0024066990543507583,0.0071158200154795015,0.030199178934011472,51.450598907470706,51.063543510437015,48.412687072753904,0.0025729082058404493,0.0041070544212873,0.13036447721613142,20643560.0,57.09519626427481,-0.13059571002313897,0.001206178583722961,1
2016-08-29,51.59089279174805,58.09999847412109,58.59999847412109,58.09999847412109,58.18000030517578,16417200,MSFT,0.001206178583722961,0.007456339128561362,0.0332644197160179,51.52696533203125,51.14658813476562,48.55974334716797,0.002559105517449953,0.004036030824222403,-0.21715495536736096,20164250.0,55.77909849189527,-0.12860456618463623,-0.0036141764089864248,0
2016-08-30,51.40443420410156,57.88999938964844,58.18999862670898,57.61000061035156,57.97999954223633,16930200,MSFT,-0.0036141764089864248,0.0,0.029530019826035092,51.52696533203125,51.220309829711915,48.70412925720215,0.0029914401065681134,0.004191487322336003,0.031247715810247767,19254660.0,55.019816798026596,-0.14059384343533599,-0.007427925509099431,0
2016-08-31,51.022605895996094,57.459999084472656,57.79999923706055,57.29999923706055,57.650001525878906,20860300,MSFT,-0.007427925509099431,-0.008455498416563234,0.014887318671751304,51.439945220947266,51.257732200622556,48.82111137390137,0.0043481834706076685,0.00443168968662531,0.23213547388690037,19193895.0,40.173416009774485,-0.1728648773861745,0.002262234706289945,1
2016-09-01,51.138031005859375,57.59000015258789,57.81999969482422,57.0099983215332,57.0099983215332,26075400,MSFT,0.002262234706289945,-0.009970800273962577,0.0097389839028863,51.33694076538086,51.28239364624024,48.943931884765625,0.0038948521732569234,0.0041692252526645416,0.25000119844872803,19168280.0,50.20100395006311,-0.18402887710603266,0.001388979233044818,1
2016-09-02,51.20906066894531,57.66999816894531,58.18999862670898,57.41999816894531,57.66999816894531,18900500,MSFT,0.001388979233044818,-0.0062039021465136734,0.0011977845014143895,51.27300491333008,51.285456848144534,49.05193542480469,0.00415596133210533,0.0035416945667334004,-0.27515972909332165,18646545.0,47.866940582185855,-0.18379193602949828,-0.0010402149916702852,0
2016-09-06,51.155792236328125,57.61000061035156,57.79999923706055,57.209999084472656,57.77999877929688,16278400,MSFT,-0.0010402149916702852,-0.008433669817970557,-0.0015661273932023878,51.1859848022461,51.28144474029541,49.19558433532715,0.003941721242982014,0.00352745617954188,-0.13873177958255067,18486790.0,54.594854431834804,-0.1839350420627267,0.0008679224684762232,1
2016-09-07,51.200191497802734,57.65999984741211,57.84000015258789,57.40999984741211,57.470001220703125,17493400,MSFT,0.0008679224684762232,-0.0039732507411303075,-0.0031033293089035574,51.14513626098633,51.27347545623779,49.36483062744141,0.0039031223565193056,0.0034869113463904403,0.07463878513858857,18515425.0,52.80924096551291,-0.17765670317238436,-0.003988951426345033,0
2016-09-08,50.99595642089844,57.43000030517578,57.790000915527344,57.18000030517578,57.630001068115234,20146100,MSFT,-0.003988951426345033,-0.0005223072132375384,-0.003999563104242654,51.1398063659668,51.26323642730713,49.512166290283204,0.002487067207366565,0.003532190437308162,0.15164004710347911,18734885.0,45.685032329818675,-0.1831449949645243,-0.02124333983329496,0
2016-09-09,49.91263198852539,56.209999084472656,57.52000045776367,56.209999084472656,56.790000915527344,35113900,MSFT,-0.02124333983329496,-0.023962577229334037,-0.02983997394181437,50.8947265625,51.18647632598877,49.61842094421387,0.009428758777355535,0.005716652472393103,0.7429626577848814,19582465.0,27.76009974386426,-0.2514046820492487,0.014944020301587368,1
2016-09-12,50.65852737426758,57.04999923706055,57.209999084472656,55.61000061035156,56.0,29303000,MSFT,0.014944020301587368,-0.010750700901092536,-0.009223886278327709,50.784619903564455,51.162895393371585,49.72847473144531,0.012946675466118659,0.006677074756777386,-0.16548717174680116,19964855.0,42.1717475805043,-0.23812044050317288,-0.009114650497382137,0
2016-09-13,50.19679260253906,56.52999877929688,56.650001525878906,56.04999923706055,56.5,30130200,MSFT,-0.009114650497382137,-0.018746648069854932,-0.0212949683308441,50.59281997680664,51.10828552246094,49.82947006225586,0.01328190375228882,0.006891025659113141,0.028229191550353194,20507170.0,34.037240522464515,-0.25094783690756156,-0.004776351743032703,0
2016-09-14,49.95703506469727,56.2599983215332,56.630001068115234,56.02999877929688,56.38999938964844,24062500,MSFT,-0.004776351743032703,-0.0242803082710894,-0.02054311504537809,50.34418869018555,51.05589561462402,49.925494003295896,0.013033398469990725,0.00686691804671827,-0.20138266589667508,20684120.0,31.09590252322461,-0.2647310394278276,0.01653039412147428,1
2016-09-15,50.78284454345703,57.18999862670898,57.34999847412109,55.97999954223633,56.150001525878906,26847000,MSFT,0.01653039412147428,-0.004178995598836721,-0.0064280118794997065,50.30156631469727,51.039468383789064,50.03432769775391,0.01621009357961412,0.007893064765007514,0.11571948051948056,21083650.0,40.54045312274518,-0.2097854112235994,0.0010493210174140621,1
2016-09-16,50.83613204956055,57.25,57.630001068115234,56.75,57.630001068115234,44607000,MSFT,0.0010493210174140621,0.018502331458847276,-0.00607628795563675,50.4862663269043,51.02392921447754,50.14422714233398,0.011555662979085017,0.007895795136167984,0.6615264275338026,22603285.0,42.352968924657155,-0.16346462819912527,-0.005589587035105592,0
2016-09-19,50.551979064941406,56.93000030517578,57.75,56.84999847412109,57.27000045776367,20937100,MSFT,-0.005589587035105592,-0.0021032650345120807,-0.011974717034672677,50.46495666503906,50.99329509735107,50.232206115722654,0.01013368408820079,0.00798229448845793,-0.530631963593158,22786590.0,39.06546228629379,-0.1461400378721431,-0.002107849003969098,0
2016-09-20,50.4454231262207,56.810001373291016,57.34999847412109,56.75,57.34999847412109,17384000,MSFT,-0.002107849003969098,0.004953115742878378,-0.014912156808759902,50.51468276977539,50.95511322021484,50.312935791015626,0.009050427506394922,0.007981780132042742,-0.16970354060495485,22894695.0,39.73376282365929,-0.13623097175326357,0.016722140447286593,1
2016-09-21,51.28897857666016,57.7599983215332,57.84999847412109,57.08000183105469,57.5099983215332,33707300,MSFT,0.016722140447286593,0.026661780672891044,-0.002246024671392788,50.781071472167966,50.949340438842775,50.399593658447266,0.010584333567903144,0.008843120301486016,0.9389841233317993,23643440.0,52.59499522831268,-0.07054487500127465,0.001038966023155563,1
2016-09-22,51.34226608276367,57.81999969482422,58.0,57.630001068115234,57.91999816894531,19822200,MSFT,0.001038966023155563,0.011015955178090175,-0.0022434029150004697,50.8929557800293,50.94356842041016,50.48202262878418,0.008555660421499514,0.008843137723913506,-0.4119315400521548,23726975.0,52.01403606975,-0.023614457719594167,-0.006745118365188318,0
2016-09-23,50.99595642089844,57.43000030517578,57.90999984741211,57.380001068115234,57.869998931884766,19955300,MSFT,-0.006745118365188318,0.003143912900023027,-0.012721355680254343,50.924920654296876,50.910713577270506,50.55346611022949,0.00948274757625416,0.008914107372329332,0.006714693626338253,23797110.0,48.006722281293925,-0.01634744259681481,-0.009228708785660178,0
2016-09-26,50.52532958984375,56.900001525878906,57.13999938964844,56.83000183105469,57.08000183105469,21688700,MSFT,-0.009228708785660178,-0.000527169768436142,-0.019472828963684297,50.91959075927734,50.86054306030273,50.616202926635744,0.010195557777605863,0.009115047877933116,0.08686414135593057,23832985.0,44.53001817678745,-0.04221800066202161,0.018453652240196128,1
2016-09-27,51.457706451416016,57.95000076293945,58.060001373291016,56.68000030517578,56.93000030517578,28065100,MSFT,0.018453652240196128,0.020066901265997084,-0.0025815862669725798,51.122047424316406,50.85388374328613,50.692998275756835,0.012941921592903517,0.01009258932217367,0.2939964128785957,24415380.0,51.935937908661685,0.0021302711371987693,0.0013804244821962186,1
2016-09-28,51.52873992919922,58.02999877929688,58.060001373291016,57.66999816894531,57.880001068115234,20536400,MSFT,0.0013804244821962186,0.004674714903528221,0.002418190707130341,51.16999969482422,50.86009902954102,50.786569595336914,0.010832676586059733,0.010062310008147274,-0.2682584419795404,24595690.0,54.08719999906355,0.03319175762384363,-0.010856643680203115,0
2016-09-29,50.96931076049805,57.400001525878906,58.16999816894531,57.209999084472656,57.810001373291016,25463500,MSFT,-0.010856643680203115,-0.007264099361419363,-0.0010445396616292069,51.0954086303711,50.85743427276611,50.81918113708496,0.01205389300452578,0.010226420157704084,0.2399203365731093,24825850.0,58.81474655081779,0.013986746083506668,0.0034845414356792226,1
2016-09-30,51.146915435791016,57.59999847412109,57.77000045776367,57.34000015258789,57.56999969482422,29910800,MSFT,0.0034845414356792226,0.0029602153874050963,0.00017373429826861297,51.12560043334961,50.85787849426269,50.85728614807129,0.01178484045513813,0.01024430486025626,0.17465391639012706,25017620.0,54.50083950422847,0.011286325298172223,-0.0031249587462037764,0
2016-10-03,50.987083435058594,57.41999816894531,57.54999923706055,57.060001373291016,57.40999984741211,19189500,MSFT,-0.0031249587462037764,0.009139056567533332,-0.004334725749447932,51.21795120239258,50.84677963256836,50.878604354858396,0.01077938992220579,0.010263155451312043,-0.3584424355082445,25032070.0,57.712232508342495,-0.0024879213978467873,-0.003134754725400146,0
2016-10-04,50.82725143432617,57.2400016784668,57.59999847412109,56.970001220703125,57.27000045776367,20085900,MSFT,-0.003134754725400146,-0.012251906673786395,-0.006422357814031443,51.09186019897461,50.83035259246826,50.8939022064209,0.005511058194381301,0.010283199123064975,0.04671304619713901,25222445.0,58.62677680849867,-0.022475288390253534,0.006987960650729708,1
2016-10-05,51.182430267333984,57.63999938964844,57.959999084472656,57.2599983215332,57.290000915527344,16726400,MSFT,0.006987960650729708,-0.006720708915860629,-0.00034689773512885935,51.02259826660156,50.829464530944826,50.915774002075196,0.006884842543586187,0.010409191472449847,-0.16725663276228597,25184095.0,54.36890693284373,-0.012391134032372686,0.0017351651060169004,1
2016-10-06,51.271240234375,57.7400016784668,57.86000061035156,57.27999877929688,57.7400016784668,16212600,MSFT,0.0017351651060169004,0.005923750377863746,0.0053981498298509845,51.082984161376956,50.84322872161865,50.949482192993166,0.004373238064613485,0.010371381002255268,-0.03071790702123589,24987420.0,54.720626299029966,-0.000958157547855526,0.0010388790611741694,1
2016-10-07,51.32450485229492,57.79999923706055,57.97999954223633,57.41999816894531,57.84999847412109,20089000,MSFT,0.0010388790611741694,0.003472143236611158,0.028286884652648947,51.11850204467773,50.91382236480713,50.98390289306641,0.004185107738279522,0.009045060677100716,0.2390979855174371,24236175.0,58.82342689486723,0.008454661689558579,0.004152244197088928,1
2016-10-10,51.53761672973633,58.040000915527344,58.38999938964844,57.869998931884766,57.90999984741211,18196500,MSFT,0.004152244197088928,0.010797505124585882,0.01735323549723411,51.22860870361328,50.957776832580564,51.01429061889648,0.0037666291740017367,0.00850232722274372,-0.09420578426004278,23680850.0,62.17809990472302,0.02628965874920075,-0.014645073524399255,0
2016-10-11,50.78284454345703,57.18999862670898,58.02000045776367,56.88999938964844,57.88999938964844,26497400,MSFT,-0.014645073524399255,-0.0008736827118522861,0.01167508740166645,51.21972732543945,50.98707942962646,51.03134750366211,0.008434070061655367,0.008924450654981245,0.4561811337345094,23499210.0,44.242548900147966,-0.013359445556828942,-0.0013989945327738118,0
2016-10-12,50.71179962158203,57.11000061035156,57.27000045776367,56.400001525878906,57.11000061035156,22177500,MSFT,-0.0013989945327738118,-0.009195160200361263,0.015108273657699955,51.12560119628906,51.024817657470706,51.04698348999023,0.007435384698408481,0.008848633291247918,-0.16303108984277703,23404960.0,42.85708111584311,-0.043295673800519435,-0.003326665058898892,0
2016-10-13,50.54309844970703,56.91999816894531,57.29999923706055,56.31999969482422,56.70000076293945,25313700,MSFT,-0.003326665058898892,-0.014201758750898796,-0.004721005605442974,50.97997283935547,51.012830352783205,51.052362289428714,0.007169557153059744,0.008068863238589312,0.1414135948596551,23328295.0,44.654169616208335,-0.07170826707997938,0.008784285074911802,1
2016-10-14,50.987083435058594,57.41999816894531,57.7400016784668,57.119998931884766,57.119998931884766,27402500,MSFT,0.008784285074911802,-0.006574275157790299,0.002969371968561285,50.912488555908205,51.0203779220581,51.059207916259766,0.008854759524968121,0.008313839491500137,0.08251658192994316,22468070.0,55.48534564484057,-0.0584128035389105,-0.003482952737095202,0
2016-10-17,50.80949783325195,57.220001220703125,57.459999084472656,56.869998931884766,57.36000061035156,23830000,MSFT,-0.003482952737095202,-0.014127911663099124,0.005094138213258104,50.76686477661133,51.033253860473636,51.05244194030762,0.008324768480958082,0.008249981225506227,-0.1303713164857221,22612715.0,40.617055441560076,-0.05920655634584182,0.007689382521216315,1
2016-10-18,51.200191497802734,57.65999984741211,57.95000076293945,57.40999984741211,57.52999877929688,19149500,MSFT,0.007689382521216315,0.00821826658387681,0.014962078317660499,50.85033416748047,51.07099227905273,51.05172508239746,0.006078299227704871,0.008390017500984294,-0.19641208560637846,22700990.0,45.64703408804891,-0.032388348279357534,-0.002254388245173544,0
2016-10-19,51.08476638793945,57.52999877929688,57.84000015258789,57.400001525878906,57.470001220703125,22878400,MSFT,-0.002254388245173544,0.007354634801773008,-0.003981599836609728,50.92492752075195,51.0607816696167,51.046228866577145,0.00619656311002333,0.007519662161954899,0.1947257108540692,22159545.0,51.73365043796641,-0.02189485105196462,-0.004867093577188286,0
2016-10-20,50.83613204956055,57.25,57.52000045776367,56.65999984741211,57.5,49455600,MSFT,-0.004867093577188286,0.005797697585657513,-0.009858038450956563,50.983534240722655,51.035474967956546,51.03893676757812,0.006525000279024483,0.007585258954876927,1.1616721449052383,23641215.0,45.43082697152497,-0.030634651749059646,0.04209595594064619,1
2016-10-21,52.97612762451172,59.65999984741211,60.45000076293945,59.4900016784668,60.27999877929688,80032200,MSFT,0.04209595594064619,0.03901074655479242,0.038829965012712186,51.381343078613284,51.13448352813721,51.069502639770505,0.019780478318347294,0.012022340479157786,0.6182636546720695,26645060.0,68.48198575647629,0.10153524718186979,0.02246018577738318,1
2016-10-24,54.16598129272461,61.0,61.0,59.93000030517578,59.93999862670898,54067000,MSFT,0.02246018577738318,0.06606015809264743,0.07205597137980235,52.05263977050781,51.31651611328125,51.130219345092776,0.019469198374450637,0.012544999864669183,-0.32443441514790294,28263975.0,76.03884280801132,0.25422879531264897,-0.00016352933777585843,0
2016-10-25,54.15712356567383,60.9900016784668,61.369998931884766,60.79999923706055,60.84999847412109,35137200,MSFT,-0.00016352933777585843,0.057752363445710664,0.05245894736498746,52.64402618408203,51.45148696899414,51.18758201599121,0.020305975602818094,0.012063043877435798,-0.3501174468714743,28617580.0,74.52451010608655,0.33470332135855185,-0.0059023882921454,0
2016-10-26,53.83746719360352,60.630001068115234,61.20000076293945,60.470001220703125,60.810001373291016,29911600,MSFT,-0.0059023882921454,0.05388496415467503,0.04480465207525963,53.194566345214845,51.56692333221436,51.24423469543457,0.020976146904507033,0.012211681733316049,-0.14871987523194796,29086340.0,70.38117392139489,0.3450964558276939,-0.008741551950522397,0
2016-10-27,53.366844177246094,60.09999847412109,60.83000183105469,60.09000015258789,60.61000061035156,28479900,MSFT,-0.008741551950522397,0.04978176005244328,0.04703876471890944,53.70070877075195,51.68680000305176,51.28934379577637,0.021753293059442992,0.012100733594926768,-0.047864373687800055,29237160.0,65.21195824196181,0.3005982232945146,-0.0038271460388490386,0
2016-10-28,53.16260147094727,59.869998931884766,60.52000045776367,59.58000183105469,60.0099983215332,33574700,MSFT,-0.0038271460388490386,0.003519959929069616,0.03940972819146271,53.73800354003906,51.78758430480957,51.32965751647949,0.012524572392397272,0.012175485812477373,0.17889107756698586,29420355.0,62.11938783406704,0.2403424611453262,0.0008352314398334393,1
2016-10-31,53.20700454711914,59.91999816894531,60.41999816894531,59.91999816894531,60.15999984741211,26434700,MSFT,0.0008352314398334393,-0.017704410087633238,0.043538891862446416,53.546208190917966,51.898580360412595,51.37050437927246,0.0039768298563811364,0.012119762984400831,-0.21266012801305745,29782615.0,70.22256053125838,0.18868909519683946,-0.0020029542804911316,0
2016-11-01,53.100433349609375,59.79999923706055,60.02000045776367,59.25,59.970001220703125,24533000,MSFT,-0.0020029542804911316,-0.019511564619621113,0.04472368367627322,53.334870147705075,52.01223945617676,51.40833183288574,0.003656256197191252,0.012096153534013004,-0.07193953402157016,30004970.0,69.8087851765805,0.13507041326825275,-0.006187158583789043,0
2016-11-02,52.77189254760742,59.43000030517578,59.93000030517578,59.29999923706055,59.81999969482422,22147000,MSFT,-0.006187158583789043,-0.019792436411694814,0.0310548419051504,53.12175521850586,52.09171257019043,51.43568099975586,0.0036966992954321543,0.01218346441104522,-0.09725675620592666,30276000.0,68.00589487231171,0.06855725487419628,-0.00370172117854517,0
2016-11-03,52.57654571533203,59.209999084472656,59.63999938964844,59.11000061035156,59.52999877929688,21600400,MSFT,-0.00370172117854517,-0.014808791377831199,0.02545882399158117,52.96369552612305,52.156977844238284,51.45805778503418,0.0025997577054624596,0.01224080026080126,-0.024680543640222097,30545390.0,63.3783443613349,0.005792690240892018,-0.008444617157862377,0
2016-11-04,52.1325569152832,58.709999084472656,59.27999877929688,58.52000045776367,58.650001525878906,28697000,MSFT,-0.008444617157862377,-0.019375360256344454,0.015743981657762696,52.757686614990234,52.197380447387694,51.467647857666016,0.003603649294226103,0.012434724465198659,0.3285402122182923,30975790.0,60.658085261732055,-0.06721305847702552,0.029126305946545417,1
2016-11-07,53.65098571777344,60.41999816894531,60.52000045776367,59.77999877929688,59.77999877929688,31664800,MSFT,0.029126305946545417,0.008344412064413831,0.04100633910022711,52.846482849121095,52.30304889678955,51.5100927734375,0.015493518359449197,0.013945584302771567,0.1034184757988641,31649205.0,66.70714766062332,-0.017420602005622454,0.0008274150322904461,1
2016-11-08,53.69537734985352,60.470001220703125,60.77999877929688,60.150001525878906,60.54999923706055,22935400,MSFT,0.0008274150322904461,0.011204127023353605,0.057352691299206615,52.96547164916992,52.448675537109374,51.55218246459961,0.015372992732876865,0.013385556630025004,-0.27568151385765893,31471105.0,67.9706652829801,0.012699284115341825,-0.004960954242354876,0
2016-11-09,53.42899703979492,60.16999816894531,60.59000015258789,59.20000076293945,60.0,49632500,MSFT,-0.004960954242354876,0.012451789398962854,0.053581167272488184,53.096892547607425,52.58453540802002,51.592673721313474,0.015212211663833412,0.013468865541862003,1.164012836052565,32843855.0,67.8050068526738,0.0090481664957901,-0.02443072803111146,0
2016-11-10,52.12368774414063,58.70000076293945,60.4900016784668,57.630001068115234,60.47999954223633,57822400,MSFT,-0.02443072803111146,-0.008613307797802672,0.03127210920807255,53.00632095336914,52.6635648727417,51.614695358276364,0.019553659524390976,0.014733044605091523,0.16501082959754187,34469290.0,43.388447846545716,-0.08190120773133269,0.005451220704582926,1
2016-11-11,52.4078254699707,59.02000045776367,59.119998931884766,58.0099983215332,58.22999954223633,38767800,MSFT,0.005451220704582926,0.00528016600326775,0.027864744150774667,53.06137466430664,52.734601974487305,51.640091247558594,0.019319561345150275,0.014666710933993845,-0.3295366501563408,35037555.0,34.13468290708205,-0.12117825637570112,-0.015249013403820011,0
2016-11-14,51.60865783691406,58.119998931884766,59.08000183105469,57.27999877929688,59.02000045776367,41328400,MSFT,-0.015249013403820011,-0.03806692185681115,0.015728555442228842,52.65290908813476,52.77455997467041,51.648083190917966,0.012145728087954654,0.015105500716374835,0.06604965976918997,35912475.0,29.873716848337864,-0.19486695205907945,0.01974691216580804,1
2016-11-15,52.62776947021485,58.869998931884766,59.4900016784668,58.31999969482422,58.33000183105469,35904100,MSFT,0.01974691216580804,-0.019882677659245118,0.02788227798861609,52.439387512207034,52.84593887329102,51.6775227355957,0.017306484669546218,0.015623003533155492,-0.13124872968709167,36750205.0,41.39696295416108,-0.169778842101317,0.013249730683860594,1
2016-11-16,53.3250732421875,59.650001525878906,59.65999984741211,58.810001373291016,58.93999862670898,27332500,MSFT,0.013249730683860594,-0.0019450823216842217,0.043854695100983276,52.418602752685544,52.957954216003415,51.7200203704834,0.018869956861016432,0.01581092728147794,-0.23873596608743852,36972910.0,49.712215316557895,-0.1042445697567767,0.01659671812727348,1
2016-11-17,54.2100944519043,60.63999938964844,60.95000076293945,59.970001220703125,60.40999984741211,32132700,MSFT,0.01659671812727348,0.040027994910974085,0.06636937678607113,52.83588409423828,53.12665233612061,51.78430313110351,0.014021926774930067,0.01602824704947485,0.17562242751303403,36106765.0,56.597879982277085,-0.004577558451464625,-0.0047821907357975535,0
2016-11-18,53.95085144042969,60.34999847412109,61.13999938964844,60.29999923706055,60.77999877929688,27686300,MSFT,-0.0047821907357975535,0.02944266350724911,0.018399302848760346,53.14448928833008,53.17538852691651,51.8650675201416,0.01517864034197117,0.01324893969447221,-0.1383761713145798,33489470.0,54.561830768115016,0.03824464674393174,0.00845039331418218,1
2016-11-21,54.40675735473633,60.86000061035156,60.970001220703125,60.41999816894531,60.5,19652600,MSFT,0.00845039331418218,0.05421763779760358,0.004445152774220196,53.70410919189453,53.18742733001709,51.940032119750974,0.009589924671255823,0.012397300863642506,-0.2901687838389384,31768750.0,57.682200589459626,0.08874478441890526,0.004272000409468291,1
2016-11-22,54.6391830444336,61.119998931884766,61.2599983215332,60.810001373291016,60.97999954223633,23206700,MSFT,0.004272000409468291,0.038219624249078654,0.008901127811472564,54.10639190673828,53.21153030395508,52.028879928588864,0.008336196492583542,0.012428310930773786,0.1808463002350833,31172225.0,61.10667649895062,0.12694574760242727,-0.011779659679792553,0
2016-11-23,53.99555206298828,60.400001525878906,61.09999847412109,60.25,61.0099983215332,21848900,MSFT,-0.011779659679792553,0.012573425220733458,0.002936335560071557,54.24048767089844,53.219434547424314,52.10965026855469,0.01111519650971619,0.012655473117651382,-0.058508965083359565,30769090.0,58.01295914938348,0.09923804371366607,0.002152161027396682,1
2016-11-25,54.111759185791016,60.52999877929688,60.52999877929688,60.130001068115234,60.29999923706055,8409600,MSFT,0.002152161027396682,-0.0018139659616444037,0.013958385960969544,54.220820617675784,53.25668029785156,52.176228561401366,0.007989857145532686,0.012482612406666592,-0.615101904443702,29765575.0,61.60595808723458,0.07993745690706422,0.0013217415236423946,1
2016-11-28,54.18328094482422,60.61000061035156,61.02000045776367,60.209999084472656,60.34000015258789,20732600,MSFT,0.0013217415236423946,0.0043081712000629935,0.019199201048028858,54.26730651855469,53.30771427154541,52.243171539306644,0.007597647313732916,0.012435881116764547,1.4653491248097414,29123470.0,53.759275743083194,0.06388414771114687,0.007919417745449131,1
2016-11-29,54.61238098144531,61.09000015258789,61.40999984741211,60.52000045776367,60.650001525878906,22366700,MSFT,0.007919417745449131,0.0037793766198617185,0.026413372567921867,54.308431243896486,53.37798309326172,52.32437957763672,0.007468043125850948,0.01253073240400198,0.07881790031158653,28920070.0,56.14245962085375,0.07338191561881091,-0.013586393922231932,0
2016-11-30,53.87039566040039,60.2599983215332,61.18000030517578,60.220001220703125,60.86000061035156,34655400,MSFT,-0.013586393922231932,-0.014070257664870578,0.014500113506073387,54.15467376708985,53.41648120880127,52.392879028320316,0.009399454797305574,0.012955747890345957,0.5494194494494047,29426190.0,52.779563398836,0.02349353107368901,-0.017590674164010722,0
2016-12-01,52.92277908325195,59.20000076293945,60.150001525878906,58.93999862670898,60.11000061035156,34542100,MSFT,-0.017590674164010722,-0.01986780278651268,0.0028592216113607627,53.94011917114258,53.424025535583496,52.425555038452146,0.011009524935287089,0.013518139013285194,-0.0032693317635924535,30045945.0,55.2693976630988,-0.07417816465535998,0.0008447106903728407,1
2016-12-02,52.96748352050781,59.25,59.470001220703125,58.79999923706055,59.08000183105469,25515700,MSFT,0.0008447106903728407,-0.021146524942099343,0.007435593188119594,53.711264038085936,53.443572425842284,52.45805938720703,0.010842415596887731,0.013486743837607704,-0.2613159014651686,30241710.0,53.810855474206825,-0.13318272649458057,0.016371568733926978,1
2016-12-05,53.83464431762695,60.220001220703125,60.59000015258789,59.560001373291016,59.70000076293945,23552700,MSFT,0.016371568733926978,-0.006434394911454144,0.032649221581624754,53.641536712646484,53.52867679595947,52.5148331451416,0.014301933970895199,0.01376343198876779,-0.07693302554897574,29984495.0,65.01825006318415,-0.11206756743426277,-0.004483636374716271,0
2016-12-06,53.59326934814453,59.95000076293945,60.459999084472656,59.79999923706055,60.43000030517578,19907000,MSFT,-0.004483636374716271,-0.01866081674129949,-0.0010757746359502107,53.437714385986325,53.525790977478025,52.576191940307616,0.01336812765936831,0.01220137411182001,-0.15478904754019707,29396605.0,57.27778180341759,-0.11233054924784652,0.02368619491251933,1
2016-12-07,54.86268997192383,61.369998931884766,61.380001068115234,59.79999923706055,60.0099983215332,30809000,MSFT,0.02368619491251933,0.018420030136382826,0.021739536617177535,53.636173248291016,53.584156608581544,52.64429161071777,0.016495548571338104,0.013302242011012577,0.5476465564876676,29790285.0,60.67001229861219,-0.029307680344700215,-0.005866043662444365,0
2016-12-08,54.540863037109375,61.0099983215332,61.58000183105469,60.84000015258789,61.29999923706055,21220800,MSFT,-0.005866043662444365,0.03057443282243444,0.020810160379509224,53.9597900390625,53.639749908447264,52.70453407287598,0.013206025555413298,0.013325680418585383,-0.31121425557466975,28369700.0,52.48993075437358,8.204668277511651e-05,0.015735132428190468,1
2016-12-09,55.399070739746094,61.970001220703125,61.9900016784668,61.130001068115234,61.18000030517578,27349400,MSFT,0.015735132428190468,0.045907169033182926,0.06283866582278907,54.44610748291016,53.803519058227536,52.79312927246094,0.013399204933510803,0.012256948663231182,0.28880155319309364,26846050.0,60.00001053625312,0.06962176815926369,0.0032272604767185076,1
2016-12-12,55.577857971191406,62.16999816894531,62.29999923706055,61.720001220703125,61.81999969482422,20198100,MSFT,0.0032272604767185076,0.03238088921474813,0.06048777015251483,54.79475021362305,53.96202068328857,52.88174812316895,0.012892972957990271,0.012244797054867534,-0.2614792280635041,25917565.0,58.4082828146714,0.1171636318990108,0.013028949300733172,1
2016-12-13,56.301979064941406,62.97999954223633,63.41999816894531,62.2400016784668,62.5,35718900,MSFT,0.013028949300733172,0.05054197569476426,0.09094057905668596,55.33649215698242,54.19668674468994,52.9880460357666,0.011477940192213579,0.011643089037982137,0.7684287135918726,25637090.0,61.15122453386048,0.18296033499832998,-0.004763393419140005,0
2016-12-14,56.033790588378906,62.68000030517578,63.45000076293945,62.52999877929688,63.0,30352700,MSFT,-0.004763393419140005,0.02134602982563183,0.06471908561680006,55.57071228027344,54.366987800598146,53.092176818847655,0.009919643511836974,0.011228093957327979,-0.1502341897426852,25359520.0,64.39388633206863,0.19300576367907274,-0.001595488082787866,0
2016-12-15,55.94438934326172,62.58000183105469,63.150001525878906,62.29999923706055,62.70000076293945,27669900,MSFT,-0.001595488082787866,0.025733481796893942,0.04911978440569631,55.851417541503906,54.49795360565186,53.18741600036621,0.008966521250472363,0.011017493976460097,-0.0883875240093962,25376390.0,62.99108009633258,0.1785506599199873,-0.004474451102404631,0
2016-12-16,55.694068908691406,62.29999923706055,62.95000076293945,62.119998931884766,62.95000076293945,42453100,MSFT,-0.004474451102404631,0.0053249660148841915,0.02737450417290277,55.91041717529297,54.572152328491214,53.27587257385254,0.0074084988772077235,0.010593621521001205,0.5342700913266762,25892410.0,60.444848360815705,0.1388204177014094,0.021187865696849384,1
2016-12-19,56.87410736083984,63.619998931884766,63.77000045776367,62.41999816894531,62.560001373291016,34338200,MSFT,0.021187865696849384,0.02332312609673326,0.05418368463819134,56.16966705322265,54.71831512451172,53.38686462402344,0.01177473921852784,0.011359350380969486,-0.1911497629148401,26225005.0,64.16561859689895,0.17629669606424092,-0.001257478097760334,0
2016-12-20,56.80258941650391,63.540000915527344,63.79999923706055,63.02999877929688,63.68999862670898,26028400,MSFT,-0.001257478097760334,0.00889152317336972,0.04403556062248981,56.269789123535155,54.8381067276001,53.49216407775879,0.010945453779928265,0.011308125684176659,-0.24199870697939907,26543795.0,70.04867559704692,0.17992673615906307,0.0,0
2016-12-21,56.80258941650391,63.540000915527344,63.70000076293945,63.119998931884766,63.43000030517578,17096300,MSFT,0.0,0.013720271644168447,0.03959441286504939,56.42354888916016,54.94627704620361,53.61255897521973,0.010424140165948281,0.011307622408541624,-0.34316746323246916,26238275.0,80.47735629118449,0.1663063358193898,0.00015755056023114555,1
2016-12-22,56.81153869628906,63.54999923706055,64.0999984741211,63.40999984741211,63.84000015258789,22176600,MSFT,0.00015755056023114555,0.01550020231174054,0.05215219635157742,56.596978759765626,55.087076377868655,53.734553756713865,0.01026883931106164,0.010847464082369973,0.29715786456718707,26254660.0,80.36707023659723,0.1427797738534914,-0.0048779934255497315,0
2016-12-23,56.5344123840332,63.2400016784668,63.540000915527344,62.79999923706055,63.45000076293945,12403800,MSFT,-0.0048779934255497315,0.015088563141606892,0.04477128880478798,56.76504745483398,55.20820903778076,53.85438003540039,0.010344782044972474,0.010975909689902872,-0.44068071751305427,26454370.0,73.52009081978426,0.09569542300326417,0.0006325843916499263,1
2016-12-27,56.57017517089844,63.27999877929688,64.06999969482422,63.209999084472656,63.209999084472656,11763200,MSFT,0.0006325843916499263,-0.005343946552217371,0.04405222763281591,56.704261016845706,55.32755374908447,53.96604187011719,0.0022409000203752276,0.010980055734438079,-0.051645463486995946,26005900.0,76.8981220417782,0.05606348805902184,-0.004583017184898397,0
2016-12-28,56.3109130859375,62.9900016784668,63.400001525878906,62.83000183105469,63.400001525878906,14653300,MSFT,-0.004583017184898397,-0.008655878818502605,0.031101594070203076,56.605925750732425,55.41248035430908,54.0760701751709,0.0027471364468798663,0.010994071533699476,0.2456899483133841,25620230.0,66.00773647739827,0.004224576427990567,-0.0014285745254162263,0
2016-12-29,56.23046875,62.900001525878906,63.20000076293945,62.72999954223633,62.86000061035156,10250600,MSFT,-0.0014285745254162263,-0.010072087775943595,0.04381020522807244,56.49150161743164,55.53048400878906,54.176675720214845,0.0025915679587503234,0.010432562911610727,-0.30045791732920235,24399990.0,69.72857837713615,-0.04114584796685383,-0.012082917245571423,0
2016-12-30,55.55104064941406,62.13999938964844,62.9900016784668,62.02999877929688,62.959999084472656,25579900,MSFT,-0.012082917245571423,-0.02218735974770092,0.049662198616358344,56.23940200805664,55.66189708709717,54.26600120544433,0.0048327620614216,0.00994397498641089,1.4954539246483134,23951880.0,51.85177954536159,-0.11821552207374109,0.007080851938132016,1
2017-01-03,55.94438934326172,62.58000183105469,62.84000015258789,62.130001068115234,62.790000915527344,20694100,MSFT,0.007080851938132016,-0.010436529113692972,0.056202515673626774,56.12139739990234,55.81074237823486,54.36816635131836,0.007036104289016887,0.009987906808599215,-0.19100152854389574,23710800.0,54.24431538085052,-0.1423820062094261,-0.004474451102404631,0
2017-01-04,55.694068908691406,62.29999923706055,62.75,62.119998931884766,62.47999954223633,21340000,MSFT,-0.004474451102404631,-0.015487069989801427,0.034539553750810637,55.94617614746094,55.903713607788085,54.42252517700195,0.006914199864486903,0.009574565604592022,0.03121179466611257,23600165.0,42.092963253316874,-0.17287589139877668,0.0,0
2017-01-05,55.694068908691406,62.29999923706055,62.65999984741211,62.02999877929688,62.18999862670898,24876000,MSFT,0.0,-0.010954256350002911,0.03919894393641066,55.82280731201172,56.00875358581543,54.45308692932129,0.006971597548523127,0.009473066193327308,0.16569821930646667,23848615.0,45.2498703870041,-0.18936824467025581,0.008667887773764482,1
2017-01-06,56.17681884765625,62.84000015258789,63.150001525878906,62.040000915527344,62.29999923706055,19922900,MSFT,0.008667887773764482,-0.0009541073289336399,0.023953052181818535,55.812077331542966,56.07446002960205,54.493480834960934,0.008531669947982691,0.008165816199922467,-0.19911159350377872,23304310.0,52.92786299158116,-0.1649805707318367,-0.003182580201455676,0
2017-01-09,55.99803161621094,62.63999938964844,63.08000183105469,62.540000915527344,62.7599983215332,20382700,MSFT,-0.003182580201455676,0.00804649132709967,0.02671700625841056,55.901475524902345,56.14731845855713,54.53669212341308,0.005965004673985914,0.008064751710572594,0.023078969427141605,23262405.0,53.89922174113891,-0.15809026253384806,-0.00031928776008638415,0
2017-01-10,55.98015213012695,62.619998931884766,63.06999969482422,62.27999877929688,62.72999954223633,18593000,MSFT,-0.00031928776008638415,0.000639256005563027,0.010489009700373142,55.90862808227539,56.17637252807617,54.588958282470706,0.005130499466005848,0.007322380321776782,-0.08780485411648109,22824585.0,33.66057048032742,-0.15189908945727204,0.009102573441752027,1
2017-01-11,56.48971557617188,63.18999862670898,63.22999954223633,62.43000030517578,62.61000061035156,21517300,MSFT,0.009102573441752027,0.014286021529238857,0.01640685046647783,56.06775741577148,56.2219654083252,54.65550056457519,0.005645824396047741,0.007549883038853931,0.15727962136287843,22890545.0,45.07071372420806,-0.11246428777690054,-0.009178887175151584,0
2017-01-12,55.9712028503418,62.61000061035156,63.400001525878906,61.95000076293945,63.060001373291016,20968200,MSFT,-0.009178887175151584,0.004976004574288595,-0.005875037078502676,56.12318420410156,56.20542659759521,54.71078453063965,0.007862741750081604,0.0072916806760723075,-0.02551900098990112,22153010.0,38.7411132268659,-0.11961335184542354,0.0014375176989085414,1
2017-01-13,56.05166244506836,62.70000076293945,62.869998931884766,62.34999847412109,62.619998931884766,19422300,MSFT,0.0014375176989085414,-0.0022279012082776495,0.00031894784382413555,56.09815292358398,56.206320190429686,54.76980911254883,0.006679998935534786,0.007222039762646106,-0.07372592783357657,21606490.0,39.90504927443987,-0.11708787752064642,-0.002711247143060258,0
2017-01-17,55.89969253540039,62.52999877929688,62.70000076293945,62.02999877929688,62.68000030517578,20664000,MSFT,-0.002711247143060258,-0.001756116741469138,-0.0007989506791660217,56.078485107421876,56.20408535003662,54.832365112304686,0.006634582555819731,0.007239631089952373,0.0639316661775382,21256195.0,41.27769949507661,-0.12319722051059923,-0.00047967181685470983,0
2017-01-18,55.87287902832031,62.5,62.70000076293945,62.119998931884766,62.66999816894531,19670100,MSFT,-0.00047967181685470983,-0.0019162702801750475,0.0032105774121489183,56.057030487060544,56.213025856018064,54.898291778564456,0.006634882156108985,0.007164847778189505,-0.0480981416957027,20117045.0,40.39415131660544,-0.12613045724369976,-0.003200302592931914,0
2017-01-19,55.694068908691406,62.29999923706055,62.97999954223633,62.20000076293945,62.2400016784668,18451700,MSFT,-0.003200302592931914,-0.014084805691889302,-0.020748254467742866,55.897901153564455,56.15402393341064,54.96952201843262,0.004006097973049934,0.0052110408119302315,-0.061941728816833685,19322720.0,41.309820157958356,-0.1363317988853589,0.00706280454902819,1
2017-01-20,56.0874252319336,62.7400016784668,62.81999969482422,62.369998931884766,62.66999816894531,30213500,MSFT,0.00706280454902819,0.0020764674631446045,-0.012590344769784823,55.921145629882815,56.11826572418213,55.01825080871582,0.00414978574425859,0.005515554271105118,0.6374372009083173,19531975.0,48.14806400632171,-0.11372882324569744,0.0035062955256286443,1
2017-01-23,56.28408432006836,62.959999084472656,63.119998931884766,62.56999969482422,62.70000076293945,23097600,MSFT,0.0035062955256286443,0.004146565237521216,-0.009128194713688531,55.967630004882814,56.09234046936035,55.070024948120114,0.004373478747838526,0.005591462666844778,-0.23552054545153656,19832040.0,60.846310584808805,-0.08404316942282153,0.008894756764615153,1
2017-01-24,56.78471755981445,63.52000045776367,63.7400016784668,62.93999862670898,63.20000076293945,24672900,MSFT,0.008894756764615153,0.015832377322175573,-0.00047210720022905495,56.14463500976562,56.09099941253662,55.13713935852051,0.005048263244451811,0.005969440750074849,0.06820189110556951,19956855.0,62.05111989575134,-0.031883929555494905,0.0025190495649771716,1
2017-01-25,56.92776107788086,63.68000030517578,64.0999984741211,63.45000076293945,63.95000076293945,23672700,MSFT,0.0025190495649771716,0.01888003746908873,0.0069576860757953884,56.355611419677736,56.110666847229005,55.23322082519531,0.004672374142848608,0.005880225920154379,-0.04053840448427226,20520300.0,68.2539987153537,0.008879174397983636,0.009264992909396419,1
2017-01-26,57.455196380615234,64.2699966430664,64.54000091552734,63.54999923706055,64.12000274658203,43554600,MSFT,0.009264992909396419,0.031621454607871025,0.015644660937378152,56.7078369140625,56.15491790771485,55.3341682434082,0.0030900435406040726,0.006208686770029358,0.839866174961031,22109870.0,72.53998834110747,0.06487328012710886,0.023494351671327074,1
2017-01-27,58.80506896972656,65.77999877929688,65.91000366210938,64.88999938964844,65.38999938964844,44818000,MSFT,0.023494351671327074,0.04845370823415274,0.04429258463599539,57.251365661621094,56.279625701904294,55.47809646606445,0.008380261757622175,0.007878486406517383,0.029007269037024885,23618105.0,77.52788427884431,0.179816746072674,-0.009881290107630059,0
2017-01-30,58.2239990234375,65.12999725341797,65.79000091552734,64.80000305175781,65.69000244140625,31651400,MSFT,-0.009881290107630059,0.03446648776122063,0.03545284821118444,57.63934860229492,56.379302215576175,55.59002105712891,0.012101038317109685,0.008298815151550454,-0.2937792851086617,24688145.0,71.50244900425824,0.2020449222301689,-0.007369879405666135,0
2017-01-31,57.79489517211914,64.6500015258789,65.1500015258789,64.26000213623047,64.86000061035156,25270500,MSFT,-0.007369879405666135,0.01778960353620862,0.04039266405225739,57.84138412475586,56.49149494171142,55.67941749572754,0.013519699662286723,0.007943892064592525,-0.20159929734545712,24672675.0,66.23988344195786,0.1742333331309427,-0.016550318024023514,0
2017-02-01,56.83837127685547,63.58000183105469,64.62000274658203,63.470001220703125,64.36000061035156,39671500,MSFT,-0.016550318024023514,-0.0015702321562075516,0.015979831831007818,57.82350616455078,56.536194038391116,55.731983032226566,0.016305485925144077,0.008855365264827655,0.5698739637126293,25621545.0,52.8889664354178,0.08245988999202059,-0.0064487949466295325,0
2017-02-02,56.47183227539063,63.16999816894531,63.40999984741211,62.75,63.25,45827000,MSFT,-0.0064487949466295325,-0.017115320583194094,0.01396492269175642,57.62683334350586,56.57508220672607,55.78240264892578,0.015518435138422586,0.008928315675331559,0.15516176600330223,26845895.0,54.255395727775614,-0.007129173733445571,0.008073561351203296,1
2017-02-03,56.92776107788086,63.68000030517578,63.70000076293945,63.06999969482422,63.5,30301800,MSFT,0.008073561351203296,-0.0319242528703122,0.02215123070307623,57.25137176513672,56.636766815185545,55.832822723388674,0.00902176695450988,0.009074820243271728,-0.3387784493857333,27117185.0,57.00009875435405,-0.03814848135895044,-0.0006282804889089499,0
2017-02-06,56.89199447631836,63.63999938964844,63.650001525878906,63.13999938964844,63.5,19796400,MSFT,-0.0006282804889089499,-0.022877242536758047,0.012730796142116363,56.98497085571289,56.672525596618655,55.877878952026364,0.009086981412476791,0.00890517334386944,-0.3466922757063937,27110860.0,58.0785877021464,-0.0621232210738909,-0.0032996745652292825,0
2017-02-07,56.70426940917969,63.43000030517578,63.77999877929688,63.22999954223633,63.7400016784668,20277200,MSFT,-0.0032996745652292825,-0.0188706244676361,0.012611832462416483,56.766845703125,56.70783748626709,55.932053298950194,0.008956478405079139,0.008907877804448731,0.024287244145400066,27105585.0,56.59575318039362,-0.08998180950952811,-0.0014189336281887899,0
2017-02-08,56.623809814453125,63.34000015258789,63.810001373291016,63.220001220703125,63.56999969482422,18096400,MSFT,-0.0014189336281887899,-0.0037749403718349006,0.011497962399780182,56.723933410644534,56.7400203704834,55.98229431152344,0.005415128612405692,0.008917657405914829,-0.10754936579014851,27080755.0,57.49293519563792,-0.11176380723777335,0.011366992571609558,1
2017-02-09,57.26745223999024,64.05999755859375,64.44000244140625,63.31999969482422,63.52000045776367,22644400,MSFT,0.011366992571609558,0.014088793165408342,0.013767756765736383,56.88305740356445,56.778907203674315,56.04397773742676,0.006479980599563267,0.009044634758841812,0.2513207046705421,27137110.0,59.14125614737266,-0.08213003569670863,-0.000936564164404019,0
2017-02-10,57.21381759643555,64.0,64.30000305175781,63.97999954223633,64.25,18170700,MSFT,-0.000936564164404019,0.005024903722514962,0.022200965546806284,56.94026870727539,56.84103794097901,56.09600646972656,0.005878204627702228,0.00875280004543797,-0.1975631944321775,26997235.0,57.36553258103706,-0.06613470995680593,0.011250105762275364,1
2017-02-13,57.85747909545898,64.72000122070312,64.86000061035156,64.12999725341797,64.23999786376953,22920100,MSFT,0.011250105762275364,0.01697048289531322,0.03221700430670271,57.133365631103516,56.931328773498535,56.175748138427736,0.007280288293288835,0.009040938222437542,0.26137683193272676,27172125.0,58.31030317071552,-0.01487565404070762,0.0037306674738581957,1
2017-02-14,58.07332611083984,64.56999969482422,64.72000122070312,64.0199966430664,64.41000366210938,23108400,MSFT,0.0037306674738581957,0.02414380285514306,0.03888453543931236,57.40717697143555,57.04001045227051,56.27875907897949,0.006274074030464623,0.008992931359109717,0.008215496441987602,27294345.0,58.77530362597881,0.028530724096327842,-0.0006194997311406159,0
2017-02-15,58.03734970092773,64.52999877929688,64.56999969482422,64.16000366210938,64.5,17005200,MSFT,-0.0006194997311406159,0.024963701508367908,0.03873920066854453,57.689884948730466,57.14823398590088,56.38015640258789,0.006083307389820533,0.008994971751286189,-0.2641117515708573,27161100.0,54.822542275614964,0.048603951877351004,-0.00015498736931807144,0
2017-02-16,58.02835464477539,64.5199966430664,65.23999786376953,64.44000244140625,64.73999786376953,20546300,MSFT,-0.00015498736931807144,0.013286821309885344,0.041912644951672906,57.8420654296875,57.26494827270508,56.46403060913086,0.005161167713306194,0.008928901405185605,0.20823630418930672,27265830.0,41.72805961975503,0.054611250009455714,0.0015501139412632536,1
2017-02-17,58.11830520629883,64.62000274658203,64.69000244140625,64.30000305175781,64.47000122070312,21248800,MSFT,0.0015501139412632536,0.015808901553173715,0.03620918532036543,58.022962951660155,57.36649227142334,56.55453132629395,0.004838403275317401,0.00885216014566505,0.03419107089840989,26817595.0,48.7428640394777,0.05767739152484341,-0.0020117667020120855,0
2017-02-21,58.00138473510742,64.48999786376953,64.94999694824219,64.44999694824219,64.61000061035156,20655900,MSFT,-0.0020117667020120855,0.0024872435145508742,0.030511297035114904,58.051744079589845,57.45235729217529,56.617305221557615,0.0022097061848922114,0.008882682148324718,-0.027902752155415822,26695510.0,52.653036018162005,0.04540585638612432,-0.002015756296648741,0
2017-02-22,57.88446807861328,64.36000061035156,64.38999938964844,64.05000305175781,64.33000183105469,19292700,MSFT,-0.002015756296648741,-0.003252061572400655,0.01936701574046573,58.013972473144534,57.507344818115236,56.6841773223877,0.001483759348659543,0.008741205007946904,-0.0659956719387681,26426500.0,67.13809317871052,0.024061011124211162,0.004039721456332135,1
2017-02-23,58.11830520629883,64.62000274658203,64.7300033569336,64.19000244140625,64.41999816894531,20273100,MSFT,0.004039721456332135,0.0013948863238633091,0.02091324348395207,58.03016357421875,57.56687202453613,56.73856201171875,0.002571992890897269,0.008761742411876753,0.0508171484551152,26256520.0,78.20015759205604,0.020477570085779884,0.0,0
2017-02-24,58.11830520629883,64.62000274658203,64.80000305175781,64.13999938964844,64.52999877929688,21796800,MSFT,0.0,0.0015501139412632536,0.011541320323592563,58.048153686523435,57.60002746582031,56.789370956420896,0.0025663455233113247,0.00854807354406834,0.07515870784438494,25168630.0,74.16530906793362,0.013244871292498905,-0.006035168832515647,0
2017-02-27,57.76755142211914,64.2300033569336,64.54000091552734,64.05000305175781,64.54000091552734,15871500,MSFT,-0.006035168832515647,-0.006035168832515647,-0.01764333527338513,57.9780029296875,57.54815158843994,56.81868240356445,0.0036605278500945826,0.00674769934292546,-0.27184265580268663,23721305.0,65.75694749560633,-0.018310436363828564,-0.0038923843938259983,0
2017-02-28,57.54269790649414,63.97999954223633,64.19999694824219,63.7599983215332,64.08000183105469,23239800,MSFT,-0.0038923843938259983,-0.007908204790421869,-0.011701379643626164,57.88626556396484,57.51408653259277,56.848860549926755,0.0038556193125428577,0.006453116285712461,0.4642472356110008,23300725.0,64.88978433798115,-0.05538010847678437,0.015004700528815196,1
2017-03-01,58.40610885620117,64.94000244140625,64.98999786376953,64.0199966430664,64.12999725341797,26937500,MSFT,0.015004700528815196,0.00901175729695658,0.010575565233949646,57.99059371948242,57.544647216796875,56.898094940185544,0.008312804089436203,0.00711724407242076,0.1591106636029569,23384075.0,74.76515929731718,-0.024386105670539837,-0.014320926566201986,0
2017-03-02,57.56967926025391,64.01000213623047,64.75,63.880001068115234,64.69000244140625,24539600,MSFT,-0.014320926566201986,-0.009439813224034865,0.012866448615079129,57.88086853027344,57.5812126159668,56.9356071472168,0.01077861776580071,0.006847674746337063,-0.08901716937354986,22627480.0,53.98591519534895,-0.06078013849829861,0.003749383926603622,1
2017-03-03,57.78553009033203,64.25,64.27999877929688,63.619998931884766,63.9900016784668,18135900,MSFT,0.003749383926603622,-0.0057258227814036555,0.02326288632773621,57.81431350708008,57.64689750671387,56.95383560180664,0.011065985028288216,0.006667666451107434,-0.2609537237770787,21242925.0,57.23063681477791,-0.07021124249892818,0.00031119352685782253,1
2017-03-06,57.80351257324219,64.2699966430664,64.55999755859375,63.810001373291016,63.970001220703125,18750300,MSFT,0.00031119352685782253,0.0006225147204228509,0.015383557666412306,57.82150573730469,57.69068508148193,56.973854064941406,0.01071669472857781,0.006467683686917268,0.03387755777215351,20665350.0,49.18913775888623,-0.07471558104937243,0.002022722599137383,1
2017-03-07,57.9204330444336,64.4000015258789,64.77999877929688,64.19000244140625,64.19000244140625,18521000,MSFT,0.002022722599137383,0.006564432181356494,0.01807703487251322,57.89705276489258,57.7421070098877,56.9962109375,0.010479950446946289,0.006464392969371144,-0.01222913766713063,20601580.0,47.632353114920875,-0.06941151039552335,0.009161527643110068,1
2017-03-08,58.45107269287109,64.98999786376953,65.08000183105469,64.25,64.26000213623047,21510900,MSFT,0.009161527643110068,0.0007698481811315716,0.030805498455264813,57.906045532226564,57.829447174072264,57.02900161743164,0.008762104994861289,0.006634963071249294,0.16143296798229034,20663265.0,55.55562385575821,-0.03167697278001186,-0.004000365995374788,0
2017-03-09,58.217247009277344,64.7300033569336,65.19999694824219,64.4800033569336,65.19000244140625,19846800,MSFT,-0.004000365995374788,0.01124841682886557,0.028140762694097265,58.03555908203125,57.909119033813475,57.06265830993652,0.0048191041963122775,0.006720096621887329,-0.07736077988368684,20750785.0,52.3920770689677,-0.02430794690192195,0.0030896446449981685,1
2017-03-10,58.397117614746094,64.93000030517578,65.26000213623047,64.75,65.11000061035156,19538200,MSFT,0.0030896446449981685,0.010583748621116884,0.01972613291790548,58.157876586914064,57.96560230255127,57.099197158813475,0.004776593955757057,0.006317427081254595,-0.015549106153132985,20595475.0,53.45217661556428,-0.00990119859040517,-0.003388258540019784,0
2017-03-13,58.19925308227539,64.70999908447266,65.19000244140625,64.56999969482422,65.01000213623047,20100000,MSFT,-0.003388258540019784,0.006846305551617915,0.01722373243454456,58.2370246887207,58.01487407684326,57.13696395874023,0.005375237993992679,0.006380376044844348,0.028753928202188472,20691940.0,52.401806981215266,-0.015922174964219604,-0.004636030933528157,0
2017-03-14,57.92943954467773,64.41000366210938,64.55000305175781,64.1500015258789,64.52999877929688,14280200,MSFT,-0.004636030933528157,0.00015549780570900396,0.0012437536225873291,58.238825988769534,58.0184720993042,57.17094337463379,0.005967521211976535,0.005997974867583654,-0.289542288557214,20259945.0,50.52634492759568,-0.03898655145303764,0.00527859643069184,1
2017-03-15,58.23522567749024,64.75,64.91999816894531,64.25,64.55000305175781,24833800,MSFT,0.00527859643069184,-0.0036927810805972294,0.0027878473215292576,58.19565658569336,58.02656707763672,57.224627075195315,0.004574702665613067,0.006057266058475808,0.7390372683855968,20346215.0,51.34576914768255,-0.034702043724066045,-0.001698937148954971,0
2017-03-16,58.13628768920898,64.63999938964844,64.76000213623047,64.30000305175781,64.75,20674300,MSFT,-0.001698937148954971,-0.001390641506209711,0.0017047296058674277,58.179464721679686,58.03151397705078,57.26846504211426,0.004269126179056173,0.0060693424928041475,-0.1674934967665037,20529670.0,50.20237144647924,-0.03924984110000096,0.0035580524221692222,1
2017-03-17,58.3431396484375,64.87000274658203,65.23999786376953,64.68000030517578,64.91000366210938,49219700,MSFT,0.0035580524221692222,-0.0009243258659561437,0.005424675670869572,58.16866912841797,58.04725322723389,57.32144645690918,0.0043653630855702945,0.006117642885973945,1.3807190569934655,21963340.0,56.69438413014754,-0.02949089475587735,0.0009251810347172817,1
2017-03-20,58.397117614746094,64.93000030517578,65.18000030517578,64.72000122070312,64.91000366210938,14598100,MSFT,0.0009251810347172817,0.003399777866409881,0.004797325170745825,58.20824203491211,58.06119384765625,57.37550743103027,0.003981512625576594,0.006112452582769451,-0.7034094072089021,21630805.0,60.34866883575912,-0.020965184081055077,-0.011088709545719055,0
2017-03-21,57.74956893920898,64.20999908447266,65.5,64.12999725341797,65.19000244140625,26640500,MSFT,-0.011088709545719055,-0.0031049947467560735,-0.0043415480000776885,58.17226791381836,58.04860305786133,57.40696243286133,0.006430280526917503,0.006606769884161551,0.8249292716175394,21930035.0,41.60928483813152,-0.05838138096674922,0.012770314603569588,1
2017-03-22,58.4870491027832,65.02999877929688,65.13999938964844,64.12000274658203,64.12000274658203,20680000,MSFT,0.012770314603569588,0.004324245718348774,0.010410064118608675,58.222632598876956,58.078732109069826,57.45674278259278,0.008637905473604258,0.007193727338086636,-0.22373829320020266,21999400.0,62.02839602379619,-0.034109288791903725,-0.0024605353929346707,0
2017-03-23,58.3431396484375,64.87000274658203,65.23999786376953,64.7699966430664,64.94000244140625,19269200,MSFT,-0.0024605353929346707,0.0035580524221692222,0.0038685650130469984,58.26400299072266,58.089973831176756,57.504002532958985,0.00870152247519959,0.0071742218024615926,-0.06822050290135395,21949205.0,57.45186523489268,-0.028615039674230458,0.0016961216411024438,1
2017-03-24,58.44209671020508,64.9800033569336,65.44999694824219,64.76000213623047,65.36000061035156,22617100,MSFT,0.0016961216411024438,0.0016961216411024438,0.005571248210987978,58.28379440307617,58.10616340637207,57.54305015563965,0.008589944270532023,0.007181536579539041,0.17374359080812907,21990220.0,58.353218265195544,-0.0196140032735585,0.0018467720326926784,1
2017-03-27,58.550025939941406,65.0999984741211,65.22000122070312,64.3499984741211,64.62999725341797,18614700,MSFT,0.0018467720326926784,0.0026184224742746842,0.013545225625101631,58.31437606811524,58.145287132263185,57.59462661743164,0.008614727879886177,0.007030124736493441,-0.17696344801057606,22127380.0,58.25502321794037,-0.008269542663190382,0.00291838870907446,1
2017-03-28,58.72089767456055,65.29000091552734,65.47000122070312,64.6500015258789,64.95999908447266,20080400,MSFT,0.00291838870907446,0.016819670747223237,0.02047522641327948,58.50864181518555,58.20419712066651,57.64801132202148,0.005649908324893612,0.006960759713226367,0.07873884618070659,21969410.0,53.90640273839759,0.007984727048064716,0.0027567782437731836,1
2017-03-29,58.88277816772461,65.47000122070312,65.5,64.94999694824219,65.12000274658203,13618400,MSFT,0.0027567782437731836,0.006766097298668061,0.008161292043902924,58.58778762817383,58.228030586242674,57.70767303466797,0.0021980456926432974,0.006159931274940073,-0.32180633851915297,21303455.0,59.840245824247674,0.025872295475201534,0.0036657718401682526,1
2017-03-30,59.098628997802734,65.70999908447266,65.9800033569336,65.36000061035156,65.41999816894531,15122800,MSFT,0.0036657718401682526,0.012949069143649794,0.02655824658388206,58.738885498046876,58.304478073120116,57.77218803405762,0.0008129375563884041,0.005118854943312102,0.1104681900957527,20832615.0,60.26303717188702,0.04723118062293441,0.002282868494265289,1
2017-03-31,59.233543395996094,65.86000061035156,66.19000244140625,65.44999694824219,65.6500015258789,21040300,MSFT,0.002282868494265289,0.013542407448444926,0.025058406549191226,58.89717483520508,58.37687873840332,57.84297752380371,0.0006865595725188853,0.00509271874792178,0.3912965852884387,20977835.0,65.41549685757697,0.06437332837208276,-0.0047068732185888695,0
2017-04-03,58.95473861694336,65.55000305175781,65.94000244140625,65.19000244140625,65.80999755859375,20400900,MSFT,-0.0047068732185888695,0.006912254444038979,0.019916195270009984,58.97811737060547,58.43444004058838,57.90032379150391,0.0034406413211281097,0.005262225865447975,-0.0303893005327871,21060365.0,65.24063989185426,0.05142457589534899,0.0027457789189533344,1
2017-04-04,59.11661529541016,65.7300033569336,65.80999755859375,65.27999877929688,65.38999938964844,12997400,MSFT,0.0027457789189533344,0.0067389572796168196,0.020652163461190254,59.05726089477539,58.494249153137204,57.95697441101074,0.0034222059188611926,0.005272099083205321,-0.3629006563435927,20784185.0,63.68706082229805,0.048300279212346364,-0.0025864895974503366,0
2017-04-05,58.96371078491211,65.55999755859375,66.3499984741211,65.44000244140625,66.30000305175781,21448600,MSFT,-0.0025864895974503366,0.001374470086261237,0.008770379540075535,59.07344741821289,58.519881057739255,58.0005542755127,0.003695966237789187,0.004964603041109009,0.6502223521627402,20781070.0,62.637206419046436,0.03129885568434748,0.002593196874189685,1
2017-04-06,59.11661529541016,65.7300033569336,66.05999755859375,65.4800033569336,65.5999984741211,18103500,MSFT,0.002593196874189685,0.0003043437371126334,0.0154484853258261,59.07704467773438,58.5648494720459,58.04433135986328,0.0034748548307939045,0.004871686294474165,-0.15595889708419197,20693905.0,62.011198335651486,0.025935441480509913,-0.0007605955862871605,0
2017-04-07,59.07165145874024,65.68000030517578,65.95999908447266,65.44000244140625,65.8499984741211,14108500,MSFT,-0.0007605955862871605,-0.0027331124895492165,0.011550807155314535,59.0446662902832,58.59857616424561,58.07666046142578,0.0032485702765182073,0.00485156624616058,-0.22067555997459054,20422420.0,60.504151761157004,0.015461057313482074,-0.0022838464841351547,0
2017-04-10,58.93674087524414,65.52999877929688,65.81999969482422,65.36000061035156,65.61000061035156,17952700,MSFT,-0.0022838464841351547,-0.0003052806631229643,0.012671774187998253,59.04106674194336,58.635450553894046,58.07929389953613,0.002585116684997675,0.0048100632348077755,0.2724740404720558,20315055.0,71.99967199486487,-0.003443129411913104,-0.0007629169173962724,0
2017-04-11,58.89177703857422,65.4800033569336,65.61000061035156,64.8499984741211,65.5999984741211,18791500,MSFT,-0.0007629169173962724,-0.0038033005731538116,0.016612235531025643,58.99609909057617,58.683567428588866,58.09264945983887,0.0020556088156593816,0.004662126012531366,0.04672277707531447,20540620.0,60.08973556727585,-0.02089192552379593,-0.0038180799923513975,0
2017-04-12,58.66692352294922,65.2300033569336,65.51000213623047,65.11000061035156,65.41999816894531,17108500,MSFT,-0.0038180799923513975,-0.0050333884691469155,0.007413002017880865,58.93674163818359,58.705152320861814,58.11009002685547,0.0023777203034360036,0.0046494538826576705,-0.08956176994917919,20154355.0,57.75869949139455,-0.047946338401332056,-0.004292556002003178,0
2017-04-13,58.41509246826172,64.94999694824219,65.86000061035156,64.94999694824219,65.29000091552734,17896500,MSFT,-0.004292556002003178,-0.011866762392313657,0.00479571004848478,58.7964370727539,58.719092559814456,58.141624450683594,0.0016562422536522841,0.004745654251995934,0.04605897653213309,20015465.0,49.39708139358602,-0.08121549286227658,0.008160298138216504,1
2017-04-17,58.89177703857422,65.4800033569336,65.48999786376953,65.01000213623047,65.04000091552734,16689300,MSFT,0.008160298138216504,-0.0030450210164119085,0.009403631574212312,58.7604621887207,58.74652442932129,58.19002334594727,0.00508909892218429,0.005018254351496789,-0.06745453021540526,18388945.0,56.55143565862441,-0.06995863111802053,-0.0013749078094064116,0
2017-04-18,58.81080627441406,65.38999938964844,65.70999908447266,65.16000366210938,65.33000183105469,15155600,MSFT,-0.0013749078094064116,-0.002136775786374945,0.007084059566041079,58.73527526855469,58.767208862304685,58.22768424987793,0.005029775508796727,0.005033847717326815,-0.09189720359751452,18416820.0,51.78509484807492,-0.06681263911236274,-0.005351983861865861,0
2017-04-19,58.49605178833008,65.04000091552734,65.75,64.88999938964844,65.6500015258789,26992800,MSFT,-0.005351983861865861,-0.006719533186864801,0.012926206426006281,58.65613021850586,58.80453300476074,58.25976539611816,0.005504799303167267,0.004479798680638434,0.7810446303676528,18434435.0,42.76115481066391,-0.08368255267706609,0.007072404384680819,1
2017-04-20,58.909759521484375,65.5,65.75,65.13999938964844,65.45999908447266,22299500,MSFT,0.007072404384680819,0.004139231852513303,0.007227419149807179,58.70469741821289,58.825668525695804,58.30387519836426,0.006364338260413125,0.00379782930323143,-0.17387229187042474,18515410.0,46.70849604376,-0.06553421285947089,0.013740348277907488,1
2017-04-21,59.719200134277344,66.4000015258789,66.69999694824219,65.44999694824219,65.66999816894531,32522600,MSFT,0.013740348277907488,0.022324841250986216,0.023585643387237454,58.965518951416016,58.89447154998779,58.36578300476074,0.007696790302164452,0.004767076529782824,0.4584452566201036,19178080.0,56.85264488236948,-0.0009843625983954607,0.017018044679569577,1
2017-04-24,60.73550415039063,67.52999877929688,67.66000366210938,67.0999984741211,67.4800033569336,29770000,MSFT,0.017018044679569577,0.03130703817289748,0.039242388094968605,59.3342643737793,59.00914192199707,58.43514404296875,0.009558679726299084,0.0059414058439075535,-0.08463652967474922,19535725.0,70.79813269153135,0.10246902833849217,0.005775354100958641,1
2017-04-25,61.086273193359375,67.91999816894531,68.04000091552734,67.5999984741211,67.9000015258789,30242700,MSFT,0.005775354100958641,0.03869130629374262,0.04331761109755217,59.78935775756836,59.13595428466797,58.51259315490723,0.008627747360648749,0.006002678400501832,0.015878401074907567,20117125.0,72.03214954419519,0.18217677236464913,-0.0013250777473865494,0
2017-04-26,61.00532913208008,67.83000183105469,68.30999755859375,67.62000274658203,68.08000183105469,26190800,MSFT,-0.0013250777473865494,0.042896524928381474,0.03890321074756331,60.29121322631836,59.250175857543944,58.57555015563965,0.007176395800640531,0.006048520957964253,-0.1339794396664319,20422645.0,73.21074498443062,0.21485665381675884,0.006486482362849877,1
2017-04-27,61.40103912353516,68.2699966430664,68.37999725341797,67.58000183105469,68.1500015258789,34971000,MSFT,0.006486482362849877,0.04228976017364694,0.042767359730164545,60.789469146728514,59.37608890533447,58.642104415893556,0.007209349491524443,0.0061323538844659945,0.3352398552163356,21490275.0,74.61234957585314,0.24627649502154347,0.002783439325036108,1
2017-04-28,61.57194519042969,68.45999908447266,69.13999938964844,67.69000244140625,68.91000366210938,39548800,MSFT,0.002783439325036108,0.0310242778199723,0.04185065262205856,61.16001815795899,59.49975471496582,58.71279632568359,0.0068113593641112545,0.006123769485596662,0.13090274799119261,22711575.0,76.22639697497138,0.2603517121842882,0.013876893689226621,1
2017-05-01,62.42637252807617,69.41000366210938,69.55000305175781,68.5,68.68000030517578,31954400,MSFT,0.013876893689226621,0.02783986732864996,0.053902382822768935,61.498191833496094,59.659396171569824,58.80075668334961,0.005594211696287786,0.006669462152209385,-0.19202605388785499,23257280.0,81.80333363000211,0.3058451453301073,-0.0015849970720512863,0
2017-05-02,62.32742691040039,69.30000305175781,69.70999908447266,69.12999725341797,69.70999908447266,23906100,MSFT,-0.0015849970720512863,0.02031804613636079,0.05720809510107361,61.746422576904294,59.828030586242676,58.88493911743164,0.006417808805525469,0.0065231593683971545,-0.2518682873094159,23432540.0,81.0062774427253,0.3071069489343391,-0.003174414510378032,0
2017-05-03,62.12957382202149,69.08000183105469,69.37999725341797,68.70999908447266,69.37999725341797,28928000,MSFT,-0.003174414510378032,0.018428630841534455,0.05096635711559849,61.97127151489258,59.97867851257324,58.96750289916992,0.006843974830502039,0.00665892514917146,0.21006772330074752,24229070.0,81.40299529844017,0.2735670756486619,-0.0039088481874538505,0
2017-05-04,61.88671875,68.80999755859375,69.08000183105469,68.63999938964844,69.02999877929688,21749400,MSFT,-0.0039088481874538505,0.007909957769406395,0.04957299881872168,62.068407440185545,60.12482891082764,59.04754791259766,0.0073384140545526165,0.006718486395230396,-0.2481540376106195,24244110.0,81.53574161140804,0.21647696492298496,0.002761163743451256,1
2017-05-05,62.05759811401367,69.0,69.02999877929688,68.48999786376953,68.9000015258789,19128800,MSFT,0.002761163743451256,0.007887568308617698,0.04974883632811511,62.16553802490235,60.27187805175781,59.126333770751955,0.007337521483405375,0.006718788461717149,-0.12049068020267228,24295375.0,80.44956253802063,0.17352894991183998,-0.0008695584289354352,0
2017-05-08,62.00363540649414,68.94000244140625,69.05000305175781,68.41999816894531,68.97000122070312,18566100,MSFT,-0.0008695584289354352,-0.006771771359803225,0.04963436564494561,62.080990600585935,60.41847724914551,59.20404037475586,0.0026011423121709526,0.006721574042106998,-0.029416377399523186,24518255.0,80.8697121048163,0.12695192912044528,0.0014510380628480757,1
2017-05-09,62.09360504150391,69.04000091552734,69.27999877929688,68.68000030517578,68.86000061035156,22858400,MSFT,0.0014510380628480757,-0.003751508452813468,0.05356360259116033,62.03422622680664,60.57632045745849,59.29056144714355,0.0028741617732586534,0.00663455834068806,0.23119017995163227,24763540.0,86.36335243506608,0.08943803892810298,0.003910436673619788,1
2017-05-10,62.33641815185547,69.30999755859375,69.55999755859375,68.91999816894531,68.98999786376953,17977800,MSFT,0.003910436673619788,0.003329241086161394,0.05849103705980885,62.07559509277344,60.74855251312256,59.38643585205078,0.003115264849048126,0.006590809033218572,-0.21351450670213135,24722855.0,85.87538400341231,0.06912154966978079,-0.012263665191084239,0
2017-05-11,61.57194519042969,68.45999908447266,68.7300033569336,68.12000274658203,68.36000061035156,28789400,MSFT,-0.012263665191084239,-0.00508628613583284,0.0495171979888136,62.012640380859374,60.89380359649658,59.44975257873535,0.006541281884070577,0.00727654137093933,0.6013861540344203,25306900.0,69.58168098478092,-0.0037911038042466316,-0.001168907252937279,0
2017-05-12,61.49997329711914,68.37999725341797,68.61000061035156,68.04000091552734,68.61000061035156,18714100,MSFT,-0.001168907252937279,-0.008985601019718015,0.05280965412377814,61.90111541748047,61.048047637939455,59.528358459472656,0.006203424859590679,0.007156866391528048,-0.34996561234343193,25347780.0,60.0947206486379,-0.06164537122330105,0.000731739889140437,1
2017-05-15,61.54497528076172,68.43000030517578,68.4800033569336,67.56999969482422,68.13999938964844,31530300,MSFT,0.000731739889140437,-0.007397310217787334,0.04505210023548201,61.809383392333984,61.18070755004883,59.60354736328125,0.00630323454964244,0.007045036930637443,0.6848419106449148,26089830.0,56.58919741179771,-0.09942301586933255,0.02013481639550041,1
2017-05-16,62.78417205810547,69.41000366210938,69.44000244140625,68.16000366210938,68.2300033569336,34956000,MSFT,0.02013481639550041,0.011121387075850642,0.06756183149660444,61.947496795654295,61.3793758392334,59.70316055297852,0.011696820532183795,0.00803775412588874,0.1086478720468882,27079850.0,69.17284020666455,-0.04619932871150234,-0.027805764002465816,0
2017-05-17,61.03841018676758,67.4800033569336,69.0999984741211,67.43000030517578,68.88999938964844,30548800,MSFT,-0.027805764002465816,-0.020822626701551217,0.043462051210517716,61.68789520263672,61.506493759155276,59.765520095825195,0.017662592738604065,0.01050117815929277,-0.12607849868405996,27257650.0,46.97255069315942,-0.12911563333245824,0.003408630777371746,1
2017-05-18,61.24646759033203,67.70999908447266,68.12999725341797,67.13999938964844,67.4000015258789,25201300,MSFT,0.003408630777371746,-0.005286134766264383,0.039665890470923726,61.622799682617185,61.623329162597656,59.821427993774414,0.017231329489568747,0.01044317419615093,-0.17504779238464363,27402740.0,47.29946496983017,-0.16803277533754024,-0.00029553930598025246,0
2017-05-19,61.22836685180664,67.69000244140625,68.0999984741211,67.43000030517578,67.5,26961100,MSFT,-0.00029553930598025246,-0.004416366881987321,0.02527104706921679,61.568478393554685,61.69878749847412,59.881650390625,0.017232854235864972,0.010077826651596313,0.06982973100594014,27124665.0,38.458168625035455,-0.19138189732597943,0.011227645685853549,1
2017-05-22,61.91581726074219,68.44999694824219,68.5,67.5,67.88999938964844,16237600,MSFT,0.011227645685853549,0.006025544380978687,0.019433659551568283,61.64264678955078,61.7578031539917,59.952024383544924,0.018079271690372545,0.00967764648012599,-0.39773970646598245,26448045.0,46.43834431747889,-0.15828646242200994,0.003360203957153196,1
2017-05-23,62.12386703491211,68.68000030517578,68.75,68.37999725341797,68.72000122070312,15425800,MSFT,0.003360203957153196,-0.010517061889137591,0.016985711966228223,61.51058578491211,61.809682846069336,60.030516662597655,0.015014960274502404,0.009629973307174591,-0.0499950731635217,25707200.0,49.95070619309459,-0.12178105183347543,0.0013104376503147996,1
2017-05-24,62.20527648925781,68.7699966430664,68.87999725341797,68.44999694824219,68.87000274658203,14593900,MSFT,0.0013104376503147996,0.019116918329291632,0.01966954976309987,61.74395904541016,61.86968021392822,60.11603340148926,0.00442966838112196,0.009616135493489442,-0.0539291317144005,25127355.0,52.830568567767834,-0.09285633419883288,0.01236016518323102,1
2017-05-25,62.9741439819336,69.62000274658203,69.87999725341797,68.91000366210938,68.97000122070312,21854100,MSFT,0.01236016518323102,0.028208588341089635,0.025620166708147263,62.08949432373047,61.948335456848156,60.210811767578136,0.005821176198957563,0.009878045780262695,0.49748182459794843,24471510.0,57.361712245284444,-0.0261157251920775,0.004883424053387708,1
2017-05-26,63.28167343139648,69.95999908447266,70.22000122070312,69.5199966430664,69.80000305175781,19827900,MSFT,0.004883424053387708,0.03353521717408414,0.027767975100980502,62.50015563964844,62.03382186889648,60.313719482421874,0.004899310231371824,0.009905629412270784,-0.09271486814831087,23485465.0,59.86345490302291,0.03144650577573338,0.00643242947050604,1
2017-05-30,63.68872833251953,70.41000366210938,70.41000366210938,69.7699966430664,69.79000091552734,17072800,MSFT,0.00643242947050604,0.028634219012424467,0.020221514615087033,62.85473785400391,62.096939659118654,60.42063125610352,0.004192232400697952,0.009546138970941446,-0.13895067051982313,22741385.0,61.736203185922534,0.08651820880677419,-0.008095597299842439,0
2017-05-31,63.17313003540039,69.83999633789062,70.73999786376953,69.80999755859375,70.52999877929688,30436400,MSFT,-0.008095597299842439,0.016889853297423096,0.013568715522553898,63.06459045410156,62.13922481536865,60.5161515045166,0.007553035503538535,0.00974938902088002,0.7827421395436016,23067900.0,55.91857616767883,0.0780631833776011,0.0037228441219949726,1
2017-06-01,63.4083137512207,70.0999984741211,70.61000061035156,69.44999694824219,70.23999786376953,21603600,MSFT,0.0037228441219949726,0.01933979446535594,0.02058182360726213,63.30519790649414,62.203161811828615,60.62932640075684,0.007464461044076283,0.009726361759271869,-0.2902051490977908,22701680.0,64.04115922042723,0.07796929398771779,0.023680448732468218,1
2017-06-02,64.90985107421875,71.76000213623047,71.86000061035156,70.23999786376953,70.44000244140625,34770300,MSFT,0.023680448732468218,0.030738124726879645,0.04884945243956329,63.69233932495117,62.35431842803955,60.757782440185544,0.011377890225282856,0.010872797151281187,0.6094678664666999,23352725.0,71.39517839627415,0.16375894550670045,0.007246589743324483,1
2017-06-05,65.3802261352539,72.27999877929688,72.88999938964844,71.80999755859375,71.97000122070312,33316800,MSFT,0.007246589743324483,0.03316209243632695,0.053541034816330324,64.11204986572265,62.520449829101565,60.89852416992188,0.011362509160909438,0.010925818242220636,-0.041802918007609935,24062125.0,72.84472220177216,0.23270189499612592,0.0033203738320375376,1
2017-06-06,65.5973129272461,72.5199966430664,72.62000274658203,72.2699966430664,72.30000305175781,31511100,MSFT,0.0033203738320375376,0.029967384256156304,0.05795914218887166,64.49376678466797,62.70013370513916,61.041628494262696,0.01145863004284269,0.010894540675872434,-0.05419788214954613,24709375.0,69.07974056967456,0.27077691440103435,-0.001792632238466485,0
2017-06-07,65.47972106933594,72.38999938964844,72.7699966430664,71.94999694824219,72.63999938964844,22301800,MSFT,-0.001792632238466485,0.03651221702396246,0.05453244380912836,64.95508499145508,62.86943950653076,61.18022239685059,0.009741799086108496,0.010940939904457074,-0.29225574480103833,24681545.0,88.66115836403279,0.26553299288007803,-0.006078257787480168,0
2017-06-08,65.08171844482422,71.94999694824219,72.5199966430664,71.5,72.51000213623047,24588300,MSFT,-0.006078257787480168,0.026390935109377622,0.04404007118729569,65.28976593017578,63.0067045211792,61.30743881225586,0.011459888306607798,0.011110191713798378,0.1025253566976656,25012070.0,82.3167815264349,0.21491213000902776,-0.02265488182194697,0
2017-06-09,63.6072998046875,70.31999969482422,72.08000183105469,68.58999633789062,72.04000091552734,49187400,MSFT,-0.02265488182194697,-0.020067081467216696,0.033056526116933105,65.02925567626953,63.10847225189209,61.40192924499512,0.011589537935142597,0.012028018584343924,1.0004392332938838,26031970.0,66.09528283138516,0.06931932504622451,-0.007678835993559452,0
2017-06-12,63.11886978149414,69.77999877929688,69.94000244140625,68.12999725341797,69.25,47761700,MSFT,-0.007678835993559452,-0.03458777198294838,0.026323531500636266,64.57698440551758,63.18941707611084,61.48233406066895,0.009746920879892896,0.012196543096173566,-0.02898506528094591,27484350.0,58.364830118937164,-0.0654023405700559,0.012467852954808567,1
2017-06-13,63.90582656860352,70.6500015258789,70.81999969482422,69.95999908447266,70.0199966430664,25258600,MSFT,0.012467852954808567,-0.025785909256963002,0.03835977311018235,64.23868713378906,63.30745964050294,61.575779724121105,0.012602957862536736,0.012443988921497553,-0.47115366496586175,27170765.0,61.46685846421229,-0.10470658246323095,-0.00537906843796554,0
2017-06-14,63.56207275390625,70.2699966430664,71.0999984741211,69.43000030517578,70.91000366210938,25510700,MSFT,-0.00537906843796554,-0.029286140565551677,0.01239007651611379,63.855157470703126,63.34635467529297,61.66792640686036,0.012465605057332555,0.011772130208894857,0.009980759028608066,26698500.0,58.445785180956676,-0.15406529998199492,-0.005265202837331673,0
2017-06-15,63.2274055480957,69.9000015258789,70.20999908447266,68.80000305175781,69.2699966430664,26068700,MSFT,-0.005265202837331673,-0.0284920702931436,0.03586258807577325,63.48429489135742,63.455804443359376,61.750142211914074,0.01246742470966905,0.009818054165997979,0.02187317478548212,26474495.0,51.66659219537514,-0.20620747036752018,0.0014306154234604573,1
2017-06-16,63.3178596496582,70.0,70.02999877929688,69.22000122070312,69.7300033569336,48345100,MSFT,0.0014306154234604573,-0.004550423550725324,0.033820596367800215,63.42640686035156,63.559374046325686,61.83722518920899,0.008203654556426354,0.009811053104514203,0.8545266929306026,27631685.0,50.245127173610875,-0.22976063914092337,0.01242860982298466,1
2017-06-19,64.10481262207031,70.87000274658203,70.94000244140625,70.3499984741211,70.5,23798300,MSFT,0.01242860982298466,0.015620413419779489,0.04697897262596662,63.6235954284668,63.703196334838864,61.93698913574219,0.00893631651587723,0.01008293469969708,-0.5077412188618908,27473545.0,52.68060685120978,-0.18918747777632028,-0.013545800184853185,0
2017-06-20,63.2364616394043,69.91000366210938,70.87000274658203,69.87000274658203,70.81999969482422,21512200,MSFT,-0.013545800184853185,-0.010474239441698785,0.02132967692408161,63.489722442626956,63.769228553771974,62.02028533935547,0.009686552105240031,0.010449485309029023,-0.09606148338326692,27737275.0,50.39027275368668,-0.21575452196805,0.005149103951430645,1
2017-06-21,63.56207275390625,70.2699966430664,70.62000274658203,69.94000244140625,70.20999908447266,19891100,MSFT,0.005149103951430645,0.0,0.023150614854447138,63.489722442626956,63.84113883972168,62.11279197692871,0.009927657706714676,0.010477400077500715,-0.07535723914801828,27960540.0,50.937076151299195,-0.2063234379977632,-0.00014181616879571646,0
2017-06-22,63.55305862426758,70.26000213623047,70.58999633789062,69.70999908447266,70.54000091552734,22965700,MSFT,-0.00014181616879571646,0.00515050512272186,0.021666685063967517,63.55485305786133,63.90852794647217,62.206017608642576,0.009498382646061777,0.010481604999941063,0.15457164259392386,28379130.0,39.89228286773564,-0.19570856618633703,0.013521145460941852,1
2017-06-23,64.41236877441406,71.20999908447266,71.25,69.91999816894531,70.08999633789062,27617300,MSFT,0.013521145460941852,0.017285946347710635,0.022838338110527934,63.7737548828125,63.98043918609619,62.32092651367188,0.011030452471987634,0.01055009611982997,0.20254553529829278,28667290.0,43.184680183519774,-0.12904768182831128,-0.009549421521042323,0
2017-06-26,63.79726791381836,70.52999877929688,71.70999908447266,70.44000244140625,71.4000015258789,19607000,MSFT,-0.009549421521042323,-0.004797529166259085,0.008147611377262942,63.71224594116211,64.00621891021729,62.42857002258301,0.010952896883552334,0.010774848697573364,-0.2900464563878439,28656245.0,37.997483869753395,-0.12455205674976372,-0.018715538818269928,0
2017-06-27,62.60326766967773,69.20999908447266,70.18000030517578,69.18000030517578,70.11000061035156,25215100,MSFT,-0.018715538818269928,-0.010013115112879944,-0.01704321457282998,63.5856071472168,63.95194587707518,62.50279983520508,0.012568389023377629,0.01148524638550883,0.28602539909216107,29063360.0,33.22772323035235,-0.19591620685336592,0.008524672155766133,1
2017-06-28,63.136940002441406,69.80000305175781,69.83999633789062,68.79000091552734,69.20999908447266,25806200,MSFT,0.008524672155766133,-0.006688465826324319,-0.0005728706641369152,63.500580596923825,63.95013637542725,62.58932250976562,0.013123280904618277,0.011530512575634854,0.02344230242989309,28831850.0,38.83683329129183,-0.2003842073559191,-0.01876778219040942,0
2017-06-29,61.95199966430664,68.48999786376953,69.48999786376953,68.08999633789062,69.37999725341797,28918700,MSFT,-0.01876778219040942,-0.025192476878674985,-0.022967242002804866,63.18036880493164,63.87732067108154,62.65844146728516,0.015201271489655818,0.012227522890284177,0.12061055095287188,29197605.0,40.17184498256232,-0.2719099068349993,0.00642406303560672,1
2017-06-30,62.34998321533203,68.93000030517578,69.37999725341797,68.73999786376953,68.77999877929688,24161100,MSFT,0.00642406303560672,-0.03201847096021182,-0.03943727826396848,62.76789169311523,63.74932727813721,62.72724594116211,0.01324532378674323,0.0109273466118616,-0.1645163855913302,28667145.0,45.385260325634285,-0.28007833526498893,-0.011025426386601533,0
2017-07-03,61.66254806518555,68.16999816894531,69.5999984741211,68.0199966430664,69.33000183105469,16165500,MSFT,-0.011025426386601533,-0.033460991644917115,-0.05686242293468813,62.34094772338867,63.56344337463379,62.766112899780275,0.013348640436713397,0.010881469613633598,-0.3309286414939717,27809580.0,36.37339811620504,-0.31673798171241874,0.013349342109455264,1
2017-07-05,62.48570251464844,69.08000183105469,69.44000244140625,68.22000122070312,68.26000213623047,21176300,MSFT,0.013349342109455264,-0.0018779395933390397,-0.047435028566623405,62.31743469238281,63.40786285400391,62.80111686706543,0.013833710166206626,0.011400292189195799,0.30996876063221057,27292840.0,43.82152573043176,-0.27220940323843834,-0.007383158696215419,0
2017-07-06,62.02436065673828,68.56999969482422,68.77999877929688,68.12000274658203,68.2699966430664,21117600,MSFT,-0.007383158696215419,-0.017621686221411803,-0.05276993176160305,62.09491882324219,63.23509483337402,62.81987861633301,0.013107265257867299,0.011453931994408006,-0.002771966774176793,27233630.0,43.19338562433445,-0.2604810131512778,0.012979391381456873,1
2017-07-07,62.82939910888672,69.45999908447266,69.83999633789062,68.69999694824219,68.69999694824219,16878300,MSFT,0.012979391381456873,0.014162568590753377,-0.034607557848168935,62.270398712158205,63.12247886657715,62.85636001586914,0.011433043123172714,0.011935823536323987,-0.20074724400500055,26848130.0,47.4431254305654,-0.18851484547686825,0.007486786862452854,1
2017-07-10,63.29978942871094,69.9800033569336,70.25,69.19999694824219,69.45999908447266,15014500,MSFT,0.007486786862452854,0.015233463818244308,-0.004834513914610539,62.46035995483398,63.10710334777832,62.89433502197266,0.011525166391052777,0.01101714403156384,-0.11042581302619336,25139485.0,45.641617685327084,-0.10349218977879787,0.00014270510544389658,1
2017-07-11,63.30882263183594,69.98999786376953,70.68000030517578,69.75,70.0,17460000,MSFT,0.00014270510544389658,0.02669812744212341,0.0030094463192922305,62.789614868164065,63.11660099029541,62.929072570800784,0.00888827985756344,0.010875020439614982,0.16287588664291186,23624400.0,50.43195299957873,-0.04394986217724273,0.01657336321678904,1
2017-07-12,64.35806274414062,71.1500015258789,71.27999877929688,70.55000305175781,70.69000244140625,17750900,MSFT,0.01657336321678904,0.029964618370950546,0.007076603180331542,63.1640869140625,63.13921279907227,62.96770637512207,0.009696999741893664,0.011153818217372309,0.016660939289805166,23249015.0,54.37373711966864,0.06298432766438983,0.00871443914675285,1
2017-07-13,64.91890716552734,71.7699966430664,72.04000091552734,71.30999755859375,71.5,20269800,MSFT,0.00871443914675285,0.04666789755090539,0.021346604237944877,63.74299621582031,63.20705451965332,63.01953598022461,0.006201886990593427,0.011213744023292664,0.1419026640902714,22986970.0,57.0758462482792,0.16270532565711293,0.014072662157037286,1
2017-07-14,65.83248901367188,72.77999877929688,73.2699966430664,71.95999908447266,72.23999786376953,25868100,MSFT,0.014072662157037286,0.04779752707137375,0.04120180866182377,64.34361419677734,63.337308692932126,63.093594284057616,0.0063858981016245795,0.011465396968512266,0.2761892075896162,22976940.0,57.3158653086539,0.27481773541344284,0.007831567694960073,1
2017-07-17,66.34806060791016,73.3499984741211,73.44999694824219,72.72000122070312,72.80000305175781,21803900,MSFT,0.007831567694960073,0.048156102993552885,0.047856970766514406,64.9532684326172,63.48881874084473,63.182821121215824,0.006361917635484454,0.011535341457233393,-0.15711242804844572,21649880.0,63.27676548666415,0.3627932744365581,-0.0006816634935047361,0
2017-07-18,66.3028335571289,73.30000305175781,73.38999938964844,72.66000366210938,73.08999633789062,26435300,MSFT,-0.0006816634935047361,0.04729215930462405,0.03428792387268986,65.55207061767578,63.59871978759766,63.26772583007813,0.006667324727568461,0.011305885659100607,0.21241154105458193,21781730.0,71.87162702502539,0.3944127287094853,0.007639884954107723,1
2017-07-19,66.80937957763672,73.86000061035156,74.04000091552734,73.44999694824219,73.5,22416200,MSFT,0.007639884954107723,0.038088729352240724,0.05650091490897147,66.042333984375,63.77736568450928,63.36384071350098,0.005285420756686369,0.010777689367404693,-0.1520353466766029,21826930.0,71.78111821028435,0.4233656587950766,0.004874590020440106,1
2017-07-20,67.13504791259766,74.22000122070312,74.30000305175781,73.27999877929688,74.18000030517578,42361000,MSFT,0.004874590020440106,0.03413706181805698,0.05621237640447818,66.48556213378906,63.956014442443845,63.46466957092285,0.005346256079331358,0.010774724327093489,0.8897493776822121,22950425.0,84.22935979970848,0.4366213754388687,-0.005794176390202854,0
2017-07-21,66.74605560302734,73.79000091552734,74.29000091552734,73.16999816894531,73.44999694824219,46717100,MSFT,-0.005794176390202854,0.013877138826784208,0.0502414368069537,66.66827545166015,64.11566429138183,63.552862319946286,0.00589541267926674,0.010928797156570703,0.10283279431552605,24137995.0,79.06661285847605,0.3927403750419277,-0.0025744870086308325,0
2017-07-24,66.57421875,73.5999984741211,73.75,73.12999725341797,73.52999877929688,21394800,MSFT,-0.0025744870086308325,0.0034086624389271236,0.033562652899122636,66.71350708007813,64.22375679016113,63.65290779113769,0.005486222154384845,0.010664784235919222,-0.5420349293941619,23826870.0,84.85201027074112,0.3283107210406254,0.008015914708384697,1
2017-07-25,67.10787200927734,74.19000244140625,74.30999755859375,73.5,73.80000305175781,22018700,MSFT,0.008015914708384697,0.012141840837839757,0.051892568502011294,66.87451477050782,64.38928699493408,63.76506576538086,0.006265047979624744,0.01040929520380458,0.029161291528782662,23947455.0,84.20299689831977,0.298653522251461,-0.0018868883372974432,0
2017-07-26,66.98124694824219,74.05000305175781,74.37999725341797,73.80999755859375,74.33999633789062,16252200,MSFT,-0.0018868883372974432,0.0025725036168873228,0.06993212082258382,66.90888824462891,64.60818595886231,63.873791198730466,0.005709394276553225,0.009207723843569557,-0.26189102898899574,23499310.0,88.5915153300696,0.24952759244119238,-0.012018863321110018,0
2017-07-27,66.17620849609375,73.16000366210938,74.41999816894531,72.31999969482422,73.76000213623047,36844200,MSFT,-0.012018863321110018,-0.014282248189532942,0.04813772244164549,66.71712036132813,64.76014938354493,63.941631927490235,0.007276809202867996,0.009739497079255819,1.267028463838742,24051210.0,76.0563664723555,0.14691082003539202,-0.0016399872351925415,0
2017-07-28,66.06768035888672,73.04000091552734,73.30999755859375,72.54000091552734,72.66999816894531,18306700,MSFT,-0.0016399872351925415,-0.010163525589815592,0.0664333793401557,66.5814453125,64.96593341827392,64.04221733093262,0.007091657639258941,0.008447747113115855,-0.5031321076315947,23520610.0,72.83592686823265,0.06026118620483578,-0.0046551680136652784,0
2017-07-31,65.76012420654297,72.69999694824219,73.44000244140625,72.41000366210938,73.30000305175781,23600100,MSFT,-0.0046551680136652784,-0.01222837546940092,0.05469353503165619,66.41862640380859,65.13644046783448,64.13249046325683,0.007192594318650659,0.008591043652832983,0.2891509665860039,23492560.0,69.2745433276343,-0.024677087907734152,-0.001650479951355699,0
2017-08-01,65.6515884399414,72.58000183105469,73.41999816894531,72.48999786376953,73.0999984741211,22132300,MSFT,-0.001650479951355699,-0.021700636985398924,0.06469146183415764,66.1273696899414,65.33589248657226,64.22095489501953,0.004460970551259145,0.008040816692446783,-0.06219465171757743,23790900.0,61.93684655190622,-0.09133285007562875,-0.004408672314102691,0
2017-08-02,65.36215209960938,72.26000213623047,72.55999755859375,71.44000244140625,72.55000305175781,26499200,MSFT,-0.004408672314102691,-0.02417236050985916,0.04603372402329331,65.80355072021484,65.4797149658203,64.28988159179687,0.00424745239016755,0.007835420050803746,0.1973089105063639,24057045.0,54.306026821780584,-0.15437176871015335,-0.0015230272664835676,0
2017-08-03,65.26260375976562,72.1500015258789,72.44000244140625,71.8499984741211,72.19000244140625,18214400,MSFT,-0.0015230272664835676,-0.013805637359566414,0.052209213746656324,65.62082977294922,65.64162712097168,64.35265632629394,0.0016065608408012565,0.007559690662424779,-0.31264340055548845,23911885.0,43.42353637234462,-0.19936906254091924,0.007346301773418551,1
2017-08-04,65.7420425415039,72.68000030517578,73.04000091552734,72.23999786376953,72.4000015258789,22579000,MSFT,0.007346301773418551,-0.0049288519835101186,0.04635797053493085,65.55570220947266,65.78725929260254,64.42339164733886,0.004881965816396925,0.007250247630924969,0.2396235945186227,24196920.0,42.94775271322234,-0.19329537507030226,-0.0038527593492865275,0
2017-08-07,65.48875427246094,72.4000015258789,72.9000015258789,72.26000213623047,72.80000305175781,18705700,MSFT,-0.0038527593492865275,-0.004126663952605969,0.0345809182543213,65.50142822265624,65.89670753479004,64.47368385314941,0.0047420618239114014,0.007266095888211142,-0.171544355374463,24381480.0,40.96409620638203,-0.20185014800024104,0.005387044484794545,1
2017-08-08,65.84154510498047,72.79000091552734,73.12999725341797,71.75,72.08999633789062,22044600,MSFT,0.005387044484794545,0.0028934054689755406,0.04000583754136833,65.53941955566407,66.02334365844726,64.5248812866211,0.005427913249199522,0.007300487916000576,0.1784963941472386,24610710.0,38.877861283636626,-0.17998669150800406,-0.004396300664786912,0
2017-08-09,65.55208587646484,72.47000122070312,72.51000213623047,72.05000305175781,72.25,22213400,MSFT,-0.004396300664786912,0.0029058678570745844,0.01855281345355486,65.57740631103516,66.08304481506347,64.5621484375,0.0054250671257117305,0.006564279767521307,0.007657204031826348,24833835.0,31.656293100399623,-0.18078046903444678,-0.01462678899535308,0
2017-08-10,64.59326934814453,71.41000366210938,72.19000244140625,71.3499984741211,71.9000015258789,24734500,MSFT,-0.01462678899535308,-0.010256017582212062,-0.005016070534775263,65.44353942871093,66.06676292419434,64.59055122375489,0.008810909375156991,0.0071574319777723775,0.11349455733926361,25057070.0,27.96331931749313,-0.238038534646422,0.0152640405822142,1
2017-08-11,65.5792236328125,72.5,72.69999694824219,71.27999877929688,71.61000061035156,21443700,MSFT,0.0152640405822142,-0.0024766329489780414,-0.003847118416057116,65.41097564697266,66.05409965515136,64.63396942138672,0.011282014876674787,0.007286501592407736,-0.13304493723341893,24835850.0,41.26993477352812,-0.2030324918051415,0.015034203546000269,1
2017-08-14,66.56515502929688,73.58999633789062,73.72000122070312,72.94999694824219,73.05999755859375,20096600,MSFT,0.015034203546000269,0.016436421318348104,0.0032720537631032443,65.62625579833984,66.0649543762207,64.66707550048828,0.012901386558234697,0.007858223159433107,-0.06282031552390677,24750485.0,45.588346561781755,-0.1115708764009658,0.0002732432089205261,1
2017-08-15,66.58334350585938,73.22000122070312,73.58999633789062,73.04000091552734,73.58999633789062,19181400,MSFT,0.0002732432089205261,0.011266418485412988,0.004230738471965534,65.77461547851563,66.07897987365723,64.6911378479004,0.012900486338485992,0.007855531939641256,-0.04554004159907643,24387790.0,46.70746612390847,-0.051023370582906125,0.005872780448097359,1
2017-08-16,66.97437286376953,73.6500015258789,74.0999984741211,73.16999816894531,73.33999633789062,18150400,MSFT,0.005872780448097359,0.021697051562707514,0.0024696126079284397,66.05907287597657,66.08722953796386,64.71867904663085,0.012372599801234601,0.00777747554660264,-0.05374998696654054,24174500.0,57.09038020221244,0.010883896553245065,-0.016972101614576074,0
2017-08-17,65.83767700195312,72.4000015258789,73.87000274658203,72.4000015258789,73.58000183105469,22977500,MSFT,-0.016972101614576074,0.01926528361804225,-0.019324793099627535,66.30795440673828,66.02236099243164,64.7258381652832,0.01328346345405437,0.008572792428378205,0.26595006170662905,23205325.0,48.27238416372207,-0.027122506579673245,0.0012429491663223935,1
2017-08-18,65.91950988769531,72.48999786376953,72.83999633789062,71.93000030517578,72.2699966430664,18761500,MSFT,0.0012429491663223935,0.005188933873144341,-0.012383439109090122,66.37601165771484,65.98103370666504,64.74259399414062,0.01166453814939211,0.008507251257856476,-0.18348384288978348,21807545.0,51.23920860535498,-0.04793502849028114,-0.004690399599453832,0
2017-08-21,65.61032104492188,72.1500015258789,72.4800033569336,71.69999694824219,72.47000122070312,17734800,MSFT,-0.004690399599453832,-0.014344351544809841,-0.01447854324356046,66.18504486083984,65.93283882141114,64.78265441894531,0.008738056044494775,0.008546316346418689,-0.05472376942142154,21624545.0,49.688857903147316,-0.08172457155158819,0.013999015776873458,1
2017-08-22,66.52880096435547,73.16000366210938,73.23999786376953,72.3499984741211,72.3499984741211,14343700,MSFT,0.013999015776873458,-0.0008191619500018676,-0.008628958534727782,66.17413635253907,65.90388526916504,64.85085304260254,0.011640435879645505,0.0089618669610026,-0.19121162911338163,21240795.0,58.03406023325387,-0.04334333720591882,-0.006014291410509354,0
2017-08-23,66.12867736816406,72.72000122070312,73.1500015258789,72.52999877929688,72.95999908447266,13766500,MSFT,-0.006014291410509354,-0.012627150646496887,-0.012728481760527988,66.00499725341797,65.86125679016114,64.89531005859375,0.011322722290231853,0.009045162402046565,-0.04024066314828112,21116510.0,55.727077161515304,-0.04579027312423167,-0.00041257009711315185,0
2017-08-24,66.10139465332031,72.69000244140625,72.86000061035156,72.06999969482422,72.73999786376953,17098300,MSFT,-0.00041257009711315185,0.004005573455444944,-0.001130524768245933,66.0577407836914,65.85751609802246,64.94609649658203,0.007944439764108453,0.00863721337827235,0.2420223005121127,20129215.0,52.52742275962949,-0.04980104344850156,0.0017881953942513462,1
2017-08-25,66.21959686279297,72.81999969482422,73.3499984741211,72.4800033569336,72.86000061035156,12794300,MSFT,0.0017881953942513462,0.004552324123903606,0.0022994072605702076,66.11775817871094,65.86511192321777,65.00594032287597,0.00795534666792009,0.008637412830593735,-0.25172093132065765,19853595.0,55.239784135749865,-0.04518372903174095,0.00013756497323869077,1
2017-08-28,66.22870635986328,72.83000183105469,73.08999633789062,72.55000305175781,73.05999755859375,14569700,MSFT,0.00013756497323869077,0.009425122527872087,0.007125627558861813,66.24143524169922,65.88854103088379,65.06415725708008,0.0073737515617430475,0.008563240313818605,0.1387649187528821,19402075.0,52.9196383160385,-0.042259604691428976,0.003020598846018574,1
2017-08-29,66.42875671386719,73.05000305175781,73.16000366210938,72.05000305175781,72.25,11478400,MSFT,0.003020598846018574,-0.0015037735392507967,0.011837768017399108,66.22142639160157,65.92739944458008,65.11063613891602,0.0034728994415847004,0.008568360127558006,-0.21217320878261048,18869380.0,56.70146863448836,-0.02826830891410026,0.013141685664899816,1
2017-08-30,67.30174255371094,74.01000213623047,74.20999908447266,72.83000183105469,73.01000213623047,16897800,MSFT,0.013141685664899816,0.01773912971245384,0.02967451945501587,66.45603942871094,66.02437896728516,65.19194175720214,0.0055391835754395775,0.008917464470184515,0.4721389740730415,18389310.0,70.9794734994569,0.03493582846943466,0.010268808464531709,1
2017-08-31,67.99285125732422,74.7699966430664,74.95999908447266,73.80000305175781,74.02999877929688,27652800,MSFT,0.010268808464531709,0.028614473475544022,0.04183479267251955,66.83433074951172,66.16089134216308,65.28055732727051,0.005693651889870913,0.009095054639991336,0.6364733870681389,18861230.0,69.59046655379841,0.11398575648309361,-0.011100701877106878,0
2017-09-01,67.23808288574219,73.94000244140625,74.73999786376953,73.63999938964844,74.70999908447266,21736200,MSFT,-0.011100701877106878,0.015380432246658415,0.022756219405471123,67.03802795410157,66.235693359375,65.3542578125,0.009521939404142287,0.009461980343290852,-0.2139602499566048,18819090.0,55.67484031026904,0.10629129752699462,-0.004463050732835372,0
2017-09-05,66.93799591064453,73.61000061035156,73.88999938964844,72.9800033569336,73.33999633789062,21556000,MSFT,-0.004463050732835372,0.010709699611634038,0.022129625983632772,67.17988586425781,66.30815544128419,65.40477035522461,0.010084653358806499,0.00947999197981563,-0.008290317534803693,18961605.0,52.85505987733407,0.07340493872665155,-0.002853187202612517,0
2017-09-06,66.74700927734375,73.4000015258789,74.04000091552734,73.3499984741211,73.73999786376953,16535800,MSFT,-0.002853187202612517,0.004790885442089277,0.01375217077484403,67.24353637695313,66.35342864990234,65.46376518249512,0.010301095738737838,0.009464642876110247,-0.2328910744108369,18686165.0,48.108739993476,0.03324796665411711,0.012806755408597326,1
2017-09-07,67.60182189941406,74.33999633789062,74.5999984741211,73.5999984741211,73.68000030517578,17471200,MSFT,0.012806755408597326,0.004458715841772598,0.031268814646295384,67.30355224609374,66.4559154510498,65.56373626708984,0.010203013488312441,0.00975200413777702,0.05656817329672581,18449055.0,65.3965700466365,0.05730369632873439,-0.0048425035205997835,0
2017-09-08,67.27445983886719,73.9800033569336,74.44000244140625,73.83999633789062,74.33000183105469,14703800,MSFT,-0.0048425035205997835,-0.01056569043910549,0.041508821550301,67.15987396240234,66.58997497558593,65.64648666381837,0.008900788851197978,0.009120877750051872,-0.15839782041302253,17947520.0,61.339350475548336,0.04477142916763632,0.010543562009472263,1
2017-09-11,67.98377227783203,74.76000213623047,74.94000244140625,74.30999755859375,74.30999755859375,17910400,MSFT,0.010543562009472263,0.011090283364518116,0.036666317650891234,67.30901184082032,66.71020240783692,65.76712211608887,0.008683875126412735,0.008817655439657356,0.21807968008269962,17770855.0,68.61626179924144,0.07601957812516735,-0.0010702779973310594,0
2017-09-12,67.9110107421875,74.68000030517578,75.23999786376953,74.37000274658203,74.76000213623047,14394900,MSFT,-0.0010702779973310594,0.014536061594103478,0.020218622074842152,67.50361480712891,66.77749519348144,65.87834266662598,0.00814516806316423,0.008267417288864855,-0.19628260675361797,17485770.0,62.49974126903742,0.08298696614688017,0.007097219800584975,1
2017-09-13,68.39299011230469,75.20999908447266,75.2300033569336,74.55000305175781,74.93000030517578,13380800,MSFT,0.007097219800584975,0.024659993800196345,0.02717866828490023,67.83281097412109,66.86797752380372,66.01295150756836,0.0075788307264510425,0.00837449703993259,-0.07044856164335977,17195740.0,70.17812950422888,0.109583526164798,-0.005850582849549646,0
2017-09-14,67.99285125732422,74.7699966430664,75.48999786376953,74.5199966430664,75.0,15733900,MSFT,-0.005850582849549646,0.005784302063515101,0.015206986642881226,67.91101684570313,66.91890144348145,66.12309448242188,0.0073050167112159855,0.008453025088583057,0.1758564510343179,17074915.0,65.80516670470527,0.09054454792548106,0.007222542204244897,1
2017-09-15,68.48393249511719,75.30999755859375,75.38999938964844,74.06999969482422,74.83000183105469,38578400,MSFT,0.007222542204244897,0.01797818457624012,0.04019363400512388,68.15291137695313,67.05121421813965,66.25228591918945,0.006795048977116774,0.007449096507833923,1.451928638163456,17854960.0,67.8110578336824,0.10056936804173133,-0.0019919062654364383,0
2017-09-18,68.34751892089844,75.16000366210938,75.97000122070312,75.04000091552734,75.2300033569336,23307000,MSFT,-0.0019919062654364383,0.005350492196577017,0.03683293515591424,68.22566070556641,67.1726146697998,66.36264831542968,0.005831617084430445,0.0075013031798145495,-0.3958536383053729,18082235.0,66.33915827598014,0.08801082537902316,0.0037250880342416526,1
2017-09-19,68.60211944580078,75.44000244140625,75.70999908447266,75.01000213623047,75.20999908447266,16093300,MSFT,0.0037250880342416526,0.01017668116054038,0.04559950863265083,68.36388244628907,67.32220458984375,66.46869491577148,0.005783409509481284,0.007350407480961939,-0.30950787317115025,18000160.0,66.61999227538826,0.08670881984916756,-0.00662758149993492,0
2017-09-20,68.14745330810547,74.94000244140625,75.55000305175781,74.30999755859375,75.3499984741211,21587900,MSFT,-0.00662758149993492,-0.0035900872852032695,0.024330099449969556,68.31477508544921,67.40313720703125,66.56546752929688,0.006034934264386239,0.007057485834200584,0.34142158538025136,18362370.0,56.90931235360041,0.047069078629615735,-0.009741360017545442,0
2017-09-21,67.48360443115234,74.20999908447266,75.23999786376953,74.11000061035156,75.11000061035156,19186100,MSFT,-0.009741360017545442,-0.007489711296921331,0.020489250910688428,68.21292572021484,67.47088356018067,66.62797836303712,0.007032724578403775,0.007303649535357569,-0.1112567688380991,18633350.0,45.820926173118394,-0.027978865540310593,0.0026954698989092307,1
2017-09-22,67.6655044555664,74.41000366210938,74.51000213623047,73.8499984741211,73.98999786376953,14111400,MSFT,0.0026954698989092307,-0.01195065776354376,0.023662281415533393,68.04924011230469,67.54908905029296,66.68291030883789,0.005818383723154788,0.007304183329103724,-0.2644987777609832,18484005.0,53.87160665145382,-0.06724835954867525,-0.015455088609798606,0
2017-09-25,66.6197280883789,73.26000213623047,74.25,72.91999816894531,74.08999633789062,24149200,MSFT,-0.015455088609798606,-0.025279496019733783,0.006042489603417689,67.70368194580078,67.56909561157227,66.69865509033202,0.008212083389762441,0.008193992490768756,0.7113255949090806,19051750.0,47.46021308980213,-0.16022820899561685,0.0,0
2017-09-26,66.6197280883789,73.26000213623047,73.80999755859375,72.98999786376953,73.66999816894531,18019600,MSFT,0.0,-0.02889694040703894,0.005904112431110331,67.30720367431641,67.58864669799804,66.7040884399414,0.0073356943987398626,0.008194223047859467,-0.25382207278087887,19224245.0,48.9523584650918,-0.21489431421026495,0.008053269928095297,1
2017-09-27,67.15623474121094,73.8499984741211,74.16999816894531,73.16999816894531,73.55000305175781,19565100,MSFT,0.008053269928095297,-0.014545203360910253,0.010951251586376332,67.1089599609375,67.62502059936523,66.72115646362305,0.00954106015496927,0.008356973834305304,0.0857677195942197,19628580.0,46.12960174739164,-0.207952030416785,0.0002708382420870681,1
2017-09-28,67.17442321777344,73.87000274658203,73.97000122070312,73.30999755859375,73.54000091552734,10883800,MSFT,0.0002708382420870681,-0.004581575272766258,-0.0018917687879461687,67.04712371826172,67.61865463256837,66.72845733642578,0.008762406647854371,0.007816662599568425,-0.44371355117019595,19327880.0,49.08175670754595,-0.19536261831592072,0.008393371438799813,1
2017-09-29,67.73824310302734,74.48999786376953,74.54000091552734,73.87999725341797,73.94000244140625,17079100,MSFT,0.008393371438799813,0.001074973844445326,-0.0037446312309111773,67.06167144775391,67.60592422485351,66.74052124023437,0.00966848271094753,0.007696486817267202,0.5692221466767122,18799195.0,47.684421688238054,-0.14462746064724163,0.001610954535896214,1
2017-10-02,67.84736633300781,74.61000061035156,75.01000213623047,74.30000305175781,74.70999908447266,15304800,MSFT,0.001610954535896214,0.018427548113080006,0.00906158267928281,67.30719909667968,67.63638839721679,66.76254745483398,0.004206722859718072,0.007257755171080418,-0.10388720717133804,18477625.0,49.403860116512405,-0.10133095251071511,-0.004691163390079023,0
2017-10-03,67.52908325195312,74.26000213623047,74.87999725341797,74.19000244140625,74.66999816894531,12190400,MSFT,-0.004691163390079023,0.013649938083923896,0.008830371051108843,67.48907012939453,67.66594276428222,66.78164474487305,0.005540405033456572,0.0072661001866285236,-0.20349171501751084,18009345.0,41.65202031223275,-0.09201163882423241,0.0057910974953372385,1
2017-10-04,67.92015075683594,74.69000244140625,74.72000122070312,73.70999908447266,74.08999633789062,13317700,MSFT,0.0057910974953372385,0.011375206167659302,0.017575940737923013,67.64185333251953,67.72459983825684,66.79789031982422,0.005069084329675842,0.007315278714681796,0.09247440609003799,17848440.0,49.29625729111123,-0.05899829583514732,0.017136669426212947,1
2017-10-05,69.08407592773438,75.97000122070312,76.12000274658203,74.95999908447266,75.22000122070312,21195300,MSFT,0.017136669426212947,0.028428271036582187,0.021926243800437506,68.02378387451172,67.79871253967285,66.83994689941406,0.008104676149115182,0.007738149037501993,0.5915135496369492,18034645.0,55.13986936987561,0.03659183145876316,0.000395251766208915,1
2017-10-06,69.11138153076172,76.0,76.02999877929688,75.54000091552734,75.66999816894531,13959800,MSFT,0.000395251766208915,0.020271243611173606,0.027304889497355322,68.2984115600586,67.89055862426758,66.89865036010742,0.008215935608011591,0.007613597455940279,-0.3413728515284049,17997445.0,56.66661783721949,0.09377307675658697,0.0038153937592999565,1
2017-10-09,69.37506866455078,76.29000091552734,76.55000305175781,75.86000061035156,75.97000122070312,11386500,MSFT,0.0038153937592999565,0.022516752146939822,0.020465124839393667,68.60395202636718,67.96012344360352,66.9647981262207,0.00811090190157975,0.007330559681483853,-0.1843364518116305,17671250.0,56.73523874357802,0.13875443280951139,0.0,0
2017-10-10,69.37506866455078,76.29000091552734,76.62999725341797,76.13999938964844,76.33000183105469,13944500,MSFT,0.0,0.02733615390142674,0.021558476399671456,68.97314910888672,68.03332633972168,67.03709701538087,0.006975260150913056,0.00731824783891279,0.22465200017564668,17648730.0,61.617593969762176,0.15658699134569787,0.0017041438651095309,1
2017-10-11,69.49329376220703,76.41999816894531,76.45999908447266,75.94999694824219,76.36000061035156,15388900,MSFT,0.0017041438651095309,0.023161653615922928,0.016087959425309384,69.28777770996093,68.0883415222168,67.11393112182617,0.007159068516865084,0.007183464872070786,0.10358205744200233,17749135.0,71.2090616012393,0.16365635348209362,0.00916021902317854,1
2017-10-12,70.12986755371094,77.12000274658203,77.29000091552734,76.37000274658203,76.48999786376953,16876500,MSFT,0.00916021902317854,0.015137954903971185,0.031430014433414755,69.49693603515625,68.19519233703613,67.20928543090821,0.00374419539512765,0.007233521673000828,0.09666707821871601,17806265.0,73.73010730411453,0.1963157617385468,0.004797182612562789,1
2017-10-13,70.46629333496094,77.48999786376953,77.87000274658203,77.29000091552734,77.58999633789062,15335700,MSFT,0.004797182612562789,0.019604756469759455,0.028946364024657667,69.76791839599609,68.29431037902832,67.3133592224121,0.0034825880044032182,0.007153720182976004,-0.09129855123988984,16644130.0,92.90042936422441,0.22370026684802768,0.002065252673243645,1
2017-10-16,70.61182403564453,77.6500015258789,77.80999755859375,77.3499984741211,77.41999816894531,12380100,MSFT,0.002065252673243645,0.017827086803673398,0.033129294969239,70.01526947021485,68.40752563476562,67.41075485229493,0.0035792483075078947,0.007108298884293209,-0.19272677478041433,16097785.0,93.12364839917717,0.2336506876141815,-0.0007728600673803099,0
2017-10-17,70.5572509765625,77.58999633789062,77.62000274658203,77.25,77.47000122070312,16824000,MSFT,-0.0007728600673803099,0.017040448892784887,0.028499579117324148,70.25170593261718,68.50528221130371,67.51212478637696,0.003781602097877979,0.007110509512636503,0.3589550972932367,16134320.0,91.00842655284075,0.21884945292028557,0.0002575669760642718,1
2017-10-18,70.57542419433594,77.61000061035156,77.8499984741211,77.37000274658203,77.66999816894531,13300700,MSFT,0.0002575669760642718,0.015571724601682435,0.03562819692253538,70.46813201904297,68.62668075561524,67.60680236816407,0.003992362872381329,0.006862202157577672,-0.2094210651450309,15719960.0,91.00839346626975,0.19345396055228203,0.0038659690726798868,1
2017-10-19,70.8482666015625,77.91000366210938,77.93000030517578,77.3499984741211,77.56999969482422,15092800,MSFT,0.0038659690726798868,0.010243838651218917,0.04985895757602621,70.61181182861328,68.79491386413574,67.71272598266602,0.002346597087983116,0.006312948052047746,0.13473726946702058,15515295.0,90.32983167088463,0.1785609384024318,0.011551412070180511,1
2017-10-20,71.66666412353516,78.80999755859375,78.97000122070312,78.22000122070312,78.31999969482422,22866400,MSFT,0.011551412070180511,0.017034680437471916,0.05913145405715814,70.85188598632813,68.99497184753417,67.85419387817383,0.004892127079989614,0.006633186788207551,0.5150535354606169,15953045.0,91.83230410549098,0.20544045435839664,0.000253899161898552,1
2017-10-23,71.68486022949219,78.83000183105469,79.33999633789062,78.76000213623047,78.98999786376953,20627200,MSFT,0.000253899161898552,0.015196267884341808,0.0760305135799082,71.06649322509766,69.24822845458985,67.97630661010743,0.005078586570556431,0.005098077500550418,-0.0979253402372039,15776945.0,98.7204210285289,0.20555789398233704,0.0003809117146902352,1
2017-10-24,71.71216583251953,78.86000061035156,79.19999694824219,78.45999908447266,78.9000015258789,17517200,MSFT,0.0003809117146902352,0.01636847864637847,0.07644038620789484,71.29747619628907,69.50285034179687,68.07924682617187,0.004885056019475218,0.00508428741330755,-0.1507717964629227,15751825.0,98.60110730189524,0.18900806505087586,-0.0029167642343594924,0
2017-10-25,71.50299835205078,78.62999725341797,79.0999984741211,78.01000213623047,78.58000183105469,20410800,MSFT,-0.0029167642343594924,0.01314301923514738,0.06472613641295188,71.48299102783203,69.72018852233887,68.1776399230957,0.00553601881283403,0.005180968814295349,0.16518621697531577,15794110.0,91.04872977360944,0.14735713711030896,0.0016533218324588095,1
2017-10-26,71.6212158203125,78.76000213623047,79.41999816894531,78.75,79.19999694824219,32120700,MSFT,0.0016533218324588095,0.010909924206006671,0.06619770426793181,71.63758087158203,69.94252815246583,68.27057678222656,0.0055005508598722636,0.005149612363102356,0.5737109765418309,16855955.0,91.31665607487434,0.11271382294174015,0.06411842255518385,1
2017-10-27,76.21345520019531,83.80999755859375,86.19999694824219,83.61000061035156,84.37000274658203,71066700,MSFT,0.06411842255518385,0.06344359866984517,0.12511709351949807,72.54693908691407,70.36628875732421,68.4780923461914,0.02879423528747149,0.014564110272276104,1.2124891425155742,19555335.0,96.41942330021264,0.3695435337660662,0.0009547072161129044,1
2017-10-30,76.28621673583984,83.88999938964844,84.33000183105469,83.11000061035156,83.69999694824219,31756700,MSFT,0.0009547072161129044,0.0641886793336397,0.1243799259858156,73.46721038818359,70.78823127746583,68.6854264831543,0.028720128199112117,0.01457527500211367,-0.5531423296705771,20377930.0,96.45444699260305,0.5063346698932976,-0.008463257327967377,0
2017-10-31,75.64058685302734,83.18000030517578,84.36000061035156,83.11000061035156,84.36000061035156,27086600,MSFT,-0.008463257327967377,0.05478039848472105,0.12011866903049673,74.25289459228516,71.19380645751953,68.88603179931641,0.029926183453822565,0.01474400282735733,-0.14705873091347654,21122740.0,88.58440185265351,0.5137170343753428,0.0,0
2017-11-01,75.64058685302734,83.18000030517578,83.76000213623047,82.87999725341797,83.68000030517578,22307400,MSFT,0.0,0.057865944035029315,0.1136693015277852,75.08041229248047,71.5798282623291,69.06826751708985,0.029612175760449617,0.014800683172621397,-0.1764414876728715,21572225.0,87.5929413013812,0.4796332178861431,0.01045916918716805,1
2017-11-02,76.43172454833984,84.05000305175781,84.45999908447266,83.12000274658203,83.3499984741211,23992900,MSFT,0.01045916918716805,0.06716597411716974,0.1063580647484017,76.04251403808594,71.94721069335938,69.27432846069335,0.02912667700095622,0.014598247263804062,0.07555788662058327,21712105.0,88.31769884356069,0.4707413108283478,0.0010709659426042517,1
2017-11-03,76.51358032226562,84.13999938964844,84.54000091552734,83.4000015258789,84.08000183105469,17633500,MSFT,0.0010709659426042517,0.003937954542041933,0.10710535121062748,76.1025390625,72.31732063293457,69.48257217407226,0.0067053103841777624,0.014587407660560582,-0.2650534116342751,21895790.0,88.22134887310624,0.43176770313533774,0.003921610467785275,1
2017-11-06,76.81363677978516,84.47000122070312,84.69999694824219,84.08000183105469,84.19999694824219,19860900,MSFT,0.003921610467785275,0.006913700357846331,0.10722249733837486,76.20802307128906,72.68924903869629,69.69445297241211,0.006851626590409422,0.014586897211852957,0.1263163864235688,22319510.0,89.26940180075604,0.3889235011169734,-0.0023677714512058134,0
2017-11-07,76.63175964355469,84.2699966430664,84.9000015258789,83.93000030517578,84.7699966430664,17939700,MSFT,-0.0023677714512058134,0.013103716295237433,0.1046008475190443,76.40625762939453,73.05208358764648,69.90251403808594,0.004931746205699693,0.014640857274333289,-0.09673277646028122,22519270.0,87.24828120806251,0.314256938029265,0.0034416610133649606,1
2017-11-08,76.89550018310547,84.55999755859375,84.61000061035156,83.83000183105469,84.13999938964844,18034200,MSFT,0.0034416610133649606,0.016590475858106135,0.10651684529772609,76.65724029541016,73.42219390869141,70.1118489074707,0.004710421039745725,0.014624888275344158,0.005267646616164079,22651535.0,87.23398858115657,0.25128090403739356,-0.005558373889394286,0
2017-11-09,76.46808624267578,84.08999633789062,84.2699966430664,82.9000015258789,84.11000061035156,21178400,MSFT,-0.005558373889394286,0.0004757408595816859,0.09037830684779968,76.66451263427734,73.73910484313964,70.29517578125,0.004025582494143909,0.014783081780665808,0.17434651939093504,22866630.0,81.05867535785,0.1542529907057708,-0.002616128686273589,0
2017-11-10,76.26803588867188,83.87000274658203,84.0999984741211,83.2300033569336,83.79000091552734,19397800,MSFT,-0.002616128686273589,-0.0032091614659717216,0.08233358502528865,76.61540374755859,74.0291919708252,70.46067947387695,0.004139711312320175,0.014866245178177034,-0.08407622861028219,23069735.0,78.96544740927895,0.055126621801275144,0.0007155429984022632,1
2017-11-13,76.3226089477539,83.93000030517578,83.94000244140625,83.45999908447266,83.66000366210938,14196900,MSFT,0.0007155429984022632,-0.0063924565040315295,0.08087575969184146,76.51719818115234,74.31473121643066,70.64236999511719,0.0034477963881480466,0.014878858927508084,-0.26811803400385614,23160575.0,79.03769566688194,-0.023994823691546596,0.0014296628756576002,1
2017-11-14,76.43172454833984,84.05000305175781,84.0999984741211,82.9800033569336,83.5,18801300,MSFT,0.0014296628756576002,-0.0026103419280111284,0.08325825468637804,76.47719116210938,74.60845489501953,70.8322445678711,0.003563756661093167,0.014849815367743636,0.32432432432432434,23259440.0,81.4385408251657,-0.08289442720066065,-0.007772363888054579,0
2017-11-15,75.8376693725586,82.9800033569336,83.69000244140625,82.69000244140625,83.47000122070312,19383100,MSFT,-0.007772363888054579,-0.013756732292890206,0.07456200565982551,76.265625,74.87156715393067,71.01405776977539,0.003956262779439925,0.015066362908378426,0.03094466871971613,23563560.0,75.35600601578824,-0.1707175404188579,0.0026510546322280337,1
2017-11-16,76.0387191772461,83.19999694824219,83.41999816894531,82.94000244140625,83.0999984741211,20962800,MSFT,0.0026510546322280337,-0.005614983799477669,0.07326153235157795,76.17975158691407,75.13108978271484,71.18279571533203,0.004200690008634593,0.0150681336264222,0.08149883145626857,23857060.0,47.773108508333706,-0.22093467431495384,-0.009615366284832616,0
2017-11-17,75.30757904052734,82.4000015258789,83.12000274658203,82.23999786376953,83.12000274658203,22079000,MSFT,-0.009615366284832616,-0.012593176642787918,0.050803465760819844,75.98766021728515,75.31313552856446,71.34345809936524,0.005717077835540367,0.015226128799742873,0.053246703684622254,23817690.0,39.3201361459506,-0.30393527326377234,0.0015777985687965845,1
2017-11-20,75.42639923095703,82.52999877929688,82.58999633789062,82.25,82.4000015258789,16315000,MSFT,0.0015777985687965845,-0.011742388384683888,0.05219427072169314,75.80841827392578,75.50021247863769,71.49231063842774,0.005850459201244316,0.015218327488103417,-0.2610625481226505,23602080.0,47.35889456275095,-0.34819767205360463,0.014418959429569611,1
2017-11-21,76.51396942138672,83.72000122070312,83.83999633789062,82.73999786376953,82.73999786376953,21237500,MSFT,0.014418959429569611,0.001076056749116816,0.06695939988873834,75.82486724853516,75.74030265808105,71.66436981201171,0.00961731872272772,0.0154302636217432,0.30171621207477783,23788095.0,58.491881691076976,-0.30324243463161626,-0.007286187364260233,0
2017-11-22,75.95647430419922,83.11000061035156,83.9000015258789,83.04000091552734,83.83000183105469,20553100,MSFT,-0.007286187364260233,0.0015665688650976506,0.06228376508382749,75.84862823486328,75.96297645568848,71.81563949584961,0.009517849560573497,0.01555417386525777,-0.032226015303119526,23795210.0,45.159214681819314,-0.30901701300702156,0.0018048835413684294,1
2017-11-24,76.09356689453125,83.26000213623047,83.43000030517578,82.77999877929688,83.01000213623047,7425600,MSFT,0.0018048835413684294,0.000721313008406943,0.062444500878611864,75.8595977783203,76.18659400939941,71.97765380859374,0.009474112193361446,0.015553450035955974,-0.6387114352579416,22560455.0,45.76944830384479,-0.3012540670931796,0.007326341904377642,1
2017-11-27,76.65105438232422,83.87000274658203,83.9800033569336,83.30000305175781,83.30999755859375,18265200,MSFT,0.007326341904377642,0.017839842402500805,0.005741757554219795,76.12829284667968,76.20847396850586,72.14099624633789,0.008011730750735382,0.006218222142464776,1.4597608274078864,19920380.0,48.44313914580868,-0.25789777047957374,0.012042532518042881,1
2017-11-28,77.57412719726562,84.87999725341797,85.05999755859375,84.0199966430664,84.06999969482422,21926000,MSFT,0.012042532518042881,0.028474486230374296,0.016882610208414084,76.5578384399414,76.27286949157715,72.32552841186524,0.00869911588362425,0.006750703139988729,0.20042485163042278,19428845.0,57.90221869641989,-0.1705864572256024,-0.018143459998607336,0
2017-11-29,76.16666412353516,83.33999633789062,84.91999816894531,83.18000030517578,84.70999908447266,27381100,MSFT,-0.018143459998607336,-0.004539109661646723,0.006954960192601334,76.48837738037109,76.29917335510254,72.47681930541992,0.012047890145774447,0.007730228646552641,0.2487959500136825,19443570.0,44.87197380428364,-0.20864254922365078,0.009959315125423807,1
2017-11-30,76.92523193359375,84.16999816894531,84.5199966430664,83.33999633789062,83.51000213623047,33054600,MSFT,0.009959315125423807,0.012754115278109657,0.01698354195826801,76.68212890625,76.36340560913087,72.65237487792969,0.012212519893389104,0.008020141775267617,0.20720496985146686,19980930.0,53.07322627467675,-0.18457496950213392,0.001069153397130762,1
2017-12-01,77.00747680664062,84.26000213623047,84.80999755859375,83.22000122070312,83.5999984741211,29532100,MSFT,0.001069153397130762,0.012010343967395976,0.007532896342494988,76.86491088867187,76.3921932220459,72.84285232543945,0.012228885202364738,0.007697798319726671,-0.10656610577650316,20257890.0,55.050999881177475,-0.1655718043163097,-0.037740337269718705,0
2017-12-04,74.10118865966797,81.08000183105469,84.43000030517578,80.69999694824219,84.41999816894531,39094900,MSFT,-0.037740337269718705,-0.033265892337734804,-0.0315289345033517,76.35493774414063,76.27157363891601,72.97156600952148,0.02111596501997309,0.011482380488543257,0.32381036228375226,21330960.0,39.08013387398984,-0.3410829173135612,0.006290288554310575,1
2017-12-05,74.56730651855469,81.58999633789062,82.68000030517578,80.9800033569336,81.33999633789062,26152300,MSFT,0.006290288554310575,-0.03876061242770801,-0.029243899330927525,75.75357360839844,76.1592571258545,73.130517578125,0.019974762262727732,0.011553641501194102,-0.33105596893712474,21645530.0,41.14582238818191,-0.4133147592453533,0.014585387744193934,1
2017-12-06,75.65489959716797,82.77999877929688,83.13999938964844,81.43000030517578,81.55000305175781,26162100,MSFT,0.014585387744193934,-0.006719009323253977,-0.012747456810733415,75.651220703125,76.11041412353515,73.31122100830078,0.021036593957147784,0.012089803381593668,0.00037472803539273514,22056650.0,49.17088675938412,-0.3764235178289489,-0.0035035460520869144,0
2017-12-07,75.38983917236328,82.48999786376953,82.80000305175781,82.0,82.54000091552734,23184500,MSFT,-0.0035035460520869144,-0.019959546726565747,-0.019580612742707615,75.34414215087891,76.03513107299804,73.47589309692383,0.020097024361392556,0.012068206177765972,-0.11381349356511905,22314165.0,47.073429562043295,-0.35853518287339803,0.020245009435311268,1
2017-12-08,76.91610717773438,84.16000366210938,84.58000183105469,83.33000183105469,83.62999725341797,24489100,MSFT,0.020245009435311268,-0.0011865033461059271,0.005858926999124492,75.32586822509765,76.05753211975097,73.67072677612305,0.022906148352696117,0.01289686226624827,0.05627035303758987,22479700.0,56.76924904561465,-0.2383596678675205,0.012713821329819686,1
2017-12-11,77.89400482177734,85.2300033569336,85.37000274658203,84.12000274658203,84.29000091552734,22857900,MSFT,0.012713821329819686,0.0511842823403148,0.021319139979937285,76.08443145751953,76.13883056640626,73.87384201049805,0.00907519467087738,0.013162737634493908,-0.06660922614550968,22652705.0,59.68431377950351,-0.094824774583816,0.004106183879817316,1
2017-12-12,78.21385192871094,85.58000183105469,86.05000305175781,85.08000183105469,85.30999755859375,23924100,MSFT,0.004106183879817316,0.04890273741145368,0.024779590307921318,76.81374053955078,76.2333927154541,74.08117172241211,0.009350759614286178,0.013178829759849502,0.04664470489415029,23139065.0,57.0991149325892,0.014047865062022935,-0.0026870806892863586,0
2017-12-13,78.0036849975586,85.3499984741211,86.0,85.16999816894531,85.73999786376953,22062700,MSFT,-0.0026870806892863586,0.03104604477564532,0.02056685831057692,77.2834976196289,76.31199073791504,74.29066375732423,0.010212884971728594,0.013208943649985578,-0.07780438971580961,23302135.0,58.80508015178502,0.061631316346083986,-0.00773261291777394,0
2017-12-14,77.4005126953125,84.69000244140625,85.87000274658203,84.52999877929688,85.43000030517578,19306000,MSFT,-0.00773261291777394,0.026670351668375725,0.020607744616680135,77.68563232421874,76.39013290405273,74.48027099609375,0.011328961607554,0.01320754094230208,-0.12494844239372338,23298280.0,55.4045117943696,0.04308433370194131,0.02550448297887442,1
2017-12-15,79.37457275390625,86.8499984741211,87.08999633789062,84.87999725341797,85.26000213623047,53936700,MSFT,0.02550448297887442,0.031962948547187287,0.04387045984933402,78.17732543945313,76.55692558288574,74.68608093261719,0.01315685346683514,0.014292462054233854,1.7937791360198903,24946975.0,60.0812653170268,0.14843509018116963,-0.005411780944317934,0
2017-12-18,78.94501495361328,86.37999725341797,87.5,86.2300033569336,87.12000274658203,22283800,MSFT,-0.005411780944317934,0.01349282443803812,0.04830106025753955,78.38752746582031,76.73879737854004,74.88275360107421,0.013469105836156358,0.014138924451305244,-0.5868527366338689,24957215.0,55.266849609950924,0.1721882984459081,-0.006367056871136034,0
2017-12-19,78.44236755371094,85.83000183105469,86.3499984741211,85.2699966430664,86.3499984741211,23524800,MSFT,-0.006367056871136034,0.0029216771628672866,0.03998558002906849,78.43323059082032,76.88959579467773,75.06409957885742,0.014010114919563646,0.014275869931040167,0.05569068112260922,25317705.0,59.39636407166011,0.1384957024107435,-0.0036117926415718538,0
2017-12-20,78.15904998779297,85.5199966430664,86.30000305175781,84.70999908447266,86.19999694824219,23674900,MSFT,-0.0036117926415718538,0.001991764751104297,0.021500395010828344,78.46430358886718,76.97184982299805,75.23977920532226,0.014071333682532492,0.014021352991300707,0.006380500578113235,25439575.0,55.30253002938509,0.08424486859891533,-0.00023417528083213845,0
2017-12-21,78.1407470703125,85.5,86.0999984741211,85.4000015258789,86.05000305175781,17990700,MSFT,-0.00023417528083213845,0.009563688265398662,0.028756900397528318,78.61235046386719,77.08106346130371,75.41272827148437,0.01335930123434412,0.013885837658472148,-0.24009393915074617,25311455.0,54.89732562632621,0.03667305262582643,0.0001173591572949384,1
2017-12-22,78.14991760253906,85.51000213623047,85.62999725341797,84.91999816894531,85.4000015258789,14145800,MSFT,0.0001173591572949384,-0.015428809363977614,0.027023975769962183,78.36741943359375,77.1838809967041,75.57312927246093,0.0029514514911915648,0.013889083166219365,-0.21371597547621823,25647465.0,73.34051130750846,-0.0025489850858460006,-0.0012866989883890678,0
2017-12-26,78.04936218261719,85.4000015258789,85.52999877929688,85.02999877929688,85.30999755859375,9891200,MSFT,-0.0012866989883890678,-0.011345273308547288,0.018242512272804712,78.18828887939453,77.25379638671875,75.72479064941406,0.002710950936343415,0.013829922535598064,-0.30076771904028055,25228765.0,70.95700599506289,-0.04147810379082073,0.0036300770101052038,1
2017-12-27,78.33268737792969,85.70999908447266,85.9800033569336,85.22000122070312,85.6500015258789,14678000,MSFT,0.0036300770101052038,-0.0013982262290356262,0.009778520340101293,78.16635284423828,77.29172439575196,75.87920791625976,0.002625020850545534,0.013602318276765753,0.4839453251374959,24866365.0,67.8439498962357,-0.05358999676949294,0.00011677939758203415,1
2017-12-28,78.34183502197266,85.72000122070312,85.93000030517578,85.55000305175781,85.9000015258789,10594300,MSFT,0.00011677939758203415,0.002338629169728046,0.0285580433837771,78.20290985107422,77.40048294067383,76.03489959716796,0.0018585647931930352,0.012873046012706507,-0.2782191034200845,24027025.0,70.36579306395379,-0.06563367510551976,-0.002100030764223604,0
2017-12-29,78.17731475830078,85.54000091552734,86.05000305175781,85.5,85.62999725341797,18717400,MSFT,-0.002100030764223604,0.00046797208062754336,0.016276620729436253,78.21022338867188,77.46308708190918,76.18693740844726,0.0021923158221387913,0.012737085721807172,0.7667424936050518,23310165.0,60.714188494638016,-0.08793673603404661,0.0047931770688318664,1
2018-01-02,78.55203247070312,85.94999694824219,86.30999755859375,85.5,86.12999725341797,22483800,MSFT,0.0047931770688318664,0.005145429201975249,0.02005721688480655,78.29064636230468,77.54031486511231,76.34101272583008,0.0030380939165623355,0.01276710192851264,0.20122452904783783,22957750.0,56.22836295781706,-0.0808876824223217,0.004653761684666691,1
2018-01-03,78.91759490966797,86.3499984741211,86.51000213623047,85.97000122070312,86.05999755859375,26061400,MSFT,0.004653761684666691,0.011124148907448062,0.064997692170915,78.46429290771485,77.7811351776123,76.48603134155273,0.003066714376554614,0.00892542388668698,0.15911901013173924,22306075.0,56.603916773222636,-0.05621072387231707,0.008801623606290443,1
2018-01-04,79.61219787597656,87.11000061035156,87.66000366210938,86.56999969482422,86.58999633789062,21912000,MSFT,0.008801623606290443,0.016334311267448998,0.06765553957841486,78.72019500732422,78.0333797454834,76.64457809448243,0.004289881135744979,0.008988760282977942,-0.15921631224723154,22094060.0,63.83628853476348,-0.0006518295938053864,0.01239807071058463,1
2018-01-05,80.59923553466797,88.19000244140625,88.41000366210938,87.43000030517578,87.66000366210938,23407100,MSFT,0.01239807071058463,0.028814751557225682,0.06535381004834595,79.17167510986329,78.2805965423584,76.8223194885254,0.005413898970425612,0.008856775362429707,0.06823201898503095,21956310.0,75.8106159757988,0.09001475921060176,0.0010204175325150278,1
2018-01-08,80.68148040771484,88.27999877929688,88.58000183105469,87.5999984741211,88.19999694824219,22113000,MSFT,0.0010204175325150278,0.032031870845860455,0.07019037702485775,79.6725082397461,78.54517860412598,77.00588912963867,0.004367310752791594,0.008733272156061104,-0.055286643796113144,21902735.0,65.1799718907461,0.1399863547269644,-0.0006797109772093135,0
2018-01-09,80.62664031982422,88.22000122070312,88.7300033569336,87.86000061035156,88.6500015258789,19484300,MSFT,-0.0006797109772093135,0.02641061960929969,0.04824130183182196,80.08742980957031,78.73070526123047,77.1859976196289,0.005410976386277979,0.007818767212283544,-0.11887577443133002,21652495.0,71.39476463371074,0.15276402406197442,-0.004534110151548587,0
2018-01-10,80.26107025146484,87.81999969482422,88.19000244140625,87.41000366210938,87.86000061035156,18652200,MSFT,-0.004534110151548587,0.017023774524992374,0.030388287713584372,80.35612487792969,78.84905853271485,77.2669499206543,0.006989266135584508,0.007566969661316018,-0.04270617882089678,21442210.0,73.97499723420732,0.1213811929485199,0.0029606522978800065,1
2018-01-11,80.49869537353516,88.08000183105469,88.12999725341797,87.23999786376953,88.12999725341797,17808900,MSFT,0.0029606522978800065,0.011135196882010812,0.029212772270911458,80.5334243774414,78.96330070495605,77.3511994934082,0.0063167666111269205,0.0075507203746045925,-0.045211824878566564,21136450.0,81.21839089820749,0.10218241113730153,0.017257022355436025,1
2018-01-12,81.88786315917969,89.5999984741211,89.77999877929688,88.44999694824219,88.66999816894531,24271500,MSFT,0.017257022355436025,0.01598808742990432,0.04979480343451281,80.79114990234375,79.1575096130371,77.47614501953124,0.008325806925494226,0.008257091381754464,0.36288597274396506,21246890.0,86.60660248823115,0.1648826554428371,-0.013951004015016588,0
2018-01-16,80.74544525146484,88.3499984741211,90.79000091552734,88.01000213623047,90.0999984741211,36599700,MSFT,-0.013951004015016588,0.0007928070162663836,0.04321589663520298,80.80394287109375,79.32475624084472,77.5782421875,0.011423651551637697,0.008762867939981624,0.5079290525925468,22111575.0,70.75978642257819,0.11369308662830147,0.02026046852132679,1
2018-01-17,82.38138580322266,90.13999938964844,90.27999877929688,88.75,89.08000183105469,25621200,MSFT,0.02026046852132679,0.02176384227890238,0.03788131318374166,81.15489196777344,79.47509689331055,77.69723541259765,0.014452567853257011,0.008079186575272002,-0.2999614750940581,20695800.0,77.81674098416553,0.17085224773586494,-0.00044360506258023236,0
2018-01-18,82.34484100341797,90.0999984741211,90.66999816894533,89.66000366210938,89.80000305175781,24159700,MSFT,-0.00044360506258023236,0.02596240924055082,0.04306574711275135,81.57164611816407,79.64508819580078,77.8138606262207,0.013926719064345696,0.007917572091019141,-0.05704260534245076,20789595.0,76.60600541347297,0.18580240128015868,-0.0011102460525022062,0
2018-01-19,82.25341796875,90.0,90.61000061035156,89.66000366210938,90.13999938964844,36875000,MSFT,-0.0011102460525022062,0.02179814948642922,0.048584081968581216,81.92259063720704,79.83564071655273,77.92265625,0.01420774545408495,0.007704690111474951,0.5263020650090853,21457105.0,75.65909520859128,0.16958737285553016,0.01788905048826095,1
2018-01-22,83.724853515625,91.61000061035156,91.62000274658205,89.73999786376953,90.0,23601600,MSFT,0.01788905048826095,0.0224329990498644,0.07121124845684923,82.2899887084961,80.11393089294434,78.0645181274414,0.014352774090814924,0.008298423074801553,-0.35995661016949154,21453440.0,81.06427173200701,0.2340400903514923,0.0031656689129491156,1
2018-01-23,83.98989868164062,91.9000015258789,92.3000030517578,91.54000091552734,91.9000015258789,23412800,MSFT,0.0031656689129491156,0.040181256293424505,0.07485405285497149,82.93887939453126,80.40638847351075,78.20640609741211,0.010317010499014656,0.008253077335739496,-0.00799945766388721,21724545.0,80.82880039862144,0.26815262977642673,-0.0008704914393348195,0
2018-01-24,83.91678619384766,91.81999969482422,93.43000030517578,91.58000183105467,92.5500030517578,33277500,MSFT,-0.0008704914393348195,0.01863771015326776,0.07379238223433804,83.24595947265625,80.69473190307617,78.35538009643555,0.008105686057359042,0.008278236674038021,0.42133790063554977,22681130.0,79.31386513870149,0.25926869213533577,0.005554251918399755,1
2018-01-25,84.38288116455078,92.33000183105467,93.23999786376952,91.93000030517578,92.47000122070312,26383200,MSFT,0.005554251918399755,0.024750064925721516,0.08114760716576574,83.65356750488282,81.01140785217285,78.51767700195313,0.007771256699514112,0.008206781905092712,-0.20717601983322065,23505730.0,78.74425048795578,0.2577211408608373,0.01873712787063342,1
2018-01-26,85.96397399902344,94.05999755859376,94.05999755859376,92.58000183105467,93.12000274658205,29172200,MSFT,0.01873712787063342,0.045111268588050146,0.0974214836301388,84.3956787109375,81.39297218322754,78.71050430297852,0.008903806498275053,0.008846956199918234,0.10571121016404383,24230440.0,80.16421220609747,0.33142217984232003,-0.0014883554160782797,0
2018-01-29,85.83602905273438,93.91999816894533,95.4499969482422,93.72000122070312,95.13999938964844,31569900,MSFT,-0.0014883554160782797,0.025215637274484726,0.09566017988549547,84.81791381835937,81.76768188476562,78.8985903930664,0.008199697324966143,0.008897817689294941,0.0821912642858611,25279220.0,78.83419899193807,0.33860187040819456,-0.012563929355506764,0
2018-01-30,84.7575912475586,92.73999786376952,93.66000366210938,92.0999984741211,93.3000030517578,38635100,MSFT,-0.012563929355506764,0.009140296368589151,0.08417117561023835,84.97145233154296,82.09669570922851,79.0769888305664,0.011458630008136206,0.009593900821275534,0.22379545072996754,26275105.0,70.73384799191251,0.24228092139219104,0.024477046220628518,1
2018-01-31,86.83220672607422,95.01000213623048,95.4000015258789,93.51000213623048,93.75,48756300,MSFT,0.024477046220628518,0.03474180392814308,0.1054100574477086,85.55453643798828,82.51070442199708,79.29285858154297,0.01500067412737356,0.010623910672058054,0.2619690385167892,27588730.0,78.15180215044766,0.2868053671666735,-0.007893845950948664,0
2018-02-01,86.14676666259766,94.26000213623048,96.06999969482422,93.58000183105467,94.79000091552734,47227900,MSFT,-0.007893845950948664,0.02090335709925828,0.09160405561274976,85.90731353759766,82.87216300964356,79.50964233398437,0.016447797309765186,0.011013546155931154,-0.03134774377875271,28647055.0,73.30309791340348,0.24048094860298352,-0.02630995598519903,0
2018-02-02,83.8802490234375,91.77999877929688,93.97000122070312,91.5,93.63999938964844,47867800,MSFT,-0.02630995598519903,-0.024239514283153185,0.05361051775143677,85.49056854248047,83.0855655670166,79.67871932983398,0.018712504835834184,0.01291717358434569,0.013549194438033485,29944845.0,57.66534383769124,0.038193842554873125,-0.041185783391326725,0
2018-02-05,80.42557525634766,88.0,93.23999786376952,88.0,90.55999755859376,51031500,MSFT,-0.041185783391326725,-0.06303243353746879,-0.002154614459657256,84.40847778320312,83.07688255310059,79.75695144653321,0.0245046987547503,0.015989946964917942,0.06609244627912703,31326065.0,48.95524128678311,-0.32715582997458514,0.03784105189174913,1
2018-02-06,83.46896362304688,91.33000183105467,91.4800033569336,85.25,86.88999938964844,67998600,MSFT,0.03784105189174913,-0.01520368388889104,0.03454923237954732,84.15075225830078,83.21625671386718,79.90720123291015,0.033345515387213816,0.018093231383853447,0.3324828782222744,33620345.0,53.25314963379218,-0.3601209275481998,-0.018832690885305925,0
2018-02-07,81.89701843261719,89.61000061035156,91.7699966430664,89.19999694824219,90.48999786376952,41107600,MSFT,-0.018832690885305925,-0.056835919292318016,0.015756307192681174,83.16371459960938,83.27977561950684,80.02327026367188,0.030006842155021713,0.01867313746713887,-0.39546402425932303,34701510.0,48.773167317178995,-0.4767447449281048,-0.05133362758964022,0
2018-02-08,77.69294738769531,85.01000213623047,89.87999725341797,84.76000213623047,89.70999908447266,55628700,MSFT,-0.05133362758964022,-0.09813275184212733,-0.03199711710451136,81.4729507446289,83.15136947631837,80.0441081237793,0.03470371978299157,0.022027294856497272,0.3532461150736117,36550335.0,39.80390752131329,-0.8065801391235994,0.03728962023377336,1
2018-02-09,80.590087890625,88.18000030517578,88.93000030517578,83.83000183105469,86.30000305175781,63499100,MSFT,0.03728962023377336,-0.03922450363604879,0.0011353291710598512,80.8149185180664,83.15593910217285,80.10442733764648,0.0425621396079042,0.02366124414609199,0.14148092621254849,38834845.0,43.411456830033295,-0.7977408121312375,0.010773537778289377,1
2018-02-12,81.45832824707031,89.12999725341797,89.77999877929688,87.93000030517578,88.73999786376953,35720300,MSFT,0.010773537778289377,0.012841101694714308,-0.00524540384298966,81.02146911621094,83.13446235656738,80.21026062011718,0.03833668420677943,0.023460609620049706,-0.43746761765127384,39407285.0,44.81080644888875,-0.704751558035957,0.007853586048242711,1
2018-02-13,82.09806823730469,89.83000183105469,90.0,87.80000305175781,88.93000030517578,26407700,MSFT,0.007853586048242711,-0.016424013504387935,0.01675169393923559,80.7472900390625,83.20209350585938,80.31371734619141,0.03360604558911277,0.02328413827979928,-0.26070889662180885,38897685.0,46.356638955381236,-0.5768694984404236,0.015658004761374578,1
2018-02-14,83.38356018066406,90.80999755859376,90.98999786376952,88.41000366210938,88.51000213623047,34960900,MSFT,0.015658004761374578,0.0181513536939073,0.012165058497986658,81.04459838867187,83.25220222473145,80.44123901367188,0.03304026915798923,0.023106772378638292,0.3238903804572151,39364670.0,48.0617342301615,-0.39129590989261387,0.020372395178077207,1
2018-02-15,85.08228302001953,92.66000366210938,92.72000122070312,90.62000274658205,91.20999908447266,27823900,MSFT,0.020372395178077207,0.09510947751088294,0.03324363716347367,82.52246551513672,83.38907432556152,80.6608609008789,0.011593272270081664,0.023510234275484963,-0.2041423418733499,39547880.0,48.29765526742124,-0.1520271898962121,-0.007122639584896007,0
2018-02-16,84.47627258300781,92.0,93.5,91.8000030517578,92.4499969482422,30596900,MSFT,-0.007122639584896007,0.04822162122042917,0.027024464990650365,83.29970245361328,83.50021705627441,80.85904022216796,0.010449575114697206,0.023589073825531128,0.09966252035120893,39233975.0,47.42220743719174,-0.038382456133305154,0.007825893291779185,1
2018-02-20,85.13737487792969,92.72000122070312,93.05999755859376,91.01000213623048,91.4800033569336,30911700,MSFT,0.007825893291779185,0.045164769643939895,0.016870992339700797,84.03551177978515,83.57084312438965,81.0486897277832,0.01044340251032231,0.02332924411076394,0.010288624010929226,39599480.0,50.73156021208325,0.07151780779375982,-0.013265734251947658,0
2018-02-21,84.00796508789062,91.48999786376952,93.36000061035156,91.48999786376952,92.9800033569336,26922500,MSFT,-0.013265734251947658,0.023263602805675854,0.00021510213172759585,84.41749114990235,83.57174644470214,81.22105224609375,0.01447424657773784,0.023540937979103834,-0.12905145947974395,39774965.0,44.35420281915434,0.05888065528346753,0.002623173069483009,1
2018-02-22,84.22833251953125,91.7300033569336,92.7300033569336,91.36000061035156,92.0500030517578,24392800,MSFT,0.002623173069483009,0.01013116179060769,0.0037125626446647964,84.58644561767578,83.58732376098632,81.36729675292969,0.013115848849355431,0.023544946421295065,-0.09396229919212551,39330730.0,46.09229623537756,0.05610731254916512,0.02540068927686079,1
2018-02-23,86.36779022216797,94.05999755859376,94.06999969482422,92.36000061035156,93.5999984741211,26329200,MSFT,0.02540068927686079,0.01510898810561967,0.023522650924261645,84.84354705810547,83.68656921386719,81.5367724609375,0.014935038441238167,0.024181002634778445,0.07938408054835855,39328030.0,55.093295408852995,0.1820057757330964,0.01445867764908293,1
2018-02-26,87.6165542602539,95.41999816894533,95.4499969482422,94.25,94.4000015258789,30199800,MSFT,0.01445867764908293,0.03717353502026732,0.019224102660135856,85.47160339355469,83.76919822692871,81.72482650756837,0.01435201564891193,0.024038456832450008,0.14700788478191518,39379410.0,66.18579935389788,0.3246966117743175,-0.01278526781037781,0
2018-02-27,86.49635314941406,94.1999969482422,95.83999633789062,94.1999969482422,95.73999786376952,25869100,MSFT,-0.01278526781037781,0.015962181984503054,0.007692854666820681,85.74339904785157,83.80221443176269,81.89467987060547,0.01693054268555187,0.024237565601784736,-0.14340161193120482,39094370.0,57.460055092275425,0.3185106216619287,-0.004564775408498534,0
2018-02-28,86.10151672363281,93.7699966430664,95.70999908447266,93.62999725341795,94.83999633789062,31167300,MSFT,-0.004564775408498534,0.024920870700199327,0.015856107474183645,86.162109375,83.86941070556641,82.06869995117188,0.015158340779259429,0.02407323763380801,0.20480805285069836,38720980.0,60.99873385990711,0.2649009304448666,-0.009811263977894447,0
2018-03-01,85.25675201416016,92.8499984741211,94.56999969482422,91.83999633789062,93.98999786376952,37135600,MSFT,-0.009811263977894447,0.012209899731665974,-0.018143667785434525,86.36779327392578,83.7906379699707,82.18634353637695,0.016602419848320605,0.02353296528006143,0.1914923653957834,38139945.0,74.00560112855524,0.15506015596946532,0.0021541377171598874,1
2018-03-02,85.4404067993164,93.0500030517578,93.1500015258789,90.86000061035156,91.58000183105467,32830400,MSFT,0.0021541377171598874,-0.010737607393520365,-0.00819949361590988,86.18231658935547,83.75531997680665,82.31625137329101,0.010862788328070808,0.023477379288196366,-0.11593188207542093,37420070.0,68.59675921836049,0.08101077889697295,0.006340564585008535,1
2018-03-05,85.98214721679688,93.63999938964844,94.2699966430664,92.26000213623048,92.33999633789062,23901600,MSFT,0.006340564585008535,-0.01865408948407432,0.025058320854198568,85.85543518066406,83.86041488647462,82.46704696655273,0.007995557973962232,0.022684232066995977,-0.27196744480725177,36221760.0,67.79032982014829,0.05594409557866575,-0.0034177023797650197,0
2018-03-06,85.68828582763672,93.31999969482422,94.48999786376952,92.94000244140624,94.33999633789062,22175800,MSFT,-0.0034177023797650197,-0.009342212617698298,0.06543578400918793,85.69382171630859,84.12355041503906,82.61763168334961,0.006251547938335037,0.020402363274039256,-0.07220437125548085,34778975.0,64.51368751422602,0.009439189621513133,0.005786934500662699,1
2018-03-07,86.18415832519531,93.86000061035156,93.94000244140624,92.43000030517578,93.16000366210938,26716100,MSFT,0.005786934500662699,0.0009598158628001396,0.032529392774187205,85.7103500366211,84.25931015014649,82.77849990844726,0.0068200375157229,0.0187438013255396,0.20474120437594134,32714850.0,62.0936815554554,0.0023125429232631056,0.006072768766493208,1
2018-03-08,86.70753479003906,94.43000030517578,95.0999984741211,93.7699966430664,94.2699966430664,25887800,MSFT,0.006072768766493208,0.017016632015701694,0.058738601837865945,86.00050659179688,84.49983596801758,82.94965225219727,0.004168947904982128,0.018119910216047135,-0.031003776748851797,31953860.0,57.81114214830335,0.021990985025717613,0.022344616288881625,1
2018-03-09,88.64498138427734,96.54000091552734,96.54000091552734,95.0,95.29000091552734,36937300,MSFT,0.022344616288881625,0.03750654643402962,0.1409656135444357,86.64142150878907,85.04743766784668,83.16156463623047,0.009298480147447332,0.013350856939620638,0.426822673228316,31019290.0,67.76207958983454,0.14763129126462848,0.0023824165420489596,1
2018-03-12,88.85617065429688,96.7699966430664,97.20999908447266,96.04000091552734,96.5,26073700,MSFT,0.0023824165420489596,0.03342581606218076,0.10256947200368383,87.21622619628906,85.46074180603027,83.37203430175781,0.009578212869302176,0.011259168499044835,-0.2941092066826758,29148020.0,66.47680408886245,0.2225979775026854,-0.024387896301705014,0
2018-03-13,86.68915557861328,94.41000366210938,97.23999786376952,93.97000122070312,97.0,35387800,MSFT,-0.024387896301705014,0.011680356787505675,0.06421476408989646,87.41640014648438,85.72228317260742,83.53898071289062,0.016884401563503827,0.012924624007849609,0.357222028327395,29131395.0,60.87920497343576,0.10959475162475063,-0.005931430181735142,0
2018-03-14,86.17496490478516,93.8499984741211,95.41000366210938,93.5,95.12000274658205,32132000,MSFT,-0.005931430181735142,-0.00010667181288082084,0.04965886232178063,87.41456146240235,85.92612800598144,83.69893371582032,0.01711535483801727,0.013030300293747816,-0.09200345881914107,29417610.0,57.71470798287186,-0.010070954336098392,0.003516472814599325,1
2018-03-15,86.47799682617188,94.18000030517578,94.58000183105467,92.83000183105467,93.52999877929688,27611000,MSFT,0.003516472814599325,-0.0026472666351662344,0.037110872200745604,87.3686538696289,86.08084983825684,83.85745300292969,0.016929359928289495,0.01266299465982975,-0.14070085895680318,29050115.0,50.51116494650551,-0.07546330910686083,0.004459258548243028,1
2018-03-16,86.8636245727539,94.5999984741211,95.37999725341795,93.91999816894533,94.68000030517578,49081300,MSFT,0.004459258548243028,-0.02009540510591601,0.02093669198222181,87.01238250732422,86.16991691589355,84.0163735961914,0.012126294739225765,0.011919297893177203,0.7775995074426858,30112985.0,46.2037703798076,-0.09796713475721708,-0.018075886559519416,0
2018-03-19,85.29348754882812,92.88999938964844,93.9000015258789,92.11000061035156,93.73999786376952,33344100,MSFT,-0.018075886559519416,-0.040094943088755164,0.00967389943746988,86.29984588623047,86.21077766418458,84.12999938964843,0.012866552499933315,0.012552026758792145,-0.3206353539942911,30250345.0,44.19844126023889,-0.2169986252312508,0.002583547801582764,1
2018-03-20,85.51384735107422,93.12999725341795,93.7699966430664,93.0,93.0500030517578,23075200,MSFT,0.002583547801582764,-0.013557730718385508,0.0044219412882335885,86.06478424072266,86.2296012878418,84.22829162597657,0.009548231290123976,0.012446522641705348,-0.3079675264889441,29858520.0,47.117082522095245,-0.2755320502638673,-0.006979542526362459,0
2018-03-21,84.91699981689453,92.4800033569336,94.0500030517578,92.20999908447266,92.93000030517578,24457100,MSFT,-0.006979542526362459,-0.01459780214915729,0.010820815955401963,85.81319122314453,86.27505302429199,84.31300201416016,0.009648177332789427,0.01216219927792199,0.059886804881431166,29735250.0,48.29173271056431,-0.3446023108463617,-0.029087420479035453,0
2018-03-22,82.44698333740234,89.79000091552734,91.75,89.66000366210938,91.2699966430664,38604700,MSFT,-0.029087420479035453,-0.04661316909169633,-0.02114904959938324,85.00698852539062,86.18598556518555,84.34940887451172,0.014181031439784041,0.013837348055586873,0.5784659669380261,30445845.0,37.76267790486456,-0.5354119262794993,-0.029067529876256826,0
2018-03-23,80.05045318603516,87.18000030517578,90.45999908447266,87.08000183105469,89.5,44068900,MSFT,-0.029067529876256826,-0.07843526470637063,-0.07314459499174897,83.64435424804688,85.8701187133789,84.34519653320312,0.013901335684175037,0.013732255263069712,0.1415423510608811,31332830.0,28.94397456417589,-0.7866128176447021,0.0757051812778673,1
2018-03-26,86.11068725585938,93.77999877929688,94.0,90.4000015258789,90.61000061035156,56396800,MSFT,0.0757051812778673,0.009581032860960459,-0.017187014681284363,83.80779418945312,85.79482536315918,84.4574363708496,0.04313657306357603,0.02220818657797836,0.2797414957033191,32642680.0,51.063882937327655,-0.5210136391954565,-0.045958517547201594,0
2018-03-27,82.15316772460938,89.47000122070312,95.13999938964844,88.51000213623047,94.94000244140624,56569000,MSFT,-0.045958517547201594,-0.03929982956640565,-0.05021235308386074,83.13565826416016,85.57766609191894,84.4627424621582,0.048302985037562286,0.024303159960639104,0.003053364729913799,34177675.0,41.35482287490796,-0.5835394729313612,-0.0008940395505935284,0
2018-03-28,82.07971954345703,89.38999938964844,91.2300033569336,88.87000274658203,89.81999969482422,52501100,MSFT,-0.0008940395505935284,-0.03341239421500397,-0.046709945808328546,82.56820220947266,85.37657623291015,84.48942794799805,0.048382675550099306,0.024298991132496544,-0.07191041029539147,35244365.0,39.879510554172036,-0.5992476357825677,0.021031286108570635,1
2018-03-29,83.80596160888672,91.2699966430664,92.29000091552734,88.4000015258789,90.18000030517578,45867500,MSFT,0.021031286108570635,0.016483056340860225,-0.01701672150297817,82.83999786376953,85.30403671264648,84.51791946411133,0.04755215837362753,0.024759077482849376,-0.1263516383466251,35680960.0,39.31896396678582,-0.4685701079694636,-0.03013050525667038,0
2018-04-02,81.28084564208984,88.5199966430664,90.87999725341795,87.51000213623047,90.47000122070312,48515400,MSFT,-0.03013050525667038,0.015370212248458914,-0.04868377051383421,83.08607635498046,85.09605865478515,84.49663955688476,0.04773987341442314,0.025609867062778267,0.05772932904562045,36465210.0,34.82890919008614,-0.5232349687635471,0.013443288835565559,1
2018-04-03,82.37352752685547,89.70999908447266,90.05000305175781,87.88999938964844,89.58000183105469,37213800,MSFT,0.013443288835565559,-0.04339948789282966,-0.04196940651926928,82.3386444091797,84.91562767028809,84.49904174804688,0.028646442617674534,0.02578298248130064,-0.23294871319209987,37130820.0,40.96845990988545,-0.45913126034098545,0.029205242300471834,1
2018-04-04,84.77926635742188,92.33000183105467,92.76000213623048,87.7300033569336,87.8499984741211,35560000,MSFT,0.029205242300471834,0.03196588403767464,-0.010608445033471137,82.86386413574219,84.87017669677735,84.52013000488282,0.023298908118595946,0.026693138776316634,-0.04444050325416915,37800030.0,47.293430180035564,-0.2391034562292504,0.0005413875287207937,1
2018-04-05,84.82516479492188,92.37999725341795,93.06999969482422,91.4000015258789,92.44000244140624,29771900,MSFT,0.0005413875287207937,0.03344852134894616,-0.015768484100588398,83.41295318603515,84.80222702026367,84.53683532714844,0.023193148108319336,0.026656972574849093,-0.16276996625421825,37952820.0,46.762504348740926,-0.08293420648714578,-0.02327327327327322,0
2018-04-06,82.85100555419922,90.2300033569336,92.45999908447266,89.4800033569336,91.48999786376952,38026000,MSFT,-0.02327327327327322,-0.011394846337354547,-0.04447744068815207,83.22196197509766,84.60940055847168,84.51551971435546,0.02481224144554223,0.027082639896772155,0.2772446501566914,38559730.0,42.60072008841849,-0.10370324957573895,0.005984558882234037,1
2018-04-09,83.34683227539062,90.7699966430664,93.16999816894533,90.62000274658205,91.04000091552734,31533900,MSFT,0.005984558882234037,0.025417878184955223,-0.05976817893298625,83.63515930175781,84.34449310302735,84.49479873657226,0.019217485594528,0.02655279009462438,-0.17072792300005257,38289560.0,46.26227148982947,-0.07641994475375913,0.023245776715612676,1
2018-04-10,85.28429412841797,92.87999725341795,93.27999877929688,91.63999938964844,92.38999938964844,26812000,MSFT,0.023245776715612676,0.03533618978030928,-0.040198407151435966,84.21731262207031,84.1658992767334,84.48120513916015,0.020713008476455366,0.02716760681777559,-0.14974043806823767,38326475.0,49.58650563731015,0.07172736759109177,-0.01098199981160064,0
2018-04-11,84.34770202636719,91.86000061035156,93.29000091552734,91.4800033569336,92.01000213623048,24872100,MSFT,-0.01098199981160064,-0.005090446633912227,-0.027009763062264103,84.13099975585938,84.0488265991211,84.45143859863282,0.017569172613216798,0.02674048893252536,-0.0723519319707594,37800690.0,48.98692323295023,0.10428488113272816,0.018724229174984508,1
2018-04-12,85.92704772949219,93.58000183105467,94.16000366210938,92.43000030517578,92.43000030517578,26758900,MSFT,0.018724229174984508,0.012990047673167249,-0.002876904859397289,84.35137634277343,84.03643074035645,84.47482772827148,0.019694499793651104,0.027069102454439716,0.07586010027299661,37532035.0,56.39557953353978,0.22300981617053195,-0.005342979392912617,0
2018-04-13,85.46794128417969,93.08000183105467,94.18000030517578,92.44000244140624,94.0500030517578,23346100,MSFT,-0.005342979392912617,0.031586046692801295,-0.011679913724441215,84.87476348876953,83.98592796325684,84.44754241943359,0.014797326197110468,0.027084452194541798,-0.12753887491638294,37318790.0,60.7194755483443,0.25892152598476104,0.011710291334380951,1
2018-04-16,86.46879577636719,94.16999816894533,94.66000366210938,93.41999816894533,94.06999969482422,20288100,MSFT,0.011710291334380951,0.037457494373164923,-0.004545387074609386,85.49915618896485,83.9661865234375,84.45398300170899,0.014984672237144647,0.027199003738095456,-0.13098547509005787,35879130.0,50.88596900524129,0.3336261211820105,0.020176222321552917,1
2018-04-17,88.21340942382812,96.06999969482422,96.54000091552734,94.87999725341795,95.0,26771000,MSFT,0.020176222321552917,0.03434530736690622,0.034233819707846225,86.08497924804688,84.1121826171875,84.5406462097168,0.014220202703091935,0.027197131736878814,0.31954199752564305,35550475.0,66.83673080069897,0.4754337773872888,0.003851307195760656,1
2018-04-18,88.55314636230469,96.44000244140624,96.72000122070312,95.5199966430664,96.22000122070312,21043300,MSFT,0.003851307195760656,0.04985843401664791,0.035541600634020565,86.92606811523437,84.26414756774902,84.70319763183593,0.010672991666191494,0.027199962693952896,-0.21395166411415334,35448880.0,67.72242823908428,0.5611269812974863,-0.003421862181586355,0
2018-04-19,88.25012969970703,96.11000061035156,97.06999969482422,95.33999633789062,96.44000244140624,23552500,MSFT,-0.003421862181586355,0.027035514795389792,0.03925162087685252,87.39068450927735,84.43080406188965,84.79882095336914,0.010651193416540052,0.02714907769860154,0.11923985306487106,35403650.0,63.195156736460206,0.5648585991508033,-0.011548854723660296,0
2018-04-20,87.23094177246094,95.0,96.11000061035156,94.0500030517578,95.91000366210938,31154400,MSFT,-0.011548854723660296,0.020627623197560174,0.05802466313995902,87.7432846069336,84.67000198364258,84.90549942016601,0.012428536743864866,0.026354428848547894,0.3227640377879206,35031135.0,69.40136435530952,0.4700308611395545,0.0036840752824105483,1
2018-04-23,87.55230712890625,95.3499984741211,96.29000091552734,94.62999725341795,95.73999786376952,22331800,MSFT,0.0036840752824105483,0.0125306631462907,0.09371407211695582,87.95998687744141,85.04509468078614,85.10268661499023,0.011705811231193812,0.02524120241626718,-0.28318953342064046,33944280.0,67.78072379922558,0.4028787383846568,-0.023387421163548305,0
2018-04-24,85.50468444824219,93.12000274658205,96.47000122070312,92.41000366210938,96.23999786376952,34524800,MSFT,-0.023387421163548305,-0.030706499083055006,-0.007037486599271725,87.41824188232422,85.01479454040528,85.20097854614258,0.011515784604857502,0.019706794498887487,0.5459927099472501,32850680.0,52.55342804200124,0.20449185606604414,-0.008698550137544614,0
2018-04-25,84.76091766357422,92.30999755859376,93.3000030517578,90.27999877929688,93.3000030517578,33729300,MSFT,-0.008698550137544614,-0.042824324764419,0.0317425366689017,86.65979614257813,85.14518203735352,85.26703033447265,0.010063015573266571,0.016678559997305078,-0.023041407915469492,31708695.0,49.78444403147256,0.016992296015532093,0.02112435499415244,1
2018-04-26,86.55143737792969,94.26000213623048,95.1500015258789,93.0999984741211,93.5500030517578,42529000,MSFT,0.02112435499415244,-0.019248609917714155,0.05448017926163984,86.32005767822265,85.36876792907715,85.35609771728515,0.0169184547006865,0.017216621563280517,0.2608918655293766,31210090.0,62.570240989897115,0.00783925033886268,0.016549913746521483,1
2018-04-27,87.98385620117188,95.81999969482422,97.9000015258789,93.91000366210938,97.5999984741211,48272800,MSFT,0.016549913746521483,0.008631277083708255,0.0498519975438374,86.47064056396485,85.57766265869141,85.44810363769531,0.018297208076781847,0.01699454537838131,0.13505607938112818,31330355.0,64.8094650518613,0.08807913298551384,-0.024003010695252125,0
2018-04-30,85.87197875976562,93.5199966430664,96.4000015258789,93.1500015258789,96.33000183105467,41523600,MSFT,-0.024003010695252125,-0.019192279726753747,0.05648480993778371,86.13457489013672,85.80721931457519,85.46389755249024,0.02151219684092905,0.016419448670795152,-0.13981372532772074,30980765.0,51.85623409239987,-0.006246993610203977,0.015825453568470094,1
2018-05-01,87.23094177246094,95.0,95.29000091552734,92.79000091552734,93.20999908447266,31408900,MSFT,0.015825453568470094,0.020189038008364246,0.05896814658109495,86.47982635498047,86.05009002685547,85.5189909362793,0.019595149861359837,0.01650851404245597,-0.24358918783535144,30690520.0,58.87019923632803,0.01647218595588873,-0.015684564370036402,0
2018-05-02,85.86276245117188,93.51000213623048,95.16999816894533,93.19000244140624,94.98999786376952,27471000,MSFT,-0.015684564370036402,0.01299944382352014,0.012780201342885933,86.7001953125,86.10426483154296,85.53349868774414,0.020943841572172796,0.015794028570338483,-0.12537529171667905,30286070.0,49.79962483757864,-0.06271527715159841,0.005988784280078763,1
2018-05-03,86.3769760131836,94.06999969482422,94.93000030517578,92.4499969482422,92.95999908447266,31142500,MSFT,0.005988784280078763,-0.002015695753085023,0.01829423169425559,86.66530303955078,86.18185539245606,85.58087890625,0.018587697240354462,0.0158370853590063,0.13365003094172034,30354600.0,52.823731774749874,-0.0813518549581218,0.01158714008961459,1
2018-05-04,87.37783813476562,95.16000366210938,95.37000274658205,92.91999816894533,93.31999969482422,22531300,MSFT,0.01158714008961459,-0.006887832524873794,0.054638233420173155,86.54409942626953,86.40819702148437,85.64386901855468,0.017569996871851356,0.014913371271943513,-0.27650959299991973,29579865.0,52.82375413550228,-0.029817159214206912,0.011139296387918884,1
2018-05-07,88.35116577148438,96.22000122070312,96.70999908447266,95.0999984741211,95.16999816894533,24242000,MSFT,0.011139296387918884,0.028870733474705368,0.06004227586669009,87.03993682861328,86.65841369628906,85.68353652954102,0.012491264951898524,0.015016054936163687,0.0759254903179134,29215270.0,50.449448047131305,0.061308770278546865,-0.004261005958016484,0
2018-05-08,87.97470092773438,95.80999755859376,96.16000366210938,95.05999755859376,95.8499984741211,23484600,MSFT,-0.004261005958016484,0.00852632265754405,0.03154633366918991,87.18868865966797,86.79293403625488,85.69069946289062,0.011651090658692765,0.014309795248366827,-0.031243296757693217,29048900.0,48.11725850509063,0.0861924084418233,0.011793926296199242,1
2018-05-09,89.01226806640625,96.94000244140624,96.97000122070312,95.0500030517578,96.01000213623048,27327400,MSFT,0.011793926296199242,0.03668069283265174,0.05530163748362593,87.81858978271484,87.02616233825684,85.74101776123047,0.006868016440390153,0.014156938129116553,0.16363063454348814,29171665.0,52.36742805763067,0.1582959880432826,0.010006414665069352,1
2018-05-10,89.90296173095703,97.91000366210938,97.9499969482422,97.0500030517578,97.45999908447266,22388100,MSFT,0.010006414665069352,0.04082089788875298,0.04627080886080792,88.52378692626954,87.22495803833007,85.81704666137695,0.0069184621229981,0.013769420532943156,-0.18074533252340141,28953125.0,58.36687869725654,0.24648241277576866,-0.002145240386324909,0
2018-05-11,89.71009826660156,97.6999969482422,97.87000274658205,97.04000091552734,97.8000030517578,16778300,MSFT,-0.002145240386324909,0.02669166669286116,0.049634481873346736,88.99023895263672,87.43706588745117,85.90611358642577,0.007830437669657473,0.013693693196650304,-0.2505706156395585,28624735.0,56.811493121217055,0.27041450729751026,0.0033777319215184676,1
2018-05-14,90.01311492919922,98.02999877929688,98.69000244140624,97.30999755859376,97.91999816894533,19454100,MSFT,0.0033777319215184676,0.01881072132102246,0.040989574574377574,89.32262878417968,87.61428184509278,85.99756774902343,0.007122430038873948,0.013524900375924489,0.15947980427099284,28583035.0,65.99331501955425,0.2838482543900289,-0.007242376569508657,0
2018-05-15,89.3612060546875,97.31999969482422,97.8499984741211,96.33999633789062,97.23999786376952,24594000,MSFT,-0.007242376569508657,0.01576027099077093,0.01301158903568389,89.59992980957031,87.67167167663574,86.06514892578124,0.008028394607214731,0.012974369593939812,0.2642065168781902,28474185.0,66.42622664999442,0.22840955699339738,0.0025802646551382757,1
2018-05-16,89.59178161621094,97.1500015258789,97.4000015258789,96.62000274658205,97.36000061035156,17384700,MSFT,0.0025802646551382757,0.006510490771590716,0.01172894805630964,89.71583251953125,87.72360343933106,86.14321884155274,0.006453650190927157,0.01296136568381354,-0.29313247133447184,28291255.0,62.217153508449215,0.1885066372779186,-0.009984778983586295,0
2018-05-17,88.69722747802734,96.18000030517578,97.54000091552734,95.83000183105467,96.76000213623048,17246700,MSFT,-0.009984778983586295,-0.013411507582341442,0.0050662563311993924,89.47468566894531,87.74595832824707,86.19348022460937,0.0058912541663939805,0.01315190889731556,-0.007938014460991516,27975965.0,52.99608246748794,0.08820022533837513,0.0018714535001393973,1
2018-05-18,88.86322021484375,96.36000061035156,96.93000030517578,96.01000213623048,96.01000213623048,17865800,MSFT,0.0018714535001393973,-0.009440164130029682,0.01871214971678925,89.30531005859375,87.82757225036622,86.23659393310547,0.006246071423486345,0.012852623762049662,0.035896722271506976,27311535.0,65.01750461554963,0.02277290032224566,0.01286827708654581,1
2018-05-21,90.0067367553711,97.5999984741211,98.01000213623048,96.8000030517578,97.0,19422500,MSFT,0.01286827708654581,-7.085827252106824e-05,0.02803386577638789,89.30403442382813,87.95029373168946,86.26382904052734,0.009053987587714278,0.01311473890992546,0.08713295794198972,27166070.0,64.24399689616806,0.04496830119307493,-0.0010246357597032407,0
2018-05-22,89.91451263427734,97.5,98.16999816894533,97.1999969482422,97.68000030517578,15441200,MSFT,-0.0010246357597032407,0.006191798477420241,0.05157411216112395,89.4146957397461,88.17078514099121,86.28499588012696,0.008193498392251274,0.011768531497207786,-0.20498391041318054,26211890.0,73.92450956807392,0.04195583556200544,0.011897388902677442,1
2018-05-23,90.98426055908205,98.66000366210938,98.7300033569336,96.31999969482422,96.70999908447266,21251200,MSFT,0.011897388902677442,0.015542485234149472,0.07342231616945183,89.69319152832031,88.48195228576661,86.37089797973633,0.009520286428804304,0.011629646657804362,0.3762660933088102,25587985.0,75.52988744436482,0.0973602015459607,-0.003547443631032765,0
2018-05-24,90.6614990234375,98.30999755859376,98.94000244140624,96.80999755859376,98.7300033569336,26649300,MSFT,-0.003547443631032765,0.022145805469474977,0.04748692534776855,90.08604583740234,88.687455368042,86.46062866210937,0.007531663028931209,0.010963879150529645,0.25401389098027405,24794000.0,69.67391463343273,0.09738611324473267,0.000508617892309049,1
2018-05-25,90.70761108398438,98.36000061035156,98.9800033569336,97.86000061035156,98.3000030517578,18363900,MSFT,0.000508617892309049,0.020755390865663692,0.030957439244135188,90.45492401123047,88.82364311218262,86.54522094726562,0.007670024293275101,0.010447272331839294,-0.3109049768661841,23298555.0,65.88329431899052,0.08601921282411928,-0.003558515321600564,0
2018-05-29,90.38482666015624,98.01000213623048,98.87999725341795,97.2300033569336,97.83999633789062,28671000,MSFT,-0.003558515321600564,0.00420068450890243,0.0525532072926338,90.5305419921875,89.04928550720214,86.61564498901367,0.006411863832305749,0.008659884160230507,0.5612696649404538,22655925.0,66.36353464780308,0.04436922317619829,0.009590594010932874,1
2018-05-30,91.25167083740234,98.9499969482422,99.25,97.91000366210938,98.30999755859376,22158500,MSFT,0.009590594010932874,0.014871439147580379,0.04609292280059685,90.7979736328125,89.25032196044921,86.73480865478516,0.007326103892815885,0.008261795433737971,-0.22714589655052142,22193405.0,65.56525280550302,0.061739932858865476,-0.0011110703288539359,0
2018-05-31,91.15028381347656,98.83999633789062,99.98999786376952,98.61000061035156,99.29000091552734,34140900,MSFT,-0.0011110703288539359,0.0018247469768324365,0.061581076724751105,90.8311782836914,89.51469802856445,86.8475373840332,0.0054316555543332075,0.007162796235205529,0.5407586253582146,22526900.0,59.738177295594625,0.053262101065839174,0.019728724183389668,1
2018-06-01,92.94856262207033,100.79000091552734,100.86000061035156,99.16999816894533,99.27999877929688,28655600,MSFT,0.019728724183389668,0.025226403967152367,0.07608030417600764,91.28859100341796,89.8432773590088,87.00816864013672,0.00960168908035213,0.00806495142313333,-0.16066653193090985,22402555.0,70.21587887008396,0.15013816656032652,0.008730723271219487,1
2018-06-04,93.76007080078124,101.66999816894533,101.86000061035156,100.8499984741211,101.26000213623048,27281600,MSFT,0.008730723271219487,0.033651638272896855,0.0730417781242434,91.89908294677734,90.16238899230957,87.2344303894043,0.009333730801648212,0.007942358078213696,-0.047948743003112804,22640070.0,71.99383428706014,0.24465401882272442,0.00511468494595313,1
2018-06-05,94.2396240234375,102.19000244140624,102.33000183105467,101.52999877929688,102.0,23514400,MSFT,0.00511468494595313,0.042648722199525535,0.06664833678803195,92.6700424194336,90.45681190490723,87.51821380615235,0.007601316688805115,0.007751765680204341,-0.13808574277168495,22603690.0,79.22664287425042,0.310993652215128,0.002935758039717129,1
2018-06-06,94.51628875732422,102.48999786376952,102.5999984741211,101.9000015258789,102.4800033569336,21122900,MSFT,0.002935758039717129,0.03577597966111723,0.07435760236301725,93.32296600341797,90.78389129638671,87.68632583618164,0.00791905847191527,0.007548656181875898,-0.10170363692035522,22485605.0,79.34073187162635,0.34253865747068346,-0.015708839507544092,0
2018-06-07,93.03154754638672,100.87999725341795,102.69000244140624,100.37999725341795,102.6500015258789,28232200,MSFT,-0.015708839507544092,0.0206391428989936,0.045154219382230965,93.69921875,90.98485527038574,87.90389343261718,0.012849685393031348,0.008434286916809773,0.33656836892661524,22530845.0,74.12749808035971,0.23743189527083342,0.0074346610183460005,1
2018-06-08,93.72320556640624,101.62999725341795,101.9499969482422,100.54000091552734,101.08999633789062,22165100,MSFT,0.0074346610183460005,0.008334103535152071,0.0424929697742511,93.8541473388672,91.1758674621582,88.13676315307617,0.0099821373106953,0.00832866291559634,-0.2149000077925206,22519695.0,75.5579343349883,0.1905358819071714,-0.0057070347579808445,0
2018-06-11,93.18832397460938,101.0500030517578,101.58999633789062,100.66999816894533,101.01000213623048,23490900,MSFT,-0.0057070347579808445,-0.006097977756295614,0.03877184146729151,93.73979797363282,91.34977874755859,88.32441040039062,0.009517824581350781,0.008461590759019047,0.05981475382470647,22855325.0,67.87579869842051,0.1038744422747111,0.0025729508988583394,1
2018-06-12,93.42809295654295,101.30999755859376,101.4499969482422,100.75,101.0999984741211,18325200,MSFT,0.0025729508988583394,-0.008611357221594118,0.037938671826098114,93.5774917602539,91.52052764892578,88.56735534667969,0.009158249759153428,0.008456294224726426,-0.21990217488474262,22798880.0,69.4191443857482,0.04603137873295582,-0.00454041126076854,0
2018-06-13,93.00389099121094,100.8499984741211,102.01000213623048,100.55999755859376,101.72000122070312,29492900,MSFT,-0.00454041126076854,-0.016001451030271063,0.04076360534227996,93.27501220703125,91.70266189575196,88.7799626159668,0.008817247893011951,0.008323125097287496,0.6094176325497129,23043825.0,62.01996994065316,-0.0331946455284704,0.005651914331882502,1
2018-06-14,93.529541015625,101.41999816894533,102.02999877929688,101.0,101.6500015258789,25691800,MSFT,0.005651914331882502,0.005352952652861953,0.04395223901543166,93.3746109008789,91.89954986572266,88.95496810913086,0.005940661875211905,0.008362012343595373,-0.1288818664831196,23459180.0,66.6668440112508,-0.060976943935749706,-0.012719445075268121,0
2018-06-15,92.33989715576172,100.12999725341795,101.52999877929688,100.06999969482422,101.51000213623048,65738600,MSFT,-0.012719445075268121,-0.014759508088574624,0.04106858558388149,93.09794921875,92.08168334960938,89.10526275634766,0.007246871907945041,0.008590732753547723,1.558738585852295,25883775.0,58.3727878036964,-0.16438598728332798,0.007290566318342018,1
2018-06-18,93.01310729980467,100.86000061035156,101.11000061035156,99.41999816894533,100.01000213623048,23586000,MSFT,0.007290566318342018,-0.0018802427957868018,0.046699715303224254,93.06290588378906,92.28917770385742,89.30850479125976,0.00826903233542519,0.00866991994395376,-0.6412153590128175,26169785.0,63.01387768177443,-0.19051787681881072,0.0,0
2018-06-19,93.01310729980467,100.86000061035156,101.0,99.5,99.6500015258789,28653100,MSFT,0.0,-0.004441765250750684,0.033401616954568336,92.9799087524414,92.4394962310791,89.50183029174805,0.008120470487205052,0.008316214201006828,0.21483507165267524,26631315.0,59.54072292542223,-0.20937253649386323,0.010013850731342755,1
2018-06-20,93.94452667236328,101.87000274658205,102.5199966430664,101.12000274658205,101.37000274658205,26180800,MSFT,0.010013850731342755,0.010113939009726236,0.044820506946168015,93.16803588867188,92.6409969329834,89.67503494262695,0.009030492983495453,0.00849192088299517,-0.08628385759307022,27168295.0,63.886258008597686,-0.16275936630617371,-0.007166039022058368,0
2018-06-21,93.27131652832033,101.13999938964844,102.45999908447266,100.87999725341795,102.08000183105467,23198200,MSFT,-0.007166039022058368,-0.0027608869294197813,0.0251368308670612,93.11639099121093,92.7553497314453,89.85350723266602,0.009555542639998284,0.008419137199596484,-0.11392318034590232,27265645.0,51.805896826874005,-0.17958851361272354,-0.007217679986794678,0
2018-06-22,92.59811401367188,100.41000366210938,100.7699966430664,99.62999725341795,100.41000366210938,38923100,MSFT,-0.007217679986794678,0.0027963736788074733,0.02136094164661584,93.16803436279297,92.85218048095702,89.9869285583496,0.007987028357907216,0.008568476190924901,0.677850005603883,27879335.0,43.39632622408615,-0.23489005929240725,-0.020117294030989386,0
2018-06-25,90.73529052734376,98.38999938964844,100.11000061035156,97.3000030517578,100.0,35433300,MSFT,-0.020117294030989386,-0.024489201990843368,0.00030515017459520344,92.71247100830078,92.85356445312499,90.09227554321289,0.011051080509069874,0.009795776691239254,-0.08965884012321734,28732805.0,32.789965034388544,-0.3867898298147421,0.007012529202405249,1
2018-06-26,91.37157440185548,99.08000183105467,100.08000183105467,98.75,98.81999969482422,26897200,MSFT,0.007012529202405249,-0.01764840403254264,0.010917183537999975,92.38416442871095,92.90290184020996,90.19033111572266,0.012212009976171018,0.009875075234379489,-0.24090615325132003,28644115.0,35.08298409803194,-0.4309038936165823,-0.015542588229793153,0
2018-06-27,89.95142364501953,97.54000091552734,100.0199966430664,97.4000015258789,99.58000183105467,31298400,MSFT,-0.015542588229793153,-0.042504903359297574,-0.014249023392674864,91.5855438232422,92.83788948059082,90.22509140014648,0.010350912047148077,0.010260972785607869,0.16363041506179088,29101110.0,35.29928833812525,-0.5354021693125404,0.011174786874392106,1
2018-06-28,90.95661163330078,98.62999725341795,99.11000061035156,97.26000213623048,97.37999725341795,26650700,MSFT,0.011174786874392106,-0.02481689956972699,-0.0021247567431835757,91.12260284423829,92.82820587158203,90.27316070556641,0.013697648052767087,0.010595312403851006,-0.14849640876210923,28726600.0,37.17939017931453,-0.5162703843755196,-0.00020298837472154663,0
2018-06-29,90.93814849853516,98.61000061035156,99.91000366210938,98.33000183105467,98.93000030517578,28053200,MSFT,-0.00020298837472154663,-0.01792655857862968,-0.02162931912900612,90.79060974121094,92.72768516540526,90.32692108154296,0.013764857009805532,0.009519503812295032,0.05262525937405016,28696480.0,39.04833977086302,-0.4848029309266304,0.014197640913649723,1
2018-07-02,92.22925567626952,100.01000213623048,100.05999755859376,98.0,98.0999984741211,19564500,MSFT,0.014197640913649723,0.0164650946753242,-0.016326940790865607,91.08940277099609,92.6511444091797,90.42688735961914,0.011851834164500053,0.009886530511602435,-0.3025929305747651,28310625.0,44.706911930754025,-0.3625746134495531,-0.009599233927495399,0
2018-07-03,91.34392547607422,99.0500030517578,100.62999725341795,98.94000244140624,100.4800033569336,14670300,MSFT,-0.009599233927495399,-0.0003025987673109798,-0.030726974745178492,91.08387298583985,92.50635948181153,90.5027197265625,0.012847249334141716,0.009972188068679486,-0.25015717242965574,27868420.0,42.95770317062764,-0.3279353231241773,0.007168098640975451,1
2018-07-05,91.99868774414062,99.76000213623048,99.91999816894533,99.02999877929688,99.5,18977400,MSFT,0.007168098640975451,0.022759663117732698,-0.026636689255199908,91.49332580566406,92.38047943115234,90.63259979248046,0.009573543083548818,0.010115414954596339,0.2935931780536185,27761145.0,43.57583037927995,-0.2509784526500518,0.014033725058572921,1
2018-07-06,93.2897720336914,101.16000366210938,101.43000030517578,99.66999816894533,99.88999938964844,19234600,MSFT,0.014033725058572921,0.025651355723286473,0.0027756658264330714,91.95995788574218,92.39339065551758,90.80317687988281,0.010137095468487872,0.010071851822884184,0.013552962998092388,27311265.0,53.95246452045472,-0.1103513335737768,0.00682067411496079,1
2018-07-09,93.9260711669922,101.8499984741211,102.25,101.25,101.6500015258789,18212000,MSFT,0.00682067411496079,0.032856647268392214,0.002164518374718094,92.55754241943359,92.40353393554688,90.95066955566406,0.009692036499541779,0.010049508640793757,-0.05316460960976577,27113610.0,53.81058163721533,0.02127581190803579,0.0026512706685799525,1
2018-07-10,94.1750946044922,102.12000274658205,102.51000213623048,101.86000061035156,102.0,19293100,MSFT,0.0026512706685799525,0.021097849201480168,0.010588994283786901,92.94671020507812,92.45287246704102,91.07449432373046,0.008734929869992365,0.009966297491523213,0.059361959147814725,26903720.0,54.75120321139222,0.11559831379123203,-0.0013715478594051866,0
2018-07-11,94.04592895507812,101.9800033569336,102.33999633789062,101.0999984741211,101.1500015258789,19644600,MSFT,-0.0013715478594051866,0.02958054917085473,0.006612957398397734,93.4871109008789,92.48376426696777,91.23797332763672,0.005745324741078018,0.00996368919356782,0.018218948743333074,26969690.0,50.44373117456052,0.15719583042013635,0.021671176627682698,1
2018-07-12,96.08401489257812,104.19000244140624,104.41000366210938,102.7300033569336,102.7699966430664,24335900,MSFT,0.021671176627682698,0.044406363271172866,0.03311822622193583,94.3041763305664,92.63777046203613,91.41503479003906,0.009195603205471912,0.010957192525175958,0.23880862934343283,26711840.0,60.99485964529279,0.3015163892730359,0.011901532834404982,1
2018-07-13,97.2275619506836,105.43000030517578,105.5999984741211,104.08999633789062,104.37000274658205,24635200,MSFT,0.011901532834404982,0.042210306994533875,0.039538533974424306,95.09173431396485,92.82267150878906,91.6423307800293,0.008935725993621831,0.01116337681458856,0.012298702739574008,26659010.0,67.45470999380389,0.44488164042373013,-0.004932119599074358,0
2018-07-16,96.7480239868164,104.91000366210938,105.81999969482422,104.5199966430664,105.4000015258789,21786900,MSFT,-0.004932119599074358,0.030044403910039152,0.04773805220530969,95.65612487792968,93.0430778503418,91.84975173950195,0.01078746427090988,0.010751155394942608,-0.11561911411313897,24461425.0,75.31031674306954,0.4755372103203622,0.009913053092128532,1
2018-07-17,97.70709228515624,105.9499969482422,106.5,104.31999969482422,104.61000061035156,25901700,MSFT,0.009913053092128532,0.037504583303020755,0.05046584424087319,96.3625244140625,93.27777709960938,92.05633682250976,0.010715179769520135,0.010829783461804637,0.18886578632113804,24577210.0,75.96350641107803,0.5246661652403029,-0.007833734062203668,0
2018-07-18,96.94168090820312,105.12000274658205,106.0500030517578,104.72000122070312,105.94000244140624,29493900,MSFT,-0.007833734062203668,0.030790827261732767,0.04223677417566174,96.9416748046875,93.4742057800293,92.22814712524413,0.012313667553402009,0.011064851789623506,0.13868587776091923,24619250.0,80.27114374768323,0.4715503745073858,-0.0068494153312440575,0
2018-07-19,96.2776870727539,104.4000015258789,105.30999755859376,103.88999938964844,104.93000030517578,40171600,MSFT,-0.0068494153312440575,0.002015654533090716,0.0248355117965271,96.98040924072265,93.59086380004882,92.39420684814453,0.009637886048005037,0.011074870323907922,0.36203079280800443,25318790.0,73.7444557776347,0.36253144740964993,0.017911915779223575,1
2018-07-20,98.00220489501952,106.2699966430664,108.1999969482422,106.08000183105467,108.08000183105467,56004000,MSFT,0.017911915779223575,0.007967318410481594,0.050721792538038546,97.13533782958984,93.8274082183838,92.5740055847168,0.011599926697462928,0.011479871782464667,0.3941192285096935,26959080.0,77.35687499926138,0.37579142126124787,0.01599700124831238,1
2018-07-23,99.5699462890625,107.97000122070312,108.13999938964844,106.12999725341795,106.3000030517578,29707000,MSFT,0.01599700124831238,0.029167751298265543,0.07529129885260133,97.69972229003906,94.17599983215332,92.76734527587891,0.012384234963272456,0.011614233175212407,-0.46955574601814154,26498275.0,77.83185740873276,0.454136721496849,-0.002871004699164015,0
2018-07-24,99.2840805053711,107.66000366210938,108.81999969482422,107.26000213623048,108.56999969482422,26316600,MSFT,-0.002871004699164015,0.016139956510142106,0.09421681385867253,98.01511993408204,94.60343933105469,92.9588249206543,0.012646834281835396,0.010321038766346128,-0.11412798330359852,26042440.0,81.53832726849573,0.4498413041304481,0.029444348858938207,1
2018-07-25,102.20743560791016,110.83000183105467,111.1500015258789,107.5999984741211,107.95999908447266,30702100,MSFT,0.029444348858938207,0.05431878888806696,0.11859116226232636,99.06827087402344,95.14523239135742,93.20271133422851,0.015195156983277263,0.011724683099939088,0.16664386736888503,26232685.0,84.35739386441821,0.5977531591724896,-0.010917451552577062,0
2018-07-26,101.09159088134766,109.62000274658205,111.0,109.5,110.73999786376952,31372100,MSFT,-0.010917451552577062,0.05000020207128619,0.12384648052143343,100.03105163574219,95.70224075317383,93.43731903076171,0.016430229769447753,0.01132269503503322,0.021822611482602117,26236370.0,76.57031441625337,0.5741771028124547,-0.01769751681417675,0
2018-07-27,99.30252075195312,107.68000030517578,110.18000030517578,106.13999938964844,110.18000030517578,37005300,MSFT,-0.01769751681417675,0.013268230631407807,0.09175703633617727,100.2911148071289,96.11953620910644,93.63153381347657,0.019522799087001927,0.012405627854620294,0.17956081996423578,26754100.0,66.9773019874493,0.4000793034976584,-0.021452575258647633,0
2018-07-30,97.17222595214844,105.37000274658205,107.52999877929688,104.76000213623048,107.19000244140624,34668300,MSFT,-0.021452575258647633,-0.024080763586566745,0.06855294017464741,99.81157073974609,96.43124008178711,93.80103378295898,0.020355728315527184,0.013672356985818993,-0.06315311590501904,27084855.0,58.45906513592124,0.11807586314970075,0.006738005668407432,1
2018-07-31,97.82697296142578,106.08000183105467,106.72000122070312,105.37999725341795,106.48999786376952,27655200,MSFT,0.006738005668407432,-0.01467614482128865,0.06069351036296555,99.52014923095703,96.71112594604492,93.98030883789062,0.02101437924300568,0.013462703097163192,-0.20229143049990916,27489390.0,60.3640895982467,-0.03931191307284343,0.0018856098210182637,1
2018-08-01,98.01143646240234,106.27999877929688,106.4499969482422,105.41999816894533,106.02999877929688,23628700,MSFT,0.0018856098210182637,-0.04105375622185237,0.07299347987923466,98.68094940185547,97.04450149536133,94.14040283203126,0.012227451123757416,0.013136360093709954,-0.14559648818305415,27937310.0,55.88078235069279,-0.1402652729574525,0.012137495227319661,1
2018-08-02,99.2010498046875,107.56999969482422,108.08999633789062,104.83999633789062,105.4000015258789,26104300,MSFT,0.012137495227319661,-0.018701269414971522,0.07828766080422267,98.30284118652344,97.40461959838868,94.32613357543946,0.015017150151834623,0.013253664930485576,0.10477089302416132,28293655.0,56.004456876240454,-0.13608848446630417,0.004369320314278502,1
2018-08-03,99.63449096679688,108.04000091552734,108.0500030517578,106.81999969482422,107.8000030517578,18659600,MSFT,0.004369320314278502,0.003343019012306492,0.06801087401965233,98.36923522949219,97.72185554504395,94.49913818359374,0.012969904161153706,0.01303759510735494,-0.28519056247438157,28264905.0,58.8069553379924,-0.11418407863591673,0.0008331998396238216,1
2018-08-06,99.7175064086914,108.12999725341795,108.41999816894533,107.55999755859376,108.12000274658205,20265900,MSFT,0.0008331998396238216,0.02619349748966715,0.061659506990370705,98.87829132080078,98.01142730712891,94.68025833129883,0.004506611575282695,0.013023064613012399,0.08608437479903097,28367600.0,56.480450856742955,-0.10441971304071673,0.006936021428331607,1
2018-08-07,100.40914916992188,108.87999725341795,109.0999984741211,108.16999816894533,108.55999755859376,16080200,MSFT,0.006936021428331607,0.02639533995919785,0.06619642477250354,99.3947265625,98.3231300354004,94.87428909301758,0.004524420933709085,0.013050916024601839,-0.20653906315534964,28206955.0,61.23058873066533,-0.06369718634903498,0.0056025350380690675,1
2018-08-08,100.97169494628906,109.48999786376952,109.75,108.76000213623048,109.33000183105467,15487500,MSFT,0.0056025350380690675,0.03020319455293663,0.07364237950713526,99.98677825927734,98.66941833496094,95.08602645874024,0.004124771307329762,0.013012905303668354,-0.03685899429111583,27999100.0,65.30372744996495,-0.013798915388875344,0.0016439531584047096,1
2018-08-09,101.13768768310548,109.66999816894533,110.16000366210938,109.5999984741211,109.70999908447266,13677200,MSFT,0.0016439531584047096,0.019522352658877473,0.05259639489645984,100.37410583496094,98.9221019744873,95.2837467956543,0.002589820465367129,0.012303528666796178,-0.11688781275221949,27466165.0,61.3788872017907,0.01395914645382823,-0.0061090865420484475,0
2018-08-10,100.51982879638672,109.0,109.69000244140624,108.37999725341795,109.41999816894533,18183700,MSFT,-0.0061090865420484475,0.00888585690556587,0.033861456357128894,100.55117340087891,99.08671531677246,95.4711376953125,0.005107566643441608,0.012248822096952286,0.32948995408416937,27143590.0,53.70245140984167,-0.023670364433087565,-0.007247861249827792,0
2018-08-13,99.79127502441406,108.20999908447266,109.58000183105467,108.0999984741211,109.23999786376952,18472500,MSFT,-0.007247861249827792,0.0007397759769514067,0.03145543352918878,100.56592712402343,99.23887786865234,95.60799194335938,0.006555827459236045,0.01232589031226279,0.01588235617613587,26977870.0,51.91099372593614,-0.10732127742353481,0.01247599168246838,1
2018-08-14,101.03627014160156,109.55999755859376,109.75,108.04000091552734,108.55999755859376,16788300,MSFT,0.01247599168246838,0.006245655668473127,0.034073041972523255,100.69135131835938,99.40533676147462,95.75351593017578,0.00823847347245749,0.012429516217471688,-0.09117336581404789,26522200.0,44.94842361805376,-0.08924050814792772,-0.013560646939755339,0
2018-08-15,99.66615295410156,107.66000366210938,108.98999786376952,106.81999969482422,108.48999786376952,29982800,MSFT,-0.013560646939755339,-0.012929781884734814,0.028104237726992887,100.43024291992188,99.54156036376953,95.86204650878906,0.00999175357985842,0.01272438771023486,0.7859342518301435,26546645.0,43.98364166223898,-0.17503107583708322,-0.00018593874416861222,0
2018-08-16,99.64762115478516,107.63999938964844,108.86000061035156,107.3000030517578,108.3000030517578,21384300,MSFT,-0.00018593874416861222,-0.014733049197141468,0.035002233482039236,100.13222961425781,99.71005706787109,95.96467315673829,0.00983152483588076,0.012581705405056721,-0.2867810878236856,25607280.0,51.71251884478709,-0.2347749487421542,-0.0005573840252666162,0
2018-08-17,99.59207916259766,107.58000183105467,107.9000015258789,106.69000244140624,107.36000061035156,18061500,MSFT,-0.0005573840252666162,-0.009229518642220436,0.0162228418154593,99.9466796875,99.78955078125,96.0958837890625,0.009694638789505338,0.012001033781137899,-0.1553850254626058,23710155.0,65.12207797161284,-0.27688818987331665,-0.0065997979275354,0
2018-08-20,98.9347915649414,106.87000274658205,107.9000015258789,106.4800033569336,107.51000213623048,17914200,MSFT,-0.0065997979275354,-0.008582748935346496,-0.006378980282636393,99.77538299560547,99.75779304504394,96.2001155090332,0.0096077913074649,0.011557765739455174,-0.008155468814882494,23120515.0,56.920751004720444,-0.34351416144191815,-0.008327998876583087,0
2018-08-21,98.1108627319336,105.9800033569336,107.3499984741211,105.8499984741211,106.91999816894533,22881900,MSFT,-0.008327998876583087,-0.028954032107163408,-0.011816776339828583,99.19030151367187,99.69913215637207,96.29856628417969,0.005618052573353385,0.011686429445183518,0.2773051545701175,22948780.0,50.575179368397265,-0.43186331011048784,0.010190840498998988,1
2018-08-22,99.1106948852539,107.05999755859376,107.33999633789062,105.77999877929688,105.8499984741211,18000600,MSFT,0.010190840498998988,-0.005573186607327529,-0.030298585462372962,99.07920989990234,99.54429512023925,96.4122183227539,0.007264721028193639,0.009713906650054095,-0.21332581647503046,22313705.0,49.46556328627811,-0.4118242476242142,0.004669978847072764,1
2018-08-23,99.57353973388672,107.55999755859376,108.18000030517578,106.87000274658205,107.1500015258789,18167700,MSFT,0.004669978847072764,-0.0007434339128212786,-0.015016591728610695,99.06439361572265,99.46839256286621,96.54361129760743,0.007726699521465665,0.009541673784532398,0.009283023899203435,21653485.0,49.64073165006211,-0.3582306795042687,0.007809948171458636,1
2018-08-24,100.35120391845705,108.4000015258789,108.55999755859376,107.55999755859376,107.66999816894533,17234000,MSFT,0.007809948171458636,0.00762234067450307,0.010560488883493813,99.21621856689453,99.52082672119141,96.68004455566407,0.008479083114168902,0.008830127721566201,-0.05139340698052042,20664920.0,53.45251277753952,-0.26550774598661786,0.011070130058518535,1
2018-08-27,101.46210479736328,109.5999984741211,109.63999938964844,108.51000213623048,109.2699966430664,19662300,MSFT,0.011070130058518535,0.025545242401030732,0.04414717068771634,99.7216812133789,99.73532066345214,96.86248870849609,0.007896161784184142,0.007449150965982815,0.14090170593013807,19914620.0,55.486089303531024,-0.131248440501196,0.006021953341648345,1
2018-08-28,102.07310485839844,110.26000213623048,110.5,109.79000091552734,109.94000244140624,19151500,MSFT,0.006021953341648345,0.040385356077143,0.04340451072371376,100.51412963867188,99.94762725830078,97.04368865966796,0.0027042587658136436,0.007427825308023439,-0.02597864949675266,19489435.0,55.70971589848408,-0.009596396998472478,0.01596211833446115,1
2018-08-29,103.70240783691406,112.0199966430664,112.02999877929688,110.2699966430664,110.4499969482422,20818000,MSFT,0.01596211833446115,0.04632913690067708,0.05806436044527108,101.4324722290039,100.23217582702637,97.25747467041016,0.004520330184178094,0.008042631407929277,0.08701668276636298,19348900.0,61.5440987091301,0.16278404317808037,-0.0006249042669322913,0
2018-08-30,103.63760375976562,111.9499969482422,112.61000061035156,111.44000244140624,111.66999816894533,22798700,MSFT,-0.0006249042669322913,0.04081469873161314,0.044722852871144525,102.24528503417969,100.45400352478028,97.4513362121582,0.006147099745955578,0.00776916960367251,0.09514362570852142,19183620.0,64.76875761200719,0.24943861978647597,0.0033942903954273795,1
2018-08-31,103.9893798828125,112.33000183105467,112.77999877929688,111.5199966430664,111.69000244140624,23222700,MSFT,0.0033942903954273795,0.03625443265545414,0.043708648217682944,102.97292022705078,100.67174797058105,97.66569747924805,0.006497052147681851,0.007758014811302355,0.018597551614785157,19411775.0,70.62235780889276,0.3038359638990087,-0.005519476898768638,0
2018-09-04,103.41541290283205,111.70999908447266,111.95999908447266,110.22000122070312,110.8499984741211,22634600,MSFT,-0.005519476898768638,0.019251602451672456,0.03708382436865998,103.36358184814453,100.8566432952881,97.88204345703124,0.00805357494133013,0.007943453409324003,-0.025324359355285986,19530210.0,62.51192657163937,0.2753922351919105,-0.02882426346555289,0
2018-09-05,100.43453979492188,108.48999786376952,111.41999816894533,108.0999984741211,111.01000213623048,32872400,MSFT,-0.02882426346555289,-0.0160528580545255,0.00025287162783382833,103.03586883544922,100.8579128265381,98.0760284423828,0.016426010942666026,0.010387576690955653,0.4523075291809884,20369820.0,53.455518866500334,0.042285593476613315,0.0023042115271194596,1
2018-09-06,100.66596221923828,108.73999786376952,108.98999786376952,107.51000213623048,108.25,23477600,MSFT,0.0023042115271194596,-0.029280377196747476,-0.0030279052680398655,102.42857971191407,100.84262619018556,98.26191619873048,0.013296387123228875,0.010320990150324272,-0.2857959869069493,20769325.0,54.49354832628152,-0.10197514284597564,-0.004873928804669858,0
2018-09-07,100.17532348632812,108.20999908447266,108.72000122070312,107.2300033569336,108.2300033569336,22498600,MSFT,-0.004873928804669858,-0.03340756779231546,-0.009515386586578245,101.73612365722656,100.7945079803467,98.46639419555665,0.013011357106695456,0.010365808452226106,-0.04169932190683889,21210395.0,52.478464556079686,-0.2288344349316982,0.010812266092315559,1
2018-09-10,101.2584457397461,109.37999725341795,109.63999938964844,108.36000061035156,108.83999633789062,20727900,MSFT,0.010812266092315559,-0.026261663894370235,0.00734797255629549,101.18993682861328,100.83143882751466,98.67243087768554,0.014756507211329355,0.010566217929071845,-0.07870267483310067,21337605.0,59.5293609671848,-0.23718135565508147,0.017004859876853295,1
2018-09-11,102.98033142089844,111.23999786376952,111.58999633789062,108.88999938964844,108.9000015258789,24301800,MSFT,0.017004859876853295,-0.004207124158005393,0.031957266762090875,101.10292053222656,100.99089164733888,98.91327453613282,0.017772269948954176,0.011021823853535237,0.17241978203291208,21629070.0,68.59990779472612,-0.12950448462121322,0.004224898831946433,1
2018-09-12,103.41541290283205,111.70999908447266,111.8499984741211,110.51000213623048,111.43000030517578,18891100,MSFT,0.004224898831946433,0.02967976070778877,0.023547412804294288,101.6990951538086,101.1098487854004,99.13699768066407,0.008355556807068903,0.010745525917819451,-0.22264605913965219,21734210.0,67.18411367631637,-0.03657641904383557,0.010742416099311702,1
2018-09-13,104.5263442993164,112.91000366210938,113.7300033569336,112.12000274658205,112.12000274658205,26055600,MSFT,0.010742416099311702,0.038348434713917356,0.04876471300595964,102.47117156982422,101.35285835266114,99.40064605712891,0.008301105766611298,0.010353129839712814,0.3792526639528666,21537850.0,68.79854748473932,0.0854504659469999,0.004074018736719864,1
2018-09-14,104.95218658447266,113.37000274658205,113.7300033569336,112.44000244140624,113.36000061035156,19122300,MSFT,0.004074018736719864,0.047685027928025425,0.05323323696255411,103.42654418945312,101.61808662414552,99.65971603393555,0.005403105866705483,0.010340189388895265,-0.26609634781006775,21424750.0,67.94238301123559,0.17540353076866055,-0.010849725285729361,0
2018-09-17,103.81348419189452,112.13999938964844,113.6999969482422,111.86000061035156,113.69000244140624,20736500,MSFT,-0.010849725285729361,0.025232842885178908,0.042386955516862335,103.93755187988282,101.82915687561037,99.87019027709961,0.010365282173184009,0.010755860846356928,0.08441453172474023,21558500.0,59.14979901317541,0.1402924917846109,0.009541824706782442,1
2018-09-18,104.8040542602539,113.20999908447266,113.6999969482422,111.72000122070312,112.19000244140624,22170900,MSFT,0.009541824706782442,0.01770942872480763,0.05932455713983975,104.3022964477539,102.12262001037598,100.08774993896485,0.008598181932016374,0.01067136027129916,0.06917271477828946,21771335.0,60.321890998597965,0.16419971323254345,-0.013338038915249983,0
2018-09-19,103.40617370605467,111.6999969482422,113.31999969482422,111.04000091552734,113.0500030517578,21728400,MSFT,-0.013338038915249983,-8.934061681942218e-05,0.053972728673167936,104.30044860839844,102.38738555908203,100.27237152099609,0.01138702724815681,0.011003430399015541,-0.019958594373706062,21713660.0,48.86041859394879,0.07104559765624163,0.01674102053955351,1
2018-09-20,105.13729858398438,113.56999969482422,113.8000030517578,111.93000030517578,112.27999877929688,23714500,MSFT,0.01674102053955351,0.005844978974089754,0.060806794924683105,104.42263946533203,102.68871574401855,100.49419891357422,0.012999173806093776,0.011331051349146557,0.09140571786233687,21999355.0,55.113589064815265,0.10892688601964329,0.0060756619689363855,1
2018-09-21,105.7760772705078,114.26000213623048,115.29000091552734,113.51000213623048,114.0,71229700,MSFT,0.0060756619689363855,0.00785015265377087,0.06229102182364454,104.58741760253906,102.99884262084962,100.68804016113282,0.013138583146603872,0.011346192358831348,2.0036349069134918,24652455.0,55.97524843924931,0.15699357884039777,0.0035883574785915417,1
2018-09-24,106.1556396484375,114.66999816894533,114.9000015258789,112.22000122070312,113.02999877929688,27334500,MSFT,0.0035883574785915417,0.02256118725592149,0.057841216680339924,105.05584869384765,103.28906440734863,100.8666017150879,0.011144164915807313,0.011292856350243735,-0.6162485592386322,25157480.0,59.28486526143476,0.1920241510262357,-0.0019187105506154323,0
2018-09-25,105.95195770263672,114.4499969482422,115.0999984741211,113.75,114.8000030517578,22668000,MSFT,-0.0019187105506154323,0.01095285340328811,0.044251525377286605,105.28542938232422,103.5135570526123,101.05068038940429,0.011031541171039721,0.011169656871943316,-0.1707183229984086,25307765.0,73.02911012450463,0.17938862281240842,-0.004106475432471335,0
2018-09-26,105.5168685913086,113.9800033569336,115.05999755859376,113.73999786376952,114.47000122070312,19352000,MSFT,-0.004106475432471335,0.020411691194123893,0.033738208881639586,105.707568359375,103.68574523925781,101.20687591552735,0.008178151491480287,0.01121804063900362,-0.14628551261690492,25317790.0,69.90868191849373,0.12236255392947237,0.003772584368517684,1
2018-09-27,105.9149398803711,114.41000366210938,114.91000366210938,114.1999969482422,114.77999877929688,19091300,MSFT,0.003772584368517684,0.007396435963831882,0.02133539702314846,105.86309661865235,103.79637184143067,101.3863410949707,0.0042889724401109115,0.010723812444335753,-0.013471475816453027,25231455.0,73.73640360370355,0.09339421623129329,-0.00034957723340989233,0
2018-09-28,105.87791442871094,114.37000274658205,114.56999969482422,113.68000030517578,114.19000244140624,21647800,MSFT,-0.00034957723340989233,0.0009627617210903328,0.021616774101979486,105.88346405029297,103.90838737487793,101.57834564208984,0.003448948660465496,0.010721643189669115,0.13390916281238052,25173910.0,70.91349823741396,0.055550767163087045,0.010842053001845375,1
2018-10-01,107.02584838867188,115.61000061035156,115.68000030517578,114.7300033569336,114.75,18883100,MSFT,0.010842053001845375,0.008197480069041196,0.029199794337471996,106.05750579833985,104.06021080017089,101.75881851196289,0.0058921599561356066,0.010931894000899632,-0.12771274679182176,24956930.0,69.31905622431421,0.08962311629440167,-0.003979015820540721,0
2018-10-02,106.59999084472656,115.1500015258789,115.83999633789062,114.44000244140624,115.3000030517578,20787200,MSFT,-0.003979015820540721,0.006116292290781589,0.030794035942076636,106.1871124267578,104.21943969726563,101.89941940307617,0.006264243837325033,0.010885181525658386,0.10083619744639383,24864560.0,65.22111714902286,0.06634479932698434,0.00017384428619116044,1
2018-10-03,106.61852264404295,115.16999816894533,116.18000030517578,114.93000030517578,115.41999816894533,16648000,MSFT,0.00017384428619116044,0.010440549150499523,0.06157227246471386,106.40744323730469,104.52863883972168,102.04610824584961,0.00560993861763898,0.008230575196302485,-0.19912253694581283,24053340.0,61.16584471256567,0.03654916025152488,-0.020665269236848638,0
2018-10-04,104.41522216796876,112.79000091552734,114.76000213623048,111.62999725341795,114.61000061035156,34821700,MSFT,-0.020665269236848638,-0.014159642767075487,0.037244564757301424,106.10749969482421,104.7161018371582,102.09026397705078,0.011418315963624524,0.009790958152125303,1.0916446419990389,24620545.0,47.591247570918306,-0.13764492156391284,-0.005851564733135972,0
2018-10-05,103.80422973632812,112.12999725341795,113.16999816894533,110.63999938964844,112.62999725341795,29068900,MSFT,-0.005851564733135972,-0.019585620887716426,0.036225550601743484,105.69276275634766,104.89754714965821,102.14451675415039,0.011388737359651206,0.009828796629276628,-0.16520732761467705,24949060.0,49.95642255393299,-0.29128250812245393,-0.011415255286190584,0
2018-10-08,102.61927795410156,110.8499984741211,112.02999877929688,109.33999633789062,111.66000366210938,29640600,MSFT,-0.011415255286190584,-0.04117295495353179,0.013439197139694103,104.81144866943359,104.96558876037598,102.21085189819335,0.00804775149938054,0.010014223155374782,0.019667066865275196,25394695.0,39.89725193737462,-0.4599465986622737,0.012720034342182052,1
2018-10-09,103.92459869384766,112.26000213623048,113.08000183105467,110.8000030517578,111.13999938964844,26198600,MSFT,0.012720034342182052,-0.02509748949956181,0.009169394387456675,104.27637023925782,105.01280212402344,102.34589935302735,0.012530456026419431,0.009687907163998914,-0.11612450490206006,25489535.0,52.417976814808185,-0.4692156744979141,-0.054338383766083354,0
2018-10-10,98.27750396728516,106.16000366210938,111.5,105.79000091552734,111.23999786376952,61376300,MSFT,-0.054338383766083354,-0.07823236028701275,-0.049682235861441715,102.60816650390625,104.75590667724609,102.35490997314453,0.02470023775616515,0.015568661324780386,1.3427320543845855,27613795.0,26.565644718631944,-0.8207106183546761,-0.0023548629581392477,0
2018-10-11,98.04607391357422,105.91000366210938,108.93000030517578,104.1999969482422,105.3499984741211,63904300,MSFT,-0.0023548629581392477,-0.06099827326085405,-0.061996527566157034,101.33433685302734,104.43189315795898,102.35560272216797,0.025171835217654193,0.015257915250410134,0.04118853694341307,29506230.0,22.83685334554424,-1.020794527542303,0.0345578333986325,1
2018-10-12,101.43433380126952,109.56999969482422,111.23999786376952,107.12000274658205,109.01000213623048,47742100,MSFT,0.0345578333986325,-0.022830437074465526,-0.03351862307672582,100.86035766601563,104.25600051879883,102.40026840209961,0.03300671689660245,0.0173847380158582,-0.2529125583098477,30937220.0,36.30516442938012,-0.8821614513572706,-0.017979194146820254,0
2018-10-15,99.61062622070312,107.5999984741211,109.4800033569336,106.9499969482422,108.91000366210938,32068100,MSFT,-0.017979194146820254,-0.029318582174629126,-0.04048470200097132,100.25862731933594,104.04585762023926,102.39979110717773,0.03349405673961901,0.017656273240705143,-0.32830562543331776,31503800.0,33.18624152860032,-0.8690994690406064,0.03159825504642866,1
2018-10-16,102.75814819335938,111.0,111.41000366210938,108.9499969482422,109.54000091552734,31610200,MSFT,0.03159825504642866,-0.0112240077435809,-0.01952124926211396,100.02533721923828,103.94356231689453,102.46060394287109,0.0369447041925122,0.019043791135358118,-0.01427898752966339,31975765.0,43.605191383912754,-0.6161946364625583,-0.0026125727203690774,0
2018-10-17,102.48968505859376,110.70999908447266,111.80999755859376,109.5500030517578,111.68000030517578,26548200,MSFT,-0.0026125727203690774,0.042860073987132985,-0.00886299738801033,100.8677734375,103.89773788452149,102.50221466064453,0.023210474178076427,0.018822198546479953,-0.1601381832446489,32216755.0,42.012144891797305,-0.4428143980697023,-0.019962068043480552,0
2018-10-18,100.44377899169922,108.5,110.52999877929688,107.83000183105467,110.0999984741211,32506200,MSFT,-0.019962068043480552,0.024454881082117907,-0.044641812710604745,101.347314453125,103.66306190490722,102.49165634155274,0.02641098073216786,0.018865037726566974,0.2244219947115058,32656340.0,38.412997638230514,-0.4407905051708798,0.0014743227439082407,1
2018-10-19,100.59186553955078,108.66000366210938,110.86000061035156,108.20999908447266,108.93000030517578,32785500,MSFT,0.0014743227439082407,-0.008305553259405296,-0.04901119293447709,101.17882080078125,103.40385131835937,102.48073989868163,0.020724325241567434,0.018787853048186066,0.008592207025121423,30734130.0,35.670049628019214,-0.4052554118833873,0.008927037597981302,1
2018-10-22,101.48985290527344,109.62999725341795,110.54000091552734,108.23999786376952,109.31999969482422,26545600,MSFT,0.008927037597981302,0.018865725032253033,-0.04395232093759738,101.5546661376953,103.17056198120117,102.50014038085938,0.01877604270585025,0.018914021092851792,-0.19032499123087954,30694685.0,38.85298568021156,-0.30179837837130136,-0.013955595340958249,0
2018-10-23,100.07350158691406,108.0999984741211,108.97000122070312,105.11000061035156,107.7699966430664,43770400,MSFT,-0.013955595340958249,-0.026125875695946044,-0.055482279357414455,101.01773681640626,102.87663917541504,102.50578491210938,0.011676796823342819,0.019099439524995886,0.6488758965704298,31749805.0,36.543607096146964,-0.3082004057935358,-0.05346945764503841,0
2018-10-24,94.72262573242188,102.31999969482422,108.48999786376952,101.58999633789062,108.41000366210938,63897800,MSFT,-0.05346945764503841,-0.07578381494422026,-0.10229874145237705,99.46432495117188,102.3369270324707,102.37951202392578,0.02423184815922712,0.022227480283083256,0.45984044011478087,33977095.0,32.355892035549616,-0.6335140724913407,0.05844419758424246,1
2018-10-25,100.25861358642578,108.3000030517578,109.2699966430664,106.1500015258789,106.5500030517578,61646800,MSFT,0.05844419758424246,-0.0018434731063706744,-0.05340442340177909,99.42729187011719,102.05411071777344,102.39136123657227,0.040468901129179106,0.026359447486573397,-0.035228129919965934,36104870.0,44.527009473400824,-0.4454437814828138,-0.01237293964118824,0
2018-10-26,99.01811981201172,106.95999908447266,108.75,104.76000213623048,105.69000244140624,55523100,MSFT,-0.01237293964118824,-0.01564486073598359,-0.06478966509411188,99.11254272460937,101.71112098693848,102.3787712097168,0.04083920465974512,0.026446949332276405,-0.09933524530064819,37798635.0,44.45079035598055,-0.37689729705702324,-0.029076157704783,0
2018-10-29,96.13905334472656,103.8499984741211,108.6999969482422,101.62999725341795,108.11000061035156,55162000,MSFT,-0.029076157704783,-0.052722507791405526,-0.1017211749110285,98.0423828125,101.16678123474121,102.30971069335938,0.041711336375293236,0.026849678254770436,-0.006503599402771121,39612580.0,38.55781411638015,-0.490570195093627,-0.001155451198137869,0
2018-10-30,96.02796936035156,103.7300033569336,104.37999725341795,100.11000061035156,103.66000366210938,65350900,MSFT,-0.001155451198137869,-0.04042560880163615,-0.09917469411206792,97.2332763671875,100.63818016052247,102.25157424926758,0.041807159323198916,0.026862787189334738,0.18470867626264464,41840765.0,46.051400586295046,-0.5347314664766616,0.02969218480193736,1
2018-10-31,98.8792495727539,106.80999755859376,108.13999938964844,105.38999938964844,105.44000244140624,51062400,MSFT,0.02969218480193736,0.043882058887112274,-0.07258844785466989,98.06460113525391,100.251216506958,102.26694198608398,0.03493768789102667,0.027943419269127835,-0.2186427424870966,43561485.0,51.33929228423616,-0.3427392665257152,-0.008332522523975316,0
2018-11-01,98.05533599853516,105.91999816894533,107.31999969482422,105.52999877929688,107.0500030517578,33384200,MSFT,-0.008332522523975316,-0.021975943104293294,-0.06090956890560173,97.62394561767579,99.93322219848633,102.24583480834961,0.021567541475222853,0.027676934551308843,-0.3462077771510935,43489610.0,44.08039263383849,-0.24655630359103786,0.002265740731879351,1
2018-11-02,98.27750396728516,106.16000366210938,107.31999969482422,104.9800033569336,106.4800033569336,37680200,MSFT,0.002265740731879351,-0.007479599149455063,-0.05324181666856287,97.47582244873047,99.65688591003418,102.21991409301758,0.021179116920172776,0.027688929942100305,0.12868362878247797,43920175.0,47.52568201456086,-0.14814635221249772,0.012716756813238694,1
2018-11-05,99.52727508544922,107.51000213623048,107.73999786376952,105.9000015258789,106.37000274658205,27922100,MSFT,0.012716756813238694,0.035242928059354695,-0.030130818792501124,98.153466796875,99.50228576660156,102.20343551635742,0.014761609241001398,0.027799472539814542,-0.2589715553526786,43834250.0,43.54894582374001,0.01241750794361729,0.001953509629068595,1
2018-11-06,99.7217025756836,107.72000122070312,108.83999633789062,106.27999877929688,107.37999725341795,24340200,MSFT,0.001953509629068595,0.03846518092526807,-0.04044178347558891,98.8922134399414,99.29214096069336,102.16862747192383,0.01439106315521309,0.027620198230403244,-0.12828189856780114,43741330.0,44.45680662069402,0.13614334425988694,0.03936109731649906,1
2018-11-07,103.64685821533205,111.95999908447266,112.23999786376952,109.4000015258789,109.44000244140624,37901700,MSFT,0.03936109731649906,0.04821647275013152,0.054634621671244776,99.84573516845703,99.5606086730957,102.2001025390625,0.018229593890877187,0.026127896926347458,0.5571646905119925,42567600.0,55.965510264166326,0.4680699647313715,-0.0018757175547128302,0
2018-11-08,103.45244598388672,111.75,112.20999908447266,110.91000366210938,111.8000030517578,25644100,MSFT,-0.0018757175547128302,0.05504147153635963,0.0551411377785318,100.92515716552734,99.83092727661133,102.19510330200195,0.016816231086951454,0.026122961218922606,-0.32340501877224503,40654590.0,55.318452978737646,0.6491246376620904,-0.01950763138970668,0
2018-11-09,101.43433380126952,109.56999969482422,111.4499969482422,108.76000213623048,110.8499984741211,32039200,MSFT,-0.01950763138970668,0.03212159147870919,0.0,101.55652313232422,99.83092727661133,102.15103790283203,0.02171241298309836,0.02547588452646184,0.24937899945796493,39869445.0,49.90090510393863,0.6082607548740666,-0.024641974198058247,0
2018-11-12,98.9347915649414,106.87000274658205,109.95999908447266,106.0999984741211,109.41999816894533,33621800,MSFT,-0.024641974198058247,-0.0059529764077147496,-0.006784764652159714,101.43802642822266,99.79713554382325,102.0499461364746,0.025199042162211773,0.025769459490565732,0.049395740218232564,39947130.0,48.043204135396806,0.3983346822802103,0.0006550951947013051,1
2018-11-13,98.99960327148438,106.94000244140624,108.73999786376952,106.63999938964844,107.5500030517578,35374600,MSFT,0.0006550951947013051,-0.007241144961912194,-0.03657661205418539,101.29360656738281,99.6092082977295,101.96162994384765,0.025168413203079464,0.024676543761279056,0.05213284238202598,40135350.0,58.9813877868045,0.2561915685266193,-0.01418117464786739,0
2018-11-14,97.59567260742188,104.97000122070312,108.26000213623048,104.47000122070312,108.0999984741211,39495100,MSFT,-0.01418117464786739,-0.05838272102120545,-0.04775126831908949,100.08336944580078,99.3645076751709,101.90485260009766,0.010994928888415393,0.02483724294633135,0.11648188248064995,40782695.0,43.233768484489914,0.06966925785434508,0.022006463384317998,1
2018-11-15,99.743408203125,107.27999877929688,107.8000030517578,103.91000366210938,104.98999786376952,38505200,MSFT,0.022006463384317998,-0.03585258662071089,-0.006972764222979877,99.34156188964843,99.3294891357422,101.88640151977539,0.018835705421416327,0.02502551560143415,-0.025063868682444146,41082645.0,51.7616563220048,0.09160898708727383,0.009414415406719723,1
2018-11-16,100.68243408203124,108.29000091552734,108.87999725341795,106.8000030517578,107.08000183105467,33502100,MSFT,0.009414415406719723,-0.007412674693673349,0.000900356524801138,99.19118194580078,99.33401756286621,101.89654373168945,0.018524122994773826,0.025113855346604916,-0.1299330999449425,41118475.0,62.18366977837751,0.1657127417200206,-0.03389034851880568,0
2018-11-19,97.27027130126952,104.62000274658205,108.55999755859376,103.5500030517578,108.2699966430664,44773900,MSFT,-0.03389034851880568,-0.01682441775378163,-0.041576389000605896,98.8582778930664,99.12303848266602,101.81678024291992,0.021632352601192215,0.026147368413704686,0.33645055086099074,42029890.0,52.83030280907955,-0.009433132328781069,-0.027815014797940685,0
2018-11-20,94.564697265625,101.70999908447266,102.97000122070312,99.3499984741211,101.8000030517578,64052500,MSFT,-0.027815014797940685,-0.04479720988070657,-0.05504758236629359,97.97129669189452,98.84759826660157,101.64846755981445,0.02398339615398838,0.026665077617539473,0.4305767422538578,43043995.0,40.10457513595083,-0.28650806572501375,0.013764580326692366,1
2018-11-21,95.86634063720705,103.11000061035156,104.43000030517578,102.23999786376952,103.5999984741211,28130600,MSFT,0.013764580326692366,-0.017719350909861098,0.01207435811604296,97.62543029785157,98.90478401184082,101.49748611450195,0.025641902443522102,0.024005313493323018,-0.5608196401389485,41255635.0,45.08719612175543,-0.35656116979786057,-0.00038789077269618666,0
2018-11-23,95.82915496826172,103.06999969482422,103.80999755859376,102.0,102.16999816894533,13823100,MSFT,-0.00038789077269618666,-0.03924322725058682,-0.04418032984613085,96.8425796508789,98.68331108093261,101.32354232788086,0.021780795546349947,0.0198185552272559,-0.5086098412404997,38864450.0,44.45911684286207,-0.37781296904418316,0.0329873311763631,1
2018-11-26,98.99030303955078,106.47000122070312,106.62999725341795,104.58000183105467,104.79000091552734,32336200,MSFT,0.0329873311763631,-0.016806616346817682,-0.00028092608215291026,96.50415344238282,98.68192024230957,101.20430465698242,0.028075512290187,0.021129609243198882,1.3392871353025009,37705105.0,48.88153507888148,-0.16239170183907625,0.006293017333447226,1
2018-11-27,99.61325073242188,107.13999938964844,107.33000183105467,105.36000061035156,106.2699966430664,29124500,MSFT,0.006293017333447226,0.024087312596215327,0.036137212369232063,96.97274932861328,98.85563011169434,101.12029998779298,0.022178988031135084,0.020000519830036447,-0.09932212195619772,36403230.0,49.77806629939489,0.028467024590117407,0.03714737508681498,1
2018-11-28,103.3136215209961,111.12000274658205,111.33000183105467,107.86000061035156,107.88999938964844,46788500,MSFT,0.03714737508681498,0.09251786880674961,0.07587010544089101,98.7225341796875,99.21991271972657,101.09049133300782,0.016464667987046214,0.02146602701316202,0.6064996823979811,35475110.0,49.31173910440044,0.3902543669368952,-0.008369073404815852,0
2018-11-29,102.44898223876952,110.19000244140624,111.12000274658205,109.02999877929688,110.33000183105467,28123200,MSFT,-0.008369073404815852,0.06866478430081702,0.03610193929909489,100.0390625,99.39839935302734,101.07134750366211,0.020383934077929416,0.02073193597054732,-0.39892922406146814,34328150.0,47.983297954747684,0.5479932173270026,0.006352679023901464,1
2018-11-30,103.0998077392578,110.88999938964844,110.97000122070312,109.36000061035156,110.6999969482422,33665600,MSFT,0.006352679023901464,0.07587098908890622,0.05144515277371542,101.49319305419922,99.65062294006347,101.03059768676758,0.019433748341768645,0.02060721957341501,0.19707572395744433,34342220.0,53.54182181616994,0.6650339294871955,0.010821402422970028,1
2018-12-03,104.21549224853516,112.08999633789062,113.41999816894533,110.7300033569336,113.0,34732800,MSFT,0.010821402422970028,0.0527848592088529,0.06042062569300355,102.5382308959961,99.94752235412598,100.99938598632812,0.016591517711934744,0.020686110090994834,0.031700014257877385,34194850.0,61.932338500579235,0.7785808386244765,-0.03184923160650355,0
2018-12-04,100.89630889892578,108.5199966430664,112.63999938964844,108.20999908447266,111.94000244140624,45197000,MSFT,-0.03184923160650355,0.012880396504180158,0.013755363163526546,102.79484252929687,100.0159740447998,100.89419937133789,0.025406799897017912,0.02196125221967174,0.3012771789202138,35058595.0,53.73631186244638,0.5991881337927325,0.006173608270777953,1
2018-12-06,101.51920318603516,109.19000244140624,109.23999786376952,105.0,105.81999969482422,49107400,MSFT,0.006173608270777953,-0.01736865196034454,0.018025169686481712,102.43595886230469,100.10584907531738,100.80554428100587,0.017486166902469645,0.021992038224350606,0.08651901674889917,36296955.0,57.974324741316885,0.4957991305313238,-0.040021944451228975,0
2018-12-07,97.45620727539062,104.81999969482422,109.4499969482422,104.3000030517578,108.37999725341795,45044900,MSFT,-0.040021944451228975,-0.04873425635154327,-0.05972830287899322,101.43740386962891,99.79631652832032,100.6443310546875,0.02419088964116614,0.02189088765851206,-0.08272683953945836,36654115.0,45.68717627351361,0.14529500553592203,0.026426241879850654,1
2018-12-10,100.03160858154295,107.58999633789062,107.9800033569336,103.88999938964844,104.8000030517578,40801500,MSFT,0.026426241879850654,-0.02975950416391082,-0.03306676192921121,100.82376403808594,99.62527465820312,100.52666442871094,0.028756792292016,0.02285065051997771,-0.09420378333618229,37411985.0,48.84411352226611,0.08159376022785604,0.00929470001661925,1
2018-12-11,100.96137237548828,108.58999633789062,110.9499969482422,107.44000244140624,109.8000030517578,42381900,MSFT,0.00929470001661925,-0.03122491486473422,-0.0046627350726023975,100.17294006347656,99.60162658691407,100.42833358764648,0.028544969429825474,0.022557173736594483,0.038733870078305976,37929120.0,57.189450796100175,0.09578761794903876,0.004512284208614936,1
2018-12-12,101.41693878173828,109.08000183105467,111.2699966430664,109.04000091552734,110.88999938964844,36183000,MSFT,0.004512284208614936,0.005160048851083898,0.025088719322439612,100.27706604003906,99.72573394775391,100.3161553955078,0.024682050816023027,0.02180995113732032,-0.14626290940236275,38057180.0,64.62888212971848,0.12758006286574897,0.003392106219543445,1
2018-12-13,101.76095581054688,109.4499969482422,110.87000274658205,108.62999725341795,109.58000183105467,31333400,MSFT,0.003392106219543445,0.0023813487194999094,0.027892561665020965,100.3254165649414,99.86380157470703,100.21937469482423,0.02457521087650788,0.02181317707477561,-0.13402979299671114,37855120.0,63.120940989144444,0.16132674735956903,-0.03124701042404221,0
2018-12-14,98.58123016357422,106.02999877929688,109.26000213623048,105.5,108.25,47043100,MSFT,-0.03124701042404221,0.01154388129433892,0.010098373522325677,100.55042114257813,99.91307945251465,100.05862884521484,0.020990092255041403,0.02277570235424682,0.5013723375056649,38232520.0,55.374062905974746,-0.030715467357741277,-0.02961442010321136,0
2018-12-17,95.66180419921876,102.88999938964844,105.8000030517578,101.70999908447266,105.41000366210938,56957300,MSFT,-0.02961442010321136,-0.043684235855929954,-0.04092104007108066,99.67646026611328,99.70899925231933,99.88356048583984,0.019939709701855372,0.023161758529230973,0.2107471658968052,39155125.0,43.43839272634738,-0.33752889521220236,0.010496719565781687,1
2018-12-18,96.66593933105467,103.97000122070312,104.51000213623048,102.5199966430664,103.75,49319200,MSFT,0.010496719565781687,-0.04254531157181918,-0.039892706087182095,98.81737365722657,99.5081745147705,99.74079467773437,0.02021671331818055,0.023190660912683857,-0.13410221341250372,39945980.0,44.27587126600282,-0.44903322946779584,-0.0026929334490272128,0
2018-12-19,96.40562438964844,103.69000244140624,106.87999725341795,101.3499984741211,103.6500015258789,68198200,MSFT,-0.0026929334490272128,-0.049412992072998874,-0.008889117919112843,97.81511077880859,99.46494216918946,99.61652160644532,0.01929375416124645,0.02193196894888606,0.38279209719541285,41117195.0,34.514392826418955,-0.5119471782960161,-0.02102440329982136,0
2018-12-20,94.37875366210938,101.51000213623048,104.30999755859376,98.77999877929688,103.0500030517578,70334200,MSFT,-0.02102440329982136,-0.07254454411946842,-0.001966310990171305,96.33867034912109,99.45564498901368,99.42560470581054,0.01813296808451355,0.021531131555086163,0.03132047473393729,41431280.0,32.805011702490475,-0.6526781938315855,-0.0323120200038608,0
2018-12-21,91.32918548583984,98.2300033569336,103.0,97.45999908447266,101.62999725341795,111242100,MSFT,-0.0323120200038608,-0.07356415278751516,-0.04732792679067033,94.88826141357421,99.22878723144531,99.28663833618164,0.018378812646788405,0.022440524487720284,0.5816217430496118,45586855.0,27.24652378040669,-0.8985846631741496,-0.04173899953544902,0
2018-12-24,87.51719665527344,94.12999725341795,97.97000122070312,93.9800033569336,97.68000030517578,43935200,MSFT,-0.04173899953544902,-0.08513959790036907,-0.08673725982182745,93.25933990478515,98.8131893157959,99.07606079101562,0.021344797668440853,0.024109491444274593,-0.6050488079602956,47092460.0,20.768184281741412,-1.2441300947028948,0.06830985191073102,1
2018-12-26,93.4954833984375,100.55999755859376,100.69000244140624,93.95999908447266,95.13999938964844,51634800,MSFT,0.06830985191073102,-0.032798066770542866,-0.05550866572171087,92.62524871826172,98.53844833374023,98.91728378295899,0.04395498639420665,0.027966066226075646,0.17524900307725932,48057390.0,38.14766312341572,-1.0063850955008762,0.006165664597246323,1
2018-12-27,94.07194519042967,101.18000030517578,101.19000244140624,96.4000015258789,99.3000030517578,49498500,MSFT,0.006165664597246323,-0.024206878115187513,-0.0556281970646364,92.15851287841797,98.26138305664062,98.80651016235352,0.04429338639369577,0.02796397737119566,-0.04137325989448981,49076090.0,38.05553794846777,-0.7579460337757964,-0.007807822712984525,0
2018-12-28,93.3374481201172,100.38999938964844,102.41000366210938,99.5199966430664,102.08999633789062,38196300,MSFT,-0.007807822712984525,-0.011033262271296862,-0.09656203367966798,91.95025177001953,97.76257438659668,98.61809616088867,0.04341808782825977,0.026371742659435034,-0.22833419194521043,48646480.0,42.604403378345424,-0.5977625466070333,0.011754198938263904,1
2018-12-31,94.43455505371094,101.56999969482422,102.4000015258789,100.44000244140624,101.29000091552734,33173800,MSFT,0.011754198938263904,0.03400194090587361,-0.07822847050232284,92.57132568359376,97.36185302734376,98.45699356079102,0.03992615598745165,0.02660867774782728,-0.13149179370776753,48899010.0,39.38654616759898,-0.3830419165366068,-0.004430458389529712,0
2019-01-02,94.01616668701172,101.12000274658205,101.75,98.94000244140624,99.5500030517578,35329300,MSFT,-0.004430458389529712,0.07425934879218588,-0.08810531514490161,93.87111968994141,96.90767097473145,98.32844131469727,0.03093564718283087,0.02650265057470686,0.06497597501642871,48982195.0,36.56963438657031,-0.24123681167488487,-0.03678788907177355,0
2019-01-03,90.55751037597656,97.4000015258789,100.19000244140624,97.1999969482422,100.0999984741211,42579100,MSFT,-0.03678788907177355,-0.03142368931278272,-0.13105519705253388,93.28352508544921,96.22477188110352,98.12775421142578,0.018818846866112442,0.027204668312700138,0.2052064433770271,49374510.0,31.185658788182337,-0.34604037342044514,0.046508992671502325,1
2019-01-04,94.76924896240234,101.93000030517578,102.51000213623048,98.93000030517578,99.72000122070312,44060600,MSFT,0.046508992671502325,0.007412451933050956,-0.0607263040976187,93.42298583984375,95.91841888427734,97.99334213256836,0.03048820640187823,0.02896974466736569,0.03479406563313936,49317690.0,39.31819056022506,-0.1096241149825985,0.0012753595653376415,1
2019-01-07,94.8901138305664,102.05999755859376,103.2699966430664,100.9800033569336,101.63999938964844,35656100,MSFT,0.0012753595653376415,0.016634970654554992,-0.06529887102562126,93.7335189819336,95.5869644165039,97.88967437744141,0.030036335932893357,0.02891113764179965,-0.19074865072196023,48645125.0,43.77936083261069,0.06744863715328764,0.007250689993444581,1
2019-01-08,95.57813262939452,102.8000030517578,103.97000122070312,101.70999908447266,103.04000091552734,31514400,MSFT,0.007250689993444581,0.012109736473403743,-0.019270959731575332,93.96223449707031,95.4930606842041,97.90678451538086,0.029799676926732056,0.02762700316463452,-0.11615684272817273,47968600.0,49.84751998562926,0.23408429274053089,0.014299367549311492,1
2019-01-09,96.94483947753906,104.2699966430664,104.87999725341795,103.23999786376952,103.86000061035156,32280800,MSFT,0.014299367549311492,0.03115073602476426,-0.030857937283770065,94.54796905517578,95.3387222290039,97.84050903320312,0.029846486138866795,0.027130938574554186,0.024319041454065493,47542565.0,50.50162855006902,0.4282216223077835,-0.006425637893044733,0
2019-01-10,96.32190704345705,103.5999984741211,103.75,102.37999725341795,103.22000122070312,30067600,MSFT,-0.006425637893044733,0.06365454001051774,-0.04595287507361201,95.70084838867187,95.10674896240235,97.78658477783203,0.020442256879487412,0.027037847044234474,-0.06856087829297908,46926850.0,49.8513651567852,0.5014693341879897,-0.007721757561620524,0
2019-01-11,95.57813262939452,102.8000030517578,103.44000244140624,101.63999938964844,103.19000244140624,28314200,MSFT,-0.007721757561620524,0.008535296795620706,-0.057572297315240384,95.86262512207031,94.81480865478515,97.7753663635254,0.009280674947461294,0.027021006451259984,-0.058315262940839996,46533410.0,52.23107147915616,0.48625120672729905,-0.007295561478292134,0
2019-01-14,94.8808364868164,102.0500030517578,102.87000274658205,101.26000213623048,101.9000015258789,28437100,MSFT,-0.007295561478292134,-9.776933945471189e-05,-0.06761060044030553,95.86076965332032,94.47080268859864,97.75242370605469,0.010138807906254751,0.027001577102422146,0.0043405782257666115,46388595.0,57.24037146093994,0.41824003426986267,0.029005113370050184,1
2019-01-15,97.63286590576172,105.01000213623048,105.0500030517578,101.87999725341795,102.51000213623048,31587600,MSFT,0.029005113370050184,0.021497943303982137,-0.009620130081952616,96.27171630859375,94.423384475708,97.72749603271484,0.01661567668780495,0.027063123996870362,0.11078837152874232,45615820.0,71.55318799610518,0.5398791074666791,0.003523421819365158,1
2019-01-16,97.97686767578124,105.37999725341795,106.26000213623048,104.95999908447266,105.26000213623048,29853900,MSFT,0.003523421819365158,0.01064551969763472,0.024200499833154643,96.47812194824218,94.53913764953613,97.72592666625977,0.015678589487954194,0.02616301904501959,-0.05488546138358086,44260650.0,62.565234467586635,0.6191055666327352,0.007022335420024284,1
2019-01-17,98.6648941040039,106.12000274658205,106.62999725341795,104.76000213623048,105.0,28393000,MSFT,0.007022335420024284,0.024324550172057924,0.02067899807090634,96.94671936035155,94.63908538818359,97.73367446899414,0.014962419793260625,0.026111745356941364,-0.04893498001936092,43214340.0,62.797980068547126,0.6881392222518419,0.014982905080765274,1
2019-01-18,100.14318084716795,107.70999908447266,107.9000015258789,105.91000366210938,107.45999908447266,37427600,MSFT,0.014982905080765274,0.04776247549713575,0.038769070592947985,97.85972900390625,94.82596321105957,97.74599258422852,0.01355034301442794,0.026266595956645877,0.31819814743070474,41675810.0,68.20899866949773,0.7960295263984964,-0.01884653526860136,0
2019-01-22,98.25582885742188,105.68000030517578,107.0999984741211,104.86000061035156,106.75,32371300,MSFT,-0.01884653526860136,0.03557085387916481,0.04107995756325655,98.53472747802735,95.01981697082519,97.71667510986327,0.017521328489771854,0.026169461179444894,-0.13509549102801144,39777665.0,59.80916792987158,0.7060171235407418,0.009745944198230605,1
2019-01-23,99.2134246826172,106.70999908447266,107.04000091552734,105.33999633789062,106.12000274658205,25874300,MSFT,0.009745944198230605,0.016188798333351073,0.08632770734607909,98.85083923339843,95.41402893066406,97.62800643920899,0.013061528965590085,0.024897584379111923,-0.20070247410514874,35509275.0,62.981928227449394,0.6766305042370353,-0.004779261190046125,0
2019-01-24,98.7392578125,106.1999969482422,107.0,105.33999633789062,106.86000061035156,23164800,MSFT,-0.004779261190046125,0.007781327927747439,0.12822692666253688,99.0033172607422,95.97513198852539,97.53374267578126,0.013542644775555623,0.022550689212073448,-0.10471780879096249,34470755.0,74.01763566047725,0.5938695185478164,0.009133861723486625,1
2019-01-25,99.64112854003906,107.16999816894533,107.87999725341795,106.1999969482422,107.23999786376952,31225600,MSFT,0.009133861723486625,0.009894445688109599,0.06573200028723813,99.19856414794921,96.28241424560547,97.49787857055664,0.01378380071166679,0.017241888193089635,0.34797623981212866,33450295.0,67.75088105739118,0.5684549377148163,-0.019501519200144646,0
2019-01-28,97.6979751586914,105.08000183105467,106.4800033569336,104.66000366210938,106.26000213623048,29476700,MSFT,-0.019501519200144646,-0.02441709627945876,0.03854528532307455,98.7095230102539,96.46371574401856,97.47314224243163,0.014310529278085939,0.01795989544322254,-0.056008531461365085,32449205.0,59.031273956561385,0.3974578308603307,-0.020365517264537503,0
2019-01-29,95.70830535888672,102.94000244140624,104.97000122070312,102.16999816894533,104.87999725341795,31490500,MSFT,-0.020365517264537503,-0.025927454158794383,0.02540092199347921,98.20001831054688,96.58225860595704,97.40731628417969,0.014692968736285077,0.018532865038175524,0.06831836670997782,32113915.0,50.386341157673975,0.1403019120493566,0.0334173556772559,1
2019-01-30,98.90662384033205,106.37999725341795,106.37999725341795,104.33000183105467,104.62000274658205,49471900,MSFT,0.0334173556772559,-0.003092331942643911,0.047356275296448036,98.13865814208984,96.80586204528808,97.43353530883789,0.022456480691987014,0.0197611496338297,0.5710103046950668,32928820.0,55.25145768873371,0.17338937285676692,-0.018330379101518246,0
2019-01-31,97.0936279296875,104.43000030517578,105.22000122070312,103.18000030517578,103.8000030517578,55636400,MSFT,-0.018330379101518246,-0.016666419408756905,0.03273331971639437,97.80953216552734,96.95973510742188,97.38053970336914,0.023886464418204564,0.02025597545866768,0.12460608951748364,33944175.0,51.94206762974857,0.06645569507755256,-0.015800169350671522,0
2019-02-01,95.55953216552734,102.77999877929688,104.0999984741211,102.3499984741211,103.77999877929688,35535700,MSFT,-0.015800169350671522,-0.04096296814694944,0.055235858061726706,96.993212890625,97.20983619689942,97.27808166503907,0.02328132488451492,0.018629729046743898,-0.36128685536806837,33592005.0,49.95498187087814,-0.10498758980347545,0.028799348895532706,1
2019-02-04,98.31158447265624,105.73999786376952,105.8000030517578,102.7699966430664,102.87000274658205,31315100,MSFT,0.028799348895532706,0.00628067585810399,0.037378533111085854,97.11593475341797,97.3869529724121,97.2989079284668,0.027085987832111448,0.016774077928399765,-0.11877070101334719,32954730.0,57.55218383947699,-0.03410566172687246,0.013996620801533632,1
2019-02-05,99.68761444091795,107.22000122070312,107.2699966430664,105.95999908447266,106.05999755859376,27325400,MSFT,0.013996620801533632,0.04157746882164126,0.05055848725103074,97.91179656982422,97.62682800292968,97.40136627197266,0.024359206052068174,0.016986222286702695,-0.12740498992498828,32538195.0,54.8148503055674,0.09720847008997868,-0.011098512925088233,0
2019-02-06,98.58123016357422,106.02999877929688,107.0,105.52999877929688,107.0,20609800,MSFT,-0.011098512925088233,-0.0032899078355269618,0.031420341155065756,97.84671783447266,97.77698287963867,97.4556640625,0.02081435227377561,0.017216106092453217,-0.24576401443345752,31992965.0,51.36733603963975,0.1008731971199246,-0.007168198034259721,0
2019-02-07,97.87458038330078,105.2699966430664,105.58999633789062,104.29000091552734,105.19000244140624,29760700,MSFT,-0.007168198034259721,0.008043292544170022,0.009590411524453835,98.0029083251953,97.82346992492675,97.49657257080078,0.018935904349144196,0.017056929074784465,0.4440072198662772,31866960.0,48.21346527167442,0.04961785049232553,0.0038000199086150044,1
2019-02-08,98.24650573730467,105.66999816894533,105.77999877929688,104.26000213623048,104.38999938964844,21461100,MSFT,0.0038000199086150044,0.02811832070423881,0.019980903129122263,98.54030303955078,97.91969985961914,97.48169662475586,0.016231131264154187,0.01698790530545148,-0.2788778489753265,31436635.0,45.48674185828572,0.035345611843957125,-0.003974570576001368,0
2019-02-11,97.85601806640624,105.25,106.58000183105467,104.97000122070312,106.1999969482422,18914100,MSFT,-0.003974570576001368,-0.004633903610583245,0.023832704974936503,98.44918975830078,98.03359413146973,97.44655197143555,0.009959315265432667,0.01690565262681582,-0.11867984399681286,30966630.0,48.9756528932469,-0.0037341347837078764,0.015581719395262095,1
2019-02-12,99.38078308105467,106.88999938964844,107.13999938964844,105.4800033569336,106.13999938964844,25056600,MSFT,0.015581719395262095,-0.003077928603107738,0.04742734951397187,98.38782348632812,98.25859146118164,97.36789520263672,0.010558787782389807,0.017065702622463826,0.32475772043078965,30797605.0,50.41667584761692,0.06592134094358176,-0.0007483472718257111,0
2019-02-13,99.30641174316406,106.80999755859376,107.77999877929688,106.70999908447266,107.5,18394900,MSFT,-0.0007483472718257111,0.007356183102874336,0.017141213892232887,98.53285980224608,98.34226875305175,97.3050437927246,0.008856474195897253,0.015885687488256393,-0.2658660791966987,30137970.0,51.44073709426093,0.09787509813833672,0.0008425595926335738,1
2019-02-14,99.39008331298828,106.9000015258789,107.29000091552734,105.66000366210938,106.30999755859376,21784700,MSFT,0.0008425595926335738,0.015484132077526302,0.014423972420547049,98.83596038818358,98.41292953491211,97.23084930419923,0.007520616818208246,0.01587431002851813,0.18427933829485355,29734510.0,49.33461187074261,0.11438593181385809,0.012347956288879525,1
2019-02-15,100.61734771728516,108.22000122070312,108.3000030517578,107.36000061035156,107.91000366210938,26606900,MSFT,0.012347956288879525,0.02413156541485284,0.01978873672355186,99.31012878417968,98.51055221557617,97.15888641357422,0.008611840854821806,0.016027480422132267,0.2213571910561083,29645205.0,58.04293285981411,0.19307262940071834,-0.0004617793427219574,0
2019-02-19,100.57088470458984,108.16999816894533,108.66000366210938,107.77999877929688,107.79000091552734,18038500,MSFT,-0.0004617793427219574,0.027743481615420507,0.0042709234298701215,99.85310211181641,98.53193740844726,97.1523779296875,0.00782322196270237,0.01569202634145734,-0.32203676489933064,28675750.0,65.00289065780828,0.22487870755952688,-0.0051991245352478455,0
2019-02-20,100.04800415039062,107.1500015258789,107.94000244140624,106.29000091552734,107.86000061035156,21607700,MSFT,-0.0051991245352478455,0.006713783577170673,0.018239887788940923,99.98654632568359,98.62154617309571,97.12295394897461,0.006553414770951933,0.015099818887500983,0.1978656761925881,28137570.0,54.21794972282194,0.1947171959518762,0.02109186477560665,1
2019-02-21,102.158203125,109.41000366210938,109.4800033569336,106.87000274658205,106.9000015258789,29063200,MSFT,0.02109186477560665,0.028717092197546368,0.029681249808714005,100.55690460205078,98.76878509521484,97.2169938659668,0.010740752305846589,0.015648391595830233,0.34503903700995475,28297015.0,68.31376037043339,0.2948899001661818,0.014258241922378456,1
2019-02-22,103.61479949951172,110.97000122070312,111.1999969482422,109.81999969482422,110.0500030517578,27763200,MSFT,0.014258241922378456,0.042506415586949675,0.04937794545985019,101.40184783935547,99.01256217956544,97.28865768432617,0.01089100355622363,0.015819338459920857,-0.044730105425417666,28526935.0,79.29243382831942,0.4291188424459269,0.005586849686094686,1
2019-02-25,104.19367980957033,111.58999633789062,112.18000030517578,111.26000213623048,111.76000213623048,23750600,MSFT,0.005586849686094686,0.0355438915199191,0.04568947919635313,102.1171142578125,99.240189743042,97.35330383300781,0.010697444459498048,0.015761194508294996,-0.14452944905486398,28153185.0,75.40517634529374,0.5206652346366096,0.006900700702078488,1
2019-02-26,104.91268920898438,112.36000061035156,113.23999786376952,111.16999816894533,111.26000213623048,21536700,MSFT,0.006900700702078488,0.043171585068062734,0.07384711953931555,102.9854751586914,99.60092544555664,97.42321884155274,0.009879508924261366,0.01491742082157732,-0.09321448721295467,27756185.0,73.92532525832385,0.5884160279040882,-0.001691135468568472,0
2019-02-27,104.73526763916016,112.16999816894533,112.36000061035156,110.87999725341795,111.69000244140624,21487100,MSFT,-0.001691135468568472,0.04685014487369199,0.0943174392903956,103.92292785644531,100.05227355957031,97.482705078125,0.008717173132913375,0.013882050836104543,-0.0023030454990783378,27256015.0,80.79918380188877,0.5791513428453752,-0.0012481186981715409,0
2019-02-28,104.60454559326172,112.02999877929688,112.87999725341795,111.7300033569336,112.04000091552734,29083900,MSFT,-0.0012481186981715409,0.02394660823535033,0.057609101713228084,104.41219635009766,100.3371696472168,97.60317138671876,0.006580226251637951,0.012151921318526465,0.35355166588325093,26236615.0,85.74195420089833,0.523760769567261,0.004462928916898479,1
2019-03-01,105.0713882446289,112.52999877929688,113.0199966430664,111.66999816894533,112.88999938964844,23501200,MSFT,0.004462928916898479,0.014057728742929765,0.08216564243246394,104.7035140991211,100.73605766296387,97.79136306762695,0.003997034763244723,0.011080148815547985,-0.1919515608291873,24629855.0,85.88426710011494,0.4793044747596127,-0.0023991576481328103,0
2019-03-04,104.81930541992188,112.26000213623048,113.25,110.8000030517578,113.0199966430664,26608000,MSFT,-0.0023991576481328103,0.006004448748666569,0.09690057124133711,104.82863922119141,101.1990463256836,97.9544303894043,0.00419673836621815,0.010188160623178318,0.1321975048082651,24183470.0,87.1527104985925,0.39705947010608944,-0.0049885449144456695,0
2019-03-05,104.2964096069336,111.6999969482422,112.38999938964844,111.2300033569336,112.25,19538300,MSFT,-0.0049885449144456695,-0.005874214136510791,0.0608760927451224,104.70538330078125,101.49828758239747,98.11224609375,0.0034676954639261594,0.008666633698749338,-0.26569828622970537,23594630.0,79.36700817972249,0.27725302216466874,0.0004476845819259001,1
2019-03-06,104.34310150146484,111.75,112.66000366210938,111.43000030517578,111.87000274658205,17687000,MSFT,0.0004476845819259001,-0.0037443560945146226,0.04670075702640131,104.62695007324218,101.7310619354248,98.31153305053711,0.0035193060216839986,0.008282396835062754,-0.09475235818878813,23112710.0,80.19011243395317,0.17590208234144922,-0.01217010923660855,0
2019-03-07,103.07323455810548,110.38999938964844,111.5500030517578,109.87000274658205,111.4000015258789,25339000,MSFT,-0.01217010923660855,-0.014639048680642364,0.04556652810152362,104.32068786621093,101.95566215515137,98.54641403198242,0.0062442607450197245,0.008376681624630265,0.43263413806750717,23349170.0,69.32841139306402,0.007011055464463567,0.0010871934635157121,1
2019-03-08,103.18529510498048,110.51000213623048,110.70999908447266,108.8000030517578,109.16000366210938,22818400,MSFT,0.0010871934635157121,-0.01795058741640676,0.05426040858496295,103.94346923828125,102.22119789123535,98.85977600097657,0.005365870840521832,0.008085806641315734,-0.09947511740794823,23002055.0,65.26248392520628,-0.10718383842224455,0.020993584849885227,1
2019-03-11,105.35152435302734,112.83000183105467,112.9499969482422,110.9800033569336,110.98999786376952,26491600,MSFT,0.020993584849885227,0.0050774895995859826,0.07231828310230548,104.04991302490234,102.57644882202149,99.09689682006837,0.012342438838877756,0.009066139798654168,0.16097535322371415,23253580.0,72.6949655921768,-0.049773429510196365,0.007001560979778221,1
2019-03-12,106.08914947509766,113.62000274658205,113.98999786376952,112.6500015258789,112.81999969482422,26132700,MSFT,0.007001560979778221,0.017188893413689232,0.08413515664518778,104.40846099853516,102.98810539245605,99.33724090576172,0.012030929969195024,0.008918579543118253,-0.013547690588714967,23614510.0,78.10587038484454,0.021129576021451157,0.0077452387457257466,1
2019-03-13,106.91083526611328,114.5,115.0,113.77999877929688,114.12999725341795,35513800,MSFT,0.0077452387457257466,0.024608562786610166,0.07576970065648525,104.92200775146485,103.36460800170899,99.60870864868164,0.01201495504716966,0.008551484047413111,0.35897936302027733,24137370.0,75.12331025626762,0.10208902394082298,0.0007856980406146796,1
2019-03-14,106.99483489990234,114.58999633789062,115.1999969482422,114.33000183105467,114.54000091552734,30763400,MSFT,0.0007856980406146796,0.038046737919980034,0.07742121603006691,105.70632781982422,103.7490291595459,99.85991424560547,0.008194339323314651,0.008516358487681307,-0.1337620868507453,24755795.0,70.90050478841353,0.13779753836319264,0.01151958706297429,1
2019-03-15,108.22737121582033,115.91000366210938,117.25,114.58999633789062,115.33999633789062,54681100,MSFT,0.01151958706297429,0.04886428929345055,0.0889151875947487,106.7147430419922,104.1908935546875,100.14413833618164,0.0074394575871388705,0.008656702391756218,0.7774725810541097,26400615.0,73.07690964674751,0.21625460439319477,0.01432144675387903,1
2019-03-18,109.77734375,117.56999969482422,117.61000061035156,116.0500030517578,116.16999816894533,31207600,MSFT,0.01432144675387903,0.042010017644756426,0.09103793968464191,107.59990692138672,104.64889335632324,100.52853500366211,0.005125397567239897,0.00876380851953209,-0.4292799523052755,26630650.0,75.41448707871714,0.3371579352217129,0.0006803238310857385,1
2019-03-19,109.8520278930664,117.6500015258789,118.44000244140624,116.98999786376952,118.08999633789062,37588700,MSFT,0.0006803238310857385,0.03546902238906169,0.09228459325716742,108.35248260498047,105.11295051574707,100.83019058227539,0.0061875063506758605,0.008734117112672425,0.20447262846229775,27608160.0,77.02163458439172,0.3834099004072653,-0.001104696488008372,0
2019-03-20,109.73067474365234,117.5199966430664,118.75,116.70999908447266,117.38999938964844,28113300,MSFT,-0.001104696488008372,0.026375619183220955,0.09678024739710822,108.91645050048828,105.59708404541016,101.12700180053712,0.0071202618271301345,0.008541679904163352,-0.2520810775578831,27933440.0,77.097926352775,0.3670627206561843,0.02297474472486538,1
2019-03-21,112.251708984375,120.22000122070312,120.81999969482422,117.08999633789062,117.13999938964844,29854400,MSFT,0.02297474472486538,0.04913203604071792,0.09880269572698586,109.96782531738282,106.10175933837891,101.46047332763672,0.009987256637119076,0.008740338336726973,0.06193154129895806,27973000.0,81.18429815870836,0.48013093573100996,-0.026368281341415334,0
2019-03-22,109.29182434082033,117.0500030517578,119.58999633789062,117.04000091552734,119.5,33624500,MSFT,-0.026368281341415334,0.009835341217679039,0.054789710241492706,110.18071594238282,106.38561058044434,101.70741302490234,0.018760645831915394,0.010876237216280853,0.12628289297389994,28266065.0,65.72558146521948,0.31751323612756854,0.005211203441679579,1
2019-03-25,109.86136627197266,117.66000366210938,118.01000213623048,116.31999969482422,116.55999755859376,27067100,MSFT,0.005211203441679579,0.0007653903720243882,0.05439568381461224,110.19752044677735,106.66899490356445,101.97820220947266,0.017688815240861012,0.010871361607338446,-0.19501851328644293,28431890.0,69.5026700163528,0.21514171637603674,0.0021250370405760943,1
2019-03-26,110.0948257446289,117.91000366210938,118.70999908447266,116.8499984741211,118.62000274658205,26097700,MSFT,0.0021250370405760943,0.0022102263947174627,0.04939475457846476,110.24608001708984,106.92810173034668,102.26853607177735,0.01770880485071341,0.010826782590101475,-0.03581469754794564,28659940.0,69.89674353103139,0.13395947037788414,-0.009668511828785253,0
2019-03-27,109.0303726196289,116.7699966430664,118.20999908447266,115.5199966430664,117.87999725341795,22733400,MSFT,-0.009668511828785253,-0.006382008728730182,0.04100915648839987,110.10601959228515,107.14285697937012,102.5515267944336,0.01831475310661125,0.01113080287528378,-0.12891174318043352,28722255.0,70.90441008748212,-0.012821112405712487,0.001370249409603952,1
2019-03-28,109.17977142333984,116.93000030517578,117.58000183105467,116.12999725341795,117.44000244140624,18334800,MSFT,0.001370249409603952,-0.027366510397296095,0.04373830796864375,109.49163208007812,107.37161827087402,102.78246490478516,0.01297042109575755,0.01110508494139788,-0.19348623611074456,28184800.0,70.98045582426693,-0.11552856492302999,0.00863755764946239,1
2019-03-29,110.12281799316406,117.94000244140624,118.31999969482422,116.95999908447266,118.06999969482422,25399800,MSFT,0.00863755764946239,0.007603438384854222,0.048076168335896785,109.65783081054687,107.62418975830079,103.0253839111328,0.006889389679339856,0.011188748807596105,0.3853328097388573,28279730.0,68.26307959987179,-0.13431567955492874,0.00915725614309193,1
2019-04-01,111.13124084472656,119.0199966430664,119.11000061035156,118.0999984741211,118.9499969482422,22789100,MSFT,0.00915725614309193,0.01155888203329103,0.06021729870769632,109.91180572509765,107.93978652954101,103.27471084594727,0.007604669052908189,0.011225656094314428,-0.10278427389192046,28088785.0,68.9076442870263,-0.09504000644154642,0.0014281012596701892,1
2019-04-02,111.28994750976562,119.19000244140624,119.4800033569336,118.5199966430664,119.05999755859376,18142300,MSFT,0.0014281012596701892,0.010855385410290408,0.06705444539451433,110.150830078125,108.28946342468262,103.49764617919922,0.007615614105625445,0.011076390796375101,-0.2039044982030883,28018985.0,67.28074775989363,-0.07544088504978053,0.006544459188170038,1
2019-04-03,112.01828002929688,119.97000122070312,120.43000030517578,119.1500015258789,119.86000061035156,22860700,MSFT,0.006544459188170038,0.02740435841755584,0.07355712469141329,110.7484115600586,108.67322235107422,103.77289520263672,0.003805247083377372,0.011077402065317264,0.260077277963654,28277670.0,68.86410218651037,-0.03267792708738382,-0.005084774622236332,0
2019-04-04,111.44869232177734,119.36000061035156,120.2300033569336,118.37999725341795,120.0999984741211,20112800,MSFT,-0.005084774622236332,0.02078151354283264,0.08125734871500878,111.20219573974609,109.09199523925781,104.01760055541992,0.005992351563814712,0.010651153364154408,-0.1202019185764216,28016360.0,62.73060416436762,-0.06039378714557975,0.004440366562993736,1
2019-04-05,111.94356536865234,119.88999938964844,120.2300033569336,119.37000274658205,119.38999938964844,15826200,MSFT,0.004440366562993736,0.016533788443384267,0.08487905427572029,111.56634521484375,109.5299087524414,104.28168670654297,0.005475920210910767,0.010629792294728647,-0.21312795831510278,27666750.0,59.339755646826724,-0.06276244552659138,0.00033374982203304704,1
2019-04-08,111.98092651367188,119.93000030517578,120.0199966430664,118.63999938964844,119.80999755859376,15116200,MSFT,0.00033374982203304704,0.007645785851815523,0.0629264949069912,111.73628234863281,109.86137886047364,104.52848266601562,0.004438796213300496,0.00988293146791498,-0.04486231691751652,27097980.0,59.20847245863534,-0.0781740924031884,-0.005419768566500394,0
2019-04-09,111.37401580810548,119.27999877929688,119.54000091552734,118.58000183105467,118.62999725341795,17612000,MSFT,-0.005419768566500394,0.0007553988497701614,0.04981533322828979,111.75309600830079,110.12562217712403,104.8020034790039,0.0054257369257977505,0.010014428170820664,0.16510763287069508,26671945.0,56.82166555609333,-0.1418906775866282,0.007629119438498977,1
2019-04-10,112.22370147705078,120.19000244140624,120.3499984741211,119.54000091552734,119.76000213623048,16477200,MSFT,0.007629119438498977,0.0018338207630057557,0.049694366316689775,111.79418029785157,110.39126548767089,105.13231140136719,0.005756290582776163,0.010011248974430871,-0.06443334090392916,25720115.0,49.86500668899027,-0.13926375829429238,0.001164766575896925,1
2019-04-11,112.35441589355467,120.33000183105467,120.8499984741211,119.91999816894533,120.54000091552734,14209100,MSFT,0.001164766575896925,0.00812682098738593,0.05009196003401861,111.97532501220704,110.65924453735352,105.40126724243164,0.004885783896569279,0.010008239533487215,-0.13765081445876726,24892400.0,70.29686349699452,-0.14075737854143533,0.00515233811550031,1
2019-04-12,112.9333038330078,120.9499969482422,120.9800033569336,120.37000274658205,120.63999938964844,19745100,MSFT,0.00515233811550031,0.008841405587681983,0.04348190817462605,112.17327270507812,110.8945411682129,105.71806076049805,0.004997283387086093,0.00980525734213804,0.38960947561773795,23145600.0,70.333613777236,-0.11583317334482102,0.0008269608280933038,1
2019-04-15,113.02669525146484,121.0500030517578,121.58000183105467,120.56999969482422,120.94000244140624,15792600,MSFT,0.0008269608280933038,0.009338811263231328,0.02959947280984232,112.38242645263672,111.05700874328613,106.06740402221679,0.004966568446290692,0.009380628574762963,-0.20017624625856545,22374850.0,69.77312814771068,-0.10637660150896089,-0.0023131855762899,0
2019-04-16,112.76524353027344,120.7699966430664,121.6500015258789,120.0999984741211,121.63999938964844,14071800,MSFT,-0.0023131855762899,0.012491492850226438,0.026519452513365183,112.66067199707031,111.20266952514649,106.35647720336914,0.003908040028032461,0.009418227450107446,-0.10896242543976298,21199005.0,78.24837533627175,-0.12951337812914265,0.008280106189521907,1
2019-04-17,113.6989517211914,121.7699966430664,121.8499984741211,120.54000091552734,121.23999786376952,19300900,MSFT,0.008280106189521907,0.01314562097599592,0.03616378908458873,112.95572204589844,111.40108337402344,106.63670394897461,0.004126697468605928,0.009522604227265558,0.3716013587458604,20758385.0,80.55531482902926,-0.09529866539537246,0.013139656314415715,1
2019-04-18,115.1929168701172,123.37000274658205,123.5199966430664,121.3000030517578,122.19000244140624,27991000,MSFT,0.013139656314415715,0.025263813210971042,0.02620189850429444,113.52342224121094,111.54814376831055,106.96893768310547,0.006081360306363525,0.008580013251737255,0.45024325290530487,20665215.0,81.90346980983176,0.009040753136869473,0.0031612273642411814,1
2019-04-22,115.55706787109376,123.76000213623048,124.0,122.56999969482422,122.62000274658205,15648700,MSFT,0.0031612273642411814,0.023232863548964033,0.05732582073784065,114.04817504882813,111.86140594482421,107.32258743286133,0.006135249415290337,0.005578695721249626,-0.4409381586938659,19766425.0,80.30671269690691,0.07974062881467914,0.013574738008553355,1
2019-04-23,117.12572479248048,125.44000244140624,125.58000183105467,123.83000183105467,124.0999984741211,24025500,MSFT,0.013574738008553355,0.03626603017894148,0.06612295811545055,114.86798095703125,112.22462387084961,107.70017181396484,0.006780318149220119,0.00606110016480064,0.5353032520273249,19614345.0,83.49399268034452,0.20233669530073484,-0.0034277835132232592,0
2019-04-24,116.7242431640625,125.01000213623048,125.8499984741211,124.5199966430664,125.79000091552734,31257000,MSFT,-0.0034277835132232592,0.03510833222939125,0.06021552216096793,115.65978088378907,112.55609474182128,108.07753631591797,0.007176720575766991,0.006238666678900267,0.3009926952612849,19872310.0,78.06237579798656,0.22484279450074318,0.03311717937053249,1
2019-04-25,120.5898208618164,129.14999389648438,131.3699951171875,128.8300018310547,130.05999755859375,38033900,MSFT,0.03311717937053249,0.060606268011358155,0.10602044150132928,117.03795471191407,113.13406715393066,108.5017170715332,0.013836694373729808,0.00858123197638667,0.21681223405957062,20637335.0,89.12880757242846,0.4552359297191044,0.005729741377755726,1
2019-04-26,121.28076934814452,129.88999938964844,130.52000427246094,129.02000427246094,129.6999969482422,23654900,MSFT,0.005729741377755726,0.052849191108612414,0.1108355308593163,118.25552520751953,113.7391170501709,108.94120422363281,0.014067365872574882,0.008537144822003717,-0.37805746978353516,20903340.0,89.30827993072648,0.6002160482887655,-0.000924102034200569,0
2019-04-29,121.16869354248048,129.77000427246094,130.17999267578125,129.35000610351562,129.89999389648438,16324200,MSFT,-0.000924102034200569,0.04856150969187456,0.10030505712269466,119.37785034179687,114.29141082763672,109.37677642822266,0.014699609372522656,0.008608048696675932,-0.3099019653433327,20449560.0,88.4373717300951,0.631445697275371,0.0063961800858753914,1
2019-04-30,121.94371032714844,130.60000610351562,130.6999969482422,129.38999938964844,129.80999755859375,24166500,MSFT,0.0063961800858753914,0.04113516089829372,0.09729459871260815,120.34144744873046,114.83203430175782,109.80330368041992,0.014566004876636389,0.008556909595108153,0.48040945344947983,20518430.0,93.60538350891228,0.6449146300682314,-0.020826975176629903,0
2019-05-01,119.40399169921876,127.87999725341795,130.64999389648438,127.6999969482422,130.52999877929688,26821700,MSFT,-0.020826975176629903,0.022957943118891988,0.07290904857998193,120.87739715576171,115.23773651123047,110.1799658203125,0.019330872006978014,0.010277188896420783,0.10987110255932797,20952400.0,75.9971846408236,0.4335368652193461,-0.013059054906801926,0
2019-05-02,117.84468841552734,126.20999908447266,128.0,125.5199966430664,127.9800033569336,27350200,MSFT,-0.013059054906801926,-0.022764213651454868,0.052013014167925586,120.3283706665039,115.529056930542,110.53589950561523,0.011999814040062623,0.010895288852907754,0.019704194737842906,21176875.0,68.01467367005478,0.1538900166405206,0.021313287417651816,1
2019-05-03,120.3563461303711,128.89999389648438,129.42999267578125,127.25,127.36000061035156,24911100,MSFT,0.021313287417651816,-0.007622174749896238,0.07992605048137635,120.14348602294922,115.97443962097168,110.89986236572265,0.016509385416199063,0.011498321713292202,-0.08918033506153522,21416790.0,71.61492385980773,0.10556145281139173,-0.005818192144996903,0
2019-05-06,119.65608978271484,128.14999389648438,128.55999755859375,126.11000061035156,126.38999938964844,24239800,MSFT,-0.005818192144996903,-0.012483453568271186,0.06889654075840479,119.8409652709961,116.36006584167481,111.22068817138671,0.016617352992874698,0.011700656778195017,-0.026947826470930636,21837470.0,68.6449711912399,-0.0004652760971186609,-0.020522887560690095,0
2019-05-07,117.20040130615234,125.5199966430664,127.18000030517578,124.22000122070312,126.45999908447266,36017700,MSFT,-0.020522887560690095,-0.038897529099867656,0.04661039120660626,118.89230346679688,116.62103958129883,111.48082260131837,0.017397853243773194,0.012860419187061715,0.48589097269779447,22882545.0,61.10332466573995,-0.24912451774686284,-7.954853407743379e-05,0
2019-05-08,117.19107818603516,125.51000213623048,126.37000274658205,124.75,125.44000244140624,28419000,MSFT,-7.954853407743379e-05,-0.018532994430856098,0.05222997784287786,118.44972076416016,116.91189270019531,111.72639038085937,0.015920412608381937,0.012745344213109303,-0.2109712724577083,23422895.0,59.16673475829077,-0.4174587997331618,-7.975016908667865e-05,0
2019-05-09,117.18173217773438,125.5,125.79000091552734,123.56999969482422,124.29000091552734,27235800,MSFT,-7.975016908667865e-05,-0.00562567771790734,0.044179889233982195,118.31712951660157,117.1597942352295,111.97531967163086,0.015032697692703205,0.012702560400613057,-0.04163411801963479,23960825.0,55.66188135413569,-0.5256725795571531,0.012988139259979103,1
2019-05-10,118.70370483398438,127.12999725341795,127.93000030517578,123.81999969482422,124.91000366210938,30915100,MSFT,0.012988139259979103,-0.013731235198820024,0.05651125405204427,117.98660125732422,117.47725868225098,112.2573028564453,0.012116400061455203,0.012923086192546588,0.13509057931105373,24796125.0,58.40401955822024,-0.49160795432685545,-0.02973333559572855,0
2019-05-13,115.17424774169922,123.3499984741211,125.5500030517578,123.04000091552734,124.11000061035156,33944900,MSFT,-0.02973333559572855,-0.037456029602457086,0.01984307403248442,117.0902328491211,117.58930587768555,112.45936004638672,0.017275725855379277,0.014809921954877021,0.09800388806764326,25506115.0,45.282144659452044,-0.6914016766635909,0.011187709900803089,1
2019-05-14,116.46278381347656,124.7300033569336,125.87999725341795,123.6999969482422,123.87000274658205,25266300,MSFT,0.011187709900803089,-0.006293643063123744,0.030400681488271575,116.94270935058594,117.76111030578613,112.69222961425781,0.0171128914966542,0.014980564521585554,-0.2556672725505157,25979800.0,49.39389673287877,-0.718250851300652,0.014082073971782627,1
2019-05-15,118.10282135009766,126.0199966430664,126.70999908447266,123.6999969482422,124.26000213623048,24722700,MSFT,0.014082073971782627,0.00777997078084014,0.04733353693677134,117.12505798339843,118.02798919677734,112.96835784912109,0.018452479316558242,0.015201815611081379,-0.021514824093753382,26512345.0,43.571431388712476,-0.6112252145394332,0.023091513144112064,1
2019-05-16,120.82999420166016,128.92999267578125,129.3800048828125,126.45999908447266,126.75,30112200,MSFT,0.023091513144112064,0.031133368282970197,0.06271862996551847,117.85471038818359,118.38454132080078,113.298095703125,0.020673262212863537,0.01584906559325654,0.2179980341952943,27052910.0,48.94578023039961,-0.35512835835504797,-0.0066700851508157966,0
2019-05-17,120.0240478515625,128.07000732421875,130.4600067138672,127.91999816894533,128.30999755859375,25770500,MSFT,-0.0066700851508157966,0.011123014394746278,0.04193947955057431,118.11877899169922,118.62609786987305,113.63711196899413,0.020956208865422682,0.01581188428513994,-0.144184084855972,26941885.0,47.40718696782704,-0.243687574282355,-0.014445398210197524,0
2019-05-20,118.29025268554688,126.22000122070312,127.58999633789062,125.76000213623048,126.5199966430664,23706900,MSFT,-0.014445398210197524,0.027054701940280257,0.023652251349108644,118.74197998046876,118.7627571105957,113.93921112060546,0.01550306689395879,0.016238459010348046,-0.08007605595545297,27344795.0,42.068808345352146,-0.2874140543368473,0.0053874542553342675,1
2019-05-21,118.9275360107422,126.9000015258789,127.52999877929688,126.58000183105467,127.43000030517578,15293300,MSFT,0.0053874542553342675,0.021163431927001763,0.015383565151499523,119.23493041992188,118.85284767150878,114.21073135375977,0.015179959022352361,0.016014241592782086,-0.35490089383259726,26908185.0,48.872549125805826,-0.2741323903126709,0.00606771717088761,1
2019-05-22,119.64915466308594,127.66999816894533,128.24000549316406,126.5199966430664,126.62000274658205,15396500,MSFT,0.00606771717088761,0.01309311069211816,0.025058303397283987,119.54419708251953,118.99909324645996,114.48193145751954,0.014284081756357037,0.016020396729931177,0.006748053068990956,26115160.0,54.446230343362565,-0.21980848606160497,-0.011670664926995089,0
2019-05-23,118.25276947021484,126.18000030517578,126.29000091552734,124.73999786376952,126.1999969482422,23603800,MSFT,-0.011670664926995089,-0.02132934581743029,-0.01938017135193848,119.02875213623047,118.88224067687989,114.70877014160156,0.009542061169528535,0.014395538082658999,0.5330627090572533,25393655.0,44.515313835763365,-0.27727291893951045,0.00047562434889569793,1
2019-05-24,118.30901336669922,126.23999786376952,127.41999816894533,125.97000122070312,126.91000366210938,14123400,MSFT,0.00047562434889569793,-0.01428909052446159,-0.02450310958132751,118.68574523925781,118.73365287780761,114.9350537109375,0.009626755175072367,0.014316304338677777,-0.4016471924012235,24917080.0,46.36569770601186,-0.3084563793578763,-0.0006337783345442549,0
2019-05-28,118.2340316772461,126.16000366210938,128.0,126.0500030517578,126.9800033569336,23128400,MSFT,-0.0006337783345442549,-0.000475280143751422,-0.024219637758209567,118.67450103759765,118.5869197845459,115.13518692016602,0.007117693549654601,0.014316684106573344,0.6375943469702763,25257290.0,53.19967804833809,-0.32920422270706107,-0.0096702811113073,0
2019-05-29,117.0906753540039,124.94000244140624,125.38999938964844,124.04000091552734,125.37999725341795,22763100,MSFT,-0.0096702811113073,-0.015445209060518827,-0.039797337313461245,118.30712890625,118.34426803588867,115.28145355224609,0.007408412893846167,0.014323055148578472,-0.015794434548001557,25187120.0,49.70958561663183,-0.40975443741199236,0.006323193206053235,1
2019-05-30,117.83106231689452,125.7300033569336,125.76000213623048,124.77999877929688,125.26000213623048,16829600,MSFT,0.006323193206053235,-0.015195195915181259,-0.013173172520785537,117.94351043701172,118.26562156677247,115.44103424072266,0.007487786603537766,0.013711416346316336,-0.26066309070381455,24687515.0,51.801975569404256,-0.4024150355596148,-0.016304794380185172,0
2019-05-31,115.90985107421876,123.68000030517578,124.62000274658205,123.31999969482422,124.2300033569336,26646800,MSFT,-0.016304794380185172,-0.01981279936607494,-0.016418536697099362,117.4749267578125,118.16887969970703,115.56461776733398,0.008964984871140932,0.013885082565464389,0.5833293720587536,24652345.0,42.41477192697556,-0.50931266256115,-0.031047811899211686,0
2019-06-03,112.31110382080078,119.83999633789062,124.37000274658205,119.01000213623048,123.8499984741211,37983600,MSFT,-0.031047811899211686,-0.05069697882872115,-0.06684518571921116,116.27534484863281,117.76661758422851,115.5658056640625,0.014462768125459945,0.01443443860483783,0.4254469579836979,25305970.0,42.25578817296873,-0.7881036984561374,0.027703376457907547,1
2019-06-04,115.42250061035156,123.16000366210938,123.27999877929688,120.6500015258789,121.27999877929688,29382600,MSFT,0.027703376457907547,-0.023779372377061625,-0.035381309718971354,115.71303863525391,117.55493812561035,115.68841918945313,0.022500116632877796,0.01599504500530047,-0.22643983192746342,25563110.0,47.438806499456774,-0.7299975416868254,0.021679451012773354,1
2019-06-05,117.92479705810548,125.83000183105467,125.87000274658205,124.20999908447266,124.9499969482422,24926100,MSFT,0.021679451012773354,0.007123724426217226,0.006180829962014078,115.87986297607422,117.59115791320801,115.84968780517578,0.024966554992605045,0.016160935622111884,-0.1516713973576198,25008530.0,49.57955271933931,-0.5009843208756459,0.015814692961386934,1
2019-06-06,119.78974151611328,127.81999969482422,127.97000122070312,125.5999984741211,126.44000244140624,21459000,MSFT,0.015814692961386934,0.016622774680169705,0.022174583341172616,116.27159881591797,117.72109107971191,116.04358612060547,0.02575706178959685,0.01652121125587588,-0.1390951653086524,24660530.0,47.438885482785146,-0.21638758521356827,0.02800819892592088,1
2019-06-07,123.14483642578124,131.39999389648438,132.25,128.25999450683594,129.19000244140625,33885600,MSFT,0.02800819892592088,0.06241907210224795,0.05088766087705876,117.71859588623047,118.01924629211426,116.32587539672852,0.02481574558480331,0.017565100279306793,0.5790856983084021,24993020.0,56.82654597281048,0.18371990120742732,0.009132486289437303,1
2019-06-10,124.26945495605467,132.60000610351562,134.0800018310547,132.0,132.39999389648438,26477100,MSFT,0.009132486289437303,0.10647523466899744,0.04688775409204293,120.11026611328126,118.29753379821777,116.62766906738281,0.008074961651928699,0.017466332887757646,-0.21863269353353632,24771120.0,63.43727581850677,0.4924904662535159,-0.00377081731206641,0
2019-06-11,123.80085754394533,132.10000610351562,134.24000549316406,131.27999877929688,133.8800048828125,23913700,MSFT,-0.00377081731206641,0.07258859311909904,0.07490050919709912,121.7859375,118.72886428833007,116.90122985839844,0.012225404389082064,0.015838311052135904,-0.09681573888379014,24269560.0,61.035661394016884,0.6250287504400618,-0.0046178470145672446,0
2019-06-12,123.22916412353516,131.49000549316406,131.97000122070312,130.7100067138672,131.39999389648438,17092500,MSFT,-0.0046178470145672446,0.044980930200931635,0.05809907756365695,122.84681091308593,119.067183303833,117.14318832397461,0.013750192761694703,0.01584130050327903,-0.2852423506191012,23860870.0,58.1623731954079,0.6321562659530253,0.006312325124986806,1
2019-06-13,124.00702667236328,132.32000732421875,133.0,131.55999755859375,131.97999572753906,17200800,MSFT,0.006312325124986806,0.03520572882847994,0.04999207685956564,123.69026794433594,119.36239356994629,117.39752990722656,0.013203681904693596,0.015647938986433404,0.0063361123299692235,23484775.0,63.50040023885457,0.6449898022766747,0.00098241345788308,1
2019-06-14,124.12885284423828,132.4499969482422,133.7899932861328,131.63999938964844,132.25999450683594,17821700,MSFT,0.00098241345788308,0.00799072415066382,0.027301653570159568,123.88707122802734,119.5273365020752,117.63974136352539,0.0060587286957366196,0.014883280379289725,0.03609715827170823,22870250.0,63.612376906187485,0.6173902355360088,0.0030200708465251136,1
2019-06-17,124.50373077392578,132.85000610351562,133.72999572753906,132.52999877929688,132.6300048828125,14517800,MSFT,0.0030200708465251136,0.001885224474139413,0.03732321149427853,123.93392639160156,119.75132064819336,117.90084213256836,0.004602525933206501,0.01476216591748327,-0.18538635483708066,22307615.0,64.46169906336542,0.580636812785225,0.017388064050432694,1
2019-06-18,126.66860961914062,135.16000366210938,135.24000549316406,133.57000732421875,134.19000244140625,25934500,MSFT,0.017388064050432694,0.02316423433640069,0.07082880240239309,124.50747680664062,120.17023849487305,118.19534301757812,0.008170327497954825,0.01461825713348054,0.7863932551764041,22418995.0,71.09822800960904,0.652982893493057,0.003921348252345247,1
2019-06-19,127.16532135009766,135.69000244140625,135.92999267578125,133.80999755859375,135.0,23744400,MSFT,0.003921348252345247,0.03194176682572136,0.06926726656988302,125.29470825195312,120.58212776184082,118.49903091430664,0.006473694387843734,0.014612121619958753,-0.08444735776668144,22841550.0,70.78459086909109,0.681971120074681,0.009285981310205527,1
2019-06-20,128.34617614746094,136.9499969482422,137.66000366210938,135.72000122070312,137.4499969482422,33042600,MSFT,0.009285981310205527,0.03499115809430742,0.07268769686559429,126.16253814697265,121.01697883605956,118.83847412109375,0.00660746784469143,0.014660042155734625,0.39159549198969024,23723855.0,78.63612248124659,0.7243699350169117,0.0001457563906628323,1
2019-06-21,128.36488342285156,136.97000122070312,137.72999572753906,136.4600067138672,136.5800018310547,36727900,MSFT,0.0001457563906628323,0.03412607529636014,0.08551270298311042,127.0097442626953,121.5225845336914,119.16129776000976,0.006803110660136505,0.014243716413865045,0.11153178018678922,24380060.0,94.2634272186502,0.6971351055266513,0.005913447348303791,1
2019-06-24,129.12396240234375,137.77999877929688,138.39999389648438,137.0,137.0,20628800,MSFT,0.005913447348303791,0.03710918218834269,0.09141272273249013,127.93379058837891,122.06333198547364,119.49668869018555,0.006523599380163426,0.014220614816282364,-0.43833434527974646,24705330.0,93.40838950702518,0.673342832090301,-0.03157167794733029,0
2019-06-25,125.04730224609376,133.42999267578125,137.58999633789062,132.72999572753906,137.25,33327400,MSFT,-0.03157167794733029,-0.01279959871606473,0.05762529173873099,127.60952911376953,122.40399551391602,119.73896865844726,0.016606354634110008,0.016332018868586203,0.6155762817032497,25215280.0,70.5183743388285,0.3428152573912615,0.003747117179778048,1
2019-06-26,125.515869140625,133.92999267578125,135.74000549316406,133.60000610351562,134.35000610351562,23657700,MSFT,0.003747117179778048,-0.012970927859581871,0.07195443839698545,127.279638671875,122.82525520324707,119.98875213623047,0.01658978846508373,0.016060408002839307,-0.29014264539087953,25260010.0,67.93896304483033,0.126643166533412,0.0016425742006134225,1
2019-06-27,125.72203826904295,134.14999389648438,134.7100067138672,133.50999450683594,134.13999938964844,16557500,MSFT,0.0016425742006134225,-0.020445781535423646,0.06696855478504027,126.7548110961914,123.2198040008545,120.24788803100586,0.015552448459098712,0.016052788142678617,-0.3001221589588168,25246405.0,60.05846911909827,-0.023555282094571695,-0.0014163791075220145,0
2019-06-28,125.5439682006836,133.9600067138672,134.60000610351562,133.16000366210938,134.57000732421875,30043000,MSFT,-0.0014163791075220145,-0.021975754949081217,0.0831173281406079,126.19062805175781,123.70150985717774,120.4847883605957,0.015463162987633058,0.01542537225356052,0.8144647440736825,25416215.0,55.371095696705986,-0.1489966396593405,0.012839572225336049,1
2019-07-01,127.15589904785156,135.67999267578125,136.6999969482422,134.97000122070312,136.6300048828125,22613500,MSFT,0.012839572225336049,-0.0152416586191787,0.13217566849611373,125.79701538085938,124.44374961853028,120.72404800415039,0.01685827788850713,0.013107670058075557,-0.2472955430549546,24647710.0,62.89617999143679,-0.1377716187835487,0.006633515290301428,1
2019-07-02,127.9993896484375,136.5800018310547,136.58999633789062,135.33999633789062,136.1199951171875,15237800,MSFT,0.006633515290301428,0.023607765616038723,0.10896392793068621,126.38743286132812,125.07259407043458,120.97289443969727,0.005423478458690548,0.012106015191403415,-0.3261635748557278,23940470.0,67.96061117031827,-0.09020124564451848,0.00644329282423417,1
2019-07-03,128.82412719726562,137.4600067138672,137.74000549316406,136.2899932861328,136.8000030517578,13629300,MSFT,0.00644329282423417,0.026357289156274888,0.09242610893610159,127.04908447265625,125.61756057739258,121.20686248779298,0.005440392728981711,0.01148129853838741,-0.10555985772224341,23375630.0,68.0733068878637,-0.023335216467600617,-0.0029099978229502055,0
2019-07-05,128.44924926757812,137.05999755859375,137.3300018310547,135.72000122070312,135.94000244140625,18141100,MSFT,-0.0029099978229502055,0.021692386124849472,0.072289226455172,127.59452667236329,126.05053596496582,121.44136260986328,0.006473459857706297,0.011270982929991244,0.3310368104011212,23209735.0,65.9076569730891,-0.024383743285261605,-0.0007296226560783436,0
2019-07-08,128.35552978515625,136.9600067138672,137.10000610351562,135.3699951171875,136.39999389648438,16779700,MSFT,-0.0007296226560783436,0.022395035179852973,0.0423135351072188,128.1568389892578,126.31107063293457,121.59667678833007,0.00632700152176011,0.009713952578365858,-0.07504506341952799,22354440.0,64.4821305122329,-0.049946381817976615,-0.0036502420140591685,0
2019-07-09,127.88700103759766,136.4600067138672,136.97000122070312,135.8000030517578,136.0,19953100,MSFT,-0.0036502420140591685,0.005749650588141142,0.029110500909674597,128.30305938720704,126.49194793701172,121.72880142211915,0.0050285808860804785,0.009648552476154376,0.18912137880891788,22028240.0,55.25073468923421,-0.11333956867525963,0.010185710224756006,1
2019-07-10,129.1896209716797,137.85000610351562,138.5800018310547,137.02000427246094,137.1300048828125,24204400,MSFT,0.010185710224756006,0.00929872655261299,0.0435276744817501,128.54110565185547,126.76138610839844,121.88921997070312,0.006126693832075961,0.009752903465216201,0.2130646365727631,22042775.0,58.15722759590078,-0.0838321397762245,0.0039898088612260185,1
2019-07-11,129.70506286621094,138.39999389648438,139.22000122070312,137.8699951171875,138.1999969482422,22327900,MSFT,0.0039898088612260185,0.006838281679924396,0.05255167304538233,128.71729278564453,127.08518104553222,122.04444702148437,0.005755638919785692,0.009626316053684487,-0.07752722645469423,22304545.0,55.78614096571694,-0.04768802597540489,0.003612439062810502,1
2019-07-12,130.17361450195312,138.89999389648438,139.1300048828125,138.00999450683594,138.85000610351562,18936800,MSFT,0.003612439062810502,0.013424486668527802,0.04972772910588752,129.06216583251953,127.39351043701171,122.25983947753906,0.005258759486545641,0.009590508436734951,-0.15187724774833278,22391345.0,57.417426324457765,-0.01216263693706976,0.0,0
2019-07-15,130.17361450195312,138.89999389648438,139.5399932861328,138.4600067138672,139.44000244140625,16651500,MSFT,0.0,0.014164444023876621,0.04869747459359863,129.4257827758789,127.69574851989746,122.50641799926758,0.005149423433120511,0.009601058355516334,-0.1206803683832538,22332835.0,54.59030264367803,-0.008761501850671038,-0.013102829684196293,0
2019-07-16,128.4679718017578,137.0800018310547,139.0500030517578,136.52000427246094,138.9600067138672,22726100,MSFT,-0.013102829684196293,0.004542844538119706,0.03184033926686358,129.54197692871094,127.89396057128906,122.66865051269531,0.008660413435590722,0.01020622418709155,0.3648079752574842,22743250.0,68.87297738714622,-0.13450368311162064,-0.005908761524297201,0
2019-07-17,127.7088851928711,136.27000427246094,137.92999267578125,136.22000122070312,137.6999969482422,20211000,MSFT,-0.005908761524297201,-0.011461723996645135,0.008212575924361198,129.2458297729492,127.94597434997559,122.82970642089843,0.007237597605200123,0.009624562051541436,-0.11067011057770582,22457075.0,61.72376354006329,-0.2738852206956519,0.0011003605399801941,1
2019-07-18,127.8494110107422,136.4199981689453,136.6199951171875,134.6699981689453,135.5500030517578,30381800,MSFT,0.0011003605399801941,-0.014306703334956317,0.005379529995926946,128.87469940185548,127.98017883300781,123.04268661499023,0.006707589535516379,0.009591681029202824,0.5032309138587898,22788945.0,61.45322210310581,-0.3564736288312518,0.0014663304346869133,1
2019-07-19,128.03688049316406,136.6199951171875,140.6699981689453,136.4499969482422,140.22000122070312,48992400,MSFT,0.0014663304346869133,-0.01641449395842809,-0.002409854843992476,128.44735260009764,127.96471405029297,123.25960266113282,0.006242426972051975,0.009363302430807643,0.6125575179877427,23586435.0,63.40762248189822,-0.3953274723590301,0.013248560217613559,1
2019-07-22,129.73318481445312,138.42999267578125,139.19000244140625,137.3300018310547,137.41000366210938,25074900,MSFT,0.013248560217613559,-0.0033834021524645763,0.010659468190332033,128.35926666259766,128.03312911987305,123.51063171386718,0.009790806359610948,0.00982674316472773,-0.4881879638474539,23003785.0,63.73673740592362,-0.3075412096100325,0.006212396470840265,1
2019-07-23,130.5391387939453,139.2899932861328,139.99000549316406,138.02999877929688,139.75999450683594,18034600,MSFT,0.006212396470840265,0.016122049434886154,0.010959827790847587,128.77350006103515,128.10388793945313,123.74734039306641,0.0070786457160254505,0.00983551165446187,-0.2807708106512887,22874075.0,63.59105258086695,-0.20110041279338842,0.010266261430578849,1
2019-07-24,131.87928771972656,140.72000122070312,140.74000549316406,138.85000610351562,138.89999389648438,20738300,MSFT,0.010266261430578849,0.03265553935857435,0.05463520884430939,129.60758056640626,128.44548721313475,124.08144119262695,0.005345464125378676,0.006527713268302726,0.14991738103423424,22244620.0,65.49447385975475,-0.0539976958611601,-0.0037661227367251637,0
2019-07-25,131.3826141357422,140.19000244140625,140.61000061035156,139.32000732421875,140.42999267578125,18356900,MSFT,-0.0037661227367251637,0.027635662120517157,0.04674106178991777,130.31422119140626,128.73882446289062,124.37983779907226,0.006807999146850287,0.00667774687318747,-0.1148310131495831,21979580.0,64.69523446971607,-0.006218892399548315,0.008202742508935046,1
2019-07-26,132.46031188964844,141.33999633789062,141.67999267578125,140.3000030517578,140.3699951171875,19037600,MSFT,0.008202742508935046,0.03454810347961068,0.05359659860259103,131.19890747070312,129.0757381439209,124.66698760986328,0.006472044552453734,0.006803285684086348,0.03708142442351381,22103585.0,68.71826201433663,0.07728783737386213,-0.002192970582953202,0
2019-07-29,132.16983032226562,141.02999877929688,141.50999450683594,139.3699951171875,141.5,16605900,MSFT,-0.002192970582953202,0.01878197557007044,0.05277722392039186,131.6862365722656,129.40703125,124.89378433227539,0.006327772558848331,0.0068297954864036,-0.12773143673572296,21431730.0,69.85254851922556,0.09132041584810158,-0.004821700411065444,0
2019-07-30,131.5325469970703,140.35000610351562,141.22000122070312,139.8000030517578,140.13999938964844,16846500,MSFT,-0.004821700411065444,0.007610041036758108,0.034419543111969375,131.88491821289062,129.62586364746093,125.12395431518554,0.0071256752046013555,0.006572701144226496,0.01448882626054604,21143380.0,61.574278576888226,0.03873211558321765,-0.0290700810673451,0
2019-07-31,127.7088851928711,136.27000427246094,140.49000549316406,135.0800018310547,140.3300018310547,38598800,MSFT,-0.0290700810673451,-0.031622877246035186,-0.002269576881298474,131.05083770751952,129.61133842468263,125.31232696533203,0.01373203679130847,0.009404716961158747,1.291205888463479,22311430.0,42.56792724128508,-0.25629160411150287,0.01313568462838921,1
2019-08-01,129.3864288330078,138.05999755859375,140.94000244140625,136.92999267578125,137.0,40557500,MSFT,0.01313568462838921,-0.015193679284474793,0.004364878287753893,130.65160064697267,129.63945350646972,125.52150482177734,0.016351360063195867,0.00976101101790943,0.05074510088396522,23657840.0,47.31124400243082,-0.336145297013553,-0.0084022950021988,0
2019-08-02,128.29928588867188,136.89999389648438,138.32000732421875,135.25999450683594,138.08999633789062,30791600,MSFT,-0.0084022950021988,-0.0314133791595107,-0.001167491283610822,129.81939544677735,129.6319553375244,125.69450744628907,0.015163201465603677,0.009930773322081556,-0.24079146890217595,24290365.0,44.04052420254727,-0.45261821900619004,-0.03425861020320353,0
2019-08-05,123.9039306640625,132.2100067138672,133.92999267578125,130.77999877929688,133.3000030517578,42749600,MSFT,-0.03425861020320353,-0.06253998842283925,-0.034681786819351856,128.1662155151367,129.40937538146972,125.80753067016602,0.019240402303434836,0.01254453777152133,0.388352667610647,25588860.0,37.60803800253051,-0.7960284319907995,0.018758109438129944,1
2019-08-06,126.22813415527344,134.69000244140625,135.67999267578125,133.2100067138672,133.8000030517578,32696700,MSFT,0.018758109438129944,-0.04032775889236773,-0.012971348681767303,127.10533294677734,129.32643203735353,125.9659130859375,0.023960034700492402,0.013335773901430065,-0.23515775586204313,26226040.0,46.29449951257734,-0.8330355626943582,0.004380726134716184,1
2019-08-07,126.7811050415039,135.27999877929688,135.64999389648438,131.8300018310547,133.7899932861328,33414500,MSFT,0.004380726134716184,-0.007264805028765364,-0.01864326183528142,126.9197769165039,129.20600624084472,126.13685455322266,0.021093229917982424,0.013151317497736565,0.021953285805601075,26686545.0,47.38069022951155,-0.7871924728697841,0.026685136404477783,1
2019-08-08,130.16427612304688,138.88999938964844,138.99000549316406,135.92999267578125,136.60000610351562,27496500,MSFT,0.026685136404477783,0.00601181512663107,0.003540442035864233,127.07534637451172,129.2289669036865,126.39832656860352,0.024068355600918443,0.01450141971051376,-0.17710874021757017,26944975.0,54.5093738154165,-0.5094127049349316,-0.008495452641046009,0
2019-08-09,129.0584716796875,137.7100067138672,139.3800048828125,136.4600067138672,138.61000061035156,23466700,MSFT,-0.008495452641046009,0.0059173033252453155,-0.008566581073531587,127.22718353271485,129.17320976257324,126.62287475585937,0.024077906375384598,0.014607207174948273,-0.14655683450620993,27171470.0,48.533110669233004,-0.38613607130091676,-0.013943052096624498,0
2019-08-12,127.25900268554688,135.7899932861328,137.86000061035156,135.24000549316406,137.07000732421875,20484300,MSFT,-0.013943052096624498,0.02707801119385711,-0.02239018888395794,127.89819793701172,129.02747917175293,126.84985778808594,0.017318650281159677,0.014920098850586535,-0.12709072856430603,27363110.0,43.16399268848335,-0.4095493427538536,0.0206942503674441,1
2019-08-13,129.8925323486328,138.60000610351562,138.8000030517578,135.0,136.0500030517578,25154600,MSFT,0.0206942503674441,0.02902996402412006,0.011088838150829394,128.6310775756836,129.09870719909668,127.20148635864258,0.017707126678868472,0.015386829976000294,0.22799412232783145,27484535.0,46.07127490152842,-0.23984057867492492,-0.030114816360664598,0
2019-08-14,125.98084259033205,133.97999572753906,136.9199981689453,133.6699981689453,136.36000061035156,32527300,MSFT,-0.030114816360664598,-0.006312158668358991,-0.01353110709508809,128.4710250854492,129.01230506896974,127.41265319824218,0.024023312457357095,0.016816661149663098,0.2930954974438076,28100350.0,40.589249679738295,-0.37513704541696247,-0.0022387199659701373,0
2019-08-15,125.69880676269533,133.67999267578125,134.5800018310547,132.25,134.38999938964844,28074400,MSFT,-0.0022387199659701373,-0.03430641258382028,-0.016821385652423304,127.5779312133789,128.90477485656737,127.56813339233399,0.01853520691182796,0.016816033857833108,-0.13689731394859084,27984980.0,37.88449308512589,-0.4620213700204085,0.018326865787054336,1
2019-08-16,128.00247192382812,136.1300048828125,136.4600067138672,134.72000122070312,134.8800048828125,24449100,MSFT,0.018326865787054336,-0.008182335821241393,-0.0002687395163284423,127.36673126220703,128.90305442810057,127.73238800048829,0.02156306009007207,0.017345321336353137,-0.12913187815233806,26757815.0,43.03525571550614,-0.34794084537130593,0.016748820148841936,1
2019-08-19,130.1463623046875,138.41000366210938,138.5500030517578,136.88999938964844,137.85000610351562,24355700,MSFT,0.016748820148841936,0.022688843682636683,0.003184824999288516,127.94420318603515,128.9237133026123,127.87241851806641,0.02148777244256716,0.017501604172265987,-0.0038201815199740974,26721855.0,47.79439471072325,-0.12328316180429028,-0.008308446488750731,0
2019-08-20,129.06504821777344,137.25999450683594,138.7100067138672,137.24000549316406,138.2100067138672,21170800,MSFT,-0.008308446488750731,-0.006370528897214789,-0.01129232649909473,127.77870635986328,128.85000877380372,127.96833038330078,0.019944297167165493,0.017544797731735694,-0.13076610403314215,26878665.0,52.36415376050141,-0.04663881146907056,0.011146425089263223,1
2019-08-21,130.503662109375,138.7899932861328,139.49000549316406,138.0,138.5500030517578,14970300,MSFT,0.011146425089263223,0.035900851479064855,-0.01043094510242637,128.6832702636719,128.78122749328614,128.10238647460938,0.011833655334967419,0.017574094416031846,-0.29287981559506493,26590265.0,51.96399630692837,0.09413804146086785,-0.00727712737796582,0
2019-08-22,129.55397033691406,137.77999877929688,139.1999969482422,136.2899932861328,138.66000366210938,18697000,MSFT,-0.00727712737796582,0.030669850203883353,-0.01391846106014305,129.4543029785156,128.68979530334474,128.22888259887696,0.012989487695295765,0.017627189857589272,0.24893956700934528,26607270.0,52.21633370583546,0.11510150170922925,-0.03186239031646021,0
2019-08-23,125.4260711669922,133.38999938964844,138.35000610351562,132.8000030517578,137.19000244140625,38508600,MSFT,-0.03186239031646021,-0.020127742207737165,-0.05310451577764974,128.93902282714845,128.3380832672119,128.25726348876952,0.019140942947186886,0.018816363020466922,1.059613841792801,27580820.0,52.7144291549093,-0.14321880146979188,0.015443636150849427,1
2019-08-26,127.36310577392578,135.4499969482422,135.55999755859375,133.89999389648438,134.99000549316406,20312600,MSFT,0.015443636150849427,-0.02138558835970994,-0.03636778935570817,128.3823715209961,128.0977470397949,128.3219485473633,0.018794527457507138,0.019242687171238906,-0.47251782718665436,27766155.0,52.052332031820164,-0.1756708503262807,0.002140563254351191,1
2019-08-27,127.63573455810548,135.74000549316406,136.72000122070312,134.66000366210938,136.38999938964844,23102100,MSFT,0.002140563254351191,-0.011074366603545882,-0.029626222010675662,128.0965087890625,127.90290641784668,128.38458862304688,0.018800466675725207,0.019245715249360282,0.13732855469019234,28078935.0,51.56122735120692,-0.1706699649933256,-0.0013258040257221326,0
2019-08-28,127.46651458740234,135.55999755859375,135.75999450683594,133.5500030517578,134.8800048828125,17393300,MSFT,-0.0013258040257221326,-0.02327250801151637,-0.001897836670508135,127.48907928466797,127.89078788757324,128.40054672241212,0.017380340997773937,0.018106856330831964,-0.24711173443106904,27018660.0,44.4160721916444,-0.170265224691243,0.01888486888748142,1
2019-08-29,129.8737030029297,138.1199951171875,138.44000244140625,136.91000366210938,137.25,20168700,MSFT,0.01888486888748142,0.002467949574869399,0.0037660377082573415,127.55302581787109,127.91515159606934,128.45471435546875,0.020090688313994715,0.018369077162479038,0.15956718966498595,25999220.0,51.60113809160474,-0.007954043070180432,-0.0018826508391154295,0
2019-08-30,129.6291961669922,137.86000061035156,139.17999267578125,136.27000427246094,139.14999389648438,23940100,MSFT,-0.0018826508391154295,0.03351077619583531,0.010365687299883408,128.3936508178711,127.98164710998535,128.48037475585937,0.009795083344214221,0.018263142321316067,0.18699271643685522,25656645.0,54.95796044815803,0.07812147174177371,-0.01320176533619044,0
2019-09-03,127.91786193847656,136.0399932861328,137.1999969482422,135.6999969482422,136.61000061035156,18869300,MSFT,-0.01320176533619044,0.00435570537621377,0.03239551201403712,128.50460205078124,128.18234367370604,128.47143432617187,0.011581763533460913,0.016681754973657106,-0.21181198073525176,24462630.0,45.703635436475466,0.01811417475402642,0.01168774546788387,1
2019-09-04,129.41293334960938,137.6300048828125,137.69000244140625,136.47999572753906,137.3000030517578,17995900,MSFT,0.01168774546788387,0.013923990782493956,0.025230502024361057,128.86004180908202,128.34158363342286,128.47721374511718,0.012576920567763487,0.016373936041853845,-0.04628682569040721,23727590.0,58.344862332801654,0.07427471439581931,0.017583348405875387,1
2019-09-05,131.68844604492188,140.0500030517578,140.3800048828125,138.75999450683594,139.11000061035156,26101800,MSFT,0.017583348405875387,0.03312188672598082,0.03870719538066392,129.70442810058594,128.58695068359376,128.61003662109374,0.013797656971733813,0.01676303157802455,0.45043037580782297,23361955.0,63.276338957460844,0.24993962760798316,-0.006783167372201304,0
2019-09-06,130.79518127441406,139.10000610351562,140.17999267578125,138.1999969482422,140.02999877929688,20824500,MSFT,-0.006783167372201304,0.007095187479666976,0.004846991587544203,129.88872375488282,128.6184959411621,128.71562286376954,0.012832161587466648,0.01581651558866995,-0.2021814587499713,23028355.0,56.60303297277366,0.28850528397088937,-0.011359000386500284,0
2019-09-09,129.30947875976562,137.52000427246094,139.75,136.4600067138672,139.58999633789062,25773900,MSFT,-0.011359000386500284,-0.002466399674458275,0.0019449097514583347,129.8247802734375,128.63104629516602,128.78737167358398,0.014091159109249678,0.015913571994502336,0.23767197291651665,23143715.0,47.95772308801384,0.20065255207211768,-0.010470974671322852,0
2019-09-10,127.95548248291016,136.0800018310547,136.88999938964844,134.50999450683594,136.8000030517578,28903400,MSFT,-0.010470974671322852,0.0002940992279223398,0.005472931444262974,129.83230438232422,128.66587028503417,128.8356019592285,0.013512683997001453,0.015769240312454025,0.12142128277055475,23564670.0,47.327849870262924,0.04611646557016519,0.0002940127589972086,1
2019-09-11,127.99310302734376,136.1199951171875,136.27000427246094,135.08999633789062,135.91000366210938,24726100,MSFT,0.0002940127589972086,-0.010971317050900486,-0.014623083305443263,129.54833831787113,128.57089881896974,128.85234603881835,0.011946639116687956,0.015029291740945278,-0.14452624950697845,23543245.0,43.51634312483798,-0.053409793002003825,0.01028473957804299,1
2019-09-12,129.30947875976562,137.52000427246094,138.4199981689453,136.8699951171875,137.85000610351562,27010000,MSFT,0.01028473957804299,-0.018065117757899096,0.026421764619067867,129.07254486083986,128.7373306274414,128.87854782104492,0.009020726501129632,0.013494163623251617,0.0923679836286353,23267380.0,49.38032350183934,-0.03151072579748865,-0.0014540217827142543,0
2019-09-13,129.1214599609375,137.32000732421875,138.05999755859375,136.57000732421875,137.77999877929688,23363100,MSFT,-0.0014540217827142543,-0.012796505935222635,0.02722900309390952,128.73780059814453,128.90846328735353,128.88449447631837,0.00886510072989159,0.01348418999924898,-0.13502036282858199,23031815.0,61.70354555365684,-0.030587727211332072,-0.007209318155390165,0
2019-09-16,128.19058227539062,136.3300018310547,136.6999969482422,135.66000366210938,135.8300018310547,16731400,MSFT,-0.007209318155390165,-0.00865285743246802,0.0014695837411204948,128.51402130126954,128.91786880493163,128.8793211364746,0.007983616672740067,0.013000431494720383,-0.283853598195445,22645930.0,52.79906184368156,-0.09019831025130315,0.007775055117795304,1
2019-09-17,129.18727111816406,137.38999938964844,137.52000427246094,136.42999267578125,136.9600067138672,17814200,MSFT,0.007775055117795304,0.009626696811669833,-0.007369327651879365,128.7603790283203,128.86991424560546,128.89595596313475,0.0070996691691771405,0.012544402629615847,0.06471664056803372,22318855.0,55.00322045582361,-0.061406911374541795,0.008224730721390072,1
2019-09-18,130.2498016357422,138.52000427246094,138.6699981689453,136.52999877929688,137.36000061035156,23982100,MSFT,0.008224730721390072,0.017631407904192375,0.009179506259275438,129.21171875,128.9291519165039,128.94321197509765,0.007514332268814851,0.012533266110873364,0.34623502599050204,22459420.0,58.48630949251632,0.025625665072202347,0.018409332371608356,1
2019-09-19,132.64761352539062,141.07000732421875,142.3699951171875,140.07000732421875,140.3000030517578,35772100,MSFT,0.018409332371608356,0.0258150817530296,0.0164282854700184,129.879345703125,129.03634948730468,129.0123718261719,0.009855463253057079,0.012955122387687397,0.49161666409530436,23499510.0,58.462559003435466,0.22975642345941544,-0.011555016487610925,0
2019-09-20,131.1148681640625,139.44000244140625,141.64999389648438,138.25,141.00999450683594,39167300,MSFT,-0.011555016487610925,0.015438240891390675,0.012048243856125795,130.27802734375,129.1143943786621,129.0405679321289,0.012283546104550465,0.013131267884356463,0.0949119565247778,24523025.0,54.202143086500314,0.24521853943045524,-0.002151350022763343,0
2019-09-23,130.83279418945312,139.13999938964844,139.6300048828125,138.44000244140625,139.22999572753906,17139300,MSFT,-0.002151350022763343,0.020611591484827274,0.04310685148753812,130.8064697265625,129.38473052978514,129.0537515258789,0.011395471943364653,0.010713922888870967,-0.5624079270207545,23454560.0,58.96996566646131,0.22087227923493757,-0.012649141185161472,0
2019-09-24,129.17787170410156,137.3800048828125,140.69000244140625,136.8800048828125,140.36000061035156,29773200,MSFT,-0.012649141185161472,-7.275805101492061e-05,0.01424875688409366,130.80458984375,129.47546882629393,129.03383666992187,0.013272920560839181,0.010723190183135264,0.7371304545693231,23927590.0,49.283704260297355,0.0847357739310256,0.014412575962983398,1
2019-09-25,131.03965759277344,139.36000061035156,139.9600067138672,136.02999877929688,137.5,21382000,MSFT,0.014412575962983398,0.006064162456386413,0.026669044107850093,130.96256103515626,129.64566497802736,129.08527038574218,0.014460381067625028,0.011148883201139567,-0.2818373570862386,23841585.0,47.971828164203735,0.10990279208211529,0.0012914810111768205,1
2019-09-26,131.20889282226562,139.5399932861328,140.17999267578125,138.44000244140625,139.44000244140625,17456600,MSFT,0.0012914810111768205,-0.010846186108350975,0.02935969691316198,130.67481689453126,129.8327838897705,129.1552705383301,0.011009621635966593,0.01113085030970315,-0.18358432326255725,23844750.0,51.3546204884288,0.12658731743219237,-0.012970836057517032,0
2019-09-27,129.5070037841797,137.72999572753906,140.36000061035156,136.64999389648438,140.14999389648438,22477700,MSFT,-0.012970836057517032,-0.012263020986078454,-0.002823506300900114,130.35324401855468,129.814448928833,129.18842239379882,0.011326276244953668,0.010787106651990015,0.28763333066003693,23960200.0,50.63772996705185,0.01738125266725421,0.009438729613681307,1
2019-09-30,130.72938537597656,139.02999877929688,139.22000122070312,137.77999877929688,138.0500030517578,17280900,MSFT,0.009438729613681307,-0.0007903890925605728,0.008487202277850159,130.3325622558594,129.86945838928222,129.24227249145508,0.0125167658001189,0.010983145806565427,-0.23119803182709975,23627240.0,59.03259705704796,0.021574671872728546,-0.014097959481906064,0
2019-10-01,128.88636779785156,137.07000732421875,140.25,137.0,139.66000366210938,21466600,MSFT,-0.014097959481906064,-0.0022566086776667493,0.007571310563655453,130.27426147460938,129.917883682251,129.22533615112306,0.01289120856726901,0.011043564764728083,0.24221539387416158,23757105.0,52.60269904261075,-0.09905092198058496,-0.017655185216185698,0
2019-10-02,126.61085510253906,134.64999389648438,136.3699951171875,133.5800018310547,136.25,30521700,MSFT,-0.017655185216185698,-0.03379742111351958,-0.02165222728937366,129.3885009765625,129.77777976989745,129.14677047729492,0.011601108492125074,0.011412894613830674,0.4218227385799336,24383395.0,42.55325778392712,-0.3189623330232228,0.012105232267426658,1
2019-10-03,128.1435089111328,136.27999877929688,136.75,133.22000122070312,134.9499969482422,24132900,MSFT,0.012105232267426658,-0.023362623105776525,-0.026919120395572205,128.77542419433593,129.600532913208,129.07205490112304,0.014202677780671887,0.011000916748436564,-0.20931992647853825,24284950.0,47.4878116276171,-0.3458207818565829,0.013502003390563955,1
2019-10-04,129.8737030029297,138.1199951171875,138.25,136.4199981689453,136.75,22897700,MSFT,0.013502003390563955,0.002831501061989705,-0.00704520046156043,128.84876403808593,129.5544589996338,129.0418766784668,0.015216930157169226,0.011397337122782633,-0.05118323947805692,24388610.0,54.15309660877194,-0.2368746548671155,-0.00724016945267425,0
2019-10-07,128.9333953857422,137.1199951171875,138.17999267578125,137.02000427246094,137.13999938964844,15303700,MSFT,-0.00724016945267425,-0.01373822714050954,-0.00290839757170569,128.48956604003905,129.53565483093263,128.97133834838868,0.014627725426385739,0.011222709127094915,-0.3316490302519467,23865100.0,49.37181433069796,-0.21840528176067556,-0.01057459609298661,0
2019-10-08,127.56997680664062,135.6699981689453,137.75999450683594,135.6199951171875,137.0800018310547,25550500,MSFT,-0.01057459609298661,-0.010213578159604886,-0.0030128109307158146,128.22628784179688,129.51637954711913,128.87934127807617,0.01401190400350942,0.011227778651997018,0.6695635695942812,23697455.0,43.46637559718722,-0.2841173435285964,0.018942934247608845,1
2019-10-09,129.9865264892578,138.24000549316406,138.6999969482422,136.97000122070312,137.4600067138672,19749900,MSFT,0.018942934247608845,0.026661784915557707,0.015574459988583866,128.90142211914062,129.61605072021484,128.8484208679199,0.013313163304524442,0.012008659162740371,-0.2270249114498738,23448645.0,43.51798233322455,-0.1572716582836993,0.006221066190449154,1
2019-10-10,130.79518127441406,139.10000610351562,139.6699981689453,138.25,138.49000549316406,17654600,MSFT,0.006221066190449154,0.020692990115638077,0.01148950973198648,129.43175659179687,129.69033584594726,128.9101467895508,0.012817252305590566,0.011874096026809978,-0.10609167641355144,22980875.0,49.19281574808732,-0.0186376101960221,0.004169372732169441,1
2019-10-11,131.34051513671875,139.67999267578125,141.02999877929688,139.5,140.1199951171875,25446000,MSFT,0.004169372732169441,0.01129414269304374,0.01718579681837995,129.7251190185547,129.80128860473633,128.949228515625,0.01175400531038722,0.011888514499940305,0.44132407417896746,23085020.0,51.2651364677469,0.10335568221327206,-0.0009303479789560809,0
2019-10-14,131.21832275390625,139.5500030517578,140.2899932861328,139.52000427246094,139.69000244140625,13304300,MSFT,-0.0009303479789560809,0.01772176526747038,0.02361905550917265,130.1821044921875,129.95267562866212,129.00760925292968,0.010770760703220847,0.011744589812813145,-0.4771555450758469,22913665.0,55.5048753197589,0.16568824736909482,0.014475219791235006,1
2019-10-15,133.11773681640625,141.57000732421875,141.7899932861328,139.80999755859375,140.05999755859375,19695700,MSFT,0.014475219791235006,0.043487975373503795,0.030424558582455852,131.29165649414062,130.14919891357422,129.19188537597657,0.008025098881719258,0.012033025598697945,0.48040107333719173,23007740.0,55.59503160503281,0.3159956119051383,-0.008194058599698018,0
2019-10-16,132.02696228027344,140.41000366210938,140.99000549316406,139.52999877929688,140.7899932861328,20751600,MSFT,-0.008194058599698018,0.015697286835218538,0.013644248376678991,131.69974365234376,130.2380569458008,129.30786193847655,0.008427159389004122,0.012114802925466416,0.05361068659656687,22846215.0,52.0984432230848,0.3220174472596804,-0.005127755281438828,0
2019-10-17,131.34996032714844,139.69000244140625,141.4199981689453,139.02000427246094,140.9499969482422,21460600,MSFT,-0.005127755281438828,0.004241586328554536,-0.009782710474424028,131.81069946289062,130.17317428588868,129.39923904418944,0.008907286139468635,0.01143281852132291,0.034166040208947646,22130640.0,54.98975443698979,0.2629602903382062,-0.01632185587822521,0
2019-10-18,129.20608520507812,137.41000366210938,140.0,136.55999755859375,139.75999450683594,32273500,MSFT,-0.01632185587822521,-0.016251115883159084,-0.014558096924567998,131.3838134765625,130.07773513793944,129.38007522583007,0.011384229510264136,0.011722969392649295,0.5038489138234719,21785950.0,46.07172116149656,0.07199699714885222,0.007422838686058197,1
2019-10-21,130.1651611328125,138.42999267578125,138.5,137.00999450683594,138.4499969482422,20078200,MSFT,0.007422838686058197,-0.00802602562653465,-0.005102948849918021,131.17318115234374,130.04435348510742,129.40220901489258,0.012374076462592965,0.011853947096119472,-0.37787348753621397,21932895.0,53.455271983053265,0.006227095793310433,-0.01488106681621626,0
2019-10-22,128.22816467285156,136.3699951171875,140.00999450683594,136.25999450683594,138.97000122070312,27431000,MSFT,-0.01488106681621626,-0.036731184442373,-0.007351932794073424,130.1952667236328,129.99686813354492,129.42159225463868,0.009500973216179313,0.011987181107195639,0.3662081262264545,21815785.0,54.45136558045149,-0.16246101289167125,0.006379557428095151,1
2019-10-23,129.04620361328125,137.24000549316406,137.4499969482422,135.61000061035156,136.8800048828125,29844600,MSFT,0.006379557428095151,-0.022576893503498785,-0.015212600644052054,129.59911499023437,129.8971954345703,129.40466567993164,0.011274258218768743,0.011596455654593565,0.08798804272538363,22238915.0,52.58624684473426,-0.21062314617381828,0.019673952474893452,1
2019-10-24,131.58505249023438,139.94000244140625,140.4199981689453,138.6699981689453,139.38999938964844,37029300,MSFT,0.019673952474893452,0.0017898152576552029,0.0028668763212436055,129.64613342285156,129.91600341796874,129.5167498779297,0.01556981959561969,0.012459191321542525,0.24073701775195522,23217550.0,54.68593713311145,-0.07041907166087807,0.005644769827024998,1
2019-10-25,132.32781982421875,140.72999572753906,141.13999938964844,139.1999969482422,139.33999633789062,25959700,MSFT,0.005644769827024998,0.024160894699237767,0.02178118524570216,130.27048034667968,130.0570442199707,129.64933013916016,0.0124363906419631,0.01211266755119082,-0.2989416489104574,23391650.0,59.3961004347962,0.0660383345862906,0.024586508023997533,1
2019-10-28,135.581298828125,144.19000244140625,145.6699981689453,143.50999450683594,144.39999389648438,35280100,MSFT,0.024586508023997533,0.04160973372733889,0.03711417626721314,131.35370788574218,130.2996398925781,129.8009066772461,0.015351836130139738,0.013092350871693697,0.3590334248854956,24291610.0,70.07547948976783,0.3530713176002753,-0.009431930111409081,0
2019-10-29,134.30250549316406,142.8300018310547,144.5,142.64999389648438,144.0800018310547,20589500,MSFT,-0.009431930111409081,0.04737134650417851,0.04202257995048231,132.56857604980468,130.57044677734376,129.88402954101562,0.013360821587273742,0.012831141889356374,-0.41639904648796344,24247755.0,61.46936604069822,0.42939165832522724,0.012462551051513282,1
2019-10-30,135.97625732421875,144.61000061035156,145.0,142.7899932861328,143.52000427246094,18496600,MSFT,0.012462551051513282,0.053702112242721256,0.07396997843585273,133.9545867919922,131.03871688842773,130.02225372314453,0.013297178494750263,0.012134289317831516,-0.10164889871050775,23646500.0,63.16307313468825,0.5570864230363761,-0.008575253553337658,0
2019-10-31,134.8102264404297,143.3699951171875,144.92999267578125,142.99000549316406,144.89999389648438,24605100,MSFT,-0.008575253553337658,0.02451018477524003,0.05202540172300285,134.59962158203126,131.37205276489257,130.1083850097656,0.014424676516624303,0.012255870533880487,0.33024988376242126,23670110.0,58.54564887492869,0.5277896995861358,0.002441334236868764,1
2019-11-01,135.13934326171875,143.72000122070312,144.4199981689453,142.97000122070312,144.25999450683594,33128400,MSFT,0.002441334236868764,0.021246654265405063,0.04054431449198215,135.16192626953125,131.63533477783204,130.22009246826173,0.01445650621830434,0.011985080232197588,0.34640379433532065,24181645.0,59.55975029947694,0.49584342955484906,0.005775537312064483,1
2019-11-04,135.9198455810547,144.5500030517578,145.0,144.16000366210938,144.8300018310547,16912000,MSFT,0.005775537312064483,0.002497001842111324,0.0541865059429365,135.2296356201172,131.98465728759766,130.42996795654298,0.009430008347761112,0.011805700110821478,-0.48950145494500186,24262060.0,57.226007156792306,0.49158739181235345,-0.0006230604437110765,0
2019-11-05,135.8351593017578,144.4600067138672,145.02000427246094,143.91000366210938,144.97000122070312,18250200,MSFT,-0.0006230604437110765,0.011411952464816633,0.06478940187976057,135.53616638183593,132.3979164123535,130.5994090270996,0.007781261621335581,0.011419822827997236,0.07912724692526019,23897045.0,60.35795097057803,0.44857542152047447,-0.0027690117369028044,0
2019-11-06,135.4590301513672,144.05999755859375,144.52000427246094,143.1999969482422,144.3699951171875,16575800,MSFT,-0.0027690117369028044,-0.0038038050394216816,0.04210054541738706,135.43272094726564,132.671541595459,130.75587493896484,0.005433561598988951,0.010863490083832136,-0.09174693975956427,23738340.0,61.36226317015294,0.36390514479776437,0.001388462871572349,1
2019-11-07,135.64710998535156,144.25999450683594,144.8800048828125,143.77000427246094,143.83999633789062,17786700,MSFT,0.001388462871572349,0.0062078639508234,0.0370956228177699,135.60009765625,132.91413803100585,130.91948684692383,0.00322410755202838,0.01082113144722907,0.07305228103620931,23744945.0,69.97056355046539,0.2927398903288765,0.011784445692570866,1
2019-11-08,137.24563598632812,145.9600067138672,145.99000549316406,143.75999450683594,143.97999572753906,16732700,MSFT,0.011784445692570866,0.015586080809422143,0.0449603905045024,136.02135620117187,133.20939407348632,131.0669255065918,0.005783884907096839,0.011037792140172304,-0.05925776001169414,23309280.0,71.11589428082566,0.3231140882999184,0.0010277357460590775,1
2019-11-11,137.38668823242188,146.11000061035156,146.4199981689453,144.72999572753906,145.33999633789062,14362600,MSFT,0.0010277357460590775,0.010791968200791091,0.04700841581464266,136.31472473144532,133.5178123474121,131.2220753479004,0.005624673639646539,0.011016677438537802,-0.14164480328936757,23362195.0,80.58999389436539,0.32178996978696084,0.006570244877314835,1
2019-11-12,138.2893524169922,147.07000732421875,147.57000732421875,146.05999755859375,146.27999877929688,18641600,MSFT,0.006570244877314835,0.01806743650060727,0.038849936336571966,136.8055633544922,133.7763931274414,131.42950515747071,0.005654185520219044,0.010696165940756263,0.2979265592580731,23309490.0,80.69910308765293,0.34853824329735383,0.0016317017088622876,1
2019-11-13,138.51499938964844,147.30999755859375,147.4600067138672,146.27999877929688,146.74000549316406,16919200,MSFT,0.0016317017088622876,0.022560099794501687,0.049141758602321506,137.41675720214843,134.10079498291014,131.6115464782715,0.004672060108536071,0.010427427375903497,-0.09239550253197149,23117870.0,77.19497634157237,0.34747951359131424,0.005091146795797474,1
2019-11-14,139.22019958496094,148.05999755859375,148.41000366210938,147.0,147.02000427246094,19729800,MSFT,0.005091146795797474,0.026341066905112953,0.059918093908901016,138.13137512207032,134.4943069458008,131.76218154907227,0.004341159702889621,0.010285822030779563,0.16611896543571802,23031330.0,77.12753754442691,0.3588593835878817,0.012900245343703043,1
2019-11-15,141.01617431640625,149.97000122070312,149.99000549316406,148.27000427246094,148.92999267578125,23485700,MSFT,0.012900245343703043,0.027472919652277605,0.09140505335010296,138.88548278808594,135.08481140136718,131.9666014099121,0.00477036517268965,0.00944306151254569,0.19036685622763527,22591940.0,74.16326109727174,0.44623174483553885,0.002467420270610088,1
2019-11-18,141.36412048339844,150.33999633789062,150.5500030517578,148.97999572753906,150.07000732421875,21534000,MSFT,0.002467420270610088,0.028950637810322588,0.08603653430090419,139.68096923828125,135.64475936889647,132.20769424438475,0.004471213911843211,0.0094252584173288,-0.08310163205695376,22664730.0,84.2288143616203,0.4832276712930783,0.0003323460816138102,1
2019-11-19,141.41110229492188,150.38999938964844,151.3300018310547,150.1999969482422,150.8800048828125,23935700,MSFT,0.0003323460816138102,0.022574043650999798,0.10280844037426506,140.3053192138672,136.30390625,132.476806640625,0.005015980484550598,0.008359883641220322,0.11153060276771609,22489965.0,81.27594781985627,0.46640102111190274,-0.001734552875969575,0
2019-11-20,141.1658172607422,149.6199951171875,150.83999633789062,148.4600067138672,150.30999755859375,25696800,MSFT,-0.001734552875969575,0.019137406654689437,0.09391685542164696,140.83548278808593,136.90988693237304,132.74026092529297,0.005676983188598661,0.008482233191829164,0.07357628980978204,22282575.0,90.90989451352466,0.39700669384293086,-0.0009358540067749832,0
2019-11-21,141.03370666503906,149.47999572753906,149.8000030517578,148.5,149.39999389648438,18576100,MSFT,-0.0009358540067749832,0.013026177849798426,0.07180643998683611,141.19818420410155,137.38231964111327,132.97474548339844,0.005969617297647896,0.007767703997030677,-0.27710454219980696,21359915.0,88.92834756600203,0.30461939999058085,0.0007359253731424875,1
2019-11-22,141.1374969482422,149.58999633789062,150.3000030517578,148.82000732421875,150.07000732421875,15901800,MSFT,0.0007359253731424875,0.0008603455059255083,0.06657464118827017,141.22244873046876,137.82280349731445,133.21506622314453,0.0016182518109349945,0.007773976805289691,-0.14396455660768404,20857020.0,87.84157057170049,0.2170240084916335,0.010963300307354373,1
2019-11-25,142.68482971191406,151.22999572753906,151.35000610351562,149.9199981689453,150.0,22420900,MSFT,0.010963300307354373,0.009342605634296897,0.052393146733268336,141.48659057617186,138.1779800415039,133.504951171875,0.005176973259633355,0.006255103196008961,0.40995987875586404,20214060.0,90.9830078916712,0.2286528508304051,0.0052899194770010816,1
2019-11-26,143.4396209716797,152.02999877929688,152.4199981689453,151.32000732421875,151.36000061035156,24620100,MSFT,0.0052899194770010816,0.014344833212085462,0.06803384229477905,141.89229431152344,138.63483581542968,133.78999816894532,0.00528199846418438,0.005599641679438256,0.09808705270528839,20415590.0,95.67968949242072,0.25076462415807255,0.001907885561758249,1
2019-11-27,143.71328735351562,152.32000732421875,152.5,151.52000427246094,152.3300018310547,15184400,MSFT,0.001907885561758249,0.01804594158986883,0.05689986017815496,142.40178833007812,139.02168731689454,134.05926788330078,0.00470940187594449,0.0051728867332194155,-0.3832518958087091,20249980.0,95.72160784374779,0.24701195082868077,-0.006171540498305816,0
2019-11-29,142.82635498046875,151.3800048828125,152.3000030517578,151.27999877929688,152.10000610351562,11977300,MSFT,-0.006171540498305816,0.012710779272697481,0.059462317894564576,142.76031799316405,139.4224937438965,134.26284271240235,0.00628607801064234,0.004916668649756549,-0.21121018940491554,19618590.0,84.40905738198458,0.15261497338155028,-0.012088435929398567,0
2019-12-02,141.0998077392578,149.5500030517578,151.8300018310547,148.32000732421875,151.80999755859375,27418400,MSFT,-0.012088435929398567,-0.0002670389499552783,0.04410606366493641,142.75278015136718,139.72051696777345,134.46254150390624,0.009165607853034212,0.005952854660770351,1.289197064446912,19333090.0,69.14991902266893,-0.0475777520611782,-0.001605148934527345,0
2019-12-03,140.87332153320312,149.30999755859375,149.42999267578125,146.64999389648438,147.49000549316406,24066000,MSFT,-0.001605148934527345,-0.012695870909110951,0.03644409637880641,142.390478515625,139.96819076538085,134.66335205078124,0.006825059944752336,0.0059468142612755705,-0.12226825781227202,19690790.0,64.32563120824162,-0.20774793910431288,0.0036166604240732703,1
2019-12-04,141.3828125,149.85000610351562,150.17999267578125,149.1999969482422,150.13999938964844,17574700,MSFT,0.0036166604240732703,-0.014339193437256648,0.0408410696226158,141.97911682128907,140.24557342529297,134.9074508666992,0.006371509142524199,0.0059311332320066915,-0.2697290783678218,19657015.0,65.4141467823394,-0.2869945451996765,0.0005337987649887133,1
2019-12-05,141.45828247070312,149.92999267578125,150.32000732421875,149.47999572753906,150.0500030517578,17869100,MSFT,0.0005337987649887133,-0.01569099784952721,0.04428831590357718,141.52811584472656,140.54553604125977,135.1158233642578,0.006139416210055106,0.005835987550306091,0.016751352796918306,19721680.0,62.902876767520375,-0.33840966786393745,0.012139222769591118,1
2019-12-06,143.17547607421875,151.75,151.8699951171875,150.27000427246094,150.99000549316406,16403500,MSFT,0.012139222769591118,0.002444374455945031,0.055499642341662714,141.59794006347656,140.9219543457031,135.35515502929687,0.008776171509981777,0.006239868694534845,-0.0820186802916767,19652520.0,62.56280871705095,-0.2641430192428249,-0.0025701395736270616,0
2019-12-09,142.8074951171875,151.36000061035156,152.2100067138672,150.91000366210938,151.07000732421875,16687400,MSFT,-0.0025701395736270616,0.012102691033324176,0.04052485232691416,141.9394775390625,141.2000473022461,135.62116485595703,0.005927822492061609,0.0059620864249214775,0.017307281982503753,19650255.0,58.37801644196688,-0.24746358541572278,-0.0015191742051955393,0
2019-12-10,142.59054565429688,151.1300048828125,151.88999938964844,150.75999450683594,151.2899932861328,16476100,MSFT,-0.0015191742051955393,0.012189846185240993,0.03787745005594312,142.28292236328124,141.46024017333986,135.85838806152344,0.005913324237332505,0.006011059615696786,-0.012662248163284873,19755930.0,56.71356853753018,-0.25755056896762785,0.0037710755933719753,1
2019-12-11,143.12826538085938,151.6999969482422,151.8699951171875,150.3300018310547,151.5399932861328,18856600,MSFT,0.0037710755933719753,0.012345580413880786,0.0349912186245267,142.63201293945312,141.7021858215332,136.1432260131836,0.005921403023673195,0.005928065783106615,0.14448200727113814,19766680.0,60.810644968772856,-0.2351372135654266,0.010151860532999102,1
2019-12-12,144.58128356933594,153.24000549316406,153.44000244140625,151.02000427246094,151.64999389648438,24612100,MSFT,0.010151860532999102,0.022077188016754068,0.04379514281065533,143.2566131591797,142.00550003051757,136.50263458251953,0.00665196091478762,0.006219041157485601,0.3052246958624567,20151325.0,67.0599734077681,-0.13458008566108504,0.008418432850367807,1
2019-12-13,145.79843139648438,154.52999877929688,154.88999938964844,152.8300018310547,153.0,23845400,MSFT,0.008418432850367807,0.018319864506027184,0.0472505558182954,143.7812042236328,142.33441162109375,136.85573303222657,0.00571045748983051,0.006344705747989834,-0.031151344257499325,20357105.0,70.24604734830659,-0.005061286042212121,0.006470821804520854,1
2019-12-16,146.7418670654297,155.52999877929688,155.89999389648438,154.82000732421875,155.11000061035156,24144200,MSFT,0.006470821804520854,0.02755017826629924,0.04060309235291237,144.56807861328124,142.6206962585449,137.19309631347656,0.0045647828369999605,0.0059303060257649655,0.012530718713043232,20390030.0,68.59860938177647,0.11836440403043946,-0.005400610905309633,0
2019-12-17,145.94937133789062,154.69000244140625,155.7100067138672,154.4499969482422,155.4499969482422,25425600,MSFT,-0.005400610905309633,0.023555739044137214,0.0324357470538692,145.23984375,142.84995880126954,137.53341583251952,0.006114920555235368,0.006154989807407012,0.05307278766743151,20584610.0,61.465770479644085,0.12044800976704728,-0.0020690149795011825,0
2019-12-18,145.64739990234375,154.3699951171875,155.47999572753906,154.17999267578125,154.3000030517578,24129200,MSFT,-0.0020690149795011825,0.01760053833378783,0.02995731974839444,145.74367065429686,143.06177368164063,137.8949642944336,0.006846491667887347,0.006204556562547431,-0.05098798061795984,20594285.0,58.813181739802765,0.0773971107552609,0.008680745442606108,1
2019-12-19,146.91172790527344,155.7100067138672,155.77000427246094,153.75,154.0,24958900,MSFT,0.008680745442606108,0.01611857550579776,0.04070327191120349,146.2097595214844,143.34906921386718,138.2334683227539,0.006513445691406415,0.006354485812404922,0.03438572352170821,20557390.0,67.99686495511858,0.10809474516355833,0.010917628123868317,1
2019-12-20,148.51565551757812,157.41000366210938,158.49000549316406,156.2899932861328,157.35000610351562,53477500,MSFT,0.010917628123868317,0.01863685428620654,0.053050785017719315,146.75320434570312,143.72316665649413,138.5878778076172,0.0070830802663449785,0.006612233153734019,1.1426224713428876,22302460.0,83.02503489337644,0.204833394766049,0.0,0
2019-12-23,148.51565551757812,157.41000366210938,158.1199951171875,157.27000427246094,158.1199951171875,17718200,MSFT,0.0,0.012087814388769713,0.05227638812413993,147.10796203613282,144.09207458496093,138.9313806152344,0.007045850948630493,0.006625238076738186,-0.6686793511289795,22393280.0,84.73431626836069,0.2350683035098715,-0.00019048358789708342,0
2019-12-24,148.48736572265625,157.3800048828125,157.7100067138672,157.1199951171875,157.47999572753906,8989200,MSFT,-0.00019048358789708342,0.017389553387591183,0.04066680404958056,147.61556091308594,144.38220138549804,139.27676147460937,0.0058893916287328036,0.006345225455012579,-0.49265726766827334,21721695.0,83.76711911510021,0.2196938351629525,0.008196670773017445,1
2019-12-26,149.7044677734375,158.6699981689453,158.72999572753906,157.39999389648438,157.55999755859375,14520600,MSFT,0.008196670773017445,0.027855408842272444,0.043675846041134836,148.42697448730468,144.69544372558593,139.60849609375,0.0052289885778994205,0.0064565190498475315,0.6153384060873048,21216720.0,85.35626992143952,0.2555155193323535,0.0018274326289018372,1
2019-12-27,149.97804260253906,158.9600067138672,159.5500030517578,158.22000122070312,159.4499969482422,18412800,MSFT,0.0018274326289018372,0.020871816981437696,0.04359203915232257,149.0402374267578,145.0086814880371,139.96751770019532,0.005090013541897388,0.006456709133685178,0.26804677492665596,21378140.0,83.28736356536244,0.26075205359804077,-0.00861851013550674,0
2019-12-30,148.68545532226562,157.58999633789062,159.02000427246094,156.72999572753906,158.99000549316406,16348400,MSFT,-0.00861851013550674,0.001143312495209603,0.04102254337162137,149.0741973876953,145.30163650512696,140.31422760009767,0.0060113356340613655,0.006643291127742907,-0.11211765728189083,21596695.0,76.37619515829086,0.14600078700278862,0.0006981553223694981,1
2019-12-31,148.7892608642578,157.6999969482422,157.77000427246094,156.4499969482422,156.77000427246094,18369400,MSFT,0.0006981553223694981,0.0018422660272829905,0.054496552817489,149.12891845703126,145.68610916137695,140.70589111328124,0.006012387774190443,0.005770712874395362,0.12362066012576145,21144245.0,78.10086286684292,0.050840704752531884,0.018516461760591296,1
2020-01-02,151.5443115234375,160.6199951171875,160.72999572753906,158.3300018310547,158.77999877929688,22622100,MSFT,0.018516461760591296,0.020587245156540757,0.07574883501074603,149.7403076171875,146.21965866088868,141.13347412109374,0.010038822151345272,0.0066696936689441015,0.23151001121430204,21072050.0,81.76649334552802,0.14202883939830224,-0.012452062143411213,0
2020-01-03,149.6572723388672,158.6199951171875,159.9499969482422,158.05999755859375,158.32000732421875,21116200,MSFT,-0.012452062143411213,-0.00031525735518955766,0.05852521740481853,149.73086853027343,146.63338165283204,141.56205627441406,0.012000194715822454,0.007582855101594774,-0.0665676484499671,21249125.0,68.55156583558448,0.04866515201592447,0.0025847428292529173,1
2020-01-06,150.04409790039062,159.02999877929688,159.10000610351562,156.50999450683594,157.0800018310547,20813700,MSFT,0.0025847428292529173,0.0004404331241114612,0.060695035170285516,149.74407958984375,147.06267242431642,141.98201416015624,0.012033848249575957,0.007563368686354333,-0.01432549417035267,21396355.0,66.51954602774275,-0.010475945074361892,-0.009117701196649342,0
2020-01-07,148.67604064941406,157.5800018310547,159.6699981689453,157.32000732421875,159.32000732421875,21634100,MSFT,-0.009117701196649342,-6.331939348847015e-05,0.038418343182906156,149.74219665527343,147.33770065307618,142.32383392333983,0.012126453070627638,0.007700502983580001,0.039416345964436994,21657885.0,57.28499277006508,-0.15703535610542785,0.015928555601385952,1
2020-01-08,151.0442352294922,160.08999633789062,160.8000030517578,157.9499969482422,158.92999267578125,27746500,MSFT,0.015928555601385952,0.015155491412055744,0.05767722559341615,150.1931915283203,147.7495376586914,142.6981622314453,0.01408583651561368,0.008226456494088898,0.2825354417331898,22210840.0,67.15355316519036,-0.1119072076022487,0.012492783241664362,1
2020-01-09,152.9311981201172,162.08999633789062,162.22000122070312,161.02999877929688,161.83999633789062,21385000,MSFT,0.012492783241664362,0.00915169023988871,0.07251990248281026,150.47056884765624,148.2665702819824,143.04516021728514,0.012617913042221998,0.008429837948470839,-0.22927216045266974,22456285.0,72.158405693633,0.02054527448324972,-0.004626989735793452,0
2020-01-10,152.2235870361328,161.33999633789062,163.22000122070312,161.17999267578125,162.82000732421875,20725900,MSFT,-0.004626989735793452,0.0171479451493326,0.06354664909178553,150.98383178710938,148.7213363647461,143.40358184814454,0.01074034216441361,0.008624649509582373,-0.030820668693009146,22549750.0,66.72602071017289,0.03516110262832717,0.01202410755679173,1
2020-01-13,154.05393981933594,163.27999877929688,163.30999755859375,161.25999450683594,161.75999450683594,21626500,MSFT,0.01202410755679173,0.02672442285338894,0.06551785968518709,151.78580017089843,149.1949691772461,143.76513549804687,0.011361372274372302,0.008714676482712866,0.04345287780024032,22400470.0,67.19381669314734,0.13703979868829874,-0.007042932211604125,0
2020-01-14,152.9689483642578,162.1300048828125,163.60000610351562,161.72000122070312,163.38999938964844,23477400,MSFT,-0.007042932211604125,0.028874240234622928,0.049181029583740266,152.64438171386718,149.55349502563476,144.12830993652344,0.010721164184181411,0.00891224404969935,0.08558481492613224,22382070.0,62.952814370407054,0.10190972026770684,0.006476526171192765,1
2020-01-15,153.95965576171875,163.17999267578125,163.94000244140625,162.57000732421875,162.6199951171875,21417900,MSFT,0.006476526171192765,0.01930176631896585,0.04918697601871713,153.2274658203125,149.9143844604492,144.50471618652344,0.009204979944085293,0.008912379894269505,-0.08772266094201231,22245755.0,65.07280194609243,0.11498075175558764,0.018322976441788263,1
2020-01-16,156.78065490722656,166.1699981689453,166.24000549316406,164.02999877929688,164.35000610351562,23865400,MSFT,0.018322976441788263,0.02517116739048819,0.07421260859192191,153.9973571777344,150.45594863891603,144.92193237304687,0.010801925075935198,0.009380193628656998,0.11427357490697032,22167745.0,67.90826851532192,0.274120979127638,0.005596909791813376,1
2020-01-17,157.65814208984375,167.10000610351562,167.47000122070312,165.42999267578125,167.4199981689453,34371700,MSFT,0.005596909791813376,0.03570113646330619,0.08246451495566132,155.08426818847656,151.056485748291,145.3583920288086,0.00939241142922286,0.009291374850783195,0.44023146479841113,22679870.0,68.86013263317088,0.39181698472991133,-0.0035908807771833917,0
2020-01-21,157.09201049804688,166.5,168.19000244140625,166.42999267578125,166.67999267578125,29517200,MSFT,-0.0035908807771833917,0.01972082429228217,0.06929523420579153,155.69188232421874,151.56549987792968,145.79105163574218,0.00991699939381689,0.009371596501451916,-0.14123537677798892,22907785.0,71.40792136455623,0.38434532814672817,-0.004804966051110138,0
2020-01-22,156.33718872070312,165.6999969482422,167.49000549316406,165.67999267578125,167.39999389648438,24138800,MSFT,-0.004804966051110138,0.022019111672420433,0.05266470511722754,156.36553039550782,151.95657653808593,146.20485321044922,0.009329782989454475,0.009366983817068228,-0.18221240497066116,21440850.0,68.60448934981078,0.28589491481590645,0.006155939937421584,1
2020-01-23,157.29959106445312,166.72000122070312,166.8000030517578,165.27000427246094,166.19000244140625,19680800,MSFT,0.006155939937421584,0.021693574762881696,0.059144845816172964,157.03351745605468,152.3957733154297,146.60593231201173,0.009313032321231353,0.009377805093058444,-0.18468192287934782,21538980.0,65.5610472552045,0.24451933197353304,-0.010076841249784363,0
2020-01-24,155.71450805664062,165.0399932861328,167.52999877929688,164.4499969482422,167.50999450683594,24918100,MSFT,-0.010076841249784363,-0.0068002449104248575,0.04867176610488988,156.8202880859375,152.75713043212892,146.9724887084961,0.007030551246622637,0.009801326737332824,0.2661121499126051,22335425.0,66.64933090968267,0.0779542508154103,-0.016723230963616942,0
2020-01-27,153.11045837402344,162.27999877929688,163.3800048828125,160.1999969482422,161.14999389648438,32078100,MSFT,-0.016723230963616942,-0.028845219508097153,0.022751429207447327,155.91075134277344,152.92742996215821,147.26891082763672,0.00846201551319068,0.010581818131206951,0.2873413301977277,23213300.0,57.51269768043492,-0.2235513119735395,0.01959608927306644,1
2020-01-28,156.11082458496094,165.4600067138672,165.75999450683594,163.07000732421875,163.77999877929688,24899900,MSFT,0.01959608927306644,-0.0062459313492466695,0.04089119897820326,155.71451416015626,153.23406906127929,147.62082733154296,0.014312124671952036,0.011356709123412065,-0.2237726049859562,23537655.0,66.86644641739545,-0.23565928655242674,0.015592501875938414,1
2020-01-29,158.54498291015625,168.0399932861328,168.75,165.69000244140625,167.83999633789062,34754500,MSFT,0.015592501875938414,0.014122002624707308,0.06631131179926619,156.15607299804688,153.72704544067383,148.00732299804687,0.015842422105823078,0.011447763553466987,0.39576865770545266,24457960.0,66.96531554508827,-0.1013406886894761,0.02820756536511948,1
2020-01-30,163.01715087890625,172.77999877929688,174.0500030517578,170.7899932861328,174.0500030517578,51597500,MSFT,0.02820756536511948,0.03634821791819132,0.09562444179105589,157.2995849609375,154.43843994140624,148.44734252929686,0.01959690077271998,0.012705139604554206,0.48462788991353634,26119365.0,70.42407755422634,0.2480060353931317,-0.014758657562527255,0
2020-01-31,160.61123657226562,170.22999572753906,172.39999389648438,169.5800018310547,172.2100067138672,36142700,MSFT,-0.014758657562527255,0.03144683547305571,0.05983019063982398,158.2789306640625,154.89178619384765,148.8322848510742,0.02071581461133813,0.01297009636589038,-0.2995261398323562,26795395.0,65.89194036789284,0.2743064923764216,0.02437910288777556,1
2020-02-03,164.52679443359375,174.3800048828125,174.5,170.39999389648438,170.42999267578125,30107000,MSFT,0.02437910288777556,0.07456274496731052,0.09935716362020597,160.56219787597655,155.635262298584,149.29459869384766,0.017092932568779848,0.013273463082021477,-0.1669963782451228,27244935.0,68.38966479773349,0.49954547983910214,0.03291642661560079,1
2020-02-04,169.9424285888672,180.1199951171875,180.63999938964844,176.30999755859375,177.13999938964844,36433300,MSFT,0.03291642661560079,0.0886011847075896,0.13261655051361254,163.32851867675782,156.63017883300782,149.87013092041016,0.018997560481016345,0.01466336273751833,0.21012721294051206,28025915.0,75.86988474096951,0.932260683645497,-0.001221655390642007,0
2020-02-05,169.7348175048828,179.89999389648438,184.1999969482422,178.41000366210938,184.02999877929688,39186300,MSFT,-0.001221655390642007,0.0705782951269267,0.14164203434181077,165.5664855957031,157.68311767578126,150.44415313720702,0.020773333365595704,0.01432751192405094,0.07556274067954316,28903525.0,74.63146002204307,1.1113471294441761,0.020733852037727152,1
2020-02-06,173.2540740966797,183.6300048828125,183.82000732421875,180.05999755859375,180.97000122070312,27751400,MSFT,0.020733852037727152,0.06279660245919594,0.14704194988602204,167.6138702392578,158.79360961914062,151.08648468017577,0.019729530224328325,0.014528551447557912,-0.2918086167869893,28903770.0,75.17282384651973,1.357382979429604,0.0014161056276174033,1
2020-02-07,173.49942016601562,183.88999938964844,185.6300048828125,182.47999572753903,182.8500061035156,33529100,MSFT,0.0014161056276174033,0.08024459476688661,0.13449330351641842,170.1915069580078,159.82202072143554,151.70277648925781,0.014894870295745804,0.014518559267968495,0.20819490187882406,29510975.0,74.68373029912237,1.420456741650618,0.02615690590475772,1
2020-02-10,178.03762817382812,188.6999969482422,188.83999633789065,183.25,183.5800018310547,35844300,MSFT,0.02615690590475772,0.08211935196784981,0.16957977170494565,172.8936737060547,161.11272277832032,152.3947366333008,0.015174097757680171,0.014911282259958344,0.0690504666096019,30266895.0,79.04226608430875,1.6362698927477428,-0.022575492330479396,0
2020-02-11,174.01834106445312,184.44000244140625,190.6999969482422,183.5,190.6499938964844,53159900,MSFT,-0.022575492330479396,0.02398407807532621,0.12959357786324777,173.70885620117187,162.11094284057617,153.00083770751954,0.019410575491460497,0.016353274834649732,0.48307820211302777,31843565.0,72.48077957291733,1.386655115164963,0.0014639878798359263,1
2020-02-12,174.27310180664062,184.7100067138672,185.8500061035156,181.8500061035156,185.5800018310547,47062900,MSFT,0.0014639878798359263,0.026737497753678285,0.13927109828624973,174.61651306152345,163.1761505126953,153.62977264404296,0.01923512610388778,0.016098308507729364,-0.11469171311458448,33022840.0,71.97650573132134,1.1280036292654412,-0.005413809908308753,0
2020-02-13,173.32962036132812,183.7100067138672,186.22999572753903,182.8699951171875,183.0800018310547,35295800,MSFT,-0.005413809908308753,0.0004360432217385135,0.12581195056442573,174.63162231445312,164.14464874267577,154.27436889648436,0.01751481515735055,0.016323545351047287,-0.250029216219145,33716735.0,73.19254960860373,0.7982070824184389,0.008926670851185703,1
2020-02-14,174.8768768310547,185.3500061035156,185.41000366210932,182.6499938964844,183.25,23149500,MSFT,0.008926670851185703,0.007939258031646634,0.11542381893057141,174.90711364746093,165.0494598388672,154.9544400024414,0.01796055302700723,0.01608577273005412,-0.344128763195621,33680940.0,79.47860818904876,0.5982404691455105,0.01014324478953399,1
2020-02-18,176.65069580078125,187.22999572753903,187.6999969482422,185.5,185.6100006103516,27792200,MSFT,0.01014324478953399,-0.007790108120811046,0.12046668481044454,174.62972717285157,165.99908752441405,155.65979766845703,0.013346907184207502,0.016117835627144424,0.2005529277090219,33351965.0,78.7734044249577,0.5032265017278421,0.0029993141561961423,1
2020-02-19,177.18052673339844,187.27999877929688,188.17999267578125,186.47000122070312,188.0599975585937,29997500,MSFT,0.0029993141561961423,0.018171565420073144,0.12787738963721096,175.2621643066406,167.00351333618164,156.37424255371093,0.006272096208867612,0.015981974999126465,0.07934960168680427,33375980.0,77.5770557263364,0.3984402433016765,-0.01527140334195598,0
2020-02-20,174.4747314453125,184.4199981689453,187.25,181.1000061035156,186.9499969482422,36862400,MSFT,-0.01527140334195598,0.001156975095879087,0.11601553586211755,175.302490234375,167.9103904724121,157.0002276611328,0.010650220069898854,0.016522000044684546,0.22884907075589633,34012160.0,67.89030476827642,0.08562373870677042,-0.03161283134296089,0
2020-02-21,168.95909118652344,178.58999633789062,183.5,177.25,183.1699981689453,48572600,MSFT,-0.03161283134296089,-0.025215131526243217,0.07412288896093089,174.42838439941406,168.4933654785156,157.52325958251953,0.01803466609606532,0.018499156677928202,0.31767329311168013,35456750.0,61.88087354937962,-0.5206966314360004,-0.04311543233061832,0
2020-02-24,161.67434692382812,170.88999938964844,174.5500030517578,163.22999572753906,167.77000427246094,68311100,MSFT,-0.04311543233061832,-0.07549614418137895,0.03827413990878514,171.78787841796876,168.791357421875,157.90493560791015,0.02248335861645539,0.021091733675493093,0.40637108163861924,37626400.0,46.29558731442069,-1.3909085343202072,-0.01650183238340086,0
2020-02-25,159.0064239501953,168.07000732421875,174.83999633789062,167.64999389648438,174.1999969482422,68073300,MSFT,-0.01650183238340086,-0.09988226635962061,0.038507921919801236,168.25902404785157,169.0861557006836,158.22249877929687,0.017537768230452336,0.021081394405414407,-0.003481132641693696,39426160.0,34.70615499256115,-2.0830996807587807,0.012494907944757827,1
2020-02-26,160.99319458007812,170.1699981689453,173.25999450683594,168.2100067138672,169.7100067138672,56206100,MSFT,0.012494907944757827,-0.09136067293488304,0.031275025342397234,165.0215576171875,169.33027420043945,158.5507369995117,0.020931511649894048,0.020829560617110016,-0.1743297298647194,40991470.0,38.354477467826435,-2.325625585100922,-0.0704590625399849,0
2020-02-27,149.64976501464844,158.17999267578125,167.02999877929688,157.97999572753906,163.32000732421875,93174900,MSFT,-0.0704590625399849,-0.14228402144550778,-0.05610532564470061,160.0565643310547,168.88551330566406,158.627763671875,0.030819796461086638,0.02605205601232466,0.6577364378599475,43912490.0,23.979014085928526,-3.1189980820521774,0.02421272324999557,1
2020-02-28,153.273193359375,162.00999450683594,163.7100067138672,152.0,152.41000366210938,97012700,MSFT,0.02421272324999557,-0.09283843631611333,-0.05977259120894185,156.919384765625,168.3983154296875,158.7583901977539,0.03903385223766479,0.02581805124080007,0.041189204388735634,46183250.0,29.248500871673613,-3.2537819202483247,0.0665394579862919,1
2020-03-02,163.47190856933594,172.7899932861328,172.9199981689453,162.30999755859375,165.30999755859375,71030800,MSFT,0.0665394579862919,0.01111840981398693,0.017811157289628232,157.27889709472657,168.541349029541,159.1088409423828,0.050876370011484894,0.029905044765626526,-0.26781957413823143,47927655.0,36.611130482495206,-2.5416740807624896,-0.04791971097594161,0
2020-03-03,155.6383819580078,164.50999450683594,175.0,162.25999450683594,173.8000030517578,71677000,MSFT,-0.04791971097594161,-0.021181798247613237,-0.054024102920047334,156.60528869628905,168.09692840576173,159.3086605834961,0.05564364918997393,0.031306656589436425,0.009097461946085295,50006155.0,34.21213156257758,-2.4810633714440535,0.036715494841771834,1
2020-03-04,161.35272216796875,170.5500030517578,170.6999969482422,165.6199951171875,168.49000549316406,49814400,MSFT,0.036715494841771834,0.0022331850040517853,-0.050544802096944674,156.67719421386718,167.6674430847168,159.59748046875,0.0583224647152387,0.03154224566492321,-0.3050155558965917,50675210.0,39.85342923535298,-1.9617276997161204,-0.02509501237515621,0
2020-03-05,157.30357360839844,166.27000427246094,170.8699951171875,165.69000244140625,166.0500030517578,47817300,MSFT,-0.02509501237515621,0.05114480863368409,-0.07323920972270026,158.20795593261718,167.04588088989257,159.7732388305664,0.04662300004224482,0.03195569738687975,-0.0400908171131239,51106760.0,37.99985146676569,-1.8007084123398833,-0.028267598353174606,0
2020-03-06,152.8569793701172,161.57000732421875,163.11000061035156,156.0,162.61000061035156,72821100,MSFT,-0.028267598353174606,-0.0027155041278609238,-0.11772938000396149,158.1247131347656,166.02602615356446,159.8600653076172,0.048733623502308435,0.031893795542751194,0.5229027987778483,53360245.0,34.19784255221482,-1.89397566604151,-0.06777248322583129,0
2020-03-09,142.4974822998047,150.6199951171875,157.75,150.0,151.0,70419300,MSFT,-0.06777248322583129,-0.1283059973612226,-0.178686118008615,153.92982788085936,164.4759292602539,159.74026763916015,0.039254024978096366,0.034703269715719826,-0.03298219884072062,55204755.0,28.17947721565659,-2.514766465252226,0.06838381940127736,1
2020-03-10,152.24200439453125,160.9199981689453,161.02999877929688,152.5800018310547,158.16000366210938,65354400,MSFT,0.06838381940127736,-0.021822236396629502,-0.14488860609910592,153.25055236816405,163.18614807128907,159.79101837158203,0.05476054993459081,0.03808818749168561,-0.07192488422918153,56680260.0,35.745192362204136,-2.144932725538277,-0.04530189032498866,0
2020-03-11,145.34515380859375,153.6300048828125,157.6999969482422,151.14999389648438,157.1300048828125,56371600,MSFT,-0.04530189032498866,-0.09920854228112164,-0.16477106424798849,150.04903869628907,161.7524887084961,159.69836059570312,0.052027996405232556,0.03890425184164061,-0.13744751692311463,56840845.0,34.1108732179794,-2.230706803812229,-0.09483839946920525,0
2020-03-12,131.56085205078125,139.05999755859375,153.47000122070312,138.5800018310547,145.3000030517578,93226400,MSFT,-0.09483839946920525,-0.16364994746847117,-0.24508802169166322,144.90049438476564,159.61687622070312,159.35586853027343,0.06221728068897568,0.043345726370975286,0.653783110644367,59149020.0,31.288491938250743,-3.032007428308603,0.14216898407928014,1
2020-03-13,150.2647247314453,158.8300018310547,161.91000366210938,140.72999572753906,147.5,92727400,MSFT,0.14216898407928014,-0.016958693344287346,-0.13306955603895654,144.38204345703124,158.463631439209,159.38537780761717,0.10065617914634956,0.05555748363959705,-0.0053525610771197885,62020600.0,44.87681951319779,-2.1595507744962674,-0.1473904340981883,0
2020-03-16,128.1171417236328,135.4199981689453,149.35000610351562,135.0,140.0,87905900,MSFT,-0.1473904340981883,-0.1009164537091024,-0.26738660910896517,141.50597534179687,156.1256446838379,158.9168344116211,0.11882105252059243,0.06378138604770725,-0.05199649725970967,65258420.0,38.19511084592414,-2.885873516708261,0.08233641425940164,1
2020-03-17,138.6658477783203,146.57000732421875,147.5,135.0,140.0,81059800,MSFT,0.08233641425940164,-0.08917484153078192,-0.21502801248684889,138.79074401855468,154.22640228271484,158.69700592041016,0.1214160102288313,0.06714377895057952,-0.07787986926929824,67921800.0,41.99131090524193,-2.4830268995335603,-0.04209557963841959,0
2020-03-18,132.82862854003906,140.39999389648438,146.0,135.02000427246094,138.0,81593200,MSFT,-0.04209557963841959,-0.08611587617869809,-0.25032038797409817,136.28743896484374,152.00880737304686,158.35269653320313,0.12120843838397047,0.06744483713277567,0.006580327116523899,70501585.0,43.7182204259067,-2.43360884000505,0.016452965213208826,1
2020-03-19,135.01405334472656,142.7100067138672,150.14999389648438,139.0,142.77000427246094,85922700,MSFT,0.016452965213208826,0.026247939566493628,-0.22616844154853755,136.97807922363282,150.03577346801757,158.07945678710936,0.11205813506968494,0.06773971590819619,0.05306201987420511,72954600.0,43.10717313519187,-2.0907704424223654,-0.037559046779820804,0
2020-03-20,129.94305419921875,137.35000610351562,147.10000610351562,135.86000061035156,146.0,84866200,MSFT,-0.037559046779820804,-0.1352391292670031,-0.23092002160589686,132.9137451171875,148.08497161865233,157.6574331665039,0.08465627725862362,0.06784997073158082,-0.012295935765519461,74769280.0,36.83310816730109,-2.040316752173143,-0.009974579459620991,0
2020-03-23,128.6469268798828,135.97999572753906,140.57000732421875,132.52000427246094,137.00999450683594,78975200,MSFT,-0.009974579459620991,0.004135162158025896,-0.20428361500978243,133.0197021484375,146.43360061645507,157.17174774169922,0.05078241692959596,0.06742386868268901,-0.06941514996547504,75302485.0,38.82666997482749,-1.9302152021118237,0.09089604382870142,1
2020-03-24,140.34042358398438,148.33999633789062,149.60000610351562,141.27000427246094,143.75,82516700,MSFT,0.09089604382870142,0.012076339145462356,-0.1173914858437266,133.3546173095703,145.50030059814452,156.93408447265625,0.05420379280705671,0.07099346983690628,0.044843191280300676,76024655.0,41.71206269707791,-0.9551324243461625,-0.009572757370329477,0
2020-03-25,138.99697875976562,146.9199981689453,154.3300018310547,144.44000244140625,148.91000366210938,75638200,MSFT,-0.009572757370329477,0.046438409306222894,-0.13662823374420074,134.58828735351562,144.4004898071289,156.63294525146483,0.04906561545530048,0.07089792153053955,-0.08335888371687183,76996260.0,42.62179767627471,-0.31882183265123665,0.06255130742122406,1
2020-03-26,147.69142150878906,156.11000061035156,156.66000366210938,148.3699951171875,148.39999389648438,64568100,MSFT,0.06255130742122406,0.09389665631098287,-0.013086178288804429,137.12376098632814,144.30257263183594,156.52739471435547,0.054589954086630484,0.07066529028285713,-0.1463559418389121,75565920.0,47.9870239064473,0.7131176572886622,-0.04106113116863597,0
2020-03-27,141.62704467773438,149.6999969482422,154.88999938964844,149.1999969482422,151.75,57042300,MSFT,-0.04106113116863597,0.08991623715879893,-0.0759829453956391,139.46055908203124,143.72026519775392,156.28074249267578,0.05551596979036292,0.07107809108868432,-0.1165560083075079,73567400.0,49.64904926156076,0.9954349770844484,0.07034078996559878,1
2020-03-30,151.58920288085938,160.22999572753906,160.60000610351562,150.00999450683594,152.44000244140625,63420300,MSFT,0.07034078996559878,0.1783352044032711,-0.07268958803057324,144.04901428222655,143.1261299133301,156.17691345214843,0.05679735625300216,0.07127453227000631,0.11181176074597277,73186875.0,49.73725881511353,1.8136113301224714,-0.015727234751448216,0
2020-03-31,149.2051239013672,157.7100067138672,164.77999877929688,156.55999755859375,159.39999389648438,77927200,MSFT,-0.015727234751448216,0.0631656944663408,-0.041334650076074175,145.82195434570312,142.80446701049806,156.0078530883789,0.050000546946238074,0.07052706766901423,0.2287422166088775,73499385.0,51.6121331329184,2.132721986472929,-0.03550849855706106,0
2020-04-01,143.90707397460938,152.11000061035156,157.75,150.82000732421875,153.0,57969900,MSFT,-0.03550849855706106,0.0353251938182777,-0.10812118914980806,146.80397338867186,141.93218460083008,155.74415435791016,0.054141282958669025,0.07041111258607775,-0.256101848905132,73907160.0,55.54986248842181,1.9314759016380654,0.020709050296816134,1
2020-04-02,146.8872528076172,155.25999450683594,155.47999572753906,150.36000061035156,151.86000061035156,49630700,MSFT,0.020709050296816134,-0.005444924918161287,-0.06621795399710562,146.6431396484375,141.411368560791,155.55515563964843,0.046288757703285825,0.07041157936794255,-0.14385396559248853,73997830.0,48.231806489750916,1.9385249404431981,-0.009210293813795234,0
2020-04-03,145.5343780517578,153.8300018310547,157.3800048828125,152.19000244140625,155.10000610351562,41243300,MSFT,-0.009210293813795234,0.02758889294706668,-0.04790491967415467,147.4246063232422,141.04523849487305,155.31985137939452,0.04117766905823465,0.0701525001152366,-0.16899620597734866,72418940.0,61.656316670268026,1.7948161574357844,0.07436781938196901,1
2020-04-06,156.35745239257812,165.27000427246094,166.5,157.5800018310547,160.32000732421875,67111700,MSFT,0.07436781938196901,0.03145507345576792,0.09726466649854926,148.37825622558594,141.7382369995117,155.33271026611328,0.0427568917469198,0.07013680181516951,0.6272146021293155,72253560.0,61.79661350118705,2.337098621289541,-0.010770327671146496,0
2020-04-07,154.67343139648438,163.49000549316406,170.0,163.25999450683594,169.58999633789062,62769000,MSFT,-0.010770327671146496,0.0366495958860773,0.01597080261536843,149.47191772460937,141.85980834960938,155.3639697265625,0.042153535675022016,0.06870935440367697,-0.06470853815355593,72124290.0,65.41998817344324,2.4774194399314062,0.010030998321146178,1
2020-04-08,156.22496032714844,165.1300048828125,166.6699981689453,163.5,165.6699981689453,48318200,MSFT,0.010030998321146178,0.0855961143002073,0.0748549658069948,151.93549499511718,142.4037986755371,155.36625244140626,0.034682697781385156,0.06776791217515897,-0.23022192483550796,71721620.0,65.1077305505948,2.5592813349203056,6.075192323296008e-05,1
2020-04-09,156.2344512939453,165.13999938964844,167.3699951171875,163.3300018310547,166.36000061035156,51385100,MSFT,6.075192323296008e-05,0.06363519167024267,0.1875451462844,153.8049346923828,143.63747863769532,155.32004180908203,0.03535717641915159,0.06354048903255538,0.06347297705626453,69629555.0,70.18150828292738,2.4959685930715456,0.002240261994821635,1
2020-04-13,156.58445739746094,165.50999450683594,165.57000732421875,162.3000030517578,164.35000610351562,41905300,MSFT,0.002240261994821635,0.0759276226938852,0.04205732700945153,156.01495056152345,143.9534652709961,155.19138793945314,0.03390854610446369,0.05547764208397327,-0.18448538584142093,67088450.0,71.76117633299705,2.3610242231139127,0.04948372716642968,1
2020-04-14,164.3328399658203,173.6999969482422,173.75,168.0,169.0,52874300,MSFT,0.04948372716642968,0.05100740291686123,0.28267644559468863,157.6100280761719,145.76425018310547,155.2658200073242,0.023179494130143176,0.04344641803769682,0.2617568660766061,65336870.0,69.91200492162554,2.655022393490399,-0.010477805498510295,0
2020-04-15,162.61099243164062,171.8800048828125,173.57000732421875,169.24000549316406,171.1999969482422,40940800,MSFT,-0.010477805498510295,0.05131819319899478,0.1726823514006166,159.19754028320312,146.96150741577148,155.22750396728514,0.0231135802218974,0.04055622704033907,-0.2256956593278776,63330920.0,69.47563205244887,2.592042274199924,0.030020717144633613,1
2020-04-16,167.49269104003906,177.0399932861328,177.27999877929688,172.89999389648438,174.3000030517578,50479600,MSFT,0.030020717144633613,0.07212503488107802,0.26096830842118557,161.45108642578126,148.6947105407715,155.17850921630858,0.024734403045224,0.03897178692013814,0.2329900734719399,61775240.0,67.42708454196587,2.7241316997602194,0.008811856933545581,1
2020-04-17,168.96861267089844,178.60000610351562,180.0,175.8699951171875,179.5,52765600,MSFT,0.008811856933545581,0.08150674368865407,0.25148907454453573,163.99791870117187,150.39243850708007,155.1631851196289,0.023768746435084014,0.03896705210444337,0.04528562032979666,60117385.0,76.17755054993313,2.748005013583109,-0.019820875498836044,0
2020-04-20,165.6195068359375,175.05999755859375,178.75,174.99000549316406,176.6300048828125,36669600,MSFT,-0.019820875498836044,0.05770080625270957,0.27455451818165155,165.8049285888672,152.176261138916,155.01049377441407,0.028534953112590168,0.03796920262992271,-0.3050472277392847,57707555.0,65.3806445655803,2.3886138464891915,-0.041357503749755886,0
2020-04-21,158.7698974609375,167.82000732421875,173.6699981689453,166.11000061035156,173.5,56203700,MSFT,-0.041357503749755886,-0.033851678739562074,0.23415227484742318,164.6923400878906,153.68240966796876,154.7159033203125,0.027278696023831518,0.03957738431033695,0.532705565372952,56568980.0,59.550297141753205,1.5790017144344333,0.03396521951065745,1
2020-04-22,164.1625518798828,173.52000427246094,174.0,170.82000732421875,171.38999938964844,34620200,MSFT,0.03396521951065745,0.009541540980966934,0.16974530707214575,165.00265197753907,154.87351608276367,154.4384017944336,0.032437773046757885,0.03537556615408552,-0.38402276006739766,54174155.0,70.18668374713008,1.3073148204174627,-0.012102645364057696,0
2020-04-23,162.17575073242188,171.4199981689453,175.05999755859375,170.91000366210938,174.11000061035156,32790800,MSFT,-0.012102645364057696,-0.03174431239119668,0.16675737976087301,163.93926391601562,156.03245468139647,154.20154998779296,0.02870091912731777,0.03544786654603637,-0.05284198242644467,52031785.0,65.54435261793466,0.913112070771958,0.018259278251092637,1
2020-04-24,165.136962890625,174.5500030517578,174.55999755859375,170.7100067138672,172.05999755859375,34277600,MSFT,0.018259278251092637,-0.02267669550993101,0.11812156185928346,163.17293395996094,156.90473175048828,154.01882720947265,0.030199942718542584,0.03319383776381925,0.04534198616685159,50517260.0,69.29944664929427,0.7764729984639294,-0.0028641478945181653,0
2020-04-27,164.6639862060547,174.0500030517578,176.89999389648438,173.3000030517578,176.58999633789062,33194400,MSFT,-0.0028641478945181653,-0.005769372510143644,0.1626591981830856,162.98182983398436,158.05657882690429,153.8455145263672,0.028934392132315495,0.031386427528809845,-0.031600812192218775,49324865.0,60.2713998109409,0.5875010471468376,-0.024361115067443873,0
2020-04-28,160.652587890625,169.80999755859375,175.6699981689453,169.38999938964844,175.58999633789062,34392700,MSFT,-0.024361115067443873,0.011857981014006258,0.05978911978901924,163.35836791992188,158.50974807739257,153.5610287475586,0.023462279674736786,0.02850093841954183,0.03609946255994978,47873485.0,56.991099350149796,0.1484812472635837,0.04487369934334606,1
2020-04-29,167.86166381835938,177.42999267578125,177.67999267578125,171.8800048828125,173.22000122070312,51286600,MSFT,0.04487369934334606,0.022533226342529078,0.12503953905313048,164.0981903076172,159.44257507324218,153.38524810791014,0.02730318280774264,0.0295741700513844,0.491205982664926,46541455.0,62.01637745350609,0.2914764778143941,0.0100321953076552,1
2020-04-30,169.54568481445312,179.2100067138672,180.3999938964844,176.22999572753906,180.0,53875900,MSFT,0.0100321953076552,0.04544411879548571,0.17816087932110536,165.57217712402343,160.72450561523436,153.23255126953126,0.025628437735883372,0.027889524023755344,0.05048687181446998,46336755.0,63.2860667065285,0.43851097560841046,-0.025891462654479502,0
2020-05-01,165.15589904785156,174.57000732421875,178.63999938964844,174.00999450683594,175.8000030517578,39370500,MSFT,-0.025891462654479502,0.00011466940468740638,0.12437189675105031,165.57596435546876,161.6379379272461,153.04617462158203,0.02909333565939254,0.028757267610934806,-0.26923726564196604,45823745.0,57.9168026680512,0.19175380322929048,0.024460217096679893,1
2020-05-04,169.19564819335938,178.83999633789062,179.0,173.8000030517578,174.49000549316406,30372900,MSFT,0.024460217096679893,0.027520662481921976,0.16258199923860372,166.4822967529297,162.82100143432618,153.05090576171875,0.030850073941922806,0.0287892129911716,-0.22853659465843712,45280225.0,54.82174073420686,0.2486272391759714,0.010735898378901432,1
2020-05-05,171.01211547851562,180.759994506836,183.6499938964844,179.89999389648438,180.6199951171875,36839200,MSFT,0.010735898378901432,0.0644840380345666,0.09372538923915807,168.5542022705078,163.55373458862306,153.2376611328125,0.025853551627008746,0.024215361888373265,0.21289702333330052,43766600.0,58.314572126696284,0.3503777325215971,0.009847199853668664,1
2020-05-06,172.69610595703125,182.5399932861328,184.1999969482422,181.6300048828125,182.0800018310547,32139300,MSFT,0.009847199853668664,0.028800156204237037,0.11652081678040882,169.52109069824218,164.4548683166504,153.5114547729492,0.018782971870340687,0.02395660533109523,-0.12757877478338286,42235115.0,55.49779208698161,0.4656694249995583,0.005806864436341597,1
2020-05-07,173.6989288330078,183.6000061035156,184.5500030517578,182.5800018310547,184.1699981689453,28316000,MSFT,0.005806864436341597,0.024496312147961108,0.11185132304893775,170.35173950195312,165.32856674194335,153.7655694580078,0.018641546880427795,0.02393592736990519,-0.11896027604832715,41235005.0,55.04839854869493,0.5388728178497306,0.005882444404562204,1
2020-05-08,174.720703125,184.67999267578125,185.0,183.3600006103516,184.97999572753903,30877800,MSFT,0.005882444404562204,0.05791379013581088,0.11832378632209584,172.26470031738282,166.25287933349608,154.26698822021484,0.007667036211687786,0.02390056959517729,0.09047181805339743,40209640.0,60.220932368593495,0.581839872004509,0.011154538633086242,1
2020-05-11,176.6696319580078,186.7400054931641,187.509994506836,182.8500061035156,183.1499938964844,30892700,MSFT,0.011154538633086242,0.04417361701943445,0.1282705505666144,173.7594970703125,167.25713806152345,154.7349169921875,0.0026359768185583807,0.02391229265419909,0.0004825473317400242,39659010.0,72.58832069843972,0.661445676904874,-0.022652098280038002,0
2020-05-12,172.66769409179688,182.509994506836,187.0399932861328,182.3000030517578,186.8000030517578,32038200,MSFT,-0.022652098280038002,0.009681060366095728,0.050719345735825705,174.09061279296876,167.67388076782225,154.9188327026367,0.013988167863611291,0.022455422375264603,0.03707995740093928,38617205.0,61.12337522645153,0.3785648941979485,-0.01512219477816712,0
2020-05-13,170.05657958984375,179.75,184.0500030517578,176.5399932861328,182.5500030517578,44711500,MSFT,-0.01512219477816712,-0.015284226315121718,0.04578772349189819,173.56270751953124,168.04616012573243,155.20719665527344,0.014916109154203947,0.022622440196477515,0.3955684152043497,38805740.0,60.14126510258724,-0.028790109100943262,0.0043391427844376995,1
2020-05-14,170.7944793701172,180.52999877929688,180.69000244140625,175.67999267578125,177.5399932861328,41873900,MSFT,0.0043391427844376995,-0.016721170835100163,0.019713029324299525,172.98181762695313,168.21124954223632,155.3960317993164,0.014712863402904381,0.021686655966953905,-0.06346465674379076,38375455.0,57.72210815879129,-0.27901703393935495,0.014568326250602226,1
2020-05-15,173.2826690673828,183.16000366210932,187.0599975585937,177.0,179.05999755859375,46610400,MSFT,0.014568326250602226,-0.008230473160289353,0.02553170277184491,172.6942108154297,168.42695236206055,155.7156137084961,0.016472632486752483,0.021830720550621324,0.11311341909877037,38067695.0,61.15047497216497,-0.30530646462931443,0.009554647998772037,1
2020-05-18,174.93832397460938,184.91000366210932,186.1999969482422,183.9600067138672,185.75,35264500,MSFT,0.009554647998772037,-0.009799692025225681,0.056266422456523024,172.34794921875,168.89289321899415,156.15724060058594,0.016177226239096325,0.021303451684850986,-0.2434199234505604,37997440.0,69.68197867973095,-0.24229264713641463,-0.006922431332610723,0
2020-05-19,173.72732543945312,183.6300048828125,186.6000061035156,183.4900054931641,185.02999877929688,26799100,MSFT,-0.006922431332610723,0.006136824570628141,0.09420821086185827,172.55987548828125,169.64076461791993,156.7818374633789,0.012152361712258322,0.01877495926873062,-0.24005444568900736,36527210.0,59.68143921535442,-0.30899946392643685,0.013870754055590906,1
2020-05-20,176.13705444335938,185.66000366210932,185.8500061035156,183.94000244140625,184.8099975585937,31261300,MSFT,0.013870754055590906,0.03575559891996538,0.0729429606591292,173.77597045898438,170.23948974609374,157.25973846435548,0.008830254994897915,0.017627828069065907,0.16650559160568834,36359265.0,60.6247146882428,-0.22174513446908328,-0.012011364496759103,0
2020-05-21,174.0214080810547,183.42999267578125,186.6699981689453,183.2899932861328,185.3999938964844,29119500,MSFT,-0.012011364496759103,0.018893635923352248,0.07304209966739905,174.42135620117188,170.8317726135254,157.83326354980468,0.01240425303705322,0.017623539774453866,-0.06851282576220441,36175700.0,65.42101022068917,-0.33085843915171864,0.0004365756580178015,1
2020-05-22,174.09738159179688,183.509994506836,184.4600067138672,182.5399932861328,183.19000244140625,20826900,MSFT,0.0004365756580178015,0.004701638824002874,0.05426052740903686,174.58429870605468,171.279793548584,158.683994140625,0.010853746496608987,0.01729497241908974,-0.28477824138463914,35503165.0,59.89005305235781,-0.41671311932457833,-0.010571756564576984,0
2020-05-26,172.25686645507812,181.57000732421875,186.5,181.1000061035156,186.33999633789065,36073600,MSFT,-0.010571756564576984,-0.015328016518098342,0.046111359405097696,174.04800720214843,171.65943756103516,159.12383697509765,0.010610680837451293,0.017512032120394958,0.7320676624941782,35647125.0,52.50905493986339,-0.604845154769051,0.0013215489095339539,1
2020-05-27,172.48451232910156,181.8099975585937,181.9900054931641,176.60000610351562,180.1999969482422,39517100,MSFT,0.0013215489095339539,-0.007153814791126201,0.07364913689738972,173.79944458007813,172.25103378295898,160.01118438720704,0.010496398480586075,0.0163493162102154,0.09545761997693614,35903345.0,49.54688603826064,-0.7138566943250106,-0.0022551418995757633,0
2020-05-28,172.0955352783203,181.3999938964844,184.1499938964844,180.3800048828125,180.7400054931641,33810200,MSFT,-0.0022551418995757633,-0.02294530913901882,0.025222384692566546,172.99114074707032,172.46272735595704,160.67977813720702,0.006255379906449179,0.013191868875951815,-0.1444159616975942,35029525.0,46.47373083841177,-0.8052868855529547,0.010198384477019928,1
2020-05-29,173.8506317138672,183.25,184.2700042724609,180.41000366210932,182.72999572753903,42130400,MSFT,0.010198384477019928,-0.000981352633969923,0.025391073232711836,172.9569854736328,172.67797470092773,161.5002182006836,0.0074605683775791415,0.01319769040995937,0.24608550082519476,34442250.0,48.146284278672766,-0.7422393338949824,-0.0022916625524697087,0
2020-06-01,173.4522247314453,182.8300018310547,183.0,181.4600067138672,182.5399932861328,22622400,MSFT,-0.0022916625524697087,-0.0037057240864440955,0.05023329915203334,172.8279541015625,173.09279098510743,162.26898162841798,0.007504380927160464,0.011592439180732562,-0.46303856597611226,33604845.0,42.66028220472792,-0.7214130261429745,0.011376691080122736,1
2020-06-02,175.425537109375,184.91000366210932,185.0,181.3500061035156,184.25,30794600,MSFT,0.011376691080122736,0.01839503248553065,0.036820621467143155,173.46168823242186,173.4042854309082,163.17863128662108,0.006674144902564174,0.010617145114904965,0.3612437230355754,33625930.0,56.93303034394717,-0.5751400905538437,0.0024336574150747303,1
2020-06-03,175.8524627685547,185.3600006103516,185.94000244140625,183.5800018310547,184.82000732421875,27311000,MSFT,0.0024336574150747303,0.01952610349749584,0.028304119135039718,174.1352783203125,173.64630279541015,164.12274200439452,0.006594370405587757,0.010412310243347182,-0.11312372948503957,33149520.0,66.36795416409193,-0.4552834350735786,-0.013163764297918545,0
2020-06-04,173.53758239746094,182.9199981689453,185.83999633789065,182.3000030517578,184.3000030517578,28761800,MSFT,-0.013163764297918545,0.00837934067730739,0.004872584913055533,174.42368774414064,173.68837661743163,164.78668518066405,0.01004071004598793,0.0107026786024322,0.05312145289443815,32980645.0,57.113136265868555,-0.5322050485815311,0.023398132359397472,1
2020-06-05,177.59803771972656,187.1999969482422,187.72999572753903,182.009994506836,182.6199951171875,39893600,MSFT,0.023398132359397472,0.021555320040637316,0.02244751256046773,175.1731689453125,173.8833320617676,165.5587063598633,0.01384487018987476,0.011841513011084475,0.3870341911841402,33559525.0,60.34651299259092,-0.3203590778124066,0.0061966317741157795,1
2020-06-08,178.69854736328125,188.3600006103516,188.5500030517578,184.44000244140625,185.94000244140625,33211600,MSFT,0.0061966317741157795,0.03024649951857805,0.022766874028863127,176.2224334716797,174.08222427368165,166.1788488769531,0.013337911121279876,0.011848290124652064,-0.1674955381314296,33676215.0,59.26205724938361,-0.12679115052494128,0.007645082633802813,1
2020-06-09,180.06471252441406,189.8000030517578,190.6999969482422,187.259994506836,188.0,29783900,MSFT,0.007645082633802813,0.026445268411215528,0.01921711461544917,177.1502685546875,174.25197830200196,166.94760223388673,0.013066868875960303,0.011718268278958438,-0.10320791530670004,33620775.0,65.49162283316014,0.062415799799881544,0.03709163194350573,1
2020-06-10,186.7436065673828,196.83999633789065,198.5200042724609,191.009994506836,191.1300048828125,43872300,MSFT,0.03709163194350573,0.061933416384178486,0.08152024355003329,179.32849731445313,174.95577392578124,167.6506903076172,0.01900719682879017,0.012920141103842576,0.47302065881231137,34212480.0,71.45042841545838,0.5778745207672062,-0.05369847714931386,0
2020-06-11,176.71575927734375,186.2700042724609,195.759994506836,186.07000732421875,193.1300048828125,52854700,MSFT,-0.05369847714931386,0.018314055295548082,0.0391586124074772,179.9641326904297,175.28873291015626,168.20090301513673,0.03470767058385643,0.017860687013683364,0.20473966489105888,34619640.0,54.127932066801726,0.2032980383145251,0.00789163927467551,1
2020-06-12,178.11033630371094,187.7400054931641,191.72000122070312,185.17999267578125,190.5399932861328,43373600,MSFT,0.00789163927467551,0.0028845959705525726,0.04283427052545452,180.06659240722655,175.65452575683594,168.88496826171874,0.03321589564808774,0.01790199740310396,-0.17938045244793743,34694625.0,55.90936279195388,0.01898972902870044,0.006392042108044338,1
2020-06-15,179.2488250732422,188.94000244140625,190.82000732421875,184.009994506836,184.5800018310547,32770200,MSFT,0.006392042108044338,0.0030793630842576025,0.03443019453687768,180.17664794921876,175.9528335571289,169.53219970703125,0.0332236154927959,0.017698168180759127,-0.24446668019255957,34002615.0,60.51353354304187,-0.052786665011493206,0.024505137414702727,1
2020-06-16,183.641342163086,193.57000732421875,195.5800018310547,191.4600067138672,192.88999938964844,42556700,MSFT,0.024505137414702727,0.019863023623726273,0.04974906578926519,180.89197387695313,176.38798446655272,170.29433898925782,0.03487314708472026,0.018344877405165296,0.29864022801203527,34367225.0,64.90874998572694,0.15751719938534903,0.0034611207417225565,1
2020-06-17,184.2769470214844,194.2400054931641,196.32000732421875,193.69000244140625,195.02999877929688,25687800,MSFT,0.0034611207417225565,-0.013208803188709761,0.06072517121497967,180.39864196777344,176.9154655456543,170.85272888183593,0.029886995226720045,0.018207853474747834,-0.39638646793571874,34311660.0,66.1712974010332,0.2934826535467403,0.01070832326579918,1
2020-06-18,186.250244140625,196.32000732421875,196.4900054931641,194.0,194.0,23061600,MSFT,0.01070832326579918,0.05395378942020401,0.05741659373847274,182.3055389404297,177.4211250305176,171.48426513671876,0.008206246958205059,0.018123032409184784,-0.1022353023614323,33901675.0,66.36615166112347,0.46042618722215733,-0.0059595631559835605,0
2020-06-19,185.1402740478516,195.1499938964844,199.2899932861328,194.3699951171875,198.58999633789065,44441100,MSFT,-0.0059595631559835605,0.03946956639368371,0.0638936673907271,183.7115264892578,177.97706832885746,172.0625714111328,0.011154051559463344,0.017909288167127724,0.9270605682172963,34667755.0,65.14253180772246,0.44021841029015363,0.02777369124593987,1
2020-06-22,190.2823028564453,200.57000732421875,200.759994506836,195.22999572753903,195.7899932861328,32818900,MSFT,0.02777369124593987,0.06155397547902908,0.09296475981813979,185.91822204589843,178.78631439208988,172.74352844238283,0.01416215755466175,0.01870817705132294,-0.26151917931824364,35267355.0,67.78735259460893,0.7017517599231464,0.006680891885795015,1
2020-06-23,191.55355834960932,201.91000366210932,203.9499969482422,201.42999267578125,202.08999633789065,30917400,MSFT,0.006680891885795015,0.04308515769557353,0.11202277326671028,187.50066528320312,179.75114898681642,173.44291046142578,0.012390771579912477,0.018365306187446098,-0.05793917529228587,35009545.0,68.42570836014852,0.8775418347341581,-0.02015755731359148,0
2020-06-24,187.6923065185547,197.83999633789065,203.25,196.5599975585937,201.6000061035156,36740600,MSFT,-0.02015755731359148,0.018533840245747557,0.08816904186989594,188.1837371826172,180.51153869628905,173.91009979248048,0.01802758682212821,0.01922930419717626,0.18834701494951056,34870720.0,66.029225857599,0.6608297575005948,0.012636534973122782,1
2020-06-25,190.0640869140625,200.33999633789065,200.6100006103516,195.47000122070312,197.8000030517578,27803900,MSFT,0.012636534973122782,0.020476981337849587,0.10441033003373779,188.94650573730468,181.40996627807618,174.4591616821289,0.018231538967139763,0.0192458885175645,-0.24323772611225725,34570405.0,64.67830882022677,0.6057367310941242,-0.0200158316768414,0
2020-06-26,186.25979614257807,196.3300018310547,199.88999938964844,194.8800048828125,199.72999572753903,54675800,MSFT,-0.0200158316768414,0.00604688580312418,0.07137831083141855,189.17041015625,182.03042449951172,174.83450378417967,0.021054001385055584,0.020000297986386705,0.9664795226568934,35197675.0,58.37014480454895,0.25930843215863675,0.010747111304738821,1
2020-06-29,188.2615509033203,198.44000244140625,198.52999877929688,193.5500030517578,195.77999877929688,26701600,MSFT,0.010747111304738821,-0.010619757711517241,0.08537985716126828,188.766259765625,182.77089080810546,175.22036254882812,0.016630841796733017,0.02000909837581022,-0.5116376898006065,35401635.0,58.94781832924577,0.11837441789605485,0.025549142889609522,1
2020-06-30,193.07147216796875,203.509994506836,204.3999938964844,197.7400054931641,197.8800048828125,34310300,MSFT,0.025549142889609522,0.007924226683323043,0.10058931754954115,189.06984252929686,183.65318756103517,175.76940185546874,0.020733766759751793,0.020517515675607056,0.2849529616202775,35577420.0,57.20146271815656,0.29256906073789324,0.005847485033745103,1
2020-07-01,194.2004547119141,204.6999969482422,206.3500061035156,201.7700042724609,203.13999938964844,32061200,MSFT,0.005847485033745103,0.03467456026342797,0.10433741816574837,190.37147216796876,184.57058715820312,176.4780130004883,0.01674107542876568,0.02050918983995229,-0.06555174393695185,35814930.0,74.9526697649625,0.4195729358941005,0.0076208908519059815,1
2020-07-02,195.6804351806641,206.259994506836,208.0200042724609,205.0,205.67999267578125,29315800,MSFT,0.0076208908519059815,0.02954976059807146,0.12759687254653795,191.49474182128907,185.67772979736327,177.1083706665039,0.016463334100478875,0.020052459336928428,-0.08562998265816624,35842630.0,75.01357693320328,0.5317843750764872,0.021526245129000143,1
2020-07-06,199.8927001953125,210.6999969482422,211.1300048828125,208.08999633789065,208.8300018310547,31897600,MSFT,0.021526245129000143,0.07319295057264386,0.12553439644851205,194.22132263183593,186.79246292114257,177.8627096557617,0.008766863950801247,0.019972247860341005,0.08806855006515257,35442830.0,77.02438656072513,0.8019978653496791,-0.011628095151146156,0
2020-07-07,197.56832885742188,208.25,214.6699981689453,207.9900054931641,210.4499969482422,33600700,MSFT,-0.011628095151146156,0.049435362183332776,0.10559560652599886,196.08267822265626,187.7359519958496,178.51133697509766,0.014706062162210876,0.020362634955647566,0.053392731741572996,35462285.0,69.27516986589387,0.7380981659641535,0.021992938126040862,1
2020-07-08,201.91343688964844,212.8300018310547,213.259994506836,208.69000244140625,210.07000732421875,33600000,MSFT,0.021992938126040862,0.045796329319886864,0.1213381792519288,197.8510711669922,188.82838821411133,179.25632598876953,0.013811734300283601,0.020702080413386406,-2.0832899314648934e-05,35653090.0,72.1362281280679,0.8920808372385691,0.007000892266137537,1
2020-07-09,203.32701110839844,214.32000732421875,216.3800048828125,211.47000122070312,216.3300018310547,33121700,MSFT,0.007000892266137537,0.04699554596833,0.08880306451097608,199.67638244628907,189.6575584411621,180.109814453125,0.013753928399286255,0.019370178693183384,-0.014235119047619094,35115560.0,71.73914648136949,0.9854390592311475,-0.0030329662379788846,0
2020-07-10,202.7103271484375,213.6699981689453,214.0800018310547,211.0800018310547,213.6199951171875,26177600,MSFT,-0.0030329662379788846,0.035925369653246,0.14709818737952496,201.08236083984374,190.9572868347168,180.80678771972657,0.01486033942606956,0.013909307478998914,-0.20965409384180156,33781705.0,72.65160036652647,0.9040927097787339,-0.03088870428392565,0
2020-07-13,196.4488677978516,207.07000732421875,215.8000030517578,206.5,214.47999572753903,38135600,MSFT,-0.03088870428392565,-0.017228405009767633,0.10296163532513947,200.39359436035156,191.87421340942385,181.34485137939453,0.01985198702093616,0.016276698525566496,0.45680276266731856,33519805.0,57.72700609010421,0.35521224122151995,0.006181456903129101,1
2020-07-14,197.6632080078125,208.3500061035156,208.8500061035156,202.02999877929688,206.1300048828125,37591800,MSFT,0.006181456903129101,0.00048023461523083455,0.10273084315641157,200.41257019042968,192.79493255615236,181.99499755859375,0.019582574236555184,0.01627584458735971,-0.014259641909396992,33760885.0,57.66662377667803,0.01834212816761216,-0.0014878737593847502,0
2020-07-15,197.36911010742188,208.0399932861328,211.3300018310547,205.02999877929688,209.5599975585937,32179400,MSFT,-0.0014878737593847502,-0.02250631187418284,0.07475314535734934,199.5037048339844,193.48132095336913,182.558466796875,0.015442943099698568,0.015664990976572694,-0.14397820801344974,33242020.0,63.33678926460164,-0.2642915150386598,-0.019803890007578207,0
2020-07-16,193.4604339599609,203.9199981689453,205.6999969482422,202.3099975585937,205.3999938964844,29940700,MSFT,-0.019803890007578207,-0.048525658714264064,0.04983524573698217,197.53038940429687,193.94049530029298,183.00743316650392,0.015125328198677004,0.016525981925865046,-0.0695693518213516,33454665.0,54.49068042030809,-0.7281862326633775,-0.005099922917496502,0
2020-07-17,192.4738006591797,202.8800048828125,205.0399932861328,201.38999938964844,204.47000122070312,31635300,MSFT,-0.005099922917496502,-0.050498297907446865,0.0334150247548437,195.48308410644532,194.2516731262207,183.40298706054688,0.014920784922252727,0.016493988947670693,0.05659854312023427,33883350.0,58.877695031302146,-1.09323612070407,0.04298109959574159,1
2020-07-20,200.7465362548828,211.6000061035156,212.3000030517578,203.009994506836,205.0,36884800,MSFT,0.04298109959574159,0.021876778956311238,0.08429425897359111,196.34261779785157,195.03198623657227,183.94393920898438,0.023464333950721093,0.018760856948415096,0.16593805021605612,33505535.0,65.12641084022225,-0.7837924684990476,-0.013469011582057822,0
2020-07-21,198.0426788330078,208.75,213.94000244140625,208.02999877929688,213.66000366210932,37990400,MSFT,-0.013469011582057822,0.0019197848148873042,0.04078348779716601,196.41851196289062,195.42000503540038,184.41037872314453,0.024734888599335272,0.018296676615915587,0.029974406801717812,33764110.0,56.34685344765449,-0.7665249814378203,0.014371452181132005,1
2020-07-22,200.8888397216797,211.75,212.3000030517578,208.38999938964844,209.1999969482422,49605700,MSFT,0.014371452181132005,0.017833234452656388,0.04873457560643324,197.1224578857422,195.88676910400392,184.89476287841796,0.025404158601502313,0.018476639207636366,0.30574302981805923,34698525.0,58.180521277977576,-0.5773567762915564,-0.043494977878084096,0
2020-07-23,192.15118408203125,202.5399932861328,210.9199981689453,202.1499938964844,207.19000244140625,67457000,MSFT,-0.043494977878084096,-0.006767533035724638,0.02375631503593767,196.86060791015626,196.10971298217774,185.28443267822266,0.032205243221751056,0.02060060381419689,0.35986388660980495,36234345.0,46.33420683179978,-1.0282972372687178,-0.006121980620702572,0
2020-07-24,190.974838256836,201.3000030517578,202.8600006103516,197.509994506836,200.4199981689453,39827000,MSFT,-0.006121980620702572,-0.007787877608329441,0.00479181184389299,196.5608154296875,196.1552505493164,185.7027978515625,0.03224145298950114,0.020487691888282478,-0.40959426004714117,36835500.0,40.113607721806595,-1.3719175399313954,0.012667582154835655,1
2020-07-27,193.3940277099609,203.8500061035156,203.97000122070312,200.8600006103516,201.47000122070312,30160900,MSFT,0.012667582154835655,-0.03662583017415855,0.038302584428481445,195.09031372070314,196.51196212768556,186.15478881835938,0.023546952990025623,0.020069494398224752,-0.2427021869585959,35609755.0,45.382054484150686,-1.3976729632079983,-0.008977163262486543,0
2020-07-28,191.65789794921875,202.0200042724609,204.6999969482422,201.7400054931641,203.6100006103516,23251400,MSFT,-0.008977163262486543,-0.032239418904107975,0.018040577216123177,193.8133575439453,196.6817794799805,186.5222933959961,0.0233331458152183,0.020105404919402613,-0.22908799140609204,35437245.0,37.959460655381115,-1.4848438815468539,0.010097932469524062,1
2020-07-29,193.5932464599609,204.0599975585937,204.6499938964844,202.009994506836,202.5,19632600,MSFT,0.010097932469524062,-0.03631656826644236,0.0027024929479908533,192.35423889160157,196.70786819458007,186.89539184570313,0.022447601584083203,0.01940045300882149,-0.15563794008102738,34703360.0,38.71036934573395,-1.3682497731898615,-0.000784010690352499,0
2020-07-30,193.44146728515625,203.8999938964844,204.4600067138672,199.57000732421875,201.0,25079600,MSFT,-0.000784010690352499,0.006714937559656908,-0.003908268020709649,192.61229553222657,196.6699188232422,187.28967468261717,0.00963905184080544,0.019357527494768434,0.27744669580188064,34354280.0,39.13238564963367,-1.2601288444863958,0.005443948197498161,1
2020-07-31,194.4945526123047,205.009994506836,205.1000061035156,199.009994506836,204.3999938964844,51044000,MSFT,0.005443948197498161,0.01843025179440194,-0.0060603021823031344,193.3162384033203,196.61062469482422,187.6568246459961,0.008735111767324317,0.01931839783498268,1.0352796695322093,35440690.0,47.38979411496166,-1.0832228921150606,0.05624107835980263,1
2020-08-03,205.43313598632807,216.5399932861328,217.63999938964844,210.44000244140625,211.5200042724609,78983000,MSFT,0.05624107835980263,0.06225170662675583,0.027717049124865945,195.72406005859375,196.887646484375,188.28505920410157,0.02552708108784059,0.022640204984986156,0.5473513047566805,37794960.0,58.23778851106675,-0.23913924673236142,-0.015008765332274687,0
2020-08-04,202.349838256836,213.2899932861328,214.7700042724609,210.3099975585937,214.1699981689453,49280100,MSFT,-0.015008765332274687,0.05578658861452279,0.024201801103783005,197.8624481201172,197.1267219543457,188.85010833740233,0.026895916503266514,0.022756560709452898,-0.3760670017598724,38578930.0,54.9857659518637,0.08457154413778412,-0.0016409526770545524,0
2020-08-05,202.01779174804688,212.94000244140625,215.0,211.57000732421875,214.8999938964844,28806400,MSFT,-0.0016409526770545524,0.04351673130203082,0.000516829687047915,199.54735717773437,197.13193969726564,189.4453268432617,0.02752103936029654,0.02224093257507715,-0.41545573162392124,38339250.0,59.22668982271354,0.24053892635742757,0.01601367067091508,1
2020-08-06,205.2528381347656,216.3500061035156,216.3699951171875,211.5500030517578,212.33999633789065,32656800,MSFT,0.01601367067091508,0.06105914629047948,0.009471574956366524,201.90963134765624,197.22823104858398,190.100693359375,0.02707255670028709,0.02247480681701338,0.13366474116862914,38316005.0,63.14140877461177,0.510287220207644,-0.01788751398548094,0
2020-08-07,201.5813751220703,212.47999572753903,215.6999969482422,210.92999267578125,214.8500061035156,27820400,MSFT,-0.01788751398548094,0.036437125948160176,-0.005569287180620552,203.32699584960938,197.17178344726562,190.69041015625,0.03034342286323177,0.022847352622143248,-0.14809779280272406,38398145.0,50.9482497450513,0.39529019106308816,-0.01990782264590807,0
2020-08-10,197.56832885742188,208.25,211.8800048828125,206.3500061035156,211.6699981689453,36716500,MSFT,-0.01990782264590807,-0.03828402409935272,0.0056984856778214965,201.75403442382813,197.2277565002441,191.1647640991211,0.015043966524482194,0.02218930658037234,0.3197689465284468,38327190.0,49.476771918202246,0.022470590069000984,-0.02338529413173074,0
2020-08-11,192.94813537597656,203.3800048828125,207.6499938964844,203.13999938964844,207.16000366210932,36446500,MSFT,-0.02338529413173074,-0.04646261623854697,-0.023854073195298864,199.87369384765626,196.99200286865232,191.55468231201172,0.016462766893745456,0.02276931138234663,-0.007353642095515589,38269925.0,41.57095209649887,-0.5312013165573184,0.028567149087362242,1
2020-08-12,198.46011352539065,209.19000244140625,210.27999877929688,204.75,205.2899932861328,28013100,MSFT,0.028567149087362242,-0.017610717312925073,0.005527731352565679,199.162158203125,197.0465530395508,192.01537384033202,0.023877633105932383,0.023705379662913847,-0.2313912172636604,38061610.0,57.18924813896999,-0.5213813102852582,-0.002342252766778352,0
2020-08-13,197.99526977539065,208.6999969482422,211.3500061035156,208.1499938964844,209.44000244140625,22588900,MSFT,-0.002342252766778352,-0.035359162023424706,0.0234406370470992,197.71064453125,197.27329483032227,192.45822998046876,0.02144961550721194,0.023233527275635078,-0.19363083700126016,37694020.0,58.13189373080769,-0.5391287478206164,0.0009583210861927594,1
2020-08-14,198.1850128173828,208.8999938964844,209.58999633789065,207.509994506836,208.759994506836,17958900,MSFT,0.0009583210861927594,-0.016848591803835022,0.029672673052870024,197.0313720703125,197.55885543823243,192.95117858886718,0.020698877668172796,0.023183580719296947,-0.2049679267250729,37010200.0,55.85171573195377,-0.5302215917608382,0.006606046248098352,1
2020-08-17,199.4942321777344,210.27999877929688,211.19000244140625,208.9199981689453,209.6000061035156,20184800,MSFT,0.006606046248098352,0.009748036699254392,-0.006238235042613116,197.416552734375,197.496240234375,193.38910247802735,0.018650401112302997,0.021110044775071685,0.12394411684457296,36175200.0,59.672176347971075,-0.4324239350625956,0.005754144812312845,1
2020-08-18,200.64215087890625,211.4900054931641,212.3600006103516,209.2100067138672,210.52999877929688,21336200,MSFT,0.005754144812312845,0.03987608114448582,0.013125817430950537,198.95535583496093,197.62621383666993,193.82797454833985,0.012108884478140507,0.020906069275095644,0.05704292338789574,35342490.0,58.872741897875684,-0.29334639904917137,-0.0060668702569660615,0
2020-08-19,199.4248809814453,209.6999969482422,212.1000061035156,209.25,211.4900054931641,27627600,MSFT,-0.0060668702569660615,0.004861266271175557,-0.007287407017047887,199.14830932617187,197.5530158996582,194.21517791748047,0.005365189914712458,0.020709375898471716,0.2948697518770915,34243585.0,57.334819766822,-0.2859583237293246,0.023271417464879596,1
2020-08-20,204.06578063964844,214.5800018310547,215.0,208.91000366210932,209.5399932861328,26981500,MSFT,0.023271417464879596,0.030659878244284622,0.06200636553210481,200.36241149902344,198.14874572753905,194.56162139892578,0.010836313532804892,0.018634097789146042,-0.023386034255599486,32219810.0,60.784348785295116,0.013008505913598034,-0.007269889944072849,0
2020-08-21,202.58224487304688,213.0200042724609,216.25,212.8500061035156,213.8600006103516,36249300,MSFT,-0.007269889944072849,0.02218751051430856,0.06077976932542528,201.24185791015626,198.7291160583496,195.07895111083985,0.012334454411639901,0.018665981225417596,0.3434872041954673,32040925.0,45.91802669812771,0.08818210468836707,0.0031451225969634233,1
2020-08-24,203.21939086914065,213.69000244140625,215.5200042724609,212.42999267578125,214.7899932861328,25460100,MSFT,0.0031451225969634233,0.018673014506441543,0.050804894419568924,201.9868896484375,199.2203842163086,195.58113220214844,0.012280835886564872,0.018530517926550766,-0.29763885095712195,31805885.0,51.33882989645426,0.15428168862603897,0.013009354276926066,1
2020-08-25,205.86314392089844,216.47000122070312,216.6100006103516,213.1000061035156,213.1000061035156,23043700,MSFT,0.013009354276926066,0.026021416831517152,0.07411771768175957,203.03108825683594,199.93064651489257,196.11341857910156,0.012982907957962453,0.01845699733885543,-0.09490928943719779,31795500.0,55.527145870645725,0.33893414175847436,0.021619771400354537,1
2020-08-26,210.31385803222656,221.1499938964844,222.08999633789065,217.3600006103516,217.8800048828125,39600800,MSFT,0.021619771400354537,0.05460189820443895,0.0863698082346267,205.2088836669922,200.76667709350585,196.64686889648436,0.012870440633558444,0.018841670613818258,0.7185087464252702,32793910.0,57.02885765036927,0.7027569837973733,0.024553495799103597,1
2020-08-27,215.4777984619141,226.5800018310547,231.1499938964844,219.3999938964844,222.88999938964844,57602200,MSFT,0.024553495799103597,0.05592323115857267,0.11391730783489984,207.4912872314453,201.86849365234374,197.27088592529296,0.01319092117468979,0.01932623925741198,0.4545716248156604,34420040.0,68.53142982720313,1.2037228720189903,0.010283217433663117,1
2020-08-28,217.693603515625,228.91000366210932,230.63999938964844,226.5800018310547,228.17999267578125,26292900,MSFT,0.010283217433663117,0.07459369725144493,0.11927866663476228,210.51355895996093,203.02844619750977,197.89975311279298,0.00867032266997832,0.01935467016059018,-0.5435434757700226,33182485.0,78.18905924333899,1.5734992647916588,-0.014765502600168401,0
2020-08-31,214.479248046875,225.52999877929688,228.6999969482422,224.3099975585937,227.0,28774200,MSFT,-0.014765502600168401,0.055407395571739126,0.04403433758198072,212.76553039550782,203.48075180053712,198.48653259277344,0.015531188294875877,0.015807473816461935,0.09437148431705888,30672045.0,81.39458720074686,1.4915378520351696,0.007715220254363331,1
2020-09-01,216.13400268554688,227.2700042724609,227.4499969482422,224.42999267578125,225.509994506836,25725500,MSFT,0.007715220254363331,0.049891683227158756,0.06812046180741249,214.8197021484375,204.16996002197266,199.00356658935547,0.015535309442251639,0.015308548109081029,-0.1059525547191581,29494315.0,79.03651813271989,1.4380682025348652,0.019272115656556288,1
2020-09-02,220.2993621826172,231.6499938964844,232.8600006103516,227.3500061035156,227.97000122070312,34080800,MSFT,0.019272115656556288,0.04747905936308072,0.09049485333138763,216.81680297851562,205.08403854370118,199.57848266601562,0.0151218094872563,0.015655575008894407,0.32478669024897466,29758035.0,82.67097534993894,1.5622028941549502,-0.061946914913961315,0
2020-09-03,206.65249633789065,217.3000030517578,229.3099975585937,214.9600067138672,229.2700042724609,58400300,MSFT,-0.061946914913961315,-0.040956897587680285,0.006819190496192062,215.05174255371094,205.1540214538574,199.95768646240234,0.03271464439207751,0.021310862797346227,0.7135836013239125,31045210.0,58.895997029778236,0.6508540152596645,-0.014036144249156668,0
2020-09-04,203.7518920898437,214.25,218.3600006103516,205.19000244140625,215.1000061035156,59664100,MSFT,-0.014036144249156668,-0.0640428161444837,0.01076744796714979,212.26340026855468,205.2625473022461,200.23144256591797,0.031105843344900606,0.021152212797637418,0.021640299792980544,32637395.0,54.32839256750627,-0.17742360890139608,-0.05409536853059538,0
2020-09-08,192.7298583984375,202.66000366210932,210.02999877929688,202.1999969482422,206.5,52924300,MSFT,-0.05409536853059538,-0.10140556648951005,-0.024490111785457902,207.91352233886718,205.02062377929687,200.36084381103515,0.03628404240730684,0.024087400063718834,-0.1129624011759165,33447785.0,43.30114340725751,-1.4281003678716648,0.042583239752147506,1
2020-09-09,200.9369201660156,211.2899932861328,214.83999633789065,206.6999969482422,207.6000061035156,45679000,MSFT,0.042583239752147506,-0.07031324238991443,0.04140379369032088,204.87410583496094,205.42006301879883,200.61435119628905,0.04531724765602235,0.02533883078513387,-0.1368993071235708,33909410.0,51.14467204735187,-1.647555299826093,-0.02801808422792318,0
2020-09-10,195.3070526123047,205.3699951171875,214.7400054931641,204.1100006103516,213.3999938964844,35461500,MSFT,-0.02801808422792318,-0.11344703553701219,-0.015887630300496447,199.87564392089843,205.26240997314454,200.65906280517578,0.04150429089664407,0.025415302836014956,-0.22368046585958534,34281830.0,43.467126219311496,-2.0884415704288,-0.006524869482688045,0
2020-09-11,194.0326995849609,204.02999877929688,208.6300048828125,201.2400054931641,207.1999969482422,33620100,MSFT,-0.006524869482688045,-0.0610677198512789,-0.020013458881744772,197.35168457031247,205.06428146362305,200.65570770263673,0.035503698430661125,0.02544854620343733,-0.051926737447654525,34833390.0,43.60318836482932,-2.3622859848394353,0.006763851918119457,1
2020-09-14,195.34510803222656,205.41000366210932,209.1999969482422,204.02999877929688,204.2400054931641,30375800,MSFT,0.006763851918119457,-0.04125990670020474,-0.01432956379891892,195.67032775878903,204.92228622436522,200.64900115966796,0.0364150302163592,0.02550148360717772,-0.09649882064598259,35454235.0,44.16736007457834,-2.346611221453637,0.01640608907715979,1
2020-09-15,198.54995727539065,208.77999877929688,209.77999877929688,206.92999267578125,208.4199981689453,21823900,MSFT,0.01640608907715979,0.03019822110241499,-0.004733344378109461,196.8343475341797,204.87507247924805,200.62214630126954,0.026272671498146237,0.025736405993241892,-0.28153661796561735,35536190.0,44.62763208779139,-2.024173591189772,-0.01786565960942732,0
2020-09-16,195.0027313232422,205.0500030517578,210.6499938964844,204.63999938964844,210.6199951171875,26328100,MSFT,-0.01786565960942732,-0.029532595791109673,-0.028106853574688895,195.647509765625,204.59310150146484,200.57083435058593,0.017963144341707378,0.026003007333989133,0.2063884090377981,35785785.0,38.60092007841206,-1.952653816155936,-0.010436552535392218,0
2020-09-17,192.9675750732422,202.91000366210932,204.3300018310547,199.9600067138672,200.0500030517578,34011300,MSFT,-0.010436552535392218,-0.011978459086710469,-0.032379640275698174,195.1796142578125,204.27023620605468,200.3919171142578,0.013769613374238928,0.026065234764569407,0.29182508422559916,36104970.0,32.42231995874475,-1.9412064275328293,-0.012419341179250254,0
2020-09-18,190.571044921875,200.38999938964844,203.6499938964844,196.25,202.8000030517578,55225300,MSFT,-0.012419341179250254,-0.01784057362748881,-0.06612934160481931,194.4872833251953,203.59549942016602,200.13679779052734,0.014453728670661983,0.025509056132188217,0.6237338766821616,37517160.0,28.880270712140245,-1.9866489739799218,0.010729054970733287,1
2020-09-21,192.61569213867188,202.5399932861328,202.7100067138672,196.3800048828125,197.19000244140625,39839700,MSFT,0.010729054970733287,-0.013972276659748317,-0.04919756289906252,193.94140014648437,203.09717178344727,199.93490509033202,0.015245472552526108,0.025671233085266268,-0.27859694741359486,37696680.0,32.659454116202795,-1.7774133171071955,0.024094168369475533,1
2020-09-22,197.2566070556641,207.4199981689453,208.1000061035156,202.0800018310547,205.0599975585937,33517100,MSFT,0.024094168369475533,-0.0065139788367351015,-0.029341608534375507,193.6827301025391,202.79903259277344,199.95105987548828,0.01782573258026507,0.026320054630793042,-0.15870099423439432,38099530.0,35.70498079244264,-1.24977995145395,-0.0329284081597484,0
2020-09-23,190.76126098632807,200.58999633789065,208.1000061035156,200.02999877929688,207.8999938964844,30803800,MSFT,-0.0329284081597484,-0.02175082527374106,-0.07335884727561126,192.83443603515622,202.04393844604493,199.8130209350586,0.022108877941926574,0.027014288609430077,-0.08095270772232677,38487535.0,28.394511396568817,-1.2580821417235066,0.01296196606389688,1
2020-09-24,193.23390197753903,203.19000244140625,205.57000732421875,199.1999969482422,199.8500061035156,31202500,MSFT,0.01296196606389688,0.0013801640207986576,-0.08121174807258946,192.88770141601563,201.18994064331054,199.73031677246092,0.022918256972720864,0.026658425067724572,0.0129432083054688,38067620.0,38.26710360560008,-1.0266797340797331,0.022786329860357002,1
2020-09-25,197.63699340820312,207.82000732421875,209.0399932861328,202.5399932861328,203.5500030517578,29437300,MSFT,0.022786329860357002,0.03707776535110474,-0.0827964884598742,194.30089111328124,200.297900390625,199.81384796142578,0.023365306888284577,0.026561964380715782,-0.05657239003284997,36659375.0,44.790166752728965,-0.5316287769450676,0.007795194967889163,1
2020-09-28,199.1776123046875,209.44000244140625,212.57000732421875,208.0599975585937,210.8800048828125,32004900,MSFT,0.007795194967889163,0.03406742250933248,-0.08505528371948012,195.61327514648437,199.37210083007812,199.94792419433594,0.023301593552132335,0.026497434660241594,0.0872226732750625,36944975.0,56.55196794720713,-0.0787440262700767,-0.010408782328213628,0
2020-09-29,197.1044158935547,207.259994506836,210.07000732421875,206.8099975585937,209.3500061035156,24221900,MSFT,-0.010408782328213628,-0.000771538983565967,-0.08100938581024397,195.58283691406248,198.50335922241212,199.87508178710937,0.022026170563977866,0.02642291161007702,-0.24318151283084777,36717360.0,45.55092994592754,0.09352501926766466,0.014812383418224995,1
2020-09-30,200.0240020751953,210.3300018310547,211.97999572753903,206.5399932861328,207.72999572753903,33829100,MSFT,0.014812383418224995,0.04855671974998699,-0.07453709462730851,197.43538513183594,197.69785919189454,199.91470825195313,0.012409262503364363,0.026633628567385475,0.3966327992436596,37122540.0,55.84351264805842,0.3992935078100732,0.010126958488029247,1
2020-10-01,202.0496368408203,212.4600067138672,213.9900054931641,211.32000732421875,213.4900054931641,27158400,MSFT,0.010126958488029247,0.04562209205042089,-0.08284057275966494,199.1985321044922,196.78537292480468,199.93792419433595,0.012280743070955835,0.026298049987940535,-0.1971882196097443,36776420.0,59.75015458526237,0.7147480098762473,-0.02951155550436979,0
2020-10-02,196.0868377685547,206.19000244140625,210.9900054931641,205.5399932861328,208.0,33154800,MSFT,-0.02951155550436979,-0.00784344880437804,-0.05112765999235935,198.8885009765625,196.2570899963379,200.0166372680664,0.018382563518827742,0.02337263746245431,0.22079356663131855,35514145.0,50.810416815323656,0.5083046309183843,0.020321464581008364,1
2020-10-05,200.0716094970703,210.3800048828125,210.41000366210932,206.97999572753903,207.22000122070312,21331600,MSFT,0.020321464581008364,0.004488442159931383,-0.01806256891666347,199.06730041503906,196.0730758666992,200.1985726928711,0.020666969118724572,0.023729138166856043,-0.3566059816376512,33597520.0,51.634703052632474,0.6192400741266022,-0.02124773287884485,0
2020-10-06,195.820541381836,205.91000366210932,210.17999267578125,204.82000732421875,208.82000732421875,28554300,MSFT,-0.02124773287884485,-0.006513677057403133,0.016036347502570214,198.8105255126953,196.22761001586915,200.2471029663086,0.022645503491919607,0.020789310951415087,0.3385915730653115,32379020.0,50.86548069737118,0.3962835633810138,0.019037511410748165,1
2020-10-07,199.5484771728516,209.8300018310547,210.1100006103516,206.72000122070312,207.0599975585937,25681100,MSFT,0.019037511410748165,-0.0023773392063466403,-0.006909845099730139,198.71542053222657,196.15818786621094,200.40491455078126,0.023452173813931297,0.018890579512487495,-0.10062232308268804,31379125.0,56.723606377048036,0.4840359716587006,0.003574583090838468,1
2020-10-08,200.26177978515625,210.5800018310547,211.19000244140625,208.32000732421875,210.509994506836,19925800,MSFT,0.003574583090838468,-0.008848603163155278,0.025368910679774537,198.35784912109378,196.40592422485352,200.53828521728516,0.022903689990183787,0.017724834311395366,-0.22410644403861202,30602340.0,60.25354059168081,0.5684445220798594,0.024836037669200728,1
2020-10-09,205.2354888916016,215.8099975585937,215.8600006103516,211.22999572753903,211.22999572753903,26458000,MSFT,0.024836037669200728,0.04665612045743339,0.057736604864044194,200.18757934570314,196.96606369018554,200.77416564941407,0.018865342321694557,0.018362268552842665,0.32782623533308586,30244235.0,62.57337181835016,0.9169259608056121,0.02590251988931369,1
2020-10-12,210.55160522460932,221.3999938964844,223.8600006103516,216.8099975585937,218.7899932861328,40461400,MSFT,0.02590251988931369,0.0523812236722796,0.07784426928097998,202.28357849121093,197.72638854980468,201.09530670166015,0.01982105637799714,0.019055908322389497,0.5292690301610099,30748515.0,63.07023778414939,1.4324169666561475,0.006594239606456442,1
2020-10-13,211.9400329589844,222.8600006103516,225.2100067138672,220.42999267578125,222.72000122070312,28950800,MSFT,0.006594239606456442,0.08231767445539107,0.06743932795221697,205.50747680664062,198.39589233398436,201.22544464111328,0.010346746396594424,0.018842873589943035,-0.28448348302332593,31104860.0,73.14473219937432,1.771642764749139,-0.008973986626927055,0
2020-10-14,210.0380859375,220.8600006103516,224.22000122070312,219.1300048828125,223.0,23421700,MSFT,-0.008973986626927055,0.05256671919155842,0.0771033026677701,207.60539855957032,199.14766006469728,201.37920959472658,0.014875717673449362,0.018413792343907835,-0.1909826326042804,30959540.0,68.59602014277995,1.7685842063332928,-0.005433250689281577,0
2020-10-15,208.8968963623047,219.66000366210932,220.3600006103516,216.009994506836,217.1000061035156,22733100,MSFT,-0.005433250689281577,0.043119144284108124,0.08254921213067234,209.332421875,199.9441261291504,201.51679168701173,0.01637669999630968,0.018242208848608058,-0.029400086244807166,30395630.0,63.430130575996934,1.5956675808937735,0.0,0
2020-10-16,208.8968963623047,219.66000366210932,222.2899932861328,219.32000732421875,220.1499938964844,26057900,MSFT,0.0,0.017840030934595852,0.09616283233343448,210.06470336914063,200.86041870117188,201.5896728515625,0.013775258791575611,0.017856428002163072,0.1462537005511786,28937260.0,62.03486875940694,1.394542988452962,-0.02476569668071482,0
2020-10-19,203.72341918945312,214.22000122070312,222.3000030517578,213.72000122070312,220.4199981689453,27625800,MSFT,-0.02476569668071482,-0.03242998802061903,0.057667819934340336,208.69906616210938,201.41580505371093,201.63251373291016,0.01177499587541205,0.018960992668951727,0.06016985252073259,28326565.0,57.61155541861161,0.8529437997101414,0.0020071576990203788,1
2020-10-20,204.13232421875,214.6499938964844,217.3699951171875,213.08999633789065,215.8000030517578,22753500,MSFT,0.0020071576990203788,-0.036839235283809724,0.034856714133512545,207.1375244140625,201.75959091186525,201.76379364013673,0.010620288103173045,0.01829805077673699,-0.1763677431965771,27788385.0,55.013905219550516,0.4806438137445368,0.0006988330706136914,1
2020-10-21,204.2749786376953,214.8000030517578,216.9199981689453,213.1199951171875,213.1199951171875,22724900,MSFT,0.0006988330706136914,-0.02743839182346952,0.07084099560620838,205.98490295410156,202.4352767944336,201.9903305053711,0.01113782364621997,0.016375792630995156,-0.0012569494802997516,27384440.0,52.84670279048705,0.21588689225145674,0.00041882775288493157,1
2020-10-22,204.36053466796875,214.88999938964844,216.0599975585937,211.6999969482422,213.92999267578125,22351500,MSFT,0.00041882775288493157,-0.02171579268687751,0.05758116239728506,205.07763061523437,202.9916084289551,202.10833892822265,0.011449527031339555,0.01623618592026146,-0.01643131542933085,26941890.0,62.45698723895409,0.02827893975945317,0.006236106519150519,1
2020-10-23,205.63494873046875,216.22999572753903,216.27999877929688,213.16000366210932,215.02999877929688,18879600,MSFT,0.006236106519150519,-0.01561510816407019,0.04046790625754215,204.42524108886718,203.39150619506836,202.26113250732422,0.01234362006387349,0.015579294637975187,-0.15533185692235418,26414005.0,59.12061610105852,-0.02533312590584824,-0.028442045600590826,0
2020-10-26,199.7862701416016,210.0800018310547,216.33999633789065,208.1000061035156,213.8500061035156,37111600,MSFT,-0.028442045600590826,-0.019325952134104818,0.0030558546709706924,203.63781127929687,203.42193908691405,202.2931576538086,0.013961676264719869,0.016930778346088332,0.9656984258141061,26669340.0,56.17785709667478,-0.44667012541669004,0.015089443804883862,1
2020-10-27,202.80093383789065,213.25,214.6699981689453,210.3300018310547,211.58999633789065,36700300,MSFT,0.015089443804883862,-0.006522192827396633,0.028901016339544228,203.371533203125,203.70676498413087,202.3592916870117,0.016347758853992485,0.017042466086281648,-0.011082788130934773,27293260.0,55.18186976441604,-0.509746957882546,-0.049566232545583344,0
2020-10-28,192.7488555908203,202.67999267578125,208.83999633789065,202.1000061035156,207.6699981689453,51195600,MSFT,-0.049566232545583344,-0.05642454657806073,-0.03637136748038894,201.06630859375,203.3430076599121,202.20142578125,0.02692300053882294,0.02019644268426468,0.39496407386315635,28161585.0,40.775308244137236,-1.17769379461519,0.010065160759718639,1
2020-10-29,194.6889038085937,204.72000122070312,207.3600006103516,203.3699951171875,204.07000732421875,31432600,MSFT,0.010065160759718639,-0.047326314129530256,-0.036430320525770554,199.131982421875,202.97497100830077,202.10670623779296,0.028279894160529433,0.02019454993702324,-0.38602926814023075,28375295.0,36.00809091428048,-1.42175285725851,-0.01099048117066237,0
2020-10-30,192.54917907714844,202.47000122070312,204.2899932861328,199.6199951171875,203.5,36953700,MSFT,-0.01099048117066237,-0.06363592246409522,-0.01804128584898601,196.51482849121095,202.79808807373047,201.87637420654298,0.02692738197135912,0.019252747816304584,0.17564884864758246,28565240.0,23.918421160837894,-1.6444544119941262,-0.0006915022644996549,0
2020-11-02,192.41603088378903,202.3300018310547,205.27999877929688,200.1199951171875,204.2899932861328,30842200,MSFT,-0.0006915022644996549,-0.03689061942339078,-0.0382641926684425,195.04078063964843,202.4153091430664,201.6730499267578,0.02572221451855945,0.018605854865131593,-0.1653826274500253,29040770.0,20.646323440683645,-1.710292039864925,0.02026387099879745,1
2020-11-03,196.31512451171875,206.42999267578125,208.1199951171875,203.1199951171875,203.88999938964844,27512000,MSFT,0.02026387099879745,-0.03198116105005877,0.002525695855974286,193.74361877441407,202.44003829956054,201.53496459960937,0.026920312957358947,0.018635517158813182,-0.10797543625292616,28988655.0,30.53681166144817,-1.4131327255936872,0.04824864671264106,1
2020-11-04,205.7870635986328,216.38999938964844,218.32000732421875,212.4199981689453,214.0200042724609,42311800,MSFT,0.04824864671264106,0.06764350412274744,0.031263513077963934,196.35126037597655,202.7519676208496,201.53344299316407,0.02272732874454702,0.021156170077364214,0.5379398080837452,29820190.0,46.43239999635898,-0.5451647493555722,0.03188686787438133,1
2020-11-05,212.34896850585932,223.2899932861328,224.1199951171875,221.1499938964844,222.0399932861328,36080100,MSFT,0.03188686787438133,0.09070914855336554,0.0603569424663577,199.88327331542968,203.35632705688477,201.5741452026367,0.0239918844777124,0.02220562403579464,-0.14728042768211236,30627905.0,53.44200180928169,0.4506056800005515,0.0019258431465036807,1
2020-11-06,212.75791931152344,223.72000122070312,224.3600006103516,218.02999877929688,222.259994506836,25231900,MSFT,0.0019258431465036807,0.10495365563868742,0.036652678640266334,203.92502136230468,203.73244857788086,201.5197476196289,0.02057688567516268,0.021612078071179857,-0.30066989836502667,30566600.0,59.95388917599347,1.0805861018546823,-0.023824555774194844,0
2020-11-09,207.6890563964844,218.38999938964844,228.1199951171875,217.8800048828125,224.44000244140625,44395000,MSFT,-0.023824555774194844,0.07937501590976903,-0.013595473779794975,206.97962646484376,203.5893211364746,201.3196566772461,0.027812658624186967,0.02158075804676321,0.7594790721269504,30763280.0,53.55376709008052,1.0962276700399491,-0.033792615003478854,0
2020-11-10,200.6707000732422,211.009994506836,216.5,209.72000122070312,214.5,44045100,MSFT,-0.033792615003478854,0.022186653078089424,-0.05317227108256184,207.85074157714843,203.0258544921875,201.04348571777345,0.035137087797969854,0.022743866970248567,-0.007881518188985193,31517995.0,46.83376495252188,0.599082950072646,0.02625472819687702,1
2020-11-11,205.9392547607422,216.5500030517578,218.0399932861328,212.1999969482422,212.38999938964844,29440800,MSFT,0.02625472819687702,0.0007395565078192057,-0.019514704480679157,207.8811798095703,202.8209129333496,200.83959075927734,0.0292324369959145,0.023564006192800552,-0.33157604364617177,31818950.0,51.27110262805687,0.5893513917418007,-0.005125946222094946,0
2020-11-12,204.8836212158203,215.44000244140625,219.1100006103516,214.4600067138672,217.2100067138672,21593900,MSFT,-0.005125946222094946,-0.03515603274443513,-0.019211750946858785,206.3881103515625,202.6202491760254,200.5312759399414,0.023398351028169267,0.023560871456757792,-0.2665314801228228,31761990.0,49.392931777412024,0.4806929351592887,0.004966615286090104,1
2020-11-13,205.9011993408203,216.509994506836,217.4199981689453,214.16000366210932,216.3600006103516,18621100,MSFT,0.004966615286090104,-0.03222780140401449,-0.014340553036693904,205.0167663574219,202.47046432495117,200.51625,0.023722769601407644,0.023594844693615797,-0.1376685082361222,31390150.0,55.35922141056747,0.44693700006933357,0.003325640744983094,1
2020-11-16,206.58595275878903,217.22999572753903,217.7400054931641,214.5200042724609,214.8699951171875,24953300,MSFT,0.003325640744983094,-0.005311322882557201,0.014051077587078353,204.7961456298828,202.61359100341798,200.5729312133789,0.02173379811959088,0.022897423664502235,0.340055098785786,31256525.0,53.45849375280761,0.4396393011515958,-0.012751557244624734,0
2020-11-17,203.95166015625,214.4600067138672,217.67999267578125,214.0800018310547,216.1000061035156,24154100,MSFT,-0.012751557244624734,0.01634997078203404,-0.0008850340738117968,205.45233764648438,202.60455780029298,200.79736724853515,0.014648729684869854,0.023098422082422555,-0.032027827982671675,31326555.0,61.84157683177537,0.23649187949221884,-0.013183800662208811,0
2020-11-18,201.26280212402344,211.0800018310547,215.1699981689453,210.92999267578125,213.6499938964844,28372800,MSFT,-0.013183800662208811,-0.022707922499534128,-0.014745694914570562,204.5170471191406,202.45394897460938,200.80388488769532,0.00858387121647097,0.023290745251936366,0.17465771856537815,31608950.0,56.84044999337916,-0.08278228169202884,0.0063483138954412155,1
2020-11-19,202.5404815673828,212.4199981689453,213.02999877929688,209.92999267578125,211.3800048828125,24792700,MSFT,0.0063483138954412155,-0.011436441988543766,-0.008906088954714453,204.0484191894531,202.3629463195801,200.94855346679688,0.00983525048028131,0.023340532950554986,-0.1261807082839903,31731010.0,60.58633817691031,-0.20478172165462305,-0.009556496447522211,0
2020-11-20,200.6049041748047,210.38999938964844,213.2899932861328,210.0,212.1999969482422,22843100,MSFT,-0.009556496447522211,-0.025722507605450473,-0.024461039267488882,202.98916015625,202.11144409179687,201.07999755859376,0.009297709704106219,0.023378872947983007,-0.07863605012765851,31929185.0,58.35735166512915,-0.4013335815134925,-0.0013309659208680102,0
2020-11-23,200.33790588378903,210.1100006103516,212.2899932861328,208.16000366210932,210.9499969482422,25683500,MSFT,-0.0013309659208680102,-0.03024429682445673,0.002761129389904804,201.73955078125,202.13902587890624,201.179853515625,0.008427260649146123,0.022470958710837936,0.12434389377974098,31357780.0,54.434288724527,-0.5269103399922485,0.017847958142618747,1
2020-11-24,203.9135284423828,213.8600006103516,214.25,208.8600006103516,209.58999633789065,33979700,MSFT,0.017847958142618747,-0.00018696446911969922,0.005486141426654045,201.73192443847657,202.19465560913085,201.28712493896484,0.01250758038411315,0.0225742375765459,0.323016722798684,31221750.0,47.62625044078617,-0.354990317949938,4.676856526830697e-05,1
2020-11-25,203.92306518554688,213.8699951171875,215.2899932861328,212.4600067138672,215.1100006103516,21012900,MSFT,4.676856526830697e-05,0.013217857614265416,0.05797289722149057,202.26397705078125,202.75336608886715,201.46553161621094,0.010201429888874977,0.01926443140030066,-0.38160431080910073,29712615.0,37.19905492769169,-0.23238757995953613,0.006358880546099677,1
2020-11-27,205.21978759765625,215.22999572753903,216.2700042724609,214.0399932861328,214.8500061035156,14512200,MSFT,0.006358880546099677,0.013228496395087719,0.05409082686816036,202.79983825683593,203.2799102783203,201.71057586669923,0.01020238315018112,0.019210608038424382,-0.30936710306525994,28866595.0,38.84859639927352,-0.06444815770161127,-0.005389654943713018,0
2020-11-30,204.1137237548828,214.07000732421875,214.759994506836,210.83999633789065,214.1000061035156,33064800,MSFT,-0.005389654943713018,0.017491195414747196,0.06006021284100527,203.50160217285156,203.858137512207,201.9814294433594,0.009059882550391014,0.019038879443995498,1.278414024062513,28672150.0,44.00840362350004,-0.030089557135720868,0.009996712964994492,1
2020-12-01,206.15419006347656,216.2100067138672,217.32000732421875,213.3500061035156,214.509994506836,30904500,MSFT,0.009996712964994492,0.02903236985546509,0.07139820479918746,204.66485900878905,204.54504547119137,202.25219940185548,0.008963568059783697,0.019077076083485682,-0.06533534151121434,28675265.0,61.029478563834616,0.11961482124690126,-0.003885120344359505,0
2020-12-02,205.353256225586,215.3699951171875,215.47000122070312,212.8000030517578,214.8800048828125,23724500,MSFT,-0.003885120344359505,0.007060481931732143,0.046038896576854116,204.9528045654297,204.99695205688477,202.4141323852539,0.0066021561065358935,0.018729641347723893,-0.23232862528110798,28485890.0,48.56307517776365,0.15216380196343604,-0.00524660702594637,0
2020-12-03,204.27584838867188,214.2400054931641,216.3800048828125,213.6499938964844,214.6100006103516,25120900,MSFT,-0.00524660702594637,0.0017299818576383963,-0.007343587024053244,205.0233612060547,204.92139129638673,202.68442413330078,0.007269219207523515,0.015356182119108476,0.058858985436995415,27626345.0,48.511272260275256,0.09158504093799996,0.0005600779597445538,1
2020-12-04,204.3902587890625,214.3600006103516,215.3800048828125,213.17999267578125,214.22000122070312,24666000,MSFT,0.0005600779597445538,-0.004042148266034107,-0.03747938957648955,204.85745544433593,204.52345581054686,202.90755126953124,0.006495648278575566,0.013374838380659762,-0.01810842764391407,27055640.0,46.12764486380413,0.05166156909352826,-0.0003266163590374127,0
2020-12-07,204.3235015869141,214.2899932861328,215.5399932861328,212.9900054931641,214.3699951171875,24620000,MSFT,-0.0003266163590374127,0.001027749767003483,-0.0396432609977706,204.8994110107422,204.10173492431642,203.04128143310547,0.005973574386372939,0.013351073963002212,-0.0018649152679801606,27025045.0,44.01193155108563,0.01509784639319145,0.008026559038485814,1
2020-12-08,205.9635162353516,216.009994506836,216.9499969482422,212.88999938964844,213.97000122070312,23284100,MSFT,0.008026559038485814,-0.0009249088173578501,-0.008308286392513131,204.86127624511718,204.01545791625978,203.17699951171875,0.005179649756864207,0.012473453745078276,-0.05426076360682375,25969500.0,55.620636353792925,0.09144446125813088,-0.01948974016569105,0
2020-12-09,201.9493408203125,211.8000030517578,215.22999572753903,211.2100067138672,215.16000366210932,32440600,MSFT,-0.01948974016569105,-0.016575901779391278,0.006371835781724178,204.1804931640625,204.0793899536133,203.2738980102539,0.01022165599650547,0.010744991757795523,0.39325118857933106,25389275.0,51.78578090854029,-0.12648674849242847,-0.006043542885535547,0
2020-12-10,200.72885131835932,210.5200042724609,213.0800018310547,210.3600006103516,211.7700042724609,26733300,MSFT,-0.006043542885535547,-0.017363761297731872,-0.025300681253975887,203.47109375,203.81886978149413,203.28799499511717,0.010265808285636169,0.00892290174953249,-0.17593077809904867,25253900.0,45.27364055512329,-0.3388664861748365,0.01301554105118985,1
2020-12-11,203.3414459228516,213.259994506836,213.32000732421875,209.1100006103516,210.0500030517578,30979400,MSFT,0.01301554105118985,-0.005131422957359799,-0.007527079440597273,203.2613311767578,203.74176101684571,203.31383117675782,0.012705006703818222,0.009415845582532343,0.15883186886766687,25723175.0,56.89576415473039,-0.29124255376703995,0.0044075630047157865,1
2020-12-14,204.23768615722656,214.1999969482422,216.2100067138672,212.8800048828125,213.1000061035156,28798400,MSFT,0.0044075630047157865,-0.000419997841760833,-0.008079181611954533,203.24416809082032,203.65858535766603,203.47684814453126,0.012938600720036037,0.009400093359110153,-0.07040162172282227,26232040.0,59.524931127833895,-0.19201980877822267,-0.00032671093090497205,0
2020-12-15,204.17095947265625,214.1300048828125,215.4199981689453,212.2400054931641,215.1699981689453,27000600,MSFT,-0.00032671093090497205,-0.008703273256643218,-0.011690016934271186,202.88565673828126,203.53783569335937,203.55883514404297,0.01215602546618475,0.009360043654192003,-0.062427079282182385,26334405.0,50.75882219065772,-0.12667399506384197,0.02405073394602364,1
2020-12-16,209.0814208984375,219.27999877929688,220.1100006103516,214.72000122070312,214.75,35023300,MSFT,0.02405073394602364,0.03531618399522718,0.025151845972999354,204.31207275390625,203.79432373046876,203.824052734375,0.011805163594231788,0.010394609331148967,0.2971304341385006,26877865.0,61.796748285228475,0.23193411214117343,0.0006384301682338389,1
2020-12-17,209.21490478515625,219.4199981689453,220.88999938964844,217.9199981689453,219.8699951171875,32515800,MSFT,0.0006384301682338389,0.04227620200614757,0.03951104017836604,206.00928344726563,204.1919288635254,204.0173812866211,0.010229571083275945,0.009825264745125307,-0.0715951951986249,27085015.0,59.64993623812291,0.45017034251040816,-0.0037826264660740794,0
2020-12-18,208.42352294921875,218.58999633789065,219.69000244140625,216.0200042724609,218.58999633789065,63354900,MSFT,-0.0037826264660740794,0.024992824277915826,0.029046249600619856,207.02569885253905,204.4860809326172,204.18061614990233,0.011043245470117886,0.009849600685858512,0.9484342996327939,29013125.0,60.57072411632742,0.5089350970842849,0.018299255800687142,1
2020-12-21,212.23751831054688,222.58999633789065,224.0,217.27999877929688,217.5500030517578,37181900,MSFT,0.018299255800687142,0.039169226325654005,0.05798768571283608,208.62566528320312,205.0677116394043,204.32065673828126,0.012508062907656492,0.01017128151574223,-0.41311721745279373,29730065.0,63.726495420450185,0.7574101222620201,0.006064691867928129,1
2020-12-22,213.5246734619141,223.94000244140625,225.6300048828125,221.8500061035156,222.69000244140625,22612200,MSFT,0.006064691867928129,0.04581314606845721,0.06582262862313426,210.49640808105468,205.72705001831054,204.38011810302734,0.011778301464474492,0.010144865561777542,-0.39184925998940345,29576500.0,68.04219712926891,0.9487830684330141,-0.013039147384513394,0
2020-12-23,210.7404937744141,221.0200042724609,223.5599975585937,220.8000030517578,223.1100006103516,18699600,MSFT,-0.013039147384513394,0.00793505644283199,0.033479707718167884,210.82822265625,206.06839828491212,204.35612731933594,0.01165111598273429,0.010155203086202857,-0.17303048796667286,28812495.0,63.273299635261274,0.8323479050985934,0.007827405934462961,1
2020-12-24,212.3900451660156,222.75,223.6100006103516,221.1999969482422,221.4199981689453,10550600,MSFT,0.007827405934462961,0.015176454010864537,0.04152046249777941,211.46325073242187,206.49174728393555,204.40316650390625,0.011937277381359135,0.010237367268947483,-0.4357847226678645,28289380.0,65.45123498123232,0.8101415758438573,0.009921407805653315,1
2020-12-28,214.49725341796875,224.9600067138672,226.02999877929688,223.0200042724609,224.4499969482422,17933500,MSFT,0.009921407805653315,0.029141290689294275,0.04520746234520745,212.67799682617186,206.95562057495118,204.51517364501953,0.011535924592875725,0.010346046804496007,0.6997611510245862,28460445.0,68.21447362597902,0.8755202618797506,-0.003600622367380568,0
2020-12-29,213.7249298095703,224.1499938964844,227.17999267578125,223.5800018310547,226.3099975585937,17403200,MSFT,-0.003600622367380568,0.007008240158778323,0.047087505327321644,212.97547912597656,207.43618087768556,204.61173431396483,0.009606956498842889,0.010283938890339567,-0.02957035715281453,27677365.0,64.34113641464246,0.8066077959484068,-0.011019316001932511,0
2020-12-30,211.3698272705078,221.67999267578125,225.6300048828125,221.47000122070312,225.22999572753903,20272300,MSFT,-0.011019316001932511,-0.010091790126496192,0.025299690515265816,212.5445098876953,207.69696273803712,204.76466247558594,0.01054121778223215,0.010532539716300901,0.16486048542796716,27145755.0,68.54361186851705,0.5542890669307647,0.003337993679476181,1
2020-12-31,212.07537841796875,222.4199981689453,223.0,219.67999267578125,221.6999969482422,20942100,MSFT,0.003337993679476181,0.006334257928538367,0.03273443195367842,212.81148681640624,208.03306884765624,204.9235235595703,0.008614965841972367,0.01046894017102096,0.03304015824548778,27006635.0,72.79704903839911,0.39430224121657664,-0.021265997686668814,0
2021-01-04,207.5653839111328,217.69000244140625,223.0,214.8099975585937,222.52999877929688,37130100,MSFT,-0.021265997686668814,-0.02271604232256541,0.016103399145855013,211.8465545654297,208.1975456237793,204.98933166503906,0.012184180168413434,0.011579392487528057,0.7729883822539287,27607095.0,57.885378579070796,-0.03316859626203428,0.0009645662851700543,1
2021-01-05,207.76559448242188,217.8999938964844,218.5200042724609,215.6999969482422,217.259994506836,23823000,MSFT,0.0009645662851700543,-0.03138342719209364,0.016514171043948034,210.5002227783203,208.36631240844727,205.05743286132812,0.009990034097160158,0.011579189225145859,-0.3583911705058699,27564945.0,56.761728508433556,-0.3052146204972055,-0.025929181325143547,0
2021-01-06,202.3784027099609,212.25,216.4900054931641,211.94000244140625,212.1699981689453,35930700,MSFT,-0.025929181325143547,-0.053089394436667714,-0.009519702148045761,208.23091735839844,208.2690574645996,204.99230194091797,0.013007340895885358,0.01304270259499608,0.5082357385719682,28130480.0,47.1463183214054,-0.8214615992740468,0.028457059454782607,1
2021-01-07,208.1374969482422,218.2899932861328,219.33999633789065,213.7100067138672,214.0399932861328,27694500,MSFT,0.028457059454782607,-0.015292297694547208,0.010555173812464957,207.5844512939453,208.37775650024415,205.15932647705077,0.021821805885331003,0.014460227581573061,-0.22922459067037382,28351000.0,48.53684346464947,-0.7505042751153741,0.00609281229374381,1
2021-01-08,209.4056396484375,219.6199951171875,220.5800018310547,217.02999877929688,218.67999267578125,22956200,MSFT,0.00609281229374381,-0.012588631407600692,0.036921629938665435,207.05050354003907,208.75057144165038,205.2914205932617,0.022051837465505705,0.013698765994556536,-0.17109173301558067,27876780.0,50.285607484835396,-0.6001098545228949,-0.009698615699311741,0
2021-01-11,207.37469482421875,217.4900054931641,218.91000366210932,216.72999572753903,218.47000122070312,23031300,MSFT,-0.009698615699311741,-0.0009186940679650757,0.03310856143603891,207.01236572265626,209.08286361694337,205.5839373779297,0.02008880287125932,0.013834079471211624,0.003271447364981972,27691680.0,48.485693664922714,-0.616982011670379,-0.011770788847627944,0
2021-01-12,204.9337310791016,214.92999267578125,217.1000061035156,213.32000732421875,216.5,23249300,MSFT,-0.011770788847627944,-0.013630088323213108,0.007830598179448867,206.44599304199218,209.16247787475587,205.78883392333984,0.02072948241216241,0.013879149740695882,0.00946537972237782,27305175.0,39.01937583129896,-0.7625693757410934,0.0065604227142963545,1
2021-01-13,206.27818298339844,216.33999633789065,216.759994506836,213.92999267578125,214.0200042724609,20087100,MSFT,0.0065604227142963545,0.019269745295037666,0.009990794865356367,207.2259490966797,209.26450271606444,206.06341400146485,0.01616653523401733,0.013919492158901925,-0.13601269715647357,26869610.0,39.1242535471111,-0.7378865745034083,-0.015346358256118298,0
2021-01-14,203.1125640869141,213.0200042724609,217.4600067138672,212.7400054931641,215.91000366210932,29480800,MSFT,-0.015346358256118298,-0.02414237191762547,-0.005183868403595859,206.22096252441406,209.21158294677736,206.27734466552735,0.010386545217871522,0.014369399625907123,0.4676483912560798,26993620.0,38.681371030700184,-0.8939160349546358,-0.0017368851834005383,0
2021-01-15,202.75978088378903,212.6499938964844,214.509994506836,212.02999877929688,213.5200042724609,31746500,MSFT,-0.0017368851834005383,-0.031736770680130366,-0.030235302531826824,204.89179077148438,208.89550094604493,206.40623779296874,0.008796032472955167,0.013191090418164303,0.07685340967680654,26829780.0,35.13828926987168,-0.9734870997934936,0.017822685244240022,1
2021-01-19,206.37350463867188,216.44000244140625,216.97999572753903,212.6300048828125,213.75,30480900,MSFT,0.017822685244240022,-0.004827928433580264,-0.013581251055713395,204.691552734375,208.7534309387207,206.41796661376952,0.013544079653080566,0.013876231467403813,-0.0398658119792733,26728035.0,38.02022438537042,-0.7456122952107809,0.03649973153209185,1
2021-01-20,213.9060821533203,224.33999633789065,225.7899932861328,217.2899932861328,217.6999969482422,37777300,MSFT,0.03649973153209185,0.04378171922686325,0.02630489652282364,206.48602294921875,209.02755889892578,206.44910888671876,0.01967081732184546,0.01612930353020676,0.23937613390680723,25449155.0,50.222730018648384,-0.08519045665846456,0.0028084932327874235,1
2021-01-21,214.5068359375,224.97000122070312,226.3000030517578,222.4199981689453,224.6999969482422,30709400,MSFT,0.0028084932327874235,0.03989104826836587,0.010692349048449845,208.13175354003906,209.14102478027343,206.4840872192383,0.019846476436638016,0.015640733533152366,-0.18709383677499447,25125530.0,54.03090108492209,0.3695444486938201,0.00435583642530335,1
2021-01-22,215.44119262695312,225.9499969482422,230.07000732421875,225.8000030517578,227.0800018310547,30172700,MSFT,0.00435583642530335,0.060698502800464293,0.008975633279124873,210.59747924804688,209.2368507385254,206.63912994384765,0.01553823544252758,0.01561422800334039,-0.01747673350830692,25503555.0,54.29962278744329,0.6919683054896416,0.015844362912962318,1
2021-01-25,218.854721069336,229.52999877929688,229.77999877929688,224.22000122070312,229.1199951171875,33152100,MSFT,0.015844362912962318,0.07937935282526132,0.03850340838437871,213.81646728515625,209.64256210327147,207.00281036376953,0.013525560967764487,0.015625755420002413,0.09874489190559688,26226180.0,64.83707767377355,1.071197982723541,0.012198819719605236,1
2021-01-26,221.5244903564453,232.3300018310547,234.17999267578125,230.0800018310547,231.8600006103516,49169600,MSFT,0.012198819719605236,0.07341536281171601,0.04300787818605034,216.84666442871094,210.09928436279296,207.3145150756836,0.013514442482538901,0.01574161024551185,0.48315189686324556,28157130.0,66.98046302256131,1.416246152752212,0.0024533282490104558,1
2021-01-27,222.0679626464844,232.8999938964844,240.44000244140625,230.13999938964844,238.0,69870600,MSFT,0.0024533282490104558,0.038156374101199875,0.03529513365732195,218.47904052734376,210.47781982421876,207.65820190429687,0.006104650304035003,0.015637663256303933,0.4210121701213758,30753985.0,77.59946716425384,1.5828588026377162,0.025891050133418636,1
2021-01-28,227.81753540039065,238.92999267578125,242.63999938964844,235.08999633789065,235.6100006103516,49111200,MSFT,0.025891050133418636,0.062052565386629066,0.06593805225893346,221.14118041992188,211.18245010375978,208.09652862548828,0.009450417710657369,0.01646509066577435,-0.29711209006363193,32339385.0,77.59348616657618,1.9575309287600589,-0.029171782120192336,0
2021-01-29,221.17169189453125,231.9600067138672,238.0200042724609,231.3500061035156,235.9900054931641,42503100,MSFT,-0.029171782120192336,0.026598902455487128,0.046373054993696705,222.2872802734375,211.67254333496095,208.38824340820312,0.021089532255810426,0.017747834836818122,-0.1345538288618482,33450925.0,64.33543162458308,1.6474616551379264,0.033152306345184845,1
2021-02-01,228.5040435791016,239.6499938964844,242.5,232.42999267578125,235.0599975585937,33314200,MSFT,0.033152306345184845,0.0440900815966796,0.07746615983282323,224.21714477539064,212.49397659301758,208.87929107666017,0.02438633027518767,0.019034610035181716,-0.21619364234608773,34069530.0,72.79828958455647,1.812764944571036,-0.000584164221464123,0
2021-02-02,228.3705596923828,239.509994506836,242.3099975585937,238.69000244140625,241.3000030517578,25916300,MSFT,-0.000584164221464123,0.030904345270907907,0.100234323224905,225.58635864257812,213.53423538208008,209.42144622802735,0.024623565632144073,0.01813549652654383,-0.22206446500291166,33508840.0,76.613230758568,1.78677323284756,0.014571349480469342,1
2021-02-03,231.6982269287109,243.0,245.08999633789065,239.259994506836,239.57000732421875,27158100,MSFT,0.014571349480469342,0.04336629276667514,0.11519054685598529,227.51241149902344,214.73086700439453,210.0046011352539,0.024740463210943045,0.018233346214633954,0.047915790448482154,33675595.0,77.62117365549027,1.8590542100449694,-0.0040739368734390435,0
2021-02-04,230.7543029785156,242.009994506836,243.2400054931641,240.3699951171875,242.66000366210932,25296100,MSFT,-0.0040739368734390435,0.012890875906297339,0.14021209718322392,228.09976501464843,216.14966201782227,210.60758911132814,0.023133975770339144,0.01684484664826815,-0.06856149730651262,33143865.0,81.55895794912372,1.7123013856355742,0.0007849781461186645,1
2021-02-05,230.93544006347656,242.1999969482422,243.27999877929688,240.4199981689453,242.22999572753903,18054800,MSFT,0.0007849781461186645,0.04414555988295876,0.10953308966189579,230.0525146484375,217.289559173584,211.21953979492187,0.015365384758818773,0.016084415978149445,-0.2862615185740094,32661880.0,82.29512015788313,1.503851529017144,0.0011147976637613244,1
2021-02-08,231.19288635253903,242.47000122070312,243.67999267578125,240.8099975585937,243.1499938964844,22211900,MSFT,0.0011147976637613244,0.011767156201359041,0.10404326617315207,230.590283203125,218.37892150878906,211.765126953125,0.0071276204227103766,0.016110529461610183,0.23024901965128386,32624665.0,80.81936741743125,1.2691007471122502,0.005361464577301245,1
2021-02-09,232.4324188232422,243.7700042724609,244.759994506836,241.3800048828125,241.8699951171875,23565000,MSFT,0.005361464577301245,0.01778626429050556,0.12083308438507223,231.40265502929688,219.63180770874024,212.33531402587892,0.007008057916278322,0.015730713455013225,0.06091779631638894,32651350.0,77.26639430410097,1.0899529871306655,-0.0038970789862408095,0
2021-02-10,231.526611328125,242.82000732421875,245.9199981689453,240.88999938964844,245.0,22186700,MSFT,-0.0038970789862408095,-0.0007406858604865896,0.1297633147505568,231.3683319091797,220.9614517211914,212.86145050048827,0.0039461277527521295,0.01536104650982432,-0.058489284956503296,32598220.0,74.82616909629289,0.8156525376411592,0.006877331064088166,1
2021-02-11,233.118896484375,244.4900054931641,245.1499938964844,242.1499938964844,244.77999877929688,15751100,MSFT,0.006877331064088166,0.010247234722550624,0.1301190126497127,231.84125061035155,222.30348739624023,213.44155395507812,0.00424592571009234,0.015361568220901923,-0.2900656699734525,32381420.0,75.3002549841584,0.6536549084917302,0.002045271271554183,1
2021-02-12,233.5956878662109,244.9900054931641,245.3000030517578,242.72999572753903,243.92999267578125,16561100,MSFT,0.002045271271554183,0.011519443711208277,0.15007995155953413,232.37330017089843,223.82764358520507,213.99038391113282,0.004189209461679478,0.014545499442312747,0.051424979842677576,31735435.0,73.03341961153811,0.4978606764292053,-0.005265359224718935,0
2021-02-16,232.36572265625,243.6999969482422,246.1300048828125,242.9199981689453,245.02999877929688,26728500,MSFT,-0.005265359224718935,0.005072977470087725,0.14601486371416783,232.6078674316406,225.3079406738281,214.5306332397461,0.005428884227700688,0.014679310144285047,0.613932649401308,31484535.0,67.7380359738417,0.24406566098115867,0.004359312123727532,1
2021-02-17,233.3786773681641,244.1999969482422,244.3099975585937,240.94000244140625,241.32000732421875,21653500,MSFT,0.004359312123727532,0.004071112582799907,0.13085581299195415,232.797119140625,226.65819931030273,215.11268981933594,0.005244083208948085,0.014461037695926686,-0.18987223375797369,31043165.0,68.22617741520655,0.08473164171723013,-0.0016790124425416497,0
2021-02-18,232.98683166503903,243.7899932861328,243.92999267578125,240.8600006103516,241.8000030517578,16925600,MSFT,-0.0016790124425416497,0.006306922251993585,0.08920152863181485,233.08916320800782,227.61223678588868,215.68462127685547,0.004821685912379991,0.012668854935492095,-0.21834345486872797,30000580.0,60.068343777880784,-0.0968877037440592,-0.011567274269313033,0
2021-02-19,230.29180908203125,240.97000122070312,243.8600006103516,240.17999267578125,243.75,25262600,MSFT,-0.011567274269313033,-0.012127233977933805,0.07358727322391934,232.52374572753905,228.40148544311523,216.2039874267578,0.006289186526483905,0.013159667082455095,0.49256747175875604,29728240.0,70.99453723894516,-0.4297168148842845,-0.02680838652344586,0
2021-02-22,224.11805725097656,234.509994506836,237.92999267578125,232.3999938964844,237.4199981689453,36446900,MSFT,-0.02680838652344586,-0.040572797819206974,0.04027486349394582,230.6282196044922,228.8353286743164,216.5670782470703,0.011900441091174125,0.014811629127357017,0.4427216517698098,30041950.0,39.33452861020857,-1.0608987878727572,-0.00528744908785217,0
2021-02-23,222.9330444335937,233.2700042724609,234.8300018310547,228.72999572753903,230.3300018310547,30228700,MSFT,-0.00528744908785217,-0.040594103617470845,0.018634842987762745,228.74168395996094,229.03924484252929,216.98675231933595,0.011899086923735794,0.014529121981393183,-0.1706098461048814,29895780.0,37.420813744891134,-1.525207280425569,0.0054872164127108825,1
2021-02-24,224.1563262939453,234.5500030517578,235.1999969482422,229.0,230.009994506836,26339700,MSFT,0.0054872164127108825,-0.039516682407408465,0.011880564235878577,226.8972137451172,229.17083663940429,217.45530181884766,0.012203426379348487,0.01433362034722293,-0.1286525718935978,28754285.0,30.670475219119737,-1.703414893877488,-0.023705083398858462,0
2021-02-25,218.8426818847656,228.9900054931641,234.58999633789065,227.8800048828125,232.0800018310547,39542200,MSFT,-0.023705083398858462,-0.060707936492343184,-0.014523845417779624,224.0683837890625,229.00957260131835,217.76532653808593,0.01329133179160868,0.015323363903415542,0.5012395737233151,27237865.0,25.057831171321027,-2.106247017394044,0.014804344197359542,1
2021-02-26,222.0825042724609,232.3800048828125,235.3699951171875,229.5399932861328,231.52999877929688,37819200,MSFT,0.014804344197359542,-0.03564740249465903,-0.025173791463639517,222.42652282714843,228.7228210449219,218.12222290039062,0.018067048244460152,0.014491811046114644,-0.043573701008037036,26673265.0,33.56743180121384,-2.078089475034805,0.01962286453738149,1
2021-03-01,226.44039916992188,236.94000244140625,237.47000122070312,233.1499938964844,235.8999938964844,25324000,MSFT,0.01962286453738149,0.010362136578511594,0.023821797582952442,222.8909912109375,228.98625640869142,218.56761169433594,0.01732314573533885,0.013610817474870113,-0.33039302788001856,25814310.0,42.343987284675585,-1.705182862840687,-0.01295687506157328,0
2021-03-02,223.5064392089844,233.8699951171875,237.3000030517578,233.4499969482422,237.009994506836,22812500,MSFT,-0.01295687506157328,0.0025720492753666946,-0.021870966884606435,223.00567016601562,228.73637619018555,218.85611206054688,0.018452851040721738,0.011695823575560715,-0.09917469594060968,25289225.0,36.36507302364859,-1.5972052786766318,-0.02698072150214814,0
2021-03-03,217.47607421875,227.5599975585937,233.5800018310547,227.259994506836,232.16000366210932,34029500,MSFT,-0.02698072150214814,-0.029801755701666988,-0.047705297426725135,221.66961975097655,228.1916519165039,219.02133544921875,0.02174446821054677,0.013052402889035726,0.4917041095890411,25694885.0,31.442419698746946,-1.8549054214315044,-0.0036472167152008517,0
2021-03-04,216.68289184570312,226.72999572753903,232.4900054931641,224.259994506836,226.7400054931641,44727800,MSFT,-0.0036472167152008517,-0.009869144448703682,-0.06480556749201072,221.23766174316407,227.4408851623535,219.18652282714845,0.01934292641687224,0.012429472295886238,0.31438310877327025,26573370.0,27.823643251255973,-1.989843747472214,0.021478987051891663,1
2021-03-05,221.33702087402344,231.6000061035156,233.2700042724609,226.4600067138672,229.5200042724609,41872800,MSFT,0.021478987051891663,-0.003356785807507312,-0.04081086238885412,221.08856506347655,226.97002105712892,219.36851287841796,0.020942258782081273,0.013600677096605989,-0.06383054833906432,27402205.0,35.135544186094805,-1.6885937109349525,-0.018177809682822677,0
2021-03-08,217.3135986328125,227.38999938964844,233.3699951171875,227.1300048828125,231.3699951171875,35267400,MSFT,-0.018177809682822677,-0.040305531038481224,-0.058985495803155485,219.2632049560547,226.2889289855957,219.44429138183594,0.018549713738505967,0.014050370792722441,-0.15774918324067178,28262835.0,32.90630399960084,-1.6796736868589048,0.028101518172059192,1
2021-03-09,223.42044067382807,233.77999877929688,235.3800048828125,231.6699981689453,232.8800048828125,33080500,MSFT,0.028101518172059192,-0.0003847698324070947,-0.033618879029257864,219.24600524902343,225.90030670166016,219.6978903198242,0.02409676558159204,0.01566360445195094,-0.06200910756109046,28806265.0,39.863807675712856,-1.204129937179141,-0.005817410392865985,0
2021-03-10,222.12071228027344,232.4199981689453,237.0,232.0399932861328,237.0,29746800,MSFT,-0.005817410392865985,0.021357007101625358,-0.04436432144523905,220.17493286132813,225.3847213745117,219.89250366210936,0.019572708405754393,0.01560176002225209,-0.10077538126690955,29115355.0,39.14040936082743,-0.930969831789771,0.020264956083034802,1
2021-03-11,226.6219787597656,237.1300048828125,239.1699981689453,234.3099975585937,234.9600067138672,29907600,MSFT,0.020264956083034802,0.0458692738932982,-0.02118388266568827,222.16275024414062,225.13948974609374,220.13499816894532,0.020034574850415182,0.01637569151639074,0.005405623462019449,29501400.0,46.46017360465141,-0.4266515687404908,-0.0058194582268207284,0
2021-03-12,225.3031616210937,235.75,235.82000732421875,233.22999572753903,234.009994506836,22653700,MSFT,-0.0058194582268207284,0.01791901206318136,-0.03352681820800041,222.9559783935547,224.7487030029297,220.3665628051758,0.019555504753178164,0.016302527586549723,-0.24254370126656766,29846530.0,51.26124929400108,-0.1743367619499239,-0.003987411709537203,0
2021-03-15,224.40478515625,234.8099975585937,235.19000244140625,231.8099975585937,234.9600067138672,26034900,MSFT,-0.003987411709537203,0.03263112188123696,-0.03934534405971091,224.37421569824218,224.28915786743164,220.62726196289063,0.01635207422530959,0.0162877750474635,0.14925597143071556,30320220.0,51.57591728084508,-0.0659707082036505,0.012350448016780424,1
2021-03-16,227.17628479003903,237.7100067138672,240.0599975585937,235.94000244140625,236.27999877929688,28092200,MSFT,0.012350448016780424,0.01681065575237195,-0.02233306103365318,225.12538452148434,224.0296859741211,220.92928009033204,0.01213538383961449,0.016568891440525854,0.079020852778386,30388405.0,53.129947970205414,0.18084360798493432,-0.0028184689578507616,0
2021-03-17,226.53599548339844,237.0399932861328,238.5500030517578,233.22999572753903,236.1499938964844,29562100,MSFT,-0.0028184689578507616,0.019877854513422166,-0.02932008168840139,226.00844116210934,223.68755187988282,221.30869232177736,0.011629604285390364,0.016524414460105327,0.052324132677397994,30783835.0,58.828764117663,0.28335161980723567,-0.026662399824117444,0
2021-03-18,220.4960021972656,230.72000122070312,234.19000244140625,230.3300018310547,232.5599975585937,34833000,MSFT,-0.026662399824117444,-0.027031696554878026,-0.05361174010783265,224.78324584960933,223.06301040649413,221.56330047607423,0.013928414464591914,0.017467435374535375,0.1782992412582327,31679205.0,48.2892925671191,-0.05520471257157078,-0.0016034821395575216,0
2021-03-19,220.14244079589844,230.3500061035156,232.47000122070312,229.3500061035156,231.0200042724609,46430700,MSFT,-0.0016034821395575216,-0.022905674239380502,-0.04407177279378416,223.7511016845703,222.5555419921875,221.91858123779298,0.014023015701121995,0.017340031310375422,0.33295151149771773,32737610.0,42.567102509273454,-0.2894433276274906,0.024484491332550817,1
2021-03-22,225.5325164794922,235.9900054931641,236.8999938964844,230.13999938964844,230.2700042724609,30127000,MSFT,0.024484491332550817,0.005025433492681364,0.0063112238516847,223.97664794921874,222.6262649536133,222.26648162841798,0.019149468107463825,0.017287613450498264,-0.3511405169424541,32421615.0,52.26015983386808,-0.07881324270252515,0.006737661563388286,1
2021-03-23,227.0520782470703,237.5800018310547,241.0500030517578,237.07000732421875,237.4900054931641,31638400,MSFT,0.006737661563388286,-0.0005467407968376969,0.018476551217168513,223.951806640625,222.83221664428712,222.61941040039062,0.018481619841744342,0.017286439198463305,0.05016762372622563,32492100.0,61.87773132384873,0.1527828231585984,-0.008923403327333101,0
2021-03-24,225.0260009765625,235.4600067138672,238.0,235.32000732421875,237.8500061035156,25620100,MSFT,-0.008923403327333101,-0.006665583116774898,0.0038797686284202104,223.64980773925782,222.87570037841797,222.9724365234375,0.018913268567646486,0.017392103820757832,-0.19022137655507232,32456120.0,60.04137950285834,0.1587566881150302,-0.013250557525633422,0
2021-03-25,222.04428100585932,232.33999633789065,236.94000244140625,231.57000732421875,235.3000030517578,34061900,MSFT,-0.013250557525633422,0.0070217999109505325,0.014629683266171867,223.95946350097657,223.03578033447266,223.31464752197266,0.014929645128916957,0.01677772574035386,0.329499104218953,32182105.0,50.88693039153059,-0.03834695447583558,0.01781857399456066,1
2021-03-26,226.00079345703125,236.47999572753903,236.7100067138672,231.5500030517578,231.5500030517578,25479900,MSFT,0.01781857399456066,0.026611645805109774,0.0176433942755041,225.13113403320312,223.23169479370117,223.70909973144532,0.016380077507260303,0.016922491636058502,-0.2519530619254945,31565140.0,60.91237652456325,0.09046603876480952,-0.005243536170089769,0
2021-03-29,224.8157501220703,235.2400054931641,236.8000030517578,231.8800048828125,236.58999633789065,25227500,MSFT,-0.005243536170089769,-0.00317810650371142,-0.007174731425166003,224.98778076171874,223.15046234130858,224.14316345214843,0.012688177295788706,0.0163881060171749,-0.009905847354188979,31560315.0,52.0000122481422,0.08847640627017783,-0.014410808004194475,0
2021-03-30,221.5759735107422,231.8500061035156,233.8500061035156,231.1000061035156,233.52999877929688,24792000,MSFT,-0.014410808004194475,-0.024118276206083533,-0.008637181573266317,223.89255981445314,223.05393905639647,224.5194873046875,0.013158444084791951,0.016450626370041424,-0.017262907541373496,31659290.0,49.260319475684604,-0.1267234112372852,0.016907414626735617,1
2021-03-31,225.3222503662109,235.7700042724609,239.1000061035156,232.38999938964844,232.91000366210932,43623500,MSFT,0.016907414626735617,0.0013165118180242796,0.0360783418389683,223.95180969238277,223.44624786376949,224.89846221923827,0.015917304346888168,0.015610776085317994,0.759579703130042,32138990.0,48.19820410580757,-0.01815567226457729,0.027908704702784837,1
2021-04-01,231.61070251464844,242.3500061035156,242.83999633789065,238.0500030517578,238.47000122070312,30338000,MSFT,0.027908704702784837,0.043083395192406115,0.06889242866287382,225.86509399414064,224.19263839721674,225.25255462646484,0.017663252977865782,0.016585996326659594,-0.3045491535525576,31419500.0,57.6851471416647,0.4499290670752822,0.027728405314793925,1
2021-04-05,238.03289794921875,249.07000732421875,249.9600067138672,242.6999969482422,242.759994506836,36910600,MSFT,0.027728405314793925,0.0532392134918549,0.07543192281736721,228.27151489257812,225.02743225097652,225.72307586669922,0.01942493725678035,0.016996970011037674,0.21664579075746593,31171390.0,64.63467548265987,1.1263240264511245,-0.004858098771491126,0
2021-04-06,236.8765106201172,247.8600006103516,249.3999938964844,246.8800048828125,247.6100006103516,22931900,MSFT,-0.004858098771491126,0.053647311149232824,0.09002157301881275,230.6836669921875,226.00557785034175,226.1517822265625,0.019347061456456233,0.016339587311500686,-0.3787177667120014,30554615.0,60.79099639595109,1.411611487331193,0.008230385342276936,1
2021-04-07,238.8260955810547,249.8999938964844,250.92999267578125,247.19000244140625,247.8099975585937,22719800,MSFT,0.008230385342276936,0.0778519520731169,0.0689536501707888,234.13369140625,226.77586059570308,226.55120971679688,0.013895042734651695,0.015402715988080249,-0.009249124581914292,30036580.0,63.28509570882188,1.63180365236438,0.013405502671369751,1
2021-04-08,242.02767944335932,253.25,254.13999938964844,252.0,252.7700042724609,23625200,MSFT,0.013405502671369751,0.07414016613981733,0.08962229122499443,237.4747772216797,227.77120895385738,226.96127349853515,0.013874658562981593,0.015393627254936645,0.03985070291111725,29730500.0,74.79647595175867,1.875832944308727,0.010266477512945738,1
2021-04-09,244.512451171875,255.8500061035156,255.9900054931641,252.44000244140625,252.8699951171875,24326800,MSFT,0.010266477512945738,0.05570445802870694,0.07894411879208985,240.055126953125,228.66573257446285,227.41016326904298,0.011675870086615473,0.015009278830147259,0.029697103093307087,29451460.0,76.75199788277183,2.071989788379472,0.00023451782934591492,1
2021-04-12,244.56979370117188,255.91000366210932,257.6700134277344,254.6199951171875,254.7100067138672,27148700,MSFT,0.00023451782934591492,0.027462152535519202,0.08551425528808188,241.3625061035156,229.62906417846676,227.7452084350586,0.00754448490427277,0.014863002917929871,0.11599963825903936,29676210.0,73.66920516370587,2.068222899241314,0.010081652714734046,1
2021-04-13,247.03546142578125,258.489990234375,259.19000244140625,256.8299865722656,257.260009765625,23837500,MSFT,0.010081652714734046,0.042887117760511684,0.10084756549987928,243.39429626464843,230.7605979919433,228.2624838256836,0.004951289421982452,0.014787066012544954,-0.12196532430650453,29566340.0,74.27442574807606,2.088324943179538,-0.011219097357853536,0
2021-04-14,244.26394653320312,255.58999633789065,258.8299865722656,255.16000366210932,257.4800109863281,23070900,MSFT,-0.011219097357853536,0.022769081992143114,0.07521763003984705,244.48186645507812,231.6149810791015,228.57768188476564,0.010111688406438198,0.015099551930442988,-0.03215941269008915,29315275.0,72.95323415401795,1.7833493150060757,0.015298085054787025,1
2021-04-15,248.000717163086,259.5,259.92999267578125,257.7300109863281,257.92999267578125,25627500,MSFT,0.015298085054787025,0.02467915129981857,0.09475192511408448,245.67647399902344,232.68821716308588,228.97028503417968,0.010551724703252411,0.01522821652778898,0.1108149226948234,29118545.0,80.42111113853238,1.7018875898096537,0.004778386726122186,1
2021-04-16,249.18576049804688,260.739990234375,261.0,257.6000061035156,259.4700012207031,24878600,MSFT,0.004778386726122186,0.019112766256990543,0.1301146416029535,246.61113586425782,234.12270507812497,229.3200357055664,0.010135362429685312,0.013330644331452464,-0.02922251487659744,28620825.0,79.06082720221187,1.5980661863239298,-0.007670429042637594,0
2021-04-19,247.2743988037109,258.739990234375,261.4800109863281,257.82000732421875,260.19000244140625,23209300,MSFT,-0.007670429042637594,0.011058622823404196,0.12324728439332344,247.1520568847656,235.4793029785156,229.6504376220703,0.011377735650443642,0.013584617490426497,-0.06709782704814582,27459755.0,77.64704202853791,1.2844250078956945,-0.0018551869364328288,0
2021-04-20,246.815658569336,258.260009765625,260.20001220703125,256.8399963378906,257.82000732421875,19722900,MSFT,-0.0018551869364328288,-0.0008897623651951125,0.09436839716981171,247.10809631347655,236.5434600830078,229.9680419921875,0.010546568428696225,0.012951665371303626,-0.15021564631419304,26939550.0,83.35433134376525,0.945489891839431,0.008983258498090008,1
2021-04-21,249.03286743164065,260.5799865722656,260.67999267578125,257.25,258.94000244140625,24030400,MSFT,0.008983258498090008,0.01952363812229363,0.09680946042982974,248.0618804931641,237.64249954223632,230.32484161376954,0.008993389172916099,0.012980889278423464,0.2184009450942812,26559150.0,82.65329237607452,0.7770864216788826,-0.013086269159660824,0
2021-04-22,245.77395629882807,257.1700134277344,261.7799987792969,255.63999938964844,260.2099914550781,25606200,MSFT,-0.013086269159660824,-0.008978848487738889,0.09220247985665697,247.6165283203125,238.67989730834955,230.59167236328125,0.008963735332233401,0.013241763171435283,0.0655752713229909,26558455.0,71.28079136225503,0.3731525495811372,0.015476212205816742,1
2021-04-23,249.57760620117188,261.1499938964844,261.510009765625,257.2699890136719,257.8800048828125,21462600,MSFT,0.015476212205816742,0.001572504393275942,0.12399925398027256,247.6948974609375,240.05656356811522,230.9526922607422,0.011758582012568398,0.012764133569036622,-0.16182018417414534,25928490.0,68.82788400378648,0.29263332126761377,0.001531701694721166,1
2021-04-26,249.9598846435547,261.54998779296875,262.44000244140625,260.1700134277344,261.6600036621094,19763300,MSFT,0.001531701694721166,0.010860347261325343,0.10601330561734823,248.23199462890625,241.2545181274414,231.2895120239258,0.010872339911209226,0.0124827594246562,-0.07917493686692201,25642660.0,71.88995080944349,0.20003417293515735,0.001605665362196973,1
2021-04-27,250.3612365722656,261.9700012207031,263.19000244140625,260.1199951171875,261.5799865722656,31014200,MSFT,0.001605665362196973,0.0143652879378946,0.11362854442504422,248.94111022949218,242.53179244995118,231.62482299804688,0.01065686948772036,0.012275582701751947,0.5692824578891178,25931995.0,70.35407403498354,0.10547907212563423,-0.028285666816637023,0
2021-04-28,243.27960205078125,254.5599975585937,256.5400085449219,252.9499969482422,256.0799865722656,46903100,MSFT,-0.028285666816637023,-0.023102433988713034,0.0979511821437935,247.79045715332032,243.61697387695312,231.8431005859375,0.01667466823730669,0.013760342485274812,0.5123104900335975,27037550.0,51.94299880075259,-0.4631323689463658,-0.00805321417308491,0
2021-04-29,241.32041931152344,252.509994506836,256.1000061035156,249.0,255.4600067138672,40589000,MSFT,-0.00805321417308491,-0.018120459361811836,0.07100128335888312,246.89974975585938,244.41688232421876,232.00193542480469,0.016175083903130712,0.013733772495392213,-0.13462009973754396,26885825.0,44.963765342131154,-0.9711071106593447,-0.0013069093449802338,0
2021-04-30,241.00503540039065,252.17999267578125,253.0800018310547,249.6000061035156,249.7400054931641,30945100,MSFT,-0.0013069093449802338,-0.0343483172679816,0.04056087557157717,245.18523559570312,244.88659896850587,232.16229949951173,0.012583712029133174,0.012502255000856914,-0.2375988568331321,26916180.0,44.42112150693245,-1.3073303180560272,-0.0012687956179195936,0
2021-05-03,240.69924926757807,251.8600006103516,254.3500061035156,251.1199951171875,253.3999938964844,19626600,MSFT,-0.0012687956179195936,-0.03704848635685032,0.011201608438713206,243.3331085205078,245.01991653442383,232.37044830322264,0.012170025783315549,0.010955029520078152,-0.36576065354450304,26051980.0,39.36478096955285,-1.5146854369783194,-0.016159722934519394,0
2021-05-04,236.8096160888672,247.7899932861328,251.2100067138672,245.759994506836,250.97000122070312,32756100,MSFT,-0.016159722934519394,-0.05412826949145855,-0.0002824025525995921,240.62278442382814,245.01657180786134,232.62427947998046,0.01143188310796401,0.01152863160621319,0.6689645684937788,26543190.0,37.94068378591737,-1.8556591081114515,-0.0053270857315173,0
2021-05-05,235.5481109619141,246.47000122070312,249.5,245.82000732421875,249.0599975585937,21901300,MSFT,-0.0053270857315173,-0.03178026856215144,-0.013725403880867293,239.07648620605468,244.8526725769043,232.87658081054687,0.0061522883168437055,0.011420349920849537,-0.3313825516468688,26502265.0,28.10081908529918,-2.090557480930248,0.013226700393687008,1
2021-05-06,238.66363525390625,249.72999572753903,249.8600006103516,244.69000244140625,246.4499969482422,26491100,MSFT,0.013226700393687008,-0.01100936284296572,-0.013899419261425128,238.54512939453124,244.68447036743163,233.16672698974608,0.01053915290331646,0.01140884971839474,0.20956746859775444,26645560.0,32.67230002402232,-1.9625595555777449,0.010931867789011784,1
2021-05-07,241.27267456054688,252.4600067138672,254.3000030517578,251.1699981689453,252.1499938964844,27032900,MSFT,0.010931867789011784,0.001110512731452129,-0.013249945333257407,238.5986572265625,244.52248153686523,233.61532684326173,0.012095267722873877,0.011443238811804356,0.02045215185477378,26780865.0,40.3384463166231,-1.641664742066272,-0.020914244747327504,0
2021-05-10,236.2266387939453,247.17999267578125,251.72999572753903,247.1199951171875,250.8699951171875,29299900,MSFT,-0.020914244747327504,-0.018581738361222233,-0.03411359506407674,237.70413513183593,244.1053237915039,233.8982095336914,0.015450030778651126,0.012306260371347457,0.08386077705314632,26888425.0,35.14744218100559,-1.7014750539696961,-0.003843398918272567,0
2021-05-11,235.3187255859375,246.22999572753903,246.6000061035156,242.57000732421875,244.5500030517578,33641600,MSFT,-0.003843398918272567,-0.006295734639298667,-0.04742936812480214,237.40595703125,243.5194869995117,234.07577606201173,0.013856249946323574,0.01199692116524373,0.14818139311055667,27378630.0,30.03056394432187,-1.7288052875157132,-0.029362758600655625,0
2021-05-12,228.4091186523437,239.0,244.3800048828125,238.07000732421875,242.1699981689453,36684400,MSFT,-0.029362758600655625,-0.03030800069003614,-0.06490858804946176,235.97815856933593,242.72674560546875,234.1738296508789,0.018902764199761543,0.013315756237119948,0.09044754113954157,28059305.0,27.144627926555742,-2.1134187167519265,0.016861892094472752,1
2021-05-13,232.26052856445312,243.02999877929688,245.6000061035156,241.4199981689453,241.8000030517578,29624300,MSFT,0.016861892094472752,-0.02682900008055722,-0.06346831887700577,234.69753723144532,241.93973617553712,234.46951873779298,0.019871837231170166,0.013434557923362738,-0.19245510353174644,28259145.0,27.236108291819548,-2.010248395665454,0.0210674085332081,1
2021-05-14,237.15365600585932,248.1499938964844,249.17999267578125,245.4900054931641,245.5800018310547,23901100,MSFT,0.0210674085332081,-0.017072047475703234,-0.0482856824087341,233.8737335205078,241.33813095092773,234.8789340209961,0.02230514343202634,0.014401788374121689,-0.1931927505460045,28210270.0,34.95053918616932,-1.5356912867277495,-0.011968587003224895,0
2021-05-17,234.3152618408203,245.17999267578125,246.58999633789065,243.5200042724609,246.5500030517578,24970200,MSFT,-0.011968587003224895,-0.008091284551494882,-0.05240792021165808,233.4914581298828,240.6901741027832,235.13849884033203,0.020843765246496747,0.014516618833877046,0.04473015886298115,28298315.0,32.16486781410157,-1.3431406975398053,-0.008565008594312973,0
2021-05-18,232.308349609375,243.0800018310547,246.41000366210932,242.8999938964844,246.2700042724609,20168000,MSFT,-0.008565008594312973,-0.012792759985703395,-0.05877791159625945,232.8893829345703,239.96480865478514,235.43839385986328,0.02108491802683629,0.014576219619749297,-0.192317242152646,28320570.0,36.25482029098765,-1.2813156277692057,0.002473831756057532,1
2021-05-19,232.883041381836,243.1199951171875,243.22999572753903,238.6000061035156,239.3099975585937,25739800,MSFT,0.002473831756057532,0.019587321013667447,-0.06485017908022839,233.78416748046874,239.15731735229488,235.62764587402344,0.014764194013920937,0.014367557645958307,0.2762693375644585,28406040.0,39.049466644908996,-1.1369954393828514,0.013820332726103945,1
2021-05-20,236.1015625,246.47999572753903,247.9499969482422,243.8600006103516,243.9600067138672,21800700,MSFT,0.013820332726103945,0.01653760955116823,-0.03935483622629132,234.55237426757813,238.6736976623535,235.90726287841798,0.014150330603929336,0.014654733191770969,-0.1530353771202574,28215765.0,44.081948205398646,-0.7772199566249645,-0.00531481885526619,0
2021-05-21,234.8467254638672,245.1699981689453,248.3300018310547,244.7400054931641,247.57000732421875,21863100,MSFT,-0.00531481885526619,-0.00972757738946739,-0.0590232471635731,234.0909881591797,237.9371536254883,236.0717578125,0.010292211232965278,0.014083311313393458,0.002862293412596806,28235790.0,43.09471779244712,-0.5849691200549982,0.022882135337632725,1
2021-05-24,240.22052001953125,250.77999877929688,251.16000366210932,247.509994506836,247.7899932861328,21411500,MSFT,0.022882135337632725,0.025202191834702736,-0.03896371066866133,235.27203979492188,237.4501853942871,236.37010498046874,0.013175146361964795,0.015204840786691159,-0.020655808188225877,28318200.0,53.888282985359176,-0.08344054730818451,0.003748437727480791,1
2021-05-25,241.1209716796875,251.72000122070312,252.75,250.82000732421875,251.7700042724609,17704300,MSFT,0.003748437727480791,0.03793502078220978,-0.0369077298829803,237.03456420898436,236.9881721496582,236.7044287109375,0.01095571136307943,0.015238170582491741,-0.17314060201293702,27652705.0,56.40554883432313,0.3003582470877302,-0.0009138023645458571,0
2021-05-26,240.900634765625,251.4900054931641,252.94000244140625,250.75,251.42999267578125,17771600,MSFT,-0.0009138023645458571,0.034427553574600145,-0.009778737161283524,238.6380828857422,236.86922378540038,236.97891571044923,0.011439994336048137,0.013901742616491176,0.0038013363985021087,26196130.0,52.75458138645233,0.5180362445768888,-0.008668350175174755,0
2021-05-27,238.8124237060547,249.3099975585937,251.47999572753903,249.25,251.1699981689453,24426200,MSFT,-0.008668350175174755,0.011481758855597102,-0.01039280311473001,239.1802551269531,236.74382400512695,237.22444427490234,0.012392841183129649,0.013920235918873427,0.3744513718517184,25387990.0,46.93114972015192,0.49979783087429575,0.0014840764481787172,1
2021-05-28,239.16683959960932,249.67999267578125,252.0800018310547,249.5599975585937,251.0,18270200,MSFT,0.0014840764481787172,0.018395462517985184,-0.007627209106761956,240.04427795410157,236.65191421508788,237.59786102294922,0.011695405365103795,0.013924971654338262,-0.25202446553291136,24754245.0,54.153691478000916,0.48939127425215584,-0.009131788502745652,0
2021-06-01,236.9828186035156,247.3999938964844,251.2899932861328,246.9600067138672,251.22999572753903,23213300,MSFT,-0.009131788502745652,-0.013478038494598277,-0.015440142316069383,239.39673767089843,236.46609268188476,237.93466857910155,0.00590060134663427,0.014064348262706576,0.27055533053825354,24933580.0,52.26908995881188,0.321326569060272,-0.0004039687060110042,0
2021-06-02,236.8870849609375,247.3000030517578,249.2700042724609,245.83999633789065,248.1300048828125,19406700,MSFT,-0.0004039687060110042,-0.017559180726819723,0.00032713566851616527,238.54996032714843,236.46996612548827,238.16175994873046,0.004988490478759875,0.013584954844205013,-0.16398357837963584,24266110.0,64.19863761443526,0.19579227228344698,-0.006429588797982166,0
2021-06-03,235.363998413086,245.7100067138672,246.33999633789065,243.0,245.22000122070312,25307700,MSFT,-0.006429588797982166,-0.022983070833024866,-0.0007816345801977542,237.44263305664063,236.46076049804688,238.32799835205077,0.004874786225713859,0.013610366783130351,0.3040702437817866,24436430.0,55.637233027657366,0.011959348771772682,0.020674802258568103,1
2021-06-04,240.2301025390625,250.7899932861328,251.6499938964844,247.509994506836,247.759994506836,25281100,MSFT,0.020674802258568103,0.005936369687168375,0.0065634937785545855,237.72616882324218,236.5390838623047,238.63208038330077,0.011692629365963523,0.014083580476610165,-0.0010510635103150312,24375930.0,55.593638470143446,0.2089387657890749,0.012041880826132667,1
2021-06-07,243.1229248046875,253.8099975585937,254.08999633789065,249.8099975585937,249.97999572753903,23079200,MSFT,0.012041880826132667,0.016541110848398155,0.0076687102984649425,238.51738586425782,236.63159637451173,239.05365325927735,0.012661212891812794,0.01412929305922701,-0.08709668487526256,24178245.0,65.98258365521741,0.5078715416631925,-0.004885427404134113,0
2021-06-08,241.93516540527344,252.57000732421875,256.010009765625,252.509994506836,255.16000366210932,22455000,MSFT,-0.004885427404134113,0.02089749303743149,0.024165465167150568,239.5078552246094,236.91702270507812,239.3723406982422,0.011722242535735406,0.013281225537410738,-0.027045998128184645,23836000.0,68.00428744854021,0.593465426774435,0.004038418808709698,1
2021-06-09,242.9122009277344,253.58999633789065,255.52999877929688,253.2100067138672,253.8099975585937,17937600,MSFT,0.004038418808709698,0.025434548142590607,0.03226889540086253,240.71287841796874,237.29669647216798,239.73426971435546,0.01145131640655714,0.013238117537433721,-0.20117568470273883,23050800.0,68.47866608114116,0.6776551821269369,0.014393171039230213,1
2021-06-10,246.40847778320312,257.239990234375,257.4599914550781,253.6699981689453,254.2899932861328,24563600,MSFT,0.014393171039230213,0.04692510088451596,0.07880315478234401,242.9217742919922,238.19666442871093,240.2309197998047,0.009896258976791717,0.0113151280908061,0.36939166889661945,22444760.0,68.79802656259234,0.9157790732864751,0.0025270880630958725,1
2021-06-11,247.0311737060547,257.8900146484375,258.489990234375,256.6099853515625,257.989990234375,18999700,MSFT,0.0025270880630958725,0.028310653390685392,0.06359515856135944,244.28198852539063,238.93519668579103,240.66509826660158,0.007756296569478404,0.010894399119620066,-0.2265099578237718,21913530.0,72.74682463990575,1.052430583052753,0.007755181079512674,1
2021-06-14,248.9469451904297,259.8900146484375,259.95001220703125,256.79998779296875,257.8999938964844,19150500,MSFT,0.007755181079512674,0.02395504410133653,0.04972847302121708,245.44679260253906,239.52486114501954,241.01182312011719,0.007076541832723236,0.010120878291161494,0.007936967425801411,21676000.0,68.70638600191434,1.1984400313530947,-0.005887225040387745,0
2021-06-15,247.48133850097656,258.3599853515625,259.989990234375,257.67999267578125,259.7699890136719,18038900,MSFT,-0.005887225040387745,0.022924212304616942,0.05618958217540482,246.5560272216797,240.18316497802735,241.20079193115234,0.007423772320575833,0.009748512822662111,-0.05804548184120517,21329435.0,63.31184487946529,1.124137654895407,-0.0037932202338537557,0
2021-06-16,246.54258728027344,257.3800048828125,260.5799865722656,254.4199981689453,259.3999938964844,27220000,MSFT,-0.0037932202338537557,0.014945261451148939,0.06127303514847071,247.2821044921875,240.89487686157227,241.39411346435546,0.008333221828652489,0.009511702649829468,0.5089611894295107,21682035.0,61.46351928935374,0.9467036962615114,0.01367632136700081,1
2021-06-17,249.9143829345703,260.8999938964844,261.75,256.010009765625,256.07000732421875,27565500,MSFT,0.01367632136700081,0.014228021628589271,0.07313259673901995,247.98328552246093,241.74644393920897,241.61587921142578,0.008090822361391808,0.009803191871821666,0.012692872887582585,21773320.0,71.43907829212972,0.9868615433343986,-0.005634253771845343,0
2021-06-18,248.5063018798828,259.42999267578125,262.29998779296875,258.75,259.6300048828125,37202200,MSFT,-0.005634253771845343,0.005971425191799495,0.05253984449968563,248.27831115722657,242.36668090820314,241.74545166015625,0.00895117725394068,0.009698316252367407,0.34959278808655747,22543395.0,67.33025539907933,0.8540067560865845,0.012334744904384465,1
2021-06-21,251.57156372070312,262.6300048828125,263.5199890136719,257.9200134277344,259.82000732421875,26696100,MSFT,0.012334744904384465,0.010542883055928876,0.07121597383911227,248.80323486328126,243.20292282104492,241.8866339111328,0.009963658936483545,0.009742349819907535,-0.28240534161958164,22785045.0,76.21349640502393,0.9032073078396881,0.010966098489512355,1
2021-06-22,254.330322265625,265.510009765625,265.7900085449219,262.3999938964844,262.7200012207031,24694100,MSFT,0.010966098489512355,0.0276747483512636,0.058736873290202496,250.17303161621095,243.9084129333496,242.08184448242187,0.009404510317369847,0.008814169352662214,-0.0749922273290855,22949175.0,78.60503057782593,1.0423185284062995,-0.0009037789768434612,0
2021-06-23,254.1004638671875,265.2699890136719,266.8299865722656,264.42999267578125,265.989990234375,19518700,MSFT,-0.0009037789768434612,0.03065546066620195,0.05382979380467301,251.68460693359376,244.5573875427246,242.22314453125,0.00875637617032025,0.00885175811089941,-0.20958042609368233,23039895.0,82.08674801808479,1.037389368136929,0.00535287671785678,1
2021-06-24,255.46063232421875,266.69000244140625,267.8500061035156,265.4700012207031,266.1600036621094,21446900,MSFT,0.00535287671785678,0.022192597818991855,0.06043984721235507,252.79385681152343,245.2853874206543,242.44707824707032,0.007677816154201501,0.008829405014662535,0.09878731677826913,23223660.0,79.64217283516525,1.0415442615228816,-0.006262025241149827,0
2021-06-25,253.8609313964844,265.0199890136719,267.25,264.760009765625,266.2300109863281,25611100,MSFT,-0.006262025241149827,0.021547258464253316,0.06301392304846076,253.86478271484376,246.03781280517578,242.5642825317383,0.007885718226052963,0.00867747622443405,0.19416325902578002,23282905.0,72.00634679995706,0.8599092179798342,0.013961265923064348,1
2021-06-28,257.4051513671875,268.7200012207031,268.8999938964844,265.9100036621094,266.19000244140625,19590000,MSFT,0.013961265923064348,0.023188581253805296,0.07625769441161268,255.03150024414063,246.9497283935547,242.7286703491211,0.008321656824465947,0.008998108654533751,-0.2350972820378664,23348895.0,78.91155725414627,0.8976593579906877,0.009973262678768524,1
2021-06-29,259.9723205566406,271.3999938964844,271.6499938964844,267.9800109863281,268.8699951171875,19937800,MSFT,0.009973262678768524,0.02218374215372987,0.09700915065740534,256.15989990234374,248.09920349121094,242.9826287841797,0.008142372708401334,0.008565708610208125,0.017753956100051038,23185120.0,80.09464028079852,1.0065379105920647,-0.001842518869795029,0
2021-06-30,259.4933166503906,270.8999938964844,271.3599853515625,269.6000061035156,270.69000244140625,21656500,MSFT,-0.001842518869795029,0.02122330947818285,0.0954304102023158,257.23847045898435,249.2295150756836,243.23618194580078,0.00830513873904837,0.00861648952870013,0.08620309161492234,23297610.0,75.83195768215836,0.9575970265262348,0.0025840057663830684,1
2021-07-01,260.1638488769531,271.6000061035156,271.8399963378906,269.6000061035156,269.6099853515625,16725300,MSFT,0.0025840057663830684,0.0184107293164657,0.10536807086503108,258.1791137695312,250.46950759887696,243.45880157470702,0.008304408902840552,0.008236416758861427,-0.22770069032392126,22868490.0,75.87751923533716,0.8834816921863915,0.022275297185975207,1
2021-07-02,265.9590759277344,277.6499938964844,278.0,272.5,272.82000732421875,26458000,MSFT,0.022275297185975207,0.04765658293577624,0.10710137121341079,260.59874267578124,251.75595626831054,243.86250396728516,0.009483651569759595,0.00840228567704096,0.5819148236503979,22927335.0,79.07645476551997,1.1225051663944194,3.625954351749172e-05,1
2021-07-06,265.9687194824219,277.6600036621094,279.3699951171875,274.29998779296875,278.0299987792969,31565600,MSFT,3.625954351749172e-05,0.0332688295853818,0.09396808094542108,262.31145629882815,252.89824600219725,244.19032623291017,0.009843535034422783,0.008311122767632928,0.19304558167661945,23351655.0,83.25287177767258,1.1734871349314862,0.00817519792575383,1
2021-07-07,268.14306640625,279.92999267578125,280.69000244140625,277.1499938964844,279.3999938964844,23260000,MSFT,0.00817519792575383,0.03142929151886076,0.10832613339641983,263.94560546875,254.2086410522461,244.55398986816405,0.009721823235710051,0.008040826965657534,-0.26312187951440813,23391905.0,87.19889087256026,1.2394074689731909,-0.008966128994076339,0
2021-07-08,265.7388610839844,277.4200134277344,278.7300109863281,274.8699951171875,276.8999938964844,24618600,MSFT,-0.008966128994076339,0.024068228477761577,0.09397082595715656,265.19471435546876,255.3499740600586,244.86154235839842,0.011552986024084217,0.00864188389308366,0.058409286328460874,23725955.0,78.19136703554804,1.0162178599293439,0.0018741966190733983,1
2021-07-09,266.2369079589844,277.94000244140625,278.04998779296875,275.32000732421875,275.7200012207031,23916700,MSFT,0.0018741966190733983,0.0233432089363943,0.0804697563743193,266.409326171875,256.34139556884764,245.3206884765625,0.011591641178062185,0.008338396144667868,-0.028510963255424793,23693610.0,82.64566318575277,0.8064184966358559,-0.0022306151121767037,0
2021-07-12,265.6430358886719,277.32000732421875,279.7699890136719,276.5799865722656,279.1600036621094,18931700,MSFT,-0.0022306151121767037,-0.0011883032679372851,0.0753421598715458,266.3461181640625,257.2719886779785,245.80714080810546,0.006234340333150755,0.008447087118850212,-0.2084317652518951,23690210.0,78.50235513741399,0.5444882022237936,0.013197977940606176,1
2021-07-13,269.14898681640625,280.9800109863281,282.8500061035156,277.3900146484375,277.5199890136719,26120100,MSFT,0.013197977940606176,0.011957298362654134,0.08114998804473461,266.9821716308594,258.28209075927737,246.37001983642577,0.008672610331719477,0.008670276907433513,0.37970177004706396,24038690.0,79.13395747785461,0.5240141960327067,0.005444995926060958,1
2021-07-14,270.614501953125,282.510009765625,283.6600036621094,280.54998779296875,282.3500061035156,23113700,MSFT,0.005444995926060958,0.009216854196522961,0.09347437504689737,267.47645874023436,259.4387489318848,246.96832489013673,0.008296689982464281,0.008358640669358977,-0.11509909992687628,24292430.0,80.96273476730407,0.5245434150466481,-0.005238682938227379,0
2021-07-15,269.19683837890625,281.0299987792969,282.510009765625,279.8299865722656,282.0,22604200,MSFT,-0.005238682938227379,0.013012689528420163,0.09188778031634381,268.1680541992188,260.5714614868164,247.6160693359375,0.007171423551336889,0.008440074746237492,-0.022043203814188117,24061640.0,75.69907551203119,0.353016035935795,-0.0009964809146130182,0
2021-07-16,268.9285888671875,280.75,284.1000061035156,279.4599914550781,282.07000732421875,26186800,MSFT,-0.0009964809146130182,0.010110096788751077,0.07608287970202676,268.7063903808594,261.5221717834473,248.28367889404296,0.007357512488291265,0.008229939210607093,0.1584926695038975,23992705.0,79.66816448523551,0.1551869883333774,-0.013321339426062728,0
2021-07-19,265.3460998535156,277.010009765625,280.3699951171875,274.45001220703125,278.92999267578125,32935600,MSFT,-0.013321339426062728,-0.0011178009397569966,0.06776406813929592,268.6470031738281,262.3641616821289,248.81732818603516,0.010118825925014476,0.008845538276288074,0.25771762872897797,23779375.0,65.61217155275136,-0.2606176348437028,0.008338833708785076,1
2021-07-20,267.55877685546875,279.32000732421875,280.9700012207031,276.260009765625,278.0299987792969,26259700,MSFT,0.008338833708785076,-0.005908288861671385,0.06354936503282538,268.32896118164064,263.1635223388672,249.3430502319336,0.008637335140282984,0.00867469987051042,-0.20269556346324347,23757555.0,65.12606831626178,-0.42082000361074723,0.007446820401931342,1
2021-07-21,269.5512390136719,281.3999938964844,281.5199890136719,277.2900085449219,278.8999938964844,24364300,MSFT,0.007446820401931342,-0.00392906858937403,0.059847039127918,268.11630859375,263.92456817626953,250.00954223632812,0.009055968726154934,0.008541863985920082,-0.07217904241099482,23741065.0,68.91235238084307,-0.4255122212141984,0.016844085951505994,1
2021-07-22,274.0915832519531,286.1400146484375,286.4200134277344,283.4200134277344,283.8399963378906,23384100,MSFT,0.016844085951505994,0.018182772511456058,0.07867407670382898,269.0952575683594,264.9241241455078,250.78499938964845,0.01140285370864461,0.009028984181192563,-0.0402309937080072,23934335.0,72.86181442208276,-0.16891800454245143,0.012336895459778008,1
2021-07-23,277.4730224609375,289.6700134277344,289.989990234375,286.5,287.3699951171875,22768100,MSFT,0.012336895459778008,0.031772128168826796,0.08616744559209288,270.80414428710935,266.0247436523438,251.7662774658203,0.011598347230888801,0.009223838733722107,-0.02634268584208932,24000395.0,70.52623332364932,0.1644207810785101,-0.0021403975875681214,0
2021-07-26,276.8791198730469,289.04998779296875,289.69000244140625,286.6400146484375,289.0,23176100,MSFT,-0.0021403975875681214,0.04346406457791563,0.0906724337216438,273.1107482910156,267.1756530761719,252.6586492919922,0.007047649848675621,0.009022060857987369,0.017919808855372255,23878645.0,69.05336468461478,0.2743156311967301,-0.008683781974092808,0
2021-07-27,274.4747619628906,286.5400085449219,289.5799865722656,282.95001220703125,289.42999267578125,33604100,MSFT,-0.008683781974092808,0.025848470338754037,0.06631417632879222,274.4939453125,268.02913360595704,253.4050714111328,0.010466629617170204,0.009176979800318239,0.4499462808669277,24579350.0,60.96922671860576,0.12223503180931772,-0.0011163011206707374,0
2021-07-28,274.1683654785156,286.2200012207031,290.1499938964844,283.8299865722656,288.989990234375,33566900,MSFT,-0.0011163011206707374,0.017128938014673967,0.05460598609682399,275.41737060546876,268.73893585205076,254.2021334838867,0.010697087774818311,0.009084269943970285,-0.0011070077758368324,25260805.0,65.74821376037366,-0.05246598908940481,0.0009780776805390357,1
2021-07-29,274.4365234375,286.5,288.6199951171875,286.0799865722656,286.239990234375,18168300,MSFT,0.0009780776805390357,0.0012584851437404954,0.05758609501007683,275.4863586425781,269.48609619140626,255.04469696044922,0.007648746286642441,0.009031765087269321,-0.4587435837089514,25086395.0,65.4514525866382,-0.1954006328525839,-0.005549923849649363,0
2021-07-30,272.9134216308594,284.9100036621094,286.6600036621094,283.9100036621094,285.1700134277344,20944800,MSFT,-0.005549923849649363,-0.016432591498944826,0.0490059353324539,274.5744384765625,270.1235748291016,255.8453045654297,0.0038230355241209574,0.009225056650463808,0.15282112250458213,25297370.0,63.236833507797556,-0.42480051259486995,-0.00031578381198693606,0
2021-08-02,272.8272399902344,284.82000732421875,286.7699890136719,283.739990234375,286.3599853515625,16267400,MSFT,-0.00031578381198693606,-0.014634111393702631,0.025824138689541032,273.7640625,270.46698303222655,256.5798181152344,0.004042475250011331,0.007964905163068924,-0.22332034681639357,24787840.0,57.649342061004845,-0.6037005119933037,0.008075165075448032,1
2021-08-03,275.0303649902344,287.1199951171875,287.2300109863281,284.0,285.4200134277344,17879000,MSFT,0.008075165075448032,0.002024240856865589,0.03407034302923506,273.87518310546875,270.92006530761716,257.38349090576173,0.004935950446848869,0.008099180027144215,0.09906930425267713,24103510.0,58.909938190340256,-0.5940957740008974,-0.002124565657977917,0
2021-08-04,274.446044921875,286.510009765625,287.5899963378906,284.6499938964844,286.2200012207031,16191300,MSFT,-0.002124565657977917,0.0010128062837400087,0.023506028330696038,273.93071899414065,271.23521423339844,258.0680014038086,0.005033738658498555,0.007993055784164912,-0.09439565971251185,23750075.0,60.95995677339933,-0.6433775826328256,0.010506004193461482,1
2021-08-05,277.3293762207031,289.5199890136719,289.6300048828125,286.1000061035156,286.8800048828125,13900200,MSFT,0.010506004193461482,0.010541063364920333,0.04361618428497627,274.50928955078126,271.8147399902344,258.7921694946289,0.006865969580017186,0.007875576368191105,-0.14150191769654075,23214155.0,65.81337395866005,-0.5042211071833345,-0.00020753716439314562,0
2021-08-06,277.2718200683594,289.4599914550781,289.5,287.6199951171875,288.510009765625,16589300,MSFT,-0.00020753716439314562,0.015969894083828207,0.04144771735057495,275.38096923828124,272.3664855957031,259.5195932006836,0.005689180220643453,0.007893375925849775,0.19345764809139432,22847785.0,75.88344231197212,-0.44078132310381335,-0.0039035211927213043,0
2021-08-09,276.1894836425781,288.3299865722656,291.54998779296875,287.8099975585937,289.75,16117600,MSFT,-0.0039035211927213043,0.012323709511059544,0.039701578167199436,276.05341796875,272.89380798339846,260.2671343994141,0.006420596666152704,0.007949921651731619,-0.0284339905842923,22707080.0,69.6985020526601,-0.4925193657905824,-0.006555230908743548,0
2021-08-10,274.3789978027344,286.44000244140625,289.25,285.20001220703125,288.79998779296875,18616600,MSFT,-0.006555230908743548,-0.00236834644612105,0.01943165771564148,275.92314453125,273.15530853271486,260.97137756347655,0.006559294863391321,0.007705989857970881,0.1550478979500669,22331905.0,61.11104867914244,-0.6590826884930587,0.001780476620066418,1
2021-08-11,274.8675231933594,286.95001220703125,288.6600036621094,285.8599853515625,287.2099914550781,13955900,MSFT,0.001780476620066418,0.001535741830800852,0.01571616158608924,276.0074401855469,273.3679595947266,261.72907165527346,0.006543562076976525,0.007637773493838615,-0.25035183653298665,21874015.0,52.195242403939794,-0.7406650389802856,0.009967070651377918,1
2021-08-12,277.6071472167969,289.8099975585937,289.9700012207031,286.3399963378906,286.6300048828125,14561300,MSFT,0.009967070651377918,0.0010015924020709832,0.031242227392183297,276.0629943847656,273.7884750366211,262.5434729003906,0.006335029049515271,0.007760061304416831,0.04337950257597156,21471870.0,50.39375722336203,-0.6193582996027915,0.010489487811476517,1
2021-08-13,280.51910400390625,292.8500061035156,292.8999938964844,289.29998779296875,289.4800109863281,18249000,MSFT,0.010489487811476517,0.011711554151973669,0.043098858271415796,276.712451171875,274.36800079345704,263.446575012207,0.007794307039147179,0.007982131798689805,0.2532534869826184,21074980.0,59.40590780120591,-0.36483419181610977,0.005975816058441774,1
2021-08-16,282.1954345703125,294.6000061035156,294.82000732421875,290.0199890136719,293.19000244140625,22507600,MSFT,0.005975816058441774,0.021745762541439895,0.0634994624985954,277.91364135742185,275.21046752929686,264.285881652832,0.007025184622386876,0.007136008212119507,0.23336073209490937,20553580.0,70.7306120910475,-0.11817784050682167,-0.005159522352162549,0
2021-08-17,280.73944091796875,293.0799865722656,293.42999267578125,291.0799865722656,292.3900146484375,20075300,MSFT,-0.005159522352162549,0.023181231676512093,0.04926268619332186,279.18572998046875,275.8695007324219,265.0382119750977,0.006491952782589387,0.007252531171863557,-0.10806572002345871,20244360.0,66.61794192236866,-0.0890112428063885,-0.00611918119589927,0
2021-08-18,279.02154541015625,290.7300109863281,294.82000732421875,290.2699890136719,292.0400085449219,21813000,MSFT,-0.00611918119589927,0.01511281568857692,0.03513360365597884,280.01653442382815,276.34301605224607,265.7799395751953,0.008112036274861996,0.007391894348336258,0.08655910496978869,20116795.0,60.80315001394957,-0.21420306037628833,0.02077517850310917,1
2021-08-19,284.8182678222656,296.7699890136719,297.4700012207031,288.6400146484375,288.69000244140625,29850500,MSFT,0.02077517850310917,0.02597599045184973,0.03913540300306195,281.45875854492186,276.87935028076174,266.6180609130859,0.01125399963798338,0.00785220334756569,0.3684729289873012,20440115.0,73.34797701699785,0.05047259196367371,0.02557526177484548,1
2021-08-20,292.1025695800781,304.3599853515625,305.8399963378906,298.0599975585937,299.7200012207031,40817600,MSFT,0.02557526177484548,0.041292965116595415,0.05272421437366992,283.77545166015625,277.61082763671874,267.5319427490234,0.014564487338048855,0.009213766521334045,0.36740088105726865,21342590.0,79.47973803007277,0.6404536877432223,0.0009527125876431786,1
2021-08-23,292.380859375,304.6499938964844,305.3999938964844,301.8500061035156,303.25,22830200,MSFT,0.0009527125876431786,0.03609351377422687,0.055987390847893836,285.8125366210937,278.3859146118164,268.43893646240235,0.01492583814771338,0.00915556736389053,-0.44067755086041316,21325295.0,78.19598391184245,0.9548351096636027,-0.006663162412574586,0
2021-08-24,290.43267822265625,302.6199951171875,305.6499938964844,302.0,305.0199890136719,18175800,MSFT,-0.006663162412574586,0.034527522292529644,0.05813983094709152,287.7511840820313,279.1838104248047,269.2686511230469,0.015248889922333878,0.009032885216444372,-0.20387031213042373,20553880.0,74.87686226239117,0.9357311648636113,-0.00201578287378934,0
2021-08-25,289.84722900390625,302.010009765625,304.5899963378906,300.4200134277344,304.29998779296875,20006100,MSFT,-0.00201578287378934,0.03879873712919357,0.057186989819287604,289.91632080078125,279.9677536010742,270.1159689331055,0.014462926308915108,0.009055976696407703,0.10069983164427421,19875840.0,70.9794197766137,0.7934401610506825,-0.009668537081659823,0
2021-08-26,287.0448303222656,299.0899963378906,302.42999267578125,298.95001220703125,300.989990234375,17666100,MSFT,-0.009668537081659823,0.007817484872105984,0.045942525166979165,290.36163330078125,280.5981689453125,270.9260137939453,0.013996064710323632,0.009473430744508803,-0.11696432588060646,19850730.0,64.99917566873873,0.4381080785759872,0.0021062345542179894,1
2021-08-27,287.6494140625,299.7200012207031,300.8699951171875,296.8299865722656,298.989990234375,22605700,MSFT,0.0021062345542179894,-0.015245177486729822,0.053995118098560946,289.47100219726565,281.33496856689453,271.6807144165039,0.005013425640960327,0.009292893134028162,0.27960896858955864,19933775.0,67.84994823539253,0.18430019211006687,0.012912043842703946,1
2021-08-30,291.3635559082031,303.5899963378906,304.2200012207031,301.0599975585937,301.1199951171875,16348100,MSFT,0.012912043842703946,-0.0034793777847547114,0.06794158793906435,289.2675415039063,282.261784362793,272.5378594970703,0.00881592456307181,0.009536472405504691,-0.27681513954445114,19937810.0,74.97406341092173,0.20545541003652446,-0.005632422897079548,0
2021-08-31,289.72247314453125,301.8800048828125,304.5,301.5,304.4200134277344,26285300,MSFT,-0.005632422897079548,-0.0024453346037752732,0.05341994930202909,289.12550048828126,282.9963897705078,273.3008776855469,0.008651137064105984,0.009669513253369318,0.6078504535695279,20358125.0,71.12661813175605,0.05561698516650271,-0.00016590078437894729,0
2021-09-01,289.6744079589844,301.8299865722656,305.19000244140625,301.489990234375,302.8699951171875,18983800,MSFT,-0.00016590078437894729,-0.0005962487394335358,0.05548763889617847,289.0909362792969,283.75780792236327,274.00775939941406,0.008607397618134551,0.009628447553937271,-0.27777883455771857,20497750.0,68.58480616190994,-0.09200626658595645,-0.002252937747595385,0
2021-09-02,289.02178955078125,301.1499938964844,303.3599853515625,300.17999267578125,302.20001220703125,16285600,MSFT,-0.002252937747595385,0.0068872838653673,0.04216074578689111,289.486328125,284.34242858886716,274.70618591308596,0.00704053752144541,0.009509283138782298,-0.14213171230206811,20617020.0,64.07447221234361,-0.26887390938155953,-3.29438288712014e-05,0
2021-09-03,289.01226806640625,301.1400146484375,302.6000061035156,300.260009765625,300.989990234375,14747900,MSFT,-3.29438288712014e-05,0.0047378994612174985,0.04234273787777054,289.75889892578124,284.92945098876953,275.37721862792966,0.007051379220903843,0.009507123980205374,-0.09442083804096868,20524950.0,61.94291115877901,-0.41314591451554605,-0.003187842819814324,0
2021-09-07,288.0909423828125,300.17999267578125,301.0899963378906,298.20001220703125,301.010009765625,17180400,MSFT,-0.003187842819814324,-0.011232062003051935,0.04309164340100757,289.1043762207031,285.52452392578124,276.06181884765624,0.002322662955675723,0.009484585816515607,0.16493873704052775,20578090.0,63.12553533248915,-0.5866721992816508,9.999826274209589e-05,1
2021-09-08,288.1197509765625,300.2099914550781,300.6099853515625,297.4700012207031,299.7799987792969,15046800,MSFT,9.999826274209589e-05,-0.005531922154927926,0.05007946411301889,288.78383178710936,286.21156158447263,276.6761108398438,0.001511554256312726,0.009277428938271487,-0.12418802821820218,20399600.0,67.28678682509457,-0.7074654706787218,-0.009859965588784658,0
2021-09-09,285.2789001464844,297.25,302.1400146484375,297.0,300.82000732421875,19927000,MSFT,-0.009859965588784658,-0.015173959769074097,0.03787779957474635,287.90473022460935,286.7321304321289,277.18224243164065,0.0040637114809203385,0.00968045196249297,0.32433474227078185,20698155.0,50.98595854976433,-0.9703970314840902,-0.005180776804154963,0
2021-09-10,283.8009338378906,295.7099914550781,299.9200134277344,295.3800048828125,298.4200134277344,19633400,MSFT,-0.005180776804154963,-0.01806388273010573,0.02231133702136545,286.8605590820313,287.0418197631836,277.66839477539065,0.004131118385264429,0.009608777733425973,-0.014733778290761279,20951760.0,26.35304058165532,-1.2194469741827163,0.004328685923646658,1
2021-09-13,285.0294189453125,296.989990234375,298.5400085449219,294.0799865722656,297.54998779296875,23652900,MSFT,0.004328685923646658,-0.013780899848094386,0.01607845910324679,286.0639892578125,287.26733551025393,278.1657061767578,0.005359145905854854,0.009389780651074509,0.20472765797060122,21221955.0,30.134977784081727,-1.271241805122941,0.009427994728819833,1
2021-09-14,287.7166748046875,299.7900085449219,301.3900146484375,298.1000061035156,299.5599975585937,21853400,MSFT,0.009427994728819833,-0.0012991299727419525,0.019565306727169274,285.9891357421875,287.5433975219727,278.6008581542969,0.00760614183616457,0.009519999187730773,-0.07607946594286541,21189245.0,42.942715767437434,-1.1006930241998365,0.01677817965824846,1
2021-09-15,292.5440368652344,304.82000732421875,305.32000732421875,301.82000732421875,303.260009765625,28356300,MSFT,0.01677817965824846,0.015355718841475019,0.04204822773980976,286.8739929199219,288.1336273193359,279.13236450195313,0.010783989878208304,0.010022082987648916,0.2975692569577275,21603295.0,55.74168430709815,-0.6606387436569738,0.0013122148013948731,1
2021-09-16,292.92791748046875,305.2200012207031,305.3099975585937,300.760009765625,303.760009765625,19550800,MSFT,0.0013122148013948731,0.026812418759525336,0.04983977868042566,288.40379638671874,288.8289459228516,279.6280615234375,0.00829873457170424,0.009837023969070144,-0.31053064045732337,21490185.0,63.963499345926124,-0.356798885409614,-0.017528172155660826,0
2021-09-17,287.7934265136719,299.8699951171875,304.5,299.5299987792969,304.1700134277344,41372500,MSFT,-0.017528172155660826,0.01406793353985858,0.010445814147226118,289.202294921875,288.9777038574219,280.06915283203125,0.012816829263754517,0.009816370227184,1.1161538146776602,22066285.0,50.28131986050255,-0.5056197411961967,-0.01857468626778358,0
2021-09-20,282.44775390625,294.29998779296875,298.7200012207031,289.5199890136719,296.3299865722656,38278700,MSFT,-0.01857468626778358,-0.009057538862533465,-0.03305282691524325,288.6859619140625,288.49496307373045,280.39336975097655,0.015887365039489093,0.008808597520507663,-0.07477914073357905,21939340.0,33.62714318859162,-0.9426828371481388,0.0016987119091784741,1
2021-09-21,282.92755126953125,294.79998779296875,297.5400085449219,294.07000732421875,295.69000244140625,22364100,MSFT,0.0016987119091784741,-0.01664527625452117,-0.03233217155759227,287.72813720703124,288.02229766845704,280.73906005859374,0.014875675869729234,0.008821733897406741,-0.4157560209724991,21916035.0,36.96597957697504,-1.1635825663120145,0.012822390753071122,1
2021-09-22,286.55535888671875,298.5799865722656,300.2200012207031,294.510009765625,296.7300109863281,26626300,MSFT,0.012822390753071122,-0.020471030764077414,-0.013350148336149004,286.5304016113281,287.8284317016602,281.0871875,0.013593253523170042,0.00929690166597138,0.19058222776682276,22338560.0,44.73948334165435,-1.033864656015702,0.0032823754510988845,1
2021-09-23,287.4959411621094,299.5599975585937,300.8999938964844,297.5299987792969,298.8500061035156,18604600,MSFT,0.0032823754510988845,-0.018543730365753075,-0.008112162568803427,285.4440063476562,287.7108673095703,281.4248162841797,0.013814445704543958,0.009330778595353703,-0.3012697971554441,22268485.0,47.451295838086764,-0.8603224858893275,-0.0007009057851211642,0
2021-09-24,287.29443359375,299.3500061035156,299.79998779296875,296.92999267578125,298.2300109863281,14999000,MSFT,-0.0007009057851211642,-0.00173385794792702,0.0008695619816743161,285.3442077636719,287.72334747314454,281.7867681884766,0.011436237693761033,0.00907209438884966,-0.19380153295421565,22135130.0,47.148897546704596,-0.7393341427686897,-0.017304216329950606,0
2021-09-27,282.3230285644531,294.1700134277344,296.4700012207031,292.94000244140625,296.1400146484375,23571700,MSFT,-0.017304216329950606,-0.0004415873026849537,-0.01851693498283835,285.3192626953125,287.4570281982422,282.0546569824219,0.010931518135984876,0.00984918798335238,0.5715514367624508,22183430.0,41.56142426610113,-0.9603465496920585,-0.036203564071579764,0
2021-09-28,272.1019287109375,283.5199890136719,290.7799987792969,282.75,289.79998779296875,43186200,MSFT,-0.036203564071579764,-0.038262878641609266,-0.06610856713780011,283.1541381835938,286.4939468383789,282.1897735595703,0.01933540258708412,0.012094503413485953,0.8321207210341215,23525335.0,31.948968811216517,-1.7169670009032274,0.0016926425007144363,1
2021-09-29,272.5625,284.0,286.7699890136719,283.010009765625,285.1000061035156,26353700,MSFT,0.0016926425007144363,-0.048831258787417786,-0.05922900270139142,280.35556640625,285.63594818115234,282.28984802246094,0.016878043672652835,0.012132398446370946,-0.38976571219509937,23528755.0,34.857060207477645,-2.084040290423834,-0.007323658922839038,0
2021-09-30,270.5663452148437,281.9200134277344,287.8299865722656,281.6199951171875,285.7099914550781,32343600,MSFT,-0.007323658922839038,-0.05888638246102973,-0.06596393129366895,276.9696472167969,284.6805450439453,282.3101501464844,0.015418886472361407,0.012150655167106294,0.22728876780110574,24196745.0,34.43212029531047,-2.339742946699464,0.025467977484114,1
2021-10-01,277.4571228027344,289.1000061035156,289.9800109863281,281.2900085449219,282.1199951171875,30086300,MSFT,0.025467977484114,-0.034241216120901696,-0.04001313107230264,275.00218505859374,284.102311706543,282.3774609375,0.02285009865987537,0.0137556995803753,-0.06979124154392213,24886780.0,42.1397621993676,-1.9397602818840403,-0.020719413224017713,0
2021-10-04,271.7083740234375,283.1099853515625,287.75,280.25,287.3999938964844,31350700,MSFT,-0.020719413224017713,-0.03759755126951092,-0.059872524300569996,272.87925415039064,283.2371170043945,282.26216796875,0.023291825344964573,0.01436812130076636,0.04202577252769535,25716920.0,34.37600524215169,-1.9519784512340201,0.019957117216685027,1
2021-10-05,277.1308898925781,288.760009765625,290.3999938964844,284.04998779296875,284.04998779296875,24993000,MSFT,0.019957117216685027,0.018481902004388484,-0.03804372466410544,273.8850463867187,282.6891143798828,282.26720336914065,0.019104521312658426,0.0152554833760012,-0.20279292009428818,26107550.0,35.12962533314649,-1.5045426556676778,0.015064158506336023,1
2021-10-06,281.3056335449219,293.1099853515625,293.6300048828125,285.510009765625,285.7799987792969,28002600,MSFT,0.015064158506336023,0.03207753650968814,-0.023650296130496518,275.6336730957031,282.3484085083008,282.40382080078126,0.01966095373781666,0.015714974334749228,0.12041771696074899,26755340.0,39.55128919168514,-0.8686607344276811,0.005936434231813781,1
2021-10-07,282.9755859375,294.8500061035156,296.6400146484375,293.9200134277344,295.17999267578125,20430500,MSFT,0.005936434231813781,0.04586394776040126,-0.00807390314461276,278.1155212402344,282.2332427978516,282.57996520996096,0.01816972696169383,0.015647188416040587,-0.2704070336325912,26780515.0,45.380904034478434,-0.30586848650345044,0.0,0
2021-10-08,282.9755859375,294.8500061035156,296.6400146484375,293.760009765625,296.2200012207031,17685700,MSFT,0.0,0.01988942680231398,-0.002908193039498852,279.2192138671875,282.19197540283204,282.75074645996096,0.015873192841453262,0.015604757423763048,-0.13434815594332006,26683130.0,50.56385486865989,0.07573474633301691,-0.002102767050768395,0
2021-10-11,282.38055419921875,294.2300109863281,297.9700012207031,292.75,292.9200134277344,19298600,MSFT,-0.002102767050768395,0.039278068679843736,-0.009293302971655648,281.35364990234376,282.05953216552734,282.9400891113281,0.009525452248414737,0.015576466471649916,0.09119797350401737,26465415.0,49.417107207525966,0.2856217924514153,-0.004588326914186092,0
2021-10-12,281.0848999023437,292.8800048828125,295.44000244140625,292.3500061035156,295.3399963378906,17974100,MSFT,-0.004588326914186092,0.014267662516070478,-0.023049671719046816,282.1444519042969,281.72794342041016,283.1052423095703,0.007853218209847052,0.015427943084165712,-0.06863192148653274,26271450.0,43.865650434882554,0.3315147489030037,0.011711301881855762,1
2021-10-13,284.37677001953125,296.3099975585937,297.2799987792969,293.489990234375,294.9100036621094,23416300,MSFT,0.011711301881855762,0.010917436796085145,-0.02791807665341517,282.75867919921876,281.319580078125,283.29217041015625,0.0065928107598893565,0.015159005180923116,0.3027801113824893,26024450.0,46.67749365951276,0.5642231040739487,0.021733960704657385,1
2021-10-14,290.5574035644531,302.75,303.2699890136719,297.8299865722656,299.2099914550781,27262900,MSFT,0.021733960704657385,0.026793186422194415,-0.008092482056353267,284.27504272460936,281.20105438232423,283.6143975830078,0.011088698132497715,0.016008559591055516,0.16427018786059278,26410055.0,53.082976030172034,1.0848929301312091,0.004822505234489904,1
2021-10-15,291.9586181640625,304.2099914550781,304.45001220703125,300.5199890136719,302.3399963378906,25384800,MSFT,0.004822505234489904,0.03174490193845392,0.01447285193705694,286.0716491699219,281.40931396484376,283.906982421875,0.010710197281040418,0.015513898467104664,-0.06888848948571136,25610670.0,59.76270618347906,1.4512730128164475,0.010124700791269925,1
2021-10-18,294.91461181640625,307.2900085449219,308.2099914550781,302.69000244140625,303.57000732421875,22729300,MSFT,0.010124700791269925,0.044387113173326886,0.04413863356227732,288.5784606933594,282.03265686035155,284.25983825683596,0.009651139057375612,0.014940936343195602,-0.10460984526173145,24833200.0,77.1038372622558,1.7976556462359927,0.003059057124958242,1
2021-10-19,295.8167724609375,308.2300109863281,309.29998779296875,307.2200012207031,308.3500061035156,17682100,MSFT,0.003059057124958242,0.05241075761704761,0.04555661381710863,291.52483520507815,282.6771179199219,284.65238403320313,0.007334706757685321,0.014941301991456357,-0.22205699251626754,24599100.0,77.34159374340662,1.9781782705804498,-0.00266059403358454,0
2021-10-20,295.0297241210937,307.4100036621094,309.70001220703125,306.1099853515625,309.2099914550781,16537100,MSFT,-0.00266059403358454,0.037460704335416706,0.029573221967644336,293.65542602539057,283.1008361816406,285.0653985595703,0.009213956429272259,0.014769529874640488,-0.0647547519808167,24094640.0,79.60496478940844,1.9329697207058127,0.01089760842837495,1
2021-10-21,298.2448425292969,310.760009765625,311.0199890136719,306.3599853515625,307.1700134277344,16918100,MSFT,0.01089760842837495,0.02645755664986349,0.0373880108489133,295.1929138183594,283.63828125,285.53294494628904,0.005550195044924082,0.014913661797834496,0.023039106010122712,24010315.0,77.61336457463437,1.9996504539342137,-0.00514852980495939,0
2021-10-22,296.7093200683594,309.1600036621094,311.0899963378906,307.79998779296875,310.3999938964844,17449300,MSFT,-0.00514852980495939,0.016271833091178856,0.03277086282821107,296.14305419921874,284.1090255737305,285.9149884033203,0.0072672933509249195,0.014988137646926301,0.03139832487099614,24132830.0,87.39582106557599,1.8252332981579724,-0.0033317319050691907,0
2021-10-25,295.72076416015625,308.1300048828125,309.3999938964844,306.4599914550781,309.3599853515625,17554500,MSFT,-0.0033317319050691907,0.0027335110281068165,0.04745534101071214,296.3042846679688,284.77891235351564,286.2190216064453,0.006542486152572302,0.014367463055581259,0.0060288951419253944,23831970.0,82.05869319694857,1.5395899436010074,0.006425991349178428,1
2021-10-26,297.6210632324219,310.1099853515625,312.3999938964844,308.6000061035156,311.0,28107300,MSFT,0.006425991349178428,0.006099352502815236,0.09378520263483381,296.66514282226564,286.0548690795898,286.5275341796875,0.007019482295216255,0.011134365072006502,0.6011450055541314,23078025.0,80.53144952200356,1.3800569981600734,0.04211384076222102,1
2021-10-27,310.155029296875,323.1700134277344,326.1000061035156,316.0,316.0,52588700,MSFT,0.04211384076222102,0.05126705528007469,0.1379226023274478,299.69020385742186,287.9344955444336,287.1158459472656,0.01905195396675946,0.013910649256949533,0.8709979258057516,24389775.0,86.15915915428204,1.983400950804902,0.003651521770787758,1
2021-10-28,311.2875671386719,324.3500061035156,324.8699951171875,321.3599853515625,324.3299865722656,26297900,MSFT,0.003651521770787758,0.043731601521638463,0.15050364778920833,302.2987487792969,289.970556640625,287.76116638183595,0.01925927335513456,0.013545313081248516,-0.49993249500367953,24087490.0,86.56404176779236,2.3011399914898183,0.022414012333593858,1
2021-10-29,318.2647705078125,331.6199951171875,332.0,323.8999938964844,324.1300048828125,34766000,MSFT,0.022414012333593858,0.0726483766485222,0.1470773115963271,306.6098388671875,292.0109390258789,288.4300964355469,0.018205114368044343,0.013343303755185412,0.3220067001547653,24321475.0,89.78490476151788,2.7909591371305726,-0.006785183480520485,0
2021-11-01,316.10528564453125,329.3699951171875,331.489990234375,326.3699951171875,331.3599853515625,27073200,MSFT,-0.006785183480520485,0.06893165429984882,0.16339912886624575,310.6867431640625,294.2307846069336,288.91015075683595,0.019083460026381224,0.01213016950689084,-0.22127365817177702,24107600.0,88.09743239026066,2.773514371359841,0.011415951399759372,1
2021-11-02,319.71392822265625,333.1300048828125,333.45001220703125,330.0,330.3099975585937,26487100,MSFT,0.011415951399759372,0.0742315236370934,0.1536567733267995,315.1053161621094,296.3599365234375,289.4568121337891,0.018744308646932096,0.011821035985014045,-0.021648715334722124,24182305.0,88.17890467869027,2.8008279143356862,0.002611683074678517,1
2021-11-03,320.5489196777344,334.0,334.8999938964844,330.6499938964844,333.8999938964844,21500100,MSFT,0.002611683074678517,0.03351191952109378,0.1395040889806627,317.18409423828126,298.3221008300781,290.05913696289065,0.010920402185586977,0.011714575279558145,-0.18828033269025302,23857180.0,86.6351197807473,2.671371688780983,0.007305583426562068,1
2021-11-04,322.8907165527344,336.44000244140625,336.5400085449219,329.510009765625,332.8900146484375,23992200,MSFT,0.007305583426562068,0.03727469593700006,0.1410550330092799,319.5047241210938,300.31785736083987,290.7200067138672,0.010790093462888239,0.011714401246068066,0.11591108878563361,24035265.0,86.935329293312,2.5405137239918893,-0.0011295325553662972,0
2021-11-05,322.5260009765625,336.0599975585937,338.7900085449219,334.4200134277344,338.510009765625,22570100,MSFT,-0.0011295325553662972,0.013388948019446012,0.1397661742020313,320.3569702148437,302.29537811279295,291.4296301269531,0.007103163102517086,0.011750984984210037,-0.0592734305315894,24279485.0,85.14505195021098,2.2371233205563126,0.002767271745971911,1
2021-11-08,323.41851806640625,336.989990234375,337.6499938964844,334.44000244140625,337.29998779296875,20897000,MSFT,0.002767271745971911,0.02313543225626069,0.14532857612509442,321.8196166992187,304.34727630615237,292.14501220703124,0.004845540393379749,0.011610180665971755,-0.07412904683630117,24359405.0,85.14140423567724,1.916631948412185,-0.0030862129778524983,0
2021-11-09,322.4203796386719,335.95001220703125,338.7200012207031,334.5299987792969,337.1099853515625,21307400,MSFT,-0.0030862129778524983,0.00846522837169239,0.14705692034929374,322.36090698242185,306.41405029296874,292.76614868164063,0.004009572761930342,0.011536778818568521,0.019639182657797738,24526070.0,84.68621381285291,1.4771970975760116,-0.01532966508223177,0
2021-11-10,317.477783203125,330.79998779296875,334.6300048828125,329.9200134277344,334.57000732421875,25500900,MSFT,-0.01532966508223177,-0.009580866713564173,0.11639844274664335,321.7466796875,308.06910095214846,293.3212548828125,0.008498274334627909,0.012493716587425957,0.19680955912030562,24630300.0,73.33473538600757,0.7311537535492114,0.004927467857694934,1
2021-11-11,319.0421447753906,332.42999267578125,333.7699890136719,330.510009765625,331.25,16849800,MSFT,0.004927467857694934,-0.011919115601811359,0.0980348146751624,320.9769653320312,309.4933380126953,293.90860961914063,0.007900146163053876,0.011902180490069645,-0.3392468501111725,24109645.0,77.07678122405365,0.24563538217279657,0.012905125921946814,1
2021-11-12,323.159423828125,336.7200012207031,337.2300109863281,333.7900085449219,333.9200134277344,23831000,MSFT,0.012905125921946814,0.001963943525931544,0.10686721926642906,321.10364990234376,311.0533782958984,294.5913623046875,0.010512485306697447,0.01204106428308678,0.4143194577977187,24031955.0,80.92130784913073,0.11122206855480066,-0.0019306302746699977,0
2021-11-15,322.5355224609375,336.07000732421875,337.8800048828125,334.0299987792969,337.5400085449219,16723000,MSFT,-0.0019306302746699977,-0.0027301949521871816,0.09365731482211581,320.92705078125,312.434423828125,295.26182739257814,0.010461942178766014,0.012080992768961239,-0.2982669631991943,23731640.0,78.90836185583584,-0.09890378461787641,0.010236218833393762,1
2021-11-16,325.8370666503906,339.510009765625,340.6700134277344,335.510009765625,335.67999267578125,20886800,MSFT,0.010236218833393762,0.010596994568233375,0.10148273182656431,321.6103881835937,313.93543853759763,296.01674987792967,0.011302251393977733,0.012140677944442771,0.2489864258805239,23891875.0,73.15737056281348,-0.09473145974837038,0.0006784658915883757,1
2021-11-17,326.0581359863281,339.1199951171875,342.19000244140625,338.0,338.94000244140625,19053400,MSFT,0.0006784658915883757,0.02702662434087033,0.10517046022284515,323.3264587402344,315.4868591308594,296.775517578125,0.0062442676776534286,0.012053687445766192,-0.0877779267288431,24017690.0,72.41480556625864,-0.1528327051331626,0.006339972780553316,1
2021-11-18,328.1253356933594,341.2699890136719,342.45001220703125,337.1199951171875,338.17999267578125,22463500,MSFT,0.006339972780553316,0.028470191373504594,0.10018779507017728,325.1430969238281,316.9808837890625,297.6324462890625,0.006251566555734674,0.01198078465949054,0.17897593080500074,24294960.0,67.58413813445776,-0.12875599058715892,0.005391642549472664,1
2021-11-19,329.8944702148437,343.1099853515625,345.1000061035156,342.20001220703125,342.6400146484375,21963400,MSFT,0.005391642549472664,0.020841250138819323,0.11184397624866893,326.4901062011719,318.64014129638673,298.55431701660154,0.004806378433355128,0.011747246995108594,-0.02226278184610586,24520665.0,74.93713892132811,-0.07316222682922557,-0.009559775400180937,0
2021-11-22,326.7407531738281,339.8299865722656,349.6700134277344,339.54998779296875,344.6199951171875,31031100,MSFT,-0.009559775400180937,0.013038038975691224,0.10489621552875494,327.33115234375,320.19114074707034,299.3885437011719,0.007609918468752481,0.012068481145787211,0.4128550224464336,25194495.0,62.92030045148532,-0.3147266386983354,-0.006326353895680259,0
2021-11-23,324.6736755371094,337.67999267578125,339.45001220703125,333.5599975585937,337.04998779296875,30427600,MSFT,-0.006326353895680259,-0.003570468901039847,0.09089616175304527,327.0984741210938,321.5437713623047,300.1276837158203,0.007048419281617141,0.012327071904269125,-0.01944823096828663,25310510.0,57.25549476504998,-0.659816718636776,0.0006808030185807556,1
2021-11-24,324.89471435546875,337.9100036621094,338.1600036621094,333.9100036621094,336.2799987792969,21661300,MSFT,0.0006808030185807556,-0.0035681416976147684,0.047523604863054514,326.86578979492185,322.2807556152344,300.774697265625,0.007048533229612899,0.008569758267695534,-0.28810356386964464,23764140.0,53.809260284080445,-0.9041783869961488,-0.02435565908802717,0
2021-11-26,316.981689453125,329.67999267578125,337.92999267578125,328.1199951171875,334.3500061035156,24217200,MSFT,-0.02435565908802717,-0.03396155379677346,0.01829216106121101,324.637060546875,322.56546173095705,301.25577270507813,0.011408710415354554,0.01043312561911532,0.1179938415515227,23660105.0,41.811099431884735,-1.5896317345262663,0.021081258852534424,1
2021-11-29,323.6640625,336.6300048828125,339.0299987792969,334.739990234375,334.94000244140625,28563500,MSFT,0.021081258852534424,-0.018886062900012046,0.01696478056170836,323.39097900390624,322.8354263305664,301.9731854248047,0.016592114829699876,0.01029217856924651,0.17947161521563193,23349980.0,50.30969881540011,-1.580552912178554,-0.017942500271548867,0
2021-11-30,317.8567199707031,330.5899963378906,337.7799987792969,328.989990234375,335.32000732421875,42885600,MSFT,-0.017942500271548867,-0.027189853475053427,0.0055406676373688235,321.6141723632812,322.922998046875,302.6813647460938,0.017718062167635055,0.011007708002530918,0.5014126420081573,24140600.0,44.86671628019375,-1.9300927779635293,-0.0015428885081113508,0
2021-12-01,317.3663024902344,330.0799865722656,339.2799987792969,329.3900146484375,335.1300048828125,33337600,MSFT,-0.0015428885081113508,-0.022506823304311196,-0.007342894773063935,320.15269775390624,322.8056167602539,303.3701397705078,0.017782706441832035,0.010698108556200365,-0.22263883448057153,24483125.0,49.8606473014863,-2.1423716253514673,-0.0017874006715157265,0
2021-12-02,316.7990417480469,329.489990234375,333.489990234375,327.79998779296875,330.29998779296875,30766000,MSFT,-0.0017874006715157265,-0.024917834146616413,-0.011698301568002334,318.5335632324219,322.61812286376954,303.9750134277344,0.017639538841907346,0.010680000244694773,-0.07713812631983108,24946420.0,47.124402400569615,-2.2575109767933057,-0.019666557844712607,0
2021-12-03,310.5686950683594,323.010009765625,332.70001220703125,318.0299987792969,331.989990234375,41779300,MSFT,-0.019666557844712607,-0.020231434805681348,-0.038161584872826726,317.25096435546874,322.0020217895508,304.43646850585935,0.016430405191638627,0.011321649476181209,0.3579698368328674,25835775.0,34.688566739727904,-2.6619889693859076,0.009844630610172267,1
2021-12-06,313.6261291503906,326.19000244140625,327.45001220703125,319.2300109863281,323.95001220703125,30032600,MSFT,0.009844630610172267,-0.031013431865359986,-0.027594277048127447,315.2433776855469,321.55702819824216,304.9631024169922,0.012428018650017233,0.011622009647375425,-0.2811607662167629,26208900.0,39.770836004997825,-2.6278237305011363,0.026763904799705696,1
2021-12-07,322.0199890136719,334.9200134277344,335.79998779296875,330.1000061035156,331.6400146484375,31021900,MSFT,0.026763904799705696,0.013097942504888715,-0.0043242083387668995,316.07603149414064,321.48710174560546,305.75704162597657,0.017091785625014982,0.013199319059340535,0.03294087092026654,26715145.0,46.076299440735106,-1.9739688420040373,0.0001489771891471925,1
2021-12-08,322.0679626464844,334.9700012207031,335.5,330.79998779296875,335.3099975585937,24761000,MSFT,0.0001489771891471925,0.014814616798816127,-0.0010930357211986763,317.0163635253906,321.46948089599607,306.7563623046875,0.017002750448738297,0.0131810450892559,-0.20182193869492193,26887825.0,45.88372037380541,-1.4940965276450897,-0.005582401251222002,0
2021-12-09,320.2700500488281,333.1000061035156,336.489990234375,332.1199951171875,334.4100036621094,22214200,MSFT,-0.005582401251222002,0.0109564987369557,0.008795156680039495,317.7105651855469,321.6090942382813,307.71051330566405,0.017354343020003014,0.012756691121298347,-0.10285529663583859,26723490.0,41.85117976524994,-1.2628236185141466,0.02833969326537078,1
2021-12-10,329.3464050292969,342.5400085449219,343.0,334.7900085449219,334.9800109863281,38095700,MSFT,0.02833969326537078,0.06046233976288029,0.032297489289888626,321.4661071777344,322.1243072509766,308.8861145019531,0.015322732871924557,0.014177924272539826,0.7149255881373175,27785785.0,49.50630214561605,-0.5026431254326549,-0.009166770678676328,0
2021-12-13,326.3273620605469,339.3999938964844,343.7900085449219,339.0799865722656,340.67999267578125,28899400,MSFT,-0.009166770678676328,0.040498006159638944,0.009803019806430724,324.0063537597656,322.28270416259767,309.8635192871094,0.018073148321061754,0.014117560815477354,-0.24139994802563014,28039205.0,49.626711022634325,-0.22155793766655751,-0.03258682355295639,0
2021-12-14,315.6933898925781,328.3399963378906,334.6400146484375,324.1099853515625,333.2200012207031,44438700,MSFT,-0.03258682355295639,-0.019646603741810376,-0.021213578325122384,322.74103393554685,321.9405975341797,310.7432196044922,0.021847254027165714,0.015950064466788323,0.5377032049108286,29424990.0,42.97738758226212,-0.7409573719422133,0.019217969961451642,1
2021-12-15,321.7603759765625,334.6499938964844,335.19000244140625,324.5,328.6099853515625,35381100,MSFT,0.019217969961451642,-0.0009550365314028308,-0.012511439277724135,322.6795166015625,321.7367630004883,311.63580932617185,0.024236092476786635,0.016401666935893313,-0.20382234403796695,30149705.0,47.754266862349624,-0.6673523518509668,-0.029135451376229637,0
2021-12-16,312.3857421875,324.8999938964844,336.760009765625,323.0199890136719,335.7099914550781,35034800,MSFT,-0.029135451376229637,-0.024617687042937986,-0.04193238042494796,321.1026550292969,321.0531433105469,312.2574114990234,0.027651415804150495,0.017599860668984856,-0.009787711518296494,30948775.0,46.7745887279372,-1.2098491998045016,-0.0033852220968291213,0
2021-12-17,311.3282470703125,323.79998779296875,324.9200134277344,317.25,320.8800048828125,47750300,MSFT,-0.0033852220968291213,-0.05470883447894803,-0.051191074860321484,317.4990234375,320.21328887939455,312.8244647216797,0.02103185794627557,0.017491552119430025,0.36293913480311013,32213115.0,40.60071525901399,-1.576530330828319,-0.012013404950829254,0
2021-12-20,307.588134765625,319.9100036621094,322.79998779296875,317.57000732421875,320.04998779296875,28326500,MSFT,-0.012013404950829254,-0.057424627762121205,-0.06761657882501548,313.7511779785156,319.0979721069336,313.3167156982422,0.021007960905148813,0.01751234733167844,-0.4067785961554168,32531270.0,41.92134474828947,-1.9813966760970056,0.023068944606673192,1
2021-12-21,314.6838684082031,327.2900085449219,327.7300109863281,319.79998779296875,323.2900085449219,24740600,MSFT,0.023068944606673192,-0.003197791010823847,-0.03690046205901554,313.5492736816406,318.49512786865233,313.96278198242186,0.021824027926119614,0.01840058151397202,-0.1265917074117876,32216745.0,48.0883211380381,-1.6929386333922591,0.018057498762796387,1
2021-12-22,320.36627197265625,333.20001220703125,333.6099853515625,325.75,328.29998779296875,24831500,MSFT,0.018057498762796387,-0.00433273985236704,-0.013266870365536643,313.27045288085935,318.2797576904297,314.74840942382815,0.021567239192554526,0.018880671614348372,0.0036741226971050978,31936940.0,52.36948869024283,-1.0713766176814714,0.00447152450207966,1
2021-12-23,321.7987976074219,334.69000244140625,336.3900146484375,332.7300109863281,332.75,19617800,MSFT,0.00447152450207966,0.030132794646792638,-0.009528984656425044,315.15306396484374,318.12496185302734,315.4968499755859,0.014591312382071845,0.018912129358704614,-0.20996315164206758,31834765.0,57.9672742200044,-0.5423901898870371,0.023185574785747898,1
2021-12-27,329.2598876953125,342.45001220703125,342.4800109863281,335.42999267578125,335.4599914550781,19947000,MSFT,0.023185574785747898,0.05759721706508114,0.03873472396266964,318.73939208984376,318.7388717651367,316.2708996582031,0.015129169407329501,0.018717293673458896,0.016780678771319835,31621255.0,60.439194985798835,0.2868064267647751,-0.0035041561978529367,0
2021-12-28,328.1061096191406,341.25,343.8099975585937,340.32000732421875,343.1499938964844,15661500,MSFT,-0.0035041561978529367,0.06670600239228941,0.01372425188273918,322.8429870605469,318.9609741210937,316.9938494873047,0.011998065757727511,0.018203171065912512,-0.21484433749436005,30976155.0,54.49890544606006,0.7102666667379296,0.002051364378213405,1
2021-12-29,328.7791748046875,341.95001220703125,344.29998779296875,339.67999267578125,341.29998779296875,15042000,MSFT,0.002051364378213405,0.04479195729919061,0.03436282497029186,325.66204833984375,319.507096862793,317.6711407470703,0.011272803326944813,0.017658277267385263,-0.039555598122785196,29583975.0,54.915550953971795,0.9721867484327902,-0.007691232397909031,0
2021-12-30,326.2504577636719,339.32000732421875,343.1300048828125,338.82000732421875,341.9100036621094,15994500,MSFT,-0.007691232397909031,0.018367057664290698,0.027993379270979446,326.83888549804686,319.95130462646483,318.279814453125,0.011881297089085538,0.017773394970429447,0.06332269644994026,28716820.0,54.33388563103035,0.9125802329818498,-0.008841058596006257,0
2021-12-31,323.3660583496094,336.32000732421875,339.3599853515625,335.8500061035156,338.510009765625,18000800,MSFT,-0.008841058596006257,0.004870312610985916,0.02072928177221356,327.1523376464844,320.27965545654297,318.84654113769534,0.013095499552926148,0.01791216205354752,0.12543686892369244,28078560.0,45.23887733483644,0.6297929744243538,-0.004668245052240616,0
2022-01-03,321.85650634765625,334.75,338.0,329.7799987792969,335.3500061035156,28865100,MSFT,-0.004668245052240616,-0.022484917307956764,0.03634561840436712,325.6716613769531,320.8440460205078,319.3187744140625,0.004270961207870563,0.017296904889464376,0.603545397982312,27432850.0,46.35296940946389,0.30824864955840714,-0.017147336855860784,0
2022-01-04,316.3375244140625,329.010009765625,335.20001220703125,326.1199951171875,334.8299865722656,32674300,MSFT,-0.017147336855860784,-0.03586822939304257,0.008645310488054614,323.3179443359375,320.97961578369143,319.7113385009766,0.0069617497014272806,0.01769520291777893,0.13196559166606048,27564935.0,50.573282799777715,-0.27730698128682496,-0.038387871285313846,0
2022-01-05,304.1940002441406,316.3800048828125,326.07000732421875,315.9800109863281,325.8599853515625,40054300,MSFT,-0.038387871285313846,-0.07477716487107733,-0.05535677714955267,318.4009094238281,320.0883163452148,319.88080322265625,0.013684816592065921,0.018595183109575586,0.2258655885512466,28016555.0,35.89182379454952,-1.419774760897381,-0.007901820948172378,0
2022-01-06,301.7903137207031,313.8800048828125,318.70001220703125,311.489990234375,313.1499938964844,39646100,MSFT,-0.007901820948172378,-0.07497351639177496,-0.06296077622610008,313.5088806152344,319.0744338989258,319.96418823242186,0.013655656355298758,0.018617881636739695,-0.01019116549284349,28760810.0,40.417458562438,-2.2266045988941174,0.000509856088517946,1
2022-01-07,301.9441833496094,314.0400085449219,316.5,310.0899963378906,314.1499938964844,32720000,MSFT,0.000509856088517946,-0.06624651674740578,-0.057220045072665426,309.22450561523436,318.1581405639648,319.7999713134766,0.015316028810596422,0.018624638185456316,-0.17469814180966092,29286100.0,41.371997636325176,-2.612475583142194,0.0007321529876318511,1
2022-01-10,302.1652526855469,314.2699890136719,314.7200012207031,304.69000244140625,309.489990234375,44289500,MSFT,0.0007321529876318511,-0.061180225578039704,-0.08253058763866605,305.2862548828125,316.79908294677733,319.6175250244141,0.01625769429918538,0.017162778764247957,0.353591075794621,29595790.0,44.669065477701196,-2.7040268299574866,0.0022592876467060208,1
2022-01-11,302.8479309082031,314.9800109863281,316.6099853515625,309.8900146484375,313.3800048828125,29386800,MSFT,0.0022592876467060208,-0.04264303936387415,-0.07195054378549892,302.5883361816406,315.62511138916017,319.3091882324219,0.01714495887964469,0.01717739556951765,-0.33648381670599126,29620160.0,36.686037091250626,-2.5706830747697733,0.010445174748463737,1
2022-01-12,306.01123046875,318.2699890136719,323.4100036621094,317.0799865722656,319.6700134277344,34372200,MSFT,0.010445174748463737,0.005973918693829905,-0.030669503175605572,302.9517822265625,315.14100341796876,319.10730712890626,0.006521757273396101,0.01600885314762601,0.169647596880232,29116835.0,32.88223178089768,-2.1392030239302686,-0.04232253782046269,0
2022-01-13,293.06005859375,304.79998779296875,320.8800048828125,304.0,320.4700012207031,45366000,MSFT,-0.04232253782046269,-0.028928215154820025,-0.08919779912521941,301.2057312011719,313.70598754882815,318.5742297363281,0.02088755033925174,0.01765966709883925,0.3198456892488697,29616080.0,23.11567859779504,-2.5669880603533133,0.017716561671612396,1
2022-01-14,298.2520751953125,310.20001220703125,310.82000732421875,303.75,304.25,39846400,MSFT,0.017716561671612396,-0.012227783669612635,-0.045244276813710016,300.4673095703125,312.9993041992187,318.1282928466797,0.023424692875456836,0.017325588145834996,-0.12166820967244196,29856660.0,19.706987227648384,-2.3472120204352924,-0.024339197988278882,0
2022-01-18,290.99285888671875,302.6499938964844,309.79998779296875,301.739990234375,304.07000732421875,42333200,MSFT,-0.024339197988278882,-0.03697444924435056,-0.06531815977173783,298.2328308105469,311.98253479003904,317.4903356933594,0.025243803905240413,0.01802258912823396,0.062409653067780235,29585805.0,17.606624605846278,-2.52233709137373,0.002246715189757831,1
2022-01-19,291.6466369628906,303.3299865722656,313.9100036621094,302.70001220703125,306.2900085449219,45933900,MSFT,0.002246715189757831,-0.03698652954874482,-0.051827414652653725,295.99257202148436,311.18545989990236,316.87274841308596,0.02524262073047122,0.017938107764886642,0.08505617340527061,30466175.0,17.578874612241677,-2.425060450606442,-0.005703237642121883,0
2022-01-20,289.9833068847656,301.6000061035156,311.6499938964844,301.1400146484375,309.07000732421875,35380700,MSFT,-0.005703237642121883,-0.05237691296307234,-0.07849325625867898,292.7869873046875,309.95043182373047,316.2040441894531,0.023376577013092207,0.016903234177452892,-0.2297475285137992,30998180.0,17.848597558402147,-2.3044923224050677,-0.01846809145655437,0
2022-01-21,284.6278686523437,296.0299987792969,304.1099853515625,295.6099853515625,302.69000244140625,57984400,MSFT,-0.01846809145655437,-0.028772907443846862,-0.1115548247331195,291.1005493164063,308.1635116577148,315.44819396972656,0.01674760481294501,0.016365920253338356,0.6388709098463285,32655825.0,17.099432120076386,-2.406015234436529,0.0011486395060369414,1
2022-01-24,284.9548034667969,296.3699951171875,297.1099853515625,276.04998779296875,292.20001220703125,85731500,MSFT,0.0011486395060369414,-0.04458400405029139,-0.1144938838011843,288.44109497070315,306.3213119506836,314.797734375,0.011887863835070482,0.016273104496565858,0.47852698311959774,35961510.0,18.016687888452637,-2.273298940862041,-0.02658856069018789,0
2022-01-25,277.3782653808594,288.489990234375,294.989990234375,285.1700134277344,291.5199890136719,72848600,MSFT,-0.02658856069018789,-0.046786692834821175,-0.15757043069413568,285.7181762695312,303.72723083496095,313.9644567871094,0.012631668003159522,0.015366154493160087,-0.15027032071059065,38606590.0,17.39622786070929,-2.499923127015512,0.028493042954271353,1
2022-01-26,285.2816162109375,296.7099914550781,308.5,293.0299987792969,307.989990234375,90428900,MSFT,0.028493042954271353,-0.021824427047183903,-0.13052025595595584,284.44517211914064,301.5860061645508,313.20690063476565,0.021239856488335707,0.017432038025152904,0.24132653201296939,42344960.0,32.96377402433322,-1.9463067726977021,0.010549086510339922,1
2022-01-27,288.29107666015625,299.8399963378906,307.29998779296875,297.92999267578125,302.6600036621094,53481300,MSFT,0.010549086510339922,-0.005835612548834912,-0.12314678436851534,284.1067260742187,299.56160125732424,312.52201171875,0.02217962293141049,0.0177601927207412,-0.4085817697660814,44266925.0,37.9712000382883,-1.240552871738366,0.02808180446084907,1
2022-01-28,296.3868103027344,308.260009765625,308.4800109863281,294.45001220703125,300.2300109863281,49743700,MSFT,0.02808180446084907,0.04131338827103237,-0.09153595573671203,286.45851440429686,298.0684188842773,311.93300659179687,0.022762271489358527,0.01935303413700484,-0.06988610972433351,45954385.0,45.66196361751414,-0.1490173459582298,0.00882361753800942,1
2022-01-31,299.00201416015625,310.9800109863281,312.3800048828125,306.3699951171875,308.95001220703125,46444500,MSFT,0.00882361753800942,0.04929627618997534,-0.07534508820685126,289.26795654296876,296.8502166748047,311.39188415527343,0.022412442173798456,0.019551809025859564,-0.06632397670458767,47376570.0,47.61976932753369,0.7776835657919818,-0.007138513556960047,0
2022-02-01,296.8675842285156,308.760009765625,310.6300048828125,305.1300048828125,310.4100036621094,40950400,MSFT,-0.007138513556960047,0.07026260266245465,-0.07763994707675292,293.1658203125,295.6007705688477,310.76672912597655,0.014946590978464144,0.0195658719551618,-0.11829387763890231,47980835.0,45.59620376962298,1.247607111187671,0.015221802929493489,1
2022-02-02,301.3864440917969,313.4599914550781,315.1199951171875,308.8800048828125,309.6300048828125,36636000,MSFT,0.015221802929493489,0.0564523858731627,-0.04726306292609084,296.38678588867185,294.85321655273435,310.19656860351563,0.012683645532277832,0.019745941101627366,-0.10535672423224196,48178920.0,46.66106744491737,1.8283511462815074,-0.038952468911223725,0
2022-02-03,289.6466979980469,301.25,311.2300109863281,299.9599914550781,309.489990234375,43730000,MSFT,-0.038952468911223725,0.004702266034715574,-0.04782244960261661,296.65791015625,294.1258514404297,309.4546875,0.025783295067416875,0.019800681130187348,0.19363467627470254,48362705.0,47.491800345073955,1.4063583242053728,0.015568725494916613,1
2022-02-04,294.1561279296875,305.94000244140625,308.79998779296875,299.9700012207031,300.2099914550781,35096500,MSFT,0.015568725494916613,-0.007526253853092912,-0.025296324778935064,296.21177368164064,293.74414215087893,308.8443365478516,0.022977206380866585,0.02014125280424193,-0.1974273953807455,48135225.0,46.959724550355645,1.4117701051439804,-0.01631035382846291,0
2022-02-07,289.3583374023437,300.95001220703125,307.8399963378906,299.8999938964844,306.1700134277344,28533300,MSFT,-0.01631035382846291,-0.03225288225866951,-0.04168269051466711,294.2830383300781,293.11484985351564,308.13360900878905,0.02295931573014384,0.0204203535431921,-0.18700440214836234,47925890.0,48.74073892950579,1.0876043405800218,0.011995219419652425,1
2022-02-08,292.8292541503906,304.5599975585937,305.5599975585937,299.95001220703125,301.25,32421200,MSFT,0.011995219419652425,-0.013603135851358084,-0.03089699577360705,293.4753723144531,292.64804992675784,307.6505603027344,0.02434214854724883,0.020651540139716592,0.13625833675039334,47332475.0,50.87320343440789,1.0990697713258282,0.021834771535488517,1
2022-02-09,299.2231140136719,311.2099914550781,311.92999267578125,307.3900146484375,309.8699951171875,31284700,MSFT,0.021834771535488517,-0.007177927609332335,-0.011969099090955893,293.04270629882814,292.46680908203126,307.1617413330078,0.025687899282750552,0.021286414934333836,-0.03505422377950229,47427370.0,56.37688155601215,1.5043316949679015,-0.028373137916253066,0
2022-02-10,290.73321533203125,302.3800048828125,309.1199951171875,300.70001220703125,304.0400085449219,45386200,MSFT,-0.028373137916253066,0.003751181496264522,-0.04992632170170941,293.260009765625,291.7029083251953,306.61927124023435,0.02196385484659201,0.022004576561880842,0.4507474899871182,47978070.0,54.03888114553541,1.1818977561597412,-0.02427366070219572,0
2022-02-11,283.6760559082031,295.0400085449219,304.2900085449219,294.2200012207031,303.19000244140625,39175600,MSFT,-0.02427366070219572,-0.035627583539546204,-0.0320207493664475,291.16399536132815,291.233708190918,305.9454663085937,0.02255067761259344,0.020603408074980137,-0.136838951046794,47668550.0,49.2232349552056,0.5090009566822564,-0.00013587224007494125,0
2022-02-14,283.63751220703125,295.0,296.760009765625,291.3500061035156,293.7699890136719,36359500,MSFT,-0.00013587224007494125,-0.01977072873265029,-0.04900070847356486,290.01983032226565,290.5029800415039,305.28223571777346,0.02204010969910444,0.020111391838226845,-0.07188402985531805,47494205.0,54.185421884763194,0.09846673038223308,0.018542356476068944,1
2022-02-15,288.8968200683594,300.4700012207031,300.79998779296875,297.0199890136719,300.010009765625,27058300,MSFT,0.018542356476068944,-0.013429102544555316,-0.007203059299731307,289.23334350585935,290.39817810058594,304.84879821777344,0.023366967889483836,0.01992485954997593,-0.2558120986262188,46730460.0,52.50602161901905,0.2117692490356875,-0.0011671596822122599,0
2022-02-16,288.55963134765625,299.5,300.8699951171875,293.67999267578125,298.3699951171875,29982100,MSFT,-0.0011671596822122599,-0.03563722909964906,-0.010584746141362733,287.10064697265625,290.2438278198242,304.34746826171875,0.019291885741465543,0.019917670823615972,0.10805556890122436,45932870.0,50.19332144699346,0.2898249833866018,-0.0292820428105397,0
2022-02-17,280.1100158691406,290.7300109863281,296.79998779296875,290.0,296.3599853515625,32461600,MSFT,-0.0292820428105397,-0.03653933882565985,-0.03404779096318289,284.97600708007815,289.75016326904296,303.50926879882815,0.019545283737903086,0.02092406766502975,0.08269934394188527,45786915.0,38.34240106871926,-0.17667978773347937,-0.009631269103446138,0
2022-02-18,277.4122009277344,287.92999267578125,293.8599853515625,286.3099975585937,293.04998779296875,34264000,MSFT,-0.009631269103446138,-0.022081014065197357,-0.025351234082502394,283.7232360839844,289.3893798828125,302.6161535644531,0.017330945853863834,0.020638738702428674,0.055524065357221986,44600895.0,34.55544130585231,-0.5925804208296217,-0.0007289134074853765,0
2022-02-22,277.2099914550781,287.7200012207031,291.5400085449219,284.5,285.0,41736100,MSFT,-0.0007289134074853765,-0.022661039091548596,-0.027179089166051495,282.43773193359374,289.00213928222655,301.7549523925781,0.017297021593155614,0.020632338526651993,0.21807436376371703,42401125.0,35.5378784817175,-0.7943468406752814,-0.025893319808618087,0
2022-02-23,270.0321044921875,280.2699890136719,291.70001220703125,280.1000061035156,290.17999267578125,37811200,MSFT,-0.025893319808618087,-0.06529914580474805,-0.02648427005838072,278.6647888183594,288.634831237793,300.56866638183595,0.013534278675243809,0.02058780245429,-0.09404089026046991,40649255.0,27.801095966892007,-1.2946821188355724,0.05109357475669074,1
2022-02-24,283.8290100097656,294.5899963378906,295.1600036621094,271.5199890136719,272.510009765625,56989700,MSFT,0.05109357475669074,-0.01639391246723343,-0.0050918324863170605,277.7186645507812,288.56220092773435,299.7186993408203,0.03236523590572368,0.0228011205695664,0.5072174382193635,38977295.0,45.99765696841947,-0.61441307350165,0.009233150572726556,1
2022-02-25,286.4496459960937,297.3099975585937,297.6300048828125,291.6499938964844,295.1400146484375,32546700,MSFT,0.009233150572726556,0.022632643489316484,-0.0063874008359726675,278.9865905761718,288.4701293945312,299.13382446289063,0.028912182154368783,0.022770929084792085,-0.42890206475907044,37930565.0,44.55677998032448,0.05833202224082701,0.0049780629000610865,1
2022-02-28,287.8756103515625,298.7900085449219,299.1400146484375,293.0,294.3099975585937,34627500,MSFT,0.0049780629000610865,0.03771791359152887,-0.028716527373395584,281.0792724609375,288.04456939697263,298.4561291503906,0.027804284175948407,0.02183411970414979,0.06393274894228917,37174755.0,48.900346287033514,0.6147207395764163,-0.012851967771385642,0
2022-03-01,284.17584228515625,294.95001220703125,299.9700012207031,292.1499938964844,296.3999938964844,31217800,MSFT,-0.012851967771385642,0.02512842626455969,-0.04958552508966907,282.4724426269531,287.30326080322266,297.8919311523438,0.029219604859200998,0.021846787245673915,-0.09846798065121654,36413420.0,43.603971580525375,0.7404993757434708,0.017765596914219417,1
2022-03-02,289.2243957519531,300.19000244140625,301.4700012207031,293.70001220703125,295.3599853515625,31873000,MSFT,0.017765596914219417,0.07107410911698064,-0.025746120097366765,286.31090087890624,286.92110137939454,297.4498541259766,0.02353322036406174,0.022263069865326942,0.0209880260620543,35959550.0,42.45965369981855,1.1463961261002646,-0.014224402401315617,0
2022-03-03,285.1103515625,295.9200134277344,303.1300048828125,294.04998779296875,302.8900146484375,27314500,MSFT,-0.014224402401315617,0.004514484099741312,-0.05400406305049166,286.5671691894531,286.1072967529297,297.00029846191404,0.014038807373372384,0.02210215550079143,-0.14302073855614472,35493475.0,45.45998428920479,1.1192392596887046,-0.020478467424551172,0
2022-03-04,279.271728515625,289.8599853515625,295.6600036621094,287.1700134277344,294.2900085449219,32356500,MSFT,-0.020478467424551172,-0.025058217319516518,-0.035819394987516295,285.1315856933594,285.5885482788086,296.2920556640625,0.015844186336709844,0.02085095073307701,0.18459060206117628,34924800.0,46.372475240656144,0.7094668173197141,-0.03777689337414125,0
2022-03-07,268.7217102050781,278.9100036621094,289.69000244140625,278.5299987792969,288.5299987792969,43157200,MSFT,-0.03777689337414125,-0.06653533490764652,-0.0864657075262053,281.3008056640625,284.31682739257815,295.25916442871096,0.02010315858119716,0.021921374466319525,0.33380309984083567,35327835.0,39.528146209713455,-0.22092796445430807,-0.010971131249848831,0
2022-03-08,265.7735290527344,275.8500061035156,283.9599914550781,270.0,277.79998779296875,48159500,MSFT,-0.010971131249848831,-0.06475678257674022,-0.08150727074718911,277.62034301757814,283.13758697509763,294.1386590576172,0.020136195127711462,0.021799382184324225,0.11590881706876255,36309145.0,33.22147710453427,-0.9432308828925811,0.045858433709000224,1
2022-03-09,277.96148681640625,288.5,289.6000061035156,280.7799987792969,283.44000244140625,35204500,MSFT,0.045858433709000224,-0.03894176667312066,-0.05077282110054693,275.3677612304688,282.3941986083984,293.11269104003907,0.03158131554799373,0.024282220812699627,-0.2690019622296743,36448310.0,43.43834599763291,-0.5291387014499858,-0.010086798308608813,0
2022-03-10,275.1577453613281,285.5899963378906,286.6000061035156,280.5799865722656,283.0199890136719,30628000,MSFT,-0.010086798308608813,-0.034907908978499935,-0.08042616871918584,273.3772399902344,281.19093017578126,292.0537237548828,0.03141544595279813,0.023651590416566688,-0.12999758553593999,36415475.0,46.70342260937399,-0.38001269010300476,-0.019328401488448388,0
2022-03-11,269.8393859863281,280.07000732421875,289.510009765625,279.42999267578125,287.9599914550781,27209300,MSFT,-0.019328401488448388,-0.03377478479268681,-0.0718659865603638,271.490771484375,280.14623870849607,290.87492797851564,0.031293234251882594,0.023242353430876703,-0.11162008619563801,35506630.0,45.12894803996623,-0.5643906881122369,-0.012961065683853024,0
2022-03-14,266.34197998046875,276.44000244140625,285.3999938964844,275.82000732421875,280.3399963378906,30660700,MSFT,-0.012961065683853024,-0.008855742332070093,-0.06110517813087346,271.01482543945315,279.2795349121094,289.67675842285155,0.026718273604381164,0.022843605479951363,0.12684633562789194,35080885.0,43.29367295801669,-0.8306417883315333,0.038742736460202654,1
2022-03-15,276.6607971191406,287.1499938964844,287.82000732421875,278.7300109863281,280.3500061035156,34245100,MSFT,0.038742736460202654,0.040964456111225456,-0.024597293332618952,273.19227905273436,278.93069915771486,288.7426531982422,0.031187845722968607,0.02467243998556047,0.11690535441134742,34975165.0,53.937729170148906,-0.2506397557132338,0.025213165209531763,1
2022-03-16,283.63629150390625,294.3900146484375,294.57000732421875,283.20001220703125,289.1099853515625,37826300,MSFT,0.025213165209531763,0.020415794837247425,-0.018209022041877687,274.3272399902344,278.6676727294922,287.9782489013672,0.025917595454525762,0.024992949413171848,0.10457554511448364,35513565.0,49.87542044367288,0.6165808921219567,0.002819286965604517,1
2022-03-17,284.4359436035156,295.2200012207031,295.6099853515625,289.3699951171875,293.2900085449219,30816600,MSFT,0.002819286965604517,0.0337195605015721,-0.014290591254507157,276.18287963867186,278.4614883422852,287.34021728515626,0.024740528683199415,0.025004290498638344,-0.18531286432984462,35555290.0,48.666891595669284,1.2228303249326231,0.017647746120685648,1
2022-03-18,289.4555969238281,300.42999267578125,301.0,292.7300109863281,295.3699951171875,43390600,MSFT,0.017647746120685648,0.07269587745983785,0.033363966032023296,280.1061218261719,278.9287673950195,287.04544921875,0.020017018558254225,0.02434716167810708,0.4080268426757008,36101740.0,50.99847142631778,1.9002510005200923,-0.00422714844814609,0
2022-03-21,288.2320251464844,299.1600036621094,300.1400146484375,294.8999938964844,298.8900146484375,28351200,MSFT,-0.00422714844814609,0.08218773911503119,0.039002697727662516,284.484130859375,279.46975860595705,286.77428344726565,0.017231443686886363,0.024241967100726198,-0.3466050250515088,35806100.0,52.64611644242243,2.1840098242334585,0.016379194152287502,1
2022-03-22,292.9530334472656,304.0599975585937,305.0,298.7699890136719,299.79998779296875,27599700,MSFT,0.016379194152287502,0.058888850526621406,0.05679103379193551,287.742578125,280.2569107055664,286.59446044921873,0.011961690075868042,0.024434580167026914,-0.02650681452636927,35099280.0,52.4428769084351,2.5805453320550575,-0.015029868789836143,0
2022-03-23,288.54998779296875,299.489990234375,303.2300109863281,297.7200012207031,300.510009765625,25715400,MSFT,-0.015029868789836143,0.017323933629962873,0.06857659882925882,288.7253173828125,281.1828048706055,286.3221551513672,0.013870463234570413,0.023871658148021314,-0.06827248122262197,34494490.0,52.24503129220265,2.4388226413026057,0.015392895723266076,1
2022-03-24,292.9916076660156,304.1000061035156,304.20001220703125,298.32000732421875,299.1400146484375,24484500,MSFT,0.015392895723266076,0.030079405415885274,0.032282104129999656,290.4364501953125,281.640934753418,286.1250286865234,0.014819487134508997,0.02133225682822153,-0.04786625912877107,32869230.0,59.12122585600826,2.526046798193987,-0.0013813505592116249,0
2022-03-25,292.5868835449219,303.67999267578125,305.5,299.2900085449219,305.2300109863281,22566500,MSFT,-0.0013813505592116249,0.010817847899198707,0.021425188107622395,291.0627075195313,281.9477966308594,285.8565417480469,0.013473132111463828,0.021269664877786438,-0.07833527333619228,32370220.0,68.33998439018532,2.4371582459330954,0.02311679796801802,1
2022-03-28,299.3505554199219,310.70001220703125,310.79998779296875,304.3299865722656,304.3299865722656,29578200,MSFT,0.02311679796801802,0.038574930276352504,0.039860775472940535,293.2864135742187,282.5215438842773,285.9823516845703,0.015582879056612623,0.02181562932771321,0.3107127822214344,32117755.0,74.37401917042753,2.694460853398258,0.015159261499427146,1
2022-03-29,303.88848876953125,315.4100036621094,315.82000732421875,309.04998779296875,313.9100036621094,30393400,MSFT,0.015159261499427146,0.03732835667746759,0.06936777709835851,295.4735046386719,283.5071762084961,286.0950799560547,0.015421641493751645,0.021698569295313323,0.027560838725818382,32076535.0,71.1722627548045,3.0070784908090475,-0.004914530472438838,0
2022-03-30,302.39501953125,313.8599853515625,315.95001220703125,311.5799865722656,313.760009765625,28163600,MSFT,-0.004914530472438838,0.047981397761190925,0.04553773461970456,298.2425109863281,284.16570739746095,286.3231231689453,0.012024453254987412,0.021510100274678097,-0.07336461205393274,31891065.0,72.7286293672173,2.946214821377291,-0.01768292682926853,0
2022-03-31,297.0477905273437,308.3099975585937,315.1400146484375,307.8900146484375,313.8999938964844,33422100,MSFT,-0.01768292682926853,0.013844024044373793,0.04186953893263623,299.0537475585937,284.7625793457031,286.4311462402344,0.016294584354804385,0.021664532451986084,0.1867126361686715,32196445.0,72.69360445907628,2.401797913783419,0.003600494860002579,1
2022-04-01,298.1173095703125,309.4200134277344,310.1300048828125,305.5400085449219,309.3699951171875,27110500,MSFT,0.003600494860002579,0.0189018248473245,0.06748116307674557,300.1598327636719,285.7048583984375,286.5938262939453,0.016121840119286125,0.02099217400992372,-0.18884510548409583,31934145.0,77.62139775339077,1.9868661247736839,0.01793686534595973,1
2022-04-04,303.464599609375,314.9700012207031,315.1099853515625,309.7099914550781,310.0899963378906,24289600,MSFT,0.01793686534595973,0.01374323219037299,0.12928947712405692,300.9826416015625,287.44200286865237,286.97056091308593,0.014676334134597397,0.01881291870713873,-0.10405193559690895,30990765.0,75.50417012943338,1.9433133910886453,-0.012985713492696283,0
2022-04-05,299.5238952636719,310.8800048828125,314.8699951171875,309.8699951171875,313.2699890136719,23156700,MSFT,-0.012985713492696283,-0.01436248382928873,0.12698919388710372,300.10972290039064,289.12952117919923,287.26194274902343,0.01414836570585904,0.0189151732815997,-0.04664136091166593,29740625.0,66.04384123961056,1.537649653243006,-0.03660564011550316,0
2022-04-06,288.55963134765625,299.5,307.0,296.7099914550781,305.19000244140625,40110400,MSFT,-0.03660564011550316,-0.045752698589548,0.038128104193981605,297.3426452636719,289.65942840576173,287.4855700683594,0.0208423191587019,0.018794427504198723,0.7321293621284553,29985920.0,53.454965152473584,0.47455553865491806,0.006243547421284523,1
2022-04-07,290.3612670898437,301.3699951171875,303.6499938964844,296.3500061035156,296.6600036621094,31411200,MSFT,0.006243547421284523,-0.022509924836099704,0.055253838879043116,296.0053405761719,290.4196044921875,287.5871630859375,0.021137284111732192,0.018593501974387628,-0.2168814073158084,30025080.0,50.80205029969115,-0.13126576471398232,-0.014600047632270297,0
2022-04-08,286.1219787597656,296.9700012207031,301.1199951171875,296.2799987792969,300.44000244140625,24361900,MSFT,-0.014600047632270297,-0.04023694842757097,0.06034179448608179,293.6062744140625,291.2337341308594,287.54378112792966,0.0209898798064966,0.01832468683545163,-0.22441995211898935,29882710.0,48.22611845717306,-0.8039376554241207,-0.03943152711093478,0
2022-04-11,274.8397521972656,285.260009765625,292.6099853515625,285.0,291.7900085449219,34569300,MSFT,-0.03943152711093478,-0.09432680928502302,0.03190549314614244,287.8813049316406,291.6586227416992,287.1128399658203,0.018835083505789288,0.02038532329711981,0.41899030863766784,30078140.0,36.2854269721908,-1.9308791549887583,-0.011217918289344042,0
2022-04-12,271.7566223144531,282.0599975585937,290.739990234375,280.489990234375,289.239990234375,30966700,MSFT,-0.011217918289344042,-0.0927047003204039,-0.017726309096751325,282.3278503417969,291.41341400146484,286.56793212890625,0.019003211041436523,0.018598998784035776,-0.10421385448938802,29914220.0,37.025478665136944,-2.755823849445096,0.01971224674536698,1
2022-04-13,277.1135559082031,287.6199951171875,288.5799865722656,281.29998779296875,282.7300109863281,21907200,MSFT,0.01971224674536698,-0.03966623947361125,-0.022996830064016316,280.03863525390625,291.0872772216797,286.1728515625,0.02243102769575348,0.018232237079078638,-0.2925561974637272,29118265.0,37.90373053477353,-2.803331619524342,-0.027084429781452646,0
2022-04-14,269.60809326171875,279.8299865722656,288.3099975585937,279.32000732421875,288.0899963378906,28221600,MSFT,-0.027084429781452646,-0.07147363019911157,-0.05213071932450941,275.88800048828125,290.3458847045898,285.53728454589844,0.022142751936268412,0.019107410346330535,0.28823400525854503,28988515.0,34.203273015184365,-3.175525270381933,0.0024660088982784156,1
2022-04-18,270.27294921875,280.5199890136719,282.4599914550781,278.3399963378906,278.9100036621094,20778000,MSFT,0.0024660088982784156,-0.055392562325045414,-0.06627146929940397,272.71819458007815,289.3867523193359,285.1498095703125,0.023407380549827283,0.018558608750736706,-0.263755421379369,27857885.0,28.18108498388567,-3.2030664245455402,0.01703983964416733,1
2022-04-19,274.8783569335937,285.29998779296875,286.1700134277344,278.4100036621094,279.3800048828125,22297700,MSFT,0.01703983964416733,0.00014046270970413666,-0.04632957842246754,272.7259155273438,288.7190689086914,284.7642541503906,0.019648475230124734,0.019101464278056802,0.07313985946674362,27555210.0,28.2537361507124,-2.7543650743675023,0.003715355269676257,1
2022-04-20,275.8996276855469,286.3599853515625,289.70001220703125,285.3699951171875,289.3999938964844,22906700,MSFT,0.003715355269676257,0.015245278425266129,-0.058212081168937724,273.5545166015625,287.8663986206055,284.49507995605467,0.018588584643471785,0.018658118734117008,0.027312233997228486,27320560.0,29.997203021474064,-2.253139307657684,-0.019381177011151496,0
2022-04-21,270.5523681640625,280.8099975585937,293.29998779296875,280.0599975585937,288.5799865722656,29454600,MSFT,-0.019381177011151496,-0.023676892033077213,-0.0623726230819297,272.2422790527344,286.96651763916014,284.04954223632814,0.018106470561000107,0.01883244952234834,0.2858508645942017,27507520.0,29.997189199152174,-2.1465567009175013,-0.02414437603914521,0
2022-04-22,264.0200500488281,274.0299987792969,283.20001220703125,273.3800048828125,281.67999267578125,29405800,MSFT,-0.02414437603914521,-0.02072654105181515,-0.09888186848755243,271.1246704101562,285.51793975830077,283.34548095703127,0.017221852374420418,0.01887022455630626,-0.0016567870553325648,27753585.0,26.219636004520638,-2.363651251717625,0.024413364343311095,1
2022-04-25,270.4656677246094,280.7200012207031,281.1099853515625,270.7699890136719,273.2900085449219,35678900,MSFT,0.024413364343311095,0.0007130514038362623,-0.0756056305474,271.1632141113281,284.41187896728513,282.9401300048828,0.021553499606886253,0.01998096210780953,0.21332866305286702,28409205.0,27.332901502812092,-1.9386311364322504,-0.03740406757866943,0
2022-04-26,260.3491516113281,270.2200012207031,278.3599853515625,270.0,277.5,46518400,MSFT,-0.03740406757866943,-0.05285685451683486,-0.1302867260556223,268.257373046875,282.4618087768555,282.4735919189453,0.02454523569761673,0.020281339945065684,0.30380701198747717,29256215.0,25.19524154764865,-2.1859643987773216,0.048108917925323125,1
2022-04-27,272.874267578125,283.2200012207031,290.9700012207031,279.1600036621094,282.1000061035156,63477700,MSFT,0.048108917925323125,-0.010965437441147974,-0.1020579006364647,267.6523010253906,280.91109771728514,282.25832702636717,0.03624220213691014,0.02327305679883856,0.3645718683359702,30910430.0,40.26080925906975,-1.39183179485115,0.022632668362421615,1
2022-04-28,279.0501403808594,289.6300048828125,290.9800109863281,281.4599914550781,285.19000244140625,33646600,MSFT,0.022632668362421615,0.031408973702436116,-0.07719994590710555,269.35185546875,279.7438537597656,282.0613934326172,0.035982126544755536,0.024086233894529335,-0.46994613856519696,31184580.0,43.338659151811015,-0.38857990537416676,-0.04181174037597679,0
2022-04-29,267.382568359375,277.5199890136719,289.8800048828125,276.5,288.6099853515625,37073900,MSFT,-0.04181174037597679,0.01273584453122023,-0.09986683326378076,270.02435913085935,278.2605926513672,281.6378521728516,0.040370758819206196,0.025390680100442674,0.10186170370854697,31367170.0,39.85189004629056,-0.44468953180439286,0.025042937402243837,1
2022-05-02,274.07861328125,284.4700012207031,284.94000244140625,276.2200012207031,277.7099914550781,35151100,MSFT,0.025042937402243837,0.013358240944352895,-0.08063502358756147,270.7469482421875,277.05865783691405,281.51722412109376,0.040454405852006964,0.0262097690916271,-0.05186397978092405,31769200.0,49.56626987922474,0.01109159613415045,-0.009456065510686562,0
2022-05-03,271.4869079589844,281.7799987792969,284.1300048828125,280.1499938964844,283.9599914550781,25978600,MSFT,-0.009456065510686562,0.042780075443778154,-0.10537536072264397,272.97449951171876,275.4597732543945,281.3987182617187,0.03498265838346139,0.02572154290595805,-0.2609448921939854,31853650.0,49.84543935934457,0.17107532937582182,0.029101122370373655,1
2022-05-04,279.3874816894531,289.9800109863281,290.8800048828125,276.7300109863281,282.5899963378906,33599300,MSFT,0.029101122370373655,0.023868920177544384,-0.06722807059013636,274.2771423339844,274.4529525756836,281.44226806640626,0.030388153528584434,0.026755117088775378,0.2933452918940975,32375780.0,51.26616780325868,0.8064751965001147,-0.04355525398283733,0
2022-05-05,267.2186889648437,277.3500061035156,286.3500061035156,274.3399963378906,285.5400085449219,43260400,MSFT,-0.04355525398283733,-0.04239901617633168,-0.0739567841944635,271.9108520507812,273.38590545654296,281.38599975585936,0.03492050538326899,0.02725321319592918,0.28753872848541495,32533280.0,48.7352151536396,0.42392977344816174,-0.009446654047829961,0
2022-05-06,264.6943664550781,274.7300109863281,279.25,271.2699890136719,274.8099975585937,37780300,MSFT,-0.009446654047829961,-0.010053766484447113,-0.08839643418012677,271.3732116699219,272.10256042480466,281.0033068847656,0.029731786028039987,0.027184305458402967,-0.12667705337907187,32851735.0,47.10409259857149,0.03793096275836394,-0.036945156542827706,0
2022-05-09,254.91519165039065,264.5799865722656,272.3599853515625,263.32000732421875,270.0599975585937,47726000,MSFT,-0.036945156542827706,-0.06991943443319493,-0.10906812277981937,267.54052734375,270.54222106933594,280.37261779785155,0.028718731059285567,0.028075982665267892,0.2632509535392784,34019940.0,40.16516848358017,-0.7930718460513182,0.0185954585989494,1
2022-05-10,259.65545654296875,269.5,273.75,265.07000732421875,271.69000244140625,39336400,MSFT,0.0185954585989494,-0.04358019141682923,-0.05524781452793037,265.1742370605469,269.7830062866211,279.8082147216797,0.032353090057003514,0.027361306897243216,-0.17578678288563887,34258295.0,42.280204631740894,-0.931027706737642,-0.03320957313898398,0
2022-05-11,251.03240966796875,260.54998779296875,271.3599853515625,259.29998779296875,265.67999267578125,48975900,MSFT,-0.03320957313898398,-0.10149013066019119,-0.07626019366145975,259.50322265625,268.7467956542969,279.1453460693359,0.025560236732272954,0.028161109227152065,0.2450529280767939,35158755.0,41.00354440349939,-1.478056630115069,-0.01995780365020916,0
2022-05-12,246.02235412597656,255.3500061035156,259.8800048828125,250.0200042724609,257.69000244140625,51033800,MSFT,-0.01995780365020916,-0.07932205236459267,-0.11219661080934584,255.26395568847656,267.19223556518557,278.2813052368164,0.022305490042649968,0.027829262793829378,0.042018625487229455,36615085.0,41.58708434777163,-2.0188670077330633,0.02259633731785149,1
2022-05-13,251.58155822753903,261.1199951171875,263.0400085449219,255.3500061035156,257.3500061035156,34925100,MSFT,0.02259633731785149,-0.049539430714572785,-0.06686199518751346,252.64139404296876,266.29090881347656,277.6107293701172,0.028477500317906523,0.02802382384826046,-0.31564766879989337,36950260.0,41.098973021219216,-1.8483226826813501,0.0014555137606337976,1
2022-05-16,251.9477386474609,261.5,265.82000732421875,255.77999877929688,259.9599914550781,32550900,MSFT,0.0014555137606337976,-0.01164094216479461,-0.06780260704691266,252.04790344238282,265.3746482849121,277.0642495727539,0.024174156516833287,0.028014207850392613,-0.06797976240583425,37538905.0,45.63916028441232,-1.568049164798385,0.020343882109398415,1
2022-05-17,257.0733337402344,266.82000732421875,268.3299865722656,262.4599914550781,266.1099853515625,28828800,MSFT,0.020343882109398415,-0.009944419567039176,-0.06477419099845949,251.53147888183594,264.48439712524413,276.831282043457,0.024558032535663226,0.028148833091674017,-0.11434706874464295,37865460.0,41.11592426371119,-0.926383288802767,-0.045529387701173096,0
2022-05-18,245.3689422607422,254.0800018310547,263.6000061035156,252.7700042724609,263.0,31356000,MSFT,-0.045529387701173096,-0.02256070208112737,-0.11065866844735883,250.39878540039064,262.9578628540039,276.4231903076172,0.02876132676556376,0.029647575499415272,0.08766233766233755,38287925.0,32.171133392102405,-1.1637798798192405,-0.00369976080966139,0
2022-05-19,244.4611358642578,253.13999938964844,257.6700134277344,251.8800048828125,253.8999938964844,32692300,MSFT,-0.00369976080966139,-0.0063458390489155025,-0.09643690231527746,250.08654174804687,261.6533012390137,275.75318328857423,0.027425022851067214,0.02946593235247697,0.04261704299017732,38449810.0,36.30692318588806,-1.2480457463477324,-0.00229117961076708,0
2022-05-20,243.90103149414065,252.5599975585937,258.5400085449219,246.44000244140625,257.239990234375,39199300,MSFT,-0.00229117961076708,-0.030528973536493642,-0.07620261624435964,248.5504364013672,260.6473503112793,275.1280490112305,0.024141189776548166,0.029107742287979858,0.19903769389122217,38939485.0,30.545959396047877,-1.2068808056990665,0.032031997901941,1
2022-05-23,251.7136688232422,260.6499938964844,261.5,253.42999267578125,255.4900054931641,33175400,MSFT,0.032031997901941,-0.0009290411792354236,-0.06933227074299364,248.50362243652344,259.7097503662109,274.7655346679687,0.0297137969366298,0.029539618121938702,-0.15367366253989234,38814310.0,38.05706358701991,-0.5521766588450259,-0.003951672334904788,0
2022-05-24,250.718978881836,259.6199951171875,261.3299865722656,253.5,257.8900146484375,29043900,MSFT,-0.003951672334904788,-0.024718062997616363,-0.03698945308594237,247.23275146484374,259.22824172973634,274.4530746459961,0.02749382084388251,0.028425221281229894,-0.12453504705293683,37940585.0,31.108385969830422,-0.10804322557847623,0.011170328691551434,1
2022-05-25,253.51959228515625,262.5199890136719,264.5799865722656,257.1300048828125,258.1400146484375,28547900,MSFT,0.011170328691551434,0.03321793683143781,-0.07092891339571783,248.86288146972657,258.26050796508787,273.9902505493164,0.015525276712895941,0.026140654016788153,-0.017077596328316735,36194095.0,39.701179762469046,0.42328000068226324,0.012874894821801819,1
2022-05-26,256.7836303710937,265.8999938964844,267.1099853515625,261.42999267578125,262.2699890136719,25002100,MSFT,0.012874894821801819,0.05040676287161738,-0.07979393946684787,251.32738037109374,257.1471824645996,273.45319732666013,0.014497934262369843,0.025717946523798153,-0.1242052830505922,35761870.0,44.1182196575021,1.0100091984119866,0.027604600081338138,1
2022-05-27,263.8720397949219,273.239990234375,273.3399963378906,267.5599975585937,268.4800109863281,26910800,MSFT,0.027604600081338138,0.08188160656163923,-0.013129234960952307,255.32158203125,256.97165603637694,273.04191925048826,0.014342579720560274,0.02499655001845244,0.07634158730666618,35253715.0,56.93715860556253,1.842468900685783,-0.005014017715023966,0
2022-05-31,262.5489807128906,271.8699951171875,274.7699890136719,268.92999267578125,272.5299987792969,37827700,MSFT,-0.005014017715023966,0.043046179972280996,-0.04206688157943961,257.4886444091797,256.39517440795896,272.5037869262695,0.013499279073305824,0.024282141933479974,0.40566984259107874,35387545.0,52.36631676674504,2.2443091808116122,0.002023083257925329,1
2022-06-01,263.08013916015625,272.4200134277344,277.69000244140625,270.0400085449219,275.20001220703125,25292200,MSFT,0.002023083257925329,0.04930285028061676,-0.030965650837565306,259.96087646484375,255.97483596801757,272.000749206543,0.01233135076233068,0.0242288541317406,-0.3313841444232666,35353225.0,61.35551049172315,2.4683970144552294,0.007928789262012792,1
2022-06-02,265.1660461425781,274.5799865722656,274.6499938964844,261.6000061035156,264.45001220703125,44008200,MSFT,0.007928789262012792,0.04593906826862537,-0.05090219311501765,262.2901672363281,255.26376419067384,271.4450094604492,0.012322019620366803,0.023274851561645615,0.7399909853630764,35873670.0,69.09641138136693,2.662920446989957,-0.016607163963562543,0
2022-06-03,260.76239013671875,270.0199890136719,273.45001220703125,268.4100036621094,270.3099975585937,28059000,MSFT,-0.016607163963562543,0.015494600492543587,-0.02416110509760927,263.08591918945314,254.9409492492676,270.8892575073242,0.016425012023447615,0.021474187143118027,-0.36241427733922316,35113600.0,59.37427064770073,2.4084981624373416,-0.004703170236575738,0
2022-06-06,259.5359802246094,268.75,274.17999267578125,267.2200012207031,272.0599975585937,22400300,MSFT,-0.004703170236575738,-0.016432432832529154,-0.019488084690099328,262.2187072753906,254.68302993774415,270.2201449584961,0.009170673742342187,0.0214020769599754,-0.20167147795716167,34344600.0,57.61436250271399,2.0832976050829886,0.013953242263631704,1
2022-06-07,263.1573486328125,272.5,273.1300048828125,265.94000244140625,266.6400146484375,22860700,MSFT,0.013953242263631704,0.0023171597096662833,0.03233293759018396,262.340380859375,255.09513778686522,269.6315542602539,0.011813368091162001,0.019842721329816362,0.020553296161212042,33101335.0,56.29499162924405,2.035407778582941,-0.007669711961072134,0
2022-06-08,261.1390075683594,270.4100036621094,273.0,269.6099853515625,271.7099914550781,17372300,MSFT,-0.007669711961072134,-0.00737848017715681,0.005713536873603653,261.9521545410156,255.16931533813477,268.86732330322263,0.01229048914026963,0.019538114537167153,-0.24008013752859714,32003130.0,70.40735046657196,1.7992892204167488,-0.02078315269960751,0
2022-06-09,255.7117156982422,264.7900085449219,272.7099914550781,264.6300048828125,267.7799987792969,26439700,MSFT,-0.02078315269960751,-0.03565437800906235,0.018640246637725344,260.06128845214846,255.40328063964844,267.9037878417969,0.01348057856934381,0.018585146334577248,0.5219458563345096,30876320.0,63.03427189113781,1.235918044246349,-0.04456352822415466,0
2022-06-10,244.31629943847656,252.9900054931641,260.5799865722656,252.52999877929688,260.5799865722656,31422800,MSFT,-0.04456352822415466,-0.0630692589127575,-0.006934551510820897,256.7720703125,255.31797790527344,266.7422134399414,0.021680959447637635,0.020741070646974814,0.18847036842324227,29895770.0,50.38455723282703,0.11327545188526233,-0.04241279384402963,0
2022-06-13,233.95416259765625,242.259994506836,249.0200042724609,241.52999877929688,245.1100006103516,46135800,MSFT,-0.04241279384402963,-0.0985675188650681,-0.07006632661818546,251.65570678710938,254.4366081237793,265.4803408813477,0.024549626044950385,0.02204324864778493,0.4682268925748183,30456305.0,34.295434790176586,-1.2353735485659931,0.009205004819852203,1
2022-06-14,236.1077117919922,244.4900054931641,245.7400054931641,241.509994506836,243.8600006103516,28651500,MSFT,0.009205004819852203,-0.10278883330202226,-0.06287028786407545,246.24577941894532,253.64460678100585,264.2401489257812,0.022932148811373662,0.022200490989862334,-0.37897467909952787,30261335.0,37.33888736686551,-1.8534430679493803,0.0297352482994373,1
2022-06-15,243.12843322753903,251.759994506836,255.3000030517578,246.4199981689453,248.3099975585937,33111700,MSFT,0.0297352482994373,-0.06896929918103345,-0.054244834770712846,242.64366455078124,252.9473617553711,263.0334255981445,0.03255146931045489,0.022811248633824895,0.1556707327714082,30475480.0,41.60940443583609,-1.6663633632612873,-0.026970128969072804,0
2022-06-16,236.5712280273437,244.97000122070312,247.4199981689453,243.0200042724609,245.97999572753903,33169200,MSFT,-0.026970128969072804,-0.07485182139048185,-0.03585504405056106,238.81556701660156,252.50747604370116,261.774372253418,0.03299951570095551,0.021297443641159618,0.0017365462963243594,30566140.0,34.503168764123515,-1.8471523287172573,0.010940192462144616,1
2022-06-17,239.15936279296875,247.6499938964844,250.5,244.02999877929688,244.6999969482422,43084800,MSFT,0.010940192462144616,-0.02110762424512913,-0.02168759075975568,237.7841796875,252.2423873901367,260.7863668823242,0.029743774688586886,0.02147259655784973,0.29893998046380377,31085765.0,29.648407027335693,-1.6611927282756707,0.0245911774411256,1
2022-06-21,245.0405731201172,253.7400054931641,254.75,249.509994506836,250.259994506836,29928300,MSFT,0.0245911774411256,0.04738710523192036,0.004672147628879131,240.0014617919922,252.29936447143555,259.8799530029297,0.02218918877155106,0.022208060308263305,-0.30536291221033873,30622215.0,36.588221845436074,-1.0411679580047846,-0.002404013356017254,0
2022-06-22,244.4514923095703,253.1300048828125,257.1700134277344,250.3699951171875,251.88999938964844,25939900,MSFT,-0.002404013356017254,0.03533887332290475,-0.028850942213914932,241.67021789550782,251.93625564575194,259.0465432739258,0.022826037667421268,0.020930349938288954,-0.13326517042398,30260440.0,35.742748736130736,-0.5921281037695216,0.022636614016415146,1
2022-06-23,249.98504638671875,258.8599853515625,259.3699951171875,253.6300048828125,255.57000732421875,25861400,MSFT,0.022636614016415146,0.028201609610846168,-0.0029273112805040524,243.04154052734376,251.8995590209961,258.54944915771483,0.02123782114087538,0.021584078237732226,-0.00302622600703939,30101315.0,38.963779883925255,0.1182841411256188,0.03414950357138036,1
2022-06-24,258.5219116210937,267.70001220703125,267.9800109863281,261.7200012207031,261.8099975585937,33923200,MSFT,0.03414950357138036,0.09278678466856016,0.019731490141838393,247.43167724609376,252.14967498779296,258.28475494384764,0.014070460381226642,0.022783948668582993,0.3117309967751165,30370080.0,48.463558485273225,1.1466732613714088,-0.010496625880065169,0
2022-06-27,255.8083038330078,264.8900146484375,268.29998779296875,263.2799987792969,268.2099914550781,24615100,MSFT,-0.010496625880065169,0.0696144229755764,-0.0037982426554075133,250.76146545410157,252.10090866088868,257.85864990234376,0.01911464656754466,0.02275436033527979,-0.2743874398641638,30350730.0,47.494790063290395,1.5998618643875977,-0.03174900190299201,0
2022-06-28,247.6866455078125,256.4800109863281,266.9100036621094,256.32000732421875,263.9800109863281,27295500,MSFT,-0.03174900190299201,0.010798507177822492,-0.06133804210437932,251.29067993164062,251.2916389465332,257.42022094726565,0.0263301330850224,0.022842809582360155,0.10889250906963621,30369965.0,40.19585318070439,1.3199934713673822,0.0147379388077864,1
2022-06-29,251.3370361328125,260.260009765625,261.9700012207031,255.759994506836,257.5899963378906,20069800,MSFT,0.0147379388077864,0.028167321697191383,-0.04270420151559795,252.66778869628905,250.7310417175293,257.0415026855469,0.02665776026272857,0.02317169502287036,-0.2647212910553022,29482070.0,43.91414920377712,1.343586448748419,-0.013179089080712192,0
2022-06-30,248.024642944336,256.8299865722656,259.5299987792969,252.8999938964844,257.04998779296875,31730900,MSFT,-0.013179089080712192,-0.007842082839427444,-0.05722779478482365,252.2757080078125,249.97826690673827,256.5044284057617,0.025820122524089432,0.02328450637529942,0.5810272150195817,29804005.0,45.098525685406685,1.108735449273599,0.010707468059852232,1
2022-07-01,250.68035888671875,259.5799865722656,259.7699890136719,254.6100006103516,256.3900146484375,22837700,MSFT,0.010707468059852232,-0.030332255727197444,-0.054628740996765845,250.7073974609375,249.2539825439453,256.00004302978516,0.018999812977274176,0.023359327228004982,-0.2802693904049365,28745480.0,54.566880282311665,1.1025517992400324,0.012597248162775854,1
2022-07-05,253.83824157714844,262.8500061035156,262.9800109863281,254.7400054931641,256.1600036621094,22941000,MSFT,0.012597248162775854,-0.007701322538557709,-0.026553478651349827,250.31338500976562,248.90777511596679,255.66576049804686,0.02038843446055594,0.023346757856747634,0.004523222566195306,28489580.0,65.91440057467183,1.269550741099795,0.012782810876687423,1
2022-07-06,257.0830078125,266.2099914550781,267.989990234375,262.3999938964844,263.75,23824400,MSFT,0.012782810876687423,0.03793649143022182,-0.00945137706913124,252.19265747070312,248.78512649536134,255.5270196533203,0.011663898138111573,0.023530773563297823,0.03850747569853108,28560785.0,66.49956297619815,1.5389939578873877,0.008226876806721961,1
2022-07-07,259.197998046875,268.3999938964844,269.0599975585937,265.0199890136719,265.1199951171875,20859900,MSFT,0.008226876806721961,0.031276576007320145,-0.015045563449045285,253.7648498535156,248.58715896606446,255.30166625976562,0.011002603243918874,0.02338375222334105,-0.12443125535165633,28460745.0,63.69780251939629,1.7829152593104503,-0.0027570819695292847,0
2022-07-08,258.4833679199219,267.6600036621094,268.1000061035156,263.2900085449219,264.7900085449219,19658800,MSFT,-0.0027570819695292847,0.04216808802314498,-0.010169448345407894,255.85659484863282,248.4543769836426,255.2643505859375,0.006454099261501163,0.023330170373650858,-0.05757937478127895,28575070.0,70.7442862112124,1.813409775469774,-0.011769090917892244,0
2022-07-11,255.44125366210932,264.510009765625,266.5299987792969,262.17999267578125,265.6499938964844,19455200,MSFT,-0.011769090917892244,0.018991893886437294,-0.0010576833970800115,256.80877380371095,248.44085388183595,254.91569030761718,0.01075953433215524,0.02299732407860049,-0.010356685046900127,28225845.0,65.28274766057447,1.5558662169653148,-0.04098121226015916,0
2022-07-12,244.97296142578125,253.6699981689453,265.94000244140625,252.0399932861328,265.8800048828125,35868500,MSFT,-0.04098121226015916,-0.0349249194931599,0.00268775349337691,255.0357177734375,248.47368698120118,254.2341467285156,0.021322736047285174,0.02264152611143108,0.843645914716888,28448130.0,49.94156892769818,0.6538193688828882,-0.0037449824186890357,0
2022-07-13,244.0555419921875,252.72000122070312,253.5500030517578,248.1100006103516,250.19000244140625,29497400,MSFT,-0.0037449824186890357,-0.050674161358085223,0.04317674574529007,252.430224609375,248.97875595092773,253.76760620117187,0.018618263977820744,0.0203278423374946,-0.17762382034375568,27616210.0,49.659744595368934,0.0031213344292574385,0.005381562974696719,1
2022-07-14,245.3689422607422,254.0800018310547,255.13999938964844,245.94000244140625,250.57000732421875,25102800,MSFT,0.005381562974696719,-0.05335325075941322,0.039224599647592395,249.66441345214844,249.44181747436522,253.19341278076172,0.017945376537083075,0.020277531360693414,-0.1489826221972106,27438775.0,45.72298819796339,-0.3135668792469988,0.010390349204959293,1
2022-07-15,247.9184112548828,256.7200012207031,260.3699951171875,254.7700042724609,255.72000122070312,29774100,MSFT,0.010390349204959293,-0.040872868339877466,0.01970143090117693,247.55142211914062,249.68131637573242,252.7220428466797,0.020231399487061506,0.019330288851142984,0.18608681103303226,27271895.0,38.94932992558052,-0.32470518791131453,-0.009621370713585042,0
2022-07-18,245.53309631347656,254.25,260.8399963378906,253.3000030517578,259.75,20975000,MSFT,-0.009621370713585042,-0.03878839931524525,0.037882325593275645,245.56979064941407,250.12940979003906,252.04495513916015,0.020157875623003273,0.018367041483231726,-0.2955286641745678,26662185.0,39.217686813412,-0.45793316046130705,0.02076674308290527,1
2022-07-19,250.63201904296875,259.5299987792969,259.7200012207031,253.67999267578125,257.5799865722656,25012600,MSFT,0.02076674308290527,0.023100743789236544,0.047970759396659846,246.70160217285155,250.70304260253906,251.71322174072264,0.01190989867131621,0.01874569415710989,0.19249582836710366,25758575.0,53.30008650785239,-0.18203025267920192,0.010557720898461076,1
2022-07-20,253.2781219482422,262.2699890136719,264.8699951171875,258.9100036621094,259.8999938964844,22788300,MSFT,0.010557720898461076,0.03778885691663536,0.03361708113573103,248.5461181640625,251.11492004394532,251.48489685058593,0.01108308658772412,0.018128275142333016,-0.08892718070092676,25401575.0,52.22492307014234,0.17972633119838632,0.0097991816895584,1
2022-07-21,255.76004028320312,264.8399963378906,264.8900146484375,257.0299987792969,259.7900085449219,22404700,MSFT,0.0097991816895584,0.04234887238262952,0.04626090790769988,250.62433776855468,251.68034744262695,251.5017938232422,0.011048515621958847,0.018184198679750196,-0.016833199492722106,25224815.0,59.03859258501172,0.5654429497133078,-0.016916037894005864,0
2022-07-22,251.43359375,260.3599853515625,265.3299865722656,259.07000732421875,265.239990234375,21881300,MSFT,-0.016916037894005864,0.014178787599212539,0.005794536050129917,251.32737426757814,251.752774810791,251.3373565673828,0.015611842465995906,0.018020058235623856,-0.023361169754560374,25025810.0,50.84706092304313,0.5101746520825996,-0.0058764584336694625,0
2022-07-25,249.9560546875,258.8299865722656,261.5,256.8099975585937,261.0,21056000,MSFT,-0.0058764584336694625,0.018013695263210394,-0.0331339687219564,252.21196594238282,251.32448196411133,251.31582946777343,0.014935075703954076,0.016211630768859106,-0.0377171374644103,24382450.0,45.46275533514973,0.36205063578082886,-0.026774237658963473,0
2022-07-26,243.263671875,251.8999938964844,259.8800048828125,249.57000732421875,259.8599853515625,39348000,MSFT,-0.026774237658963473,-0.02939906559466976,-0.04903918977625121,250.73829650878906,250.69725036621094,251.2606558227539,0.016388955780192126,0.017069920663020783,0.8687310030395137,25119095.0,35.0533723256075,-0.170132972305285,0.06685188196000014,1
2022-07-27,259.5263061523437,268.739990234375,270.04998779296875,258.8500061035156,261.1600036621094,45994000,MSFT,0.06685188196000014,0.024669261427081812,0.04780096488551999,251.98793334960936,251.2892333984375,251.41955078125,0.03693247488557182,0.02173876218773482,0.1689031208701841,26054020.0,50.27188362430622,0.5501835831031008,0.028540626832192162,1
2022-07-28,266.933349609375,276.4100036621094,277.8399963378906,267.8699951171875,269.75,33459300,MSFT,0.028540626832192162,0.04368668895187722,0.06205338344294398,254.22259521484375,252.0690490722656,251.71926300048827,0.03840991433938354,0.02235608267032703,-0.2725290255250685,26723495.0,56.2994689489138,1.451385694374183,0.015664914268780805,1
2022-07-29,271.1148376464844,280.739990234375,282.0,276.6300048828125,277.70001220703125,32152800,MSFT,0.015664914268780805,0.07827611101185394,0.09309637311857966,258.1588439941406,253.22355880737305,252.00009307861328,0.03553519607297892,0.022170107676553998,-0.03904743972527813,26744590.0,61.48948659807473,2.2095654508892277,-0.009724004943329478,0
2022-08-01,268.478515625,278.010009765625,281.2799987792969,275.8399963378906,277.82000732421875,21539600,MSFT,-0.009724004943329478,0.07410286964505475,0.07099940664407667,261.86333618164065,254.11346664428712,252.46228454589843,0.03615498871815284,0.022348314621391228,-0.33008633773730434,26679685.0,69.46584486361297,2.3982237736737817,-0.0114743909181515,0
2022-08-02,265.3978881835937,274.82000732421875,277.8900146484375,272.3800048828125,276.0,22754200,MSFT,-0.0114743909181515,0.09098858098289031,0.04553942122598564,266.29017944335936,254.6914489746094,252.88101959228516,0.032173047749044274,0.022489962451445702,0.056389162287136196,26670345.0,67.06306257069488,2.1862067432243326,0.027836300292598537,1
2022-08-03,272.7855834960937,282.4700012207031,283.5,276.6099853515625,276.760009765625,23518900,MSFT,0.027836300292598537,0.05109030194406072,0.06107978826452087,268.9420349121093,255.476577758789,253.45871063232423,0.019647030700387928,0.023097105380663358,0.03360698244719651,26655070.0,69.9789244556151,2.3972495416686,0.004177370198905184,1
2022-08-04,273.92510986328125,283.6499938964844,283.79998779296875,280.1700134277344,281.79998779296875,18098700,MSFT,0.004177370198905184,0.02619290644701322,0.05681799985871372,270.3403869628906,256.21293334960933,253.902939453125,0.016760648951218038,0.023068625176358035,-0.2304614586566549,26517010.0,69.34908074624697,2.4581874707594125,-0.002608852205297274,0
2022-08-05,273.2104797363281,282.9100036621094,283.6499938964844,278.67999267578125,279.1499938964844,16774600,MSFT,-0.002608852205297274,0.007729721132328171,0.056975084837832535,270.75951538085934,256.94928894042965,254.35276947021484,0.01590491269125167,0.02306669638010699,-0.07315995071469217,26372800.0,71.11704439962006,2.297917466521449,-0.009154810562028048,0
2022-08-08,270.70928955078125,280.32000732421875,285.9200134277344,279.32000732421875,284.04998779296875,18739200,MSFT,-0.009154810562028048,0.008308947628781871,0.05977122203161467,271.2056701660156,257.71269073486326,254.69656341552735,0.01580495222146718,0.022985721383598424,0.11711754676713593,26337000.0,65.95066024268377,1.8881487257021217,0.007063218482804112,1
2022-08-09,272.6213684082031,282.29998779296875,283.0799865722656,277.6099853515625,279.6400146484375,23405200,MSFT,0.007063218482804112,0.027217549747843073,0.11286309648829729,272.6503662109375,259.0951110839843,255.01331817626954,0.013996546825763791,0.020507285702196707,0.24899675546448097,25713835.0,65.54885281001381,1.6208208121337844,0.024300431522344068,1
2022-08-10,279.2461853027344,289.1600036621094,289.8099975585937,286.94000244140625,288.1700134277344,24687800,MSFT,0.024300431522344068,0.023683809546823698,0.1441911256072741,273.94248657226564,260.8546432495117,255.32080108642577,0.012603517070718592,0.020794613995342874,0.054799788081281164,25473355.0,67.70016568735409,1.7538475737404484,-0.007400927987476713,0
2022-08-11,277.17950439453125,287.0199890136719,291.2099914550781,286.510009765625,290.8500061035156,20065900,MSFT,-0.007400927987476713,0.011880599529098701,0.1296438002328162,274.59336547851564,262.4451713562011,255.61341156005858,0.013747972755290043,0.021040628930548033,-0.18721392752695665,25221510.0,70.08742212820829,1.5721669486938286,0.017037488530289302,1
2022-08-12,281.9019470214844,291.9100036621094,291.9100036621094,286.94000244140625,288.4800109863281,22619700,MSFT,0.017037488530289302,0.03181234956120371,0.13707548219024113,276.3316589355469,264.1443481445312,255.98984771728516,0.014717629177090023,0.02116046762087445,0.12727064323055526,24863790.0,73.7235269721768,1.6324405460565075,0.0053441658620538846,1
2022-08-15,283.4084777832031,293.4700012207031,294.17999267578125,290.1099853515625,291.0,18085700,MSFT,0.0053441658620538846,0.046910795907650904,0.1542577438170305,278.8714965820312,266.03811721801753,256.35469635009764,0.01208769665608415,0.020816522684839658,-0.20044474506735277,24719325.0,82.2999766736645,1.6322540765259923,-0.00258993236477556,0
2022-08-16,282.6744689941406,292.7099914550781,294.0400085449219,290.4200134277344,291.989990234375,18102900,MSFT,-0.00258993236477556,0.036875688228828585,0.12784659387705144,280.8821166992187,267.6402397155761,256.7929379272461,0.013243671832504068,0.020681928345689493,0.0009510276074466972,24373840.0,74.82904883393135,1.4474759463805036,-0.0026362789072749138,0
2022-08-17,281.92926025390625,291.32000732421875,293.3500061035156,289.4700012207031,289.739990234375,18253400,MSFT,-0.0026362789072749138,0.009608277900960749,0.11312125218426483,281.4187316894531,269.07279663085933,257.24080352783204,0.009594757191983622,0.02074703463449603,0.008313585116196842,24147095.0,68.76682340504185,1.1526718692151423,-0.003947172724554804,0
2022-08-18,280.8164367675781,290.1700134277344,291.9100036621094,289.0799865722656,290.19000244140625,17186200,MSFT,-0.003947172724554804,0.013121216812157055,0.09796837870618891,282.1461181640625,270.3256164550781,257.59398529052737,0.008848479127228885,0.020827201287874936,-0.058465820066398555,23886170.0,63.1512931127206,0.7782722902480383,-0.013854256447629276,0
2022-08-19,276.9259338378906,286.1499938964844,289.25,285.5599975585937,288.8999938964844,20570000,MSFT,-0.013854256447629276,-0.01765157437246967,0.10138796374695103,281.1509155273437,271.60023345947263,257.90972381591797,0.006841004393848517,0.020669168037348747,0.19689052844724264,23820605.0,61.074583250315435,0.19457158448086442,-0.029355182857449535,0
2022-08-22,268.7967224121094,277.75,282.4599914550781,277.2200012207031,282.0799865722656,25061100,MSFT,-0.029355182857449535,-0.051557227523275406,0.07537592057197551,278.228564453125,272.54226684570307,258.17142395019533,0.011555442825227545,0.02194888096009059,0.21833252309188134,24020860.0,53.93498840769585,-0.7606643990355604,-0.004716317600580666,0
2022-08-23,267.52899169921875,276.44000244140625,278.8599853515625,275.3999938964844,276.44000244140625,17527400,MSFT,-0.004716317600580666,-0.05357921905298002,0.09974904858250833,275.1994689941406,273.755532836914,258.6356777954102,0.011227090116524414,0.020855228700050493,-0.3006133010921308,22929830.0,42.909410648892255,-1.459079070643587,-0.0023515951263861634,0
2022-08-24,266.8998718261719,275.7900085449219,277.2300109863281,275.1099853515625,275.4100036621094,18137000,MSFT,-0.0023515951263861634,-0.05330907623493519,0.028411631110334623,272.19359130859374,274.1242111206054,259.29459197998045,0.011280084099427223,0.014953148994570516,0.034779830436916015,21536980.0,40.39138525034247,-1.915830880011053,0.011095300302145894,1
2022-08-25,269.8612060546875,278.8500061035156,279.0199890136719,274.5199890136719,277.3299865722656,16583400,MSFT,0.011095300302145894,-0.039012070799680054,0.01096849250795029,270.00254516601564,274.27060394287105,259.9696618652344,0.014979151235140622,0.013753960221390861,-0.08565914980426748,20693185.0,45.68433503549692,-1.9636684456056024,-0.03858670748626114,0
2022-08-26,259.4481506347656,268.0899963378906,280.3399963378906,267.9800109863281,279.0799865722656,27549300,MSFT,-0.03858670748626114,-0.0631135660026565,-0.04303227043195379,266.5069885253906,273.68726959228513,260.2960562133789,0.020521497036873584,0.015827306124604066,0.6612576431853541,20463010.0,37.947118289755196,-2.601745465705924,-0.01066811329683115,0
2022-08-29,256.6803283691406,265.2300109863281,267.3999938964844,263.8500061035156,265.8500061035156,20338500,MSFT,-0.01066811329683115,-0.045076420330722344,-0.04394462338408711,264.0837097167969,273.09736022949215,260.6982382202148,0.018333833704191876,0.015852700515469467,-0.261741677646982,20402955.0,33.24510397635129,-3.082493265842157,-0.008520906380897975,0
2022-08-30,254.49317932128903,262.9700012207031,267.04998779296875,260.6600036621094,266.6700134277344,22767100,MSFT,-0.008520906380897975,-0.04872672787772403,-0.04108815234716989,261.47654724121094,272.55212478637696,261.0049145507812,0.018187607964481715,0.015774582549579006,0.11940900263047904,20403600.0,21.306598792629828,-3.395345730920267,-0.0057041220519994384,0
2022-08-31,253.04151916503903,261.4700012207031,267.1099853515625,261.3299865722656,265.3900146484375,24791800,MSFT,-0.0057041220519994384,-0.051923414448691085,-0.07237942738032344,258.7048767089844,271.5649215698242,261.16493347167966,0.017903651762237387,0.014136055077158515,0.08893095739026924,20467245.0,21.61479333026854,-3.5318885469190247,-0.004092242275359537,0
2022-09-01,252.00601196289065,260.3999938964844,260.8900146484375,255.41000366210932,258.8699951171875,23263400,MSFT,-0.004092242275359537,-0.06616436038671847,-0.08001857847690796,255.133837890625,270.4689666748047,261.3160238647461,0.014242844054275375,0.014015363181169777,-0.061649416339273455,20725480.0,11.50572602472738,-3.516158292771869,-0.016666620245532227,0
2022-09-02,247.8059234619141,256.0599975585937,264.739990234375,254.47000122070312,261.70001220703125,22855400,MSFT,-0.016666620245532227,-0.04487303973594592,-0.0929852921415446,252.80539245605468,269.198738861084,261.27244140625,0.004915614765201178,0.014288219865850027,-0.017538279013385782,21029520.0,7.131410815842003,-3.5997529836495623,-0.010973873550519042,0
2022-09-06,245.08653259277344,253.25,257.8299865722656,251.94000244140625,256.20001220703125,21328200,MSFT,-0.010973873550519042,-0.04516822870700776,-0.094650453261233,250.48663330078125,267.91760101318357,261.0037338256836,0.0049413613569858445,0.014323345889979772,-0.06682009503224617,21158970.0,6.806005658052868,-3.6385212251063734,0.019111267090113238,1
2022-09-07,249.7704467773437,258.0899963378906,258.8299865722656,253.22000122070312,254.6999969482422,24126700,MSFT,0.019111267090113238,-0.01855740321426469,-0.08381926099293924,249.54208679199218,266.7750549316406,260.88297668457034,0.013652478335284294,0.015084386721452585,0.13121126020948792,21195045.0,16.112454247085893,-3.1664062622936737,0.001666324962936061,1
2022-09-08,250.1866455078125,258.5199890136719,260.42999267578125,254.7899932861328,257.510009765625,20319900,MSFT,0.001666324962936061,-0.01128223410390028,-0.10406423193719927,248.9711120605469,265.3220779418945,260.9329766845703,0.013774638929305444,0.013605530819259214,-0.15778370021594335,20976650.0,17.24274669841617,-2.663967400730243,0.022976681471694294,1
2022-09-09,255.9351043701172,264.4599914550781,265.2300109863281,260.2900085449219,260.5,22084700,MSFT,0.022976681471694294,0.01559126457588289,-0.07664491669692597,249.75693054199218,264.25985794067384,261.0249380493164,0.017622545302864542,0.014994057087939078,0.08685082111624576,21077590.0,28.409223959090284,-1.8224966772121318,0.008281244047339653,1
2022-09-12,258.0545654296875,266.6499938964844,267.45001220703125,265.1600036621094,265.7799987792969,18747700,MSFT,0.008281244047339653,0.0413575342534076,-0.08459459696452332,251.80665893554686,263.067488861084,261.22553649902346,0.013672401415324751,0.014470080154822042,-0.15110008286279641,20883990.0,37.39209826168061,-1.0400789597401077,-0.05497844590046397,0
2022-09-13,243.8671264648437,251.9900054931641,260.3999938964844,251.58999633789065,258.8399963378906,33353300,MSFT,-0.05497844590046397,-0.004975410582660822,-0.13952070745253808,251.56277770996093,261.09042129516604,261.0892718505859,0.03156509706660228,0.018166625185242896,0.7790608981368381,21647370.0,28.69091336828083,-1.3739878653754944,0.0009125222530541599,1
2022-09-14,244.08966064453125,252.22000122070312,254.22999572753903,249.8600006103516,253.52999877929688,23913000,MSFT,0.0009125222530541599,-0.022744028391303406,-0.13649909200115695,250.42662048339844,259.1611808776855,260.8943002319336,0.029721001307792067,0.01823144409890764,-0.283039459363841,21937875.0,29.30634183400005,-1.467342196908735,-0.02711891107268638,0
2022-09-15,237.47021484375,245.3800048828125,251.3999938964844,244.0200042724609,249.7700042724609,31530900,MSFT,-0.02711891107268638,-0.0508277755523342,-0.15769574740172876,247.88333435058593,256.93822860717773,260.50204437255854,0.031051832434696638,0.018727573949741186,0.3185673064860117,22601750.0,22.44357671567552,-1.838322601952771,-0.0026083272162008564,0
2022-09-16,236.850814819336,244.7400054931641,245.3000030517578,242.0599975585937,244.259994506836,39791800,MSFT,-0.0026083272162008564,-0.07456690866127802,-0.15656356320990905,244.06647644042968,254.7399475097656,260.0551007080078,0.025951252250351435,0.0187466158940397,0.2619937902184841,23732030.0,26.931357915767563,-1.9767674322030206,-0.0008988384741779321,0
2022-09-19,236.637924194336,244.5200042724609,245.13999938964844,240.8500061035156,242.47000122070312,26826900,MSFT,-0.0008988384741779321,-0.08299268489860112,-0.14548297837333934,239.78314819335938,252.72554702758788,259.6181918334961,0.024145195396935062,0.01876868768859905,-0.3258183846923235,24044875.0,28.413532285064605,-1.9317580293367893,-0.008465594204601468,0
2022-09-20,234.6346435546875,242.4499969482422,243.509994506836,239.63999938964844,242.07000732421875,26660300,MSFT,-0.008465594204601468,-0.037858661165170004,-0.127092616869955,237.93665161132813,251.0174430847168,259.20205963134765,0.011445699214361185,0.01806589085947057,-0.006210184553563813,24124835.0,28.52651646023932,-1.8839781752790357,-0.01443596078719056,0
2022-09-21,231.2474670410156,238.9499969482422,247.66000366210932,238.8999938964844,244.2700042724609,28625600,MSFT,-0.01443596078719056,-0.05261260788189548,-0.13561716966733184,235.368212890625,249.20336685180663,258.9275497436523,0.010607407742555175,0.018142685385829166,0.0737163497785096,24679745.0,27.3804173242887,-1.9209895892851891,0.008495460980160185,1
2022-09-22,233.21202087402344,240.97999572753903,243.8600006103516,237.57000732421875,237.8699951171875,31061200,MSFT,0.008495460980160185,-0.01793148657623589,-0.12621906006042916,234.51657409667968,247.51897430419922,258.71067932128904,0.008597534722099304,0.018451645124555237,0.0850846794477671,25325955.0,30.863165941341123,-1.6632930759958668,-0.012698230536248634,0
2022-09-23,230.25064086914065,237.9199981689453,241.1300048828125,235.1999969482422,239.5399932861328,34176000,MSFT,-0.012698230536248634,-0.027866376373793744,-0.14678125012722187,233.19653930664063,245.53844604492187,258.408313293457,0.009453222305887235,0.018015359680476125,0.10027944831493962,26205585.0,31.661871615902953,-1.5449588286537503,-0.0019754526695219266,0
2022-09-26,229.79579162597656,237.4499969482422,241.4499969482422,236.8999938964844,237.0500030517578,27694200,MSFT,-0.0019754526695219266,-0.028913930814996602,-0.11429011513954379,231.82811279296874,244.05582809448242,258.0458609008789,0.009330821102001145,0.01651448608196523,-0.18965941011235954,26212830.0,33.23419795710639,-1.3566952153118237,-0.004379976835166666,0
2022-09-27,228.789291381836,236.41000366210932,241.8000030517578,234.5,239.97999572753903,27018700,MSFT,-0.004379976835166666,-0.02491257081347875,-0.10866059415037677,230.65904235839844,242.6612762451172,257.7109848022461,0.009219000554444797,0.01647911439033546,-0.024391388810653503,26546840.0,24.976897204480082,-1.1665832151184805,0.019711703432087502,1
2022-09-28,233.2991180419922,241.07000732421875,242.3300018310547,234.72999572753903,236.8099975585937,29029700,MSFT,0.019711703432087502,0.008872101507657604,-0.08327948645154082,231.06937255859376,241.60157318115233,257.36432678222656,0.012532941096194369,0.017399589468331013,0.07442993186200675,26859970.0,31.65085153673195,-0.630580692041657,-0.014809126085361557,0
2022-09-29,229.8441619873047,237.5,239.9499969482422,234.41000366210932,238.88999938964844,27484200,MSFT,-0.014809126085361557,-0.014441189069486216,-0.09167411440730622,230.39580078125,240.44170532226562,256.8956475830078,0.01371260832592456,0.017559611389592115,-0.053238579799309016,26994590.0,20.163840143836538,-0.4127354329224504,-0.019368366349296617,0
2022-09-30,225.3924560546875,232.8999938964844,240.5399932861328,232.72999572753903,238.2899932861328,35694800,MSFT,-0.019368366349296617,-0.021099549586983457,-0.10560682938041233,229.42416381835938,239.11102752685548,256.2882958984375,0.015160615628561927,0.017863800788503744,0.29873891181114964,27616160.0,14.540827651920551,-0.4683943326572404,0.03366259752005929,1
2022-10-03,232.9797515869141,240.7400054931641,241.6100006103516,234.66000366210932,235.41000366210932,28880400,MSFT,0.03366259752005929,0.013855606050957814,-0.05982977189517691,230.06095581054691,238.3697189331055,255.91921905517577,0.022866143374544595,0.019650378867405956,-0.19090735905510048,27917410.0,36.20307257978761,0.07680590460473802,0.03381242017502473,1
2022-10-04,240.8573608398437,248.8800048828125,250.3600006103516,244.97999572753903,245.08999633789065,34888400,MSFT,0.03381242017502473,0.05274752758365242,-0.01725583086181559,232.47456970214844,238.15826034545898,255.73724517822265,0.025968488824064044,0.021174036108797253,0.20803035969030903,28595420.0,46.56947560096357,0.9883847982591405,0.0012856015916045127,1
2022-10-05,241.16700744628903,249.1999969482422,250.5800018310547,244.1000061035156,245.9900054931641,20347100,MSFT,0.0012856015916045127,0.03372447127245759,-0.03444538552122678,234.04814758300782,237.72808837890625,255.69531188964845,0.025658080107552057,0.020667310454909514,-0.4167946939383864,28406440.0,54.53026415337071,1.5965938390452665,-0.009670789613062558,0
2022-10-06,238.8347320556641,246.7899932861328,250.33999633789065,246.0800018310547,247.92999267578125,20239900,MSFT,-0.009670789613062558,0.03911593834110949,-0.04537377856083025,235.84626159667968,237.16049270629884,255.28148040771484,0.024653609565323965,0.020729928790190158,-0.005268564070555537,28402440.0,52.33325461184682,1.810532960210013,-0.050852933628234176,0
2022-10-07,226.6892852783203,234.2400054931641,241.32000732421875,233.1699981689453,240.8999938964844,37769600,MSFT,-0.050852933628234176,0.005753649639977931,-0.11427044822074672,236.10562744140626,235.69820175170898,254.47659912109376,0.035157071622887795,0.02252290664293586,0.8660961763645076,29186685.0,40.86384026034366,1.1357560483924223,-0.021303003323369096,0
2022-10-10,221.8601226806641,229.25,234.5599975585937,226.72999572753903,233.0500030517578,29743600,MSFT,-0.021303003323369096,-0.04772787690994584,-0.14025887388876812,233.88170166015624,233.88847961425782,253.49150482177734,0.0309902449976502,0.022520576983100643,-0.21249894094721677,29736480.0,38.84757378837284,0.40364161152530187,-0.01675027037808241,0
2022-10-11,218.14390563964844,225.41000366210932,229.0599975585937,224.1100006103516,227.6199951171875,30474000,MSFT,-0.01675027037808241,-0.09430251631503339,-0.10548047700436392,229.3390106201172,232.60231857299806,252.4848126220703,0.019509383564389467,0.019705924511813227,0.02455654325636436,29592515.0,38.62566215810627,-0.25592662218798434,0.001508364519187122,1
2022-10-12,218.4729461669922,225.75,227.8600006103516,223.9600067138672,225.3999938964844,21903900,MSFT,0.001508364519187122,-0.09410101953664252,-0.10494797038881865,224.80019836425782,231.32148284912108,251.5463137817383,0.01956876223780334,0.019716374604142835,-0.2812266194132703,29492060.0,36.83209634596599,-0.5767064484278759,0.03760803914388511,1
2022-10-13,226.6892852783203,234.2400054931641,236.1000061035156,219.1300048828125,219.8500061035156,42551800,MSFT,0.03760803914388511,-0.050852933628234176,-0.04539908119644942,222.37110900878906,230.7824363708496,250.62438781738283,0.032562421703824056,0.02120959726111361,0.9426586133063062,30043105.0,47.091387680136236,-0.1636610556166076,-0.024248620569214063,0
2022-10-14,221.1923828125,228.5599975585937,237.2400054931641,228.33999633789065,235.5399932861328,30198600,MSFT,-0.024248620569214063,-0.024248620569214063,-0.06611094844144771,221.271728515625,229.9995147705078,249.56973327636717,0.02564913002750693,0.021780839063625775,-0.2903096931269653,29563445.0,43.50812772143552,-0.1870947782472454,0.039245618672765215,1
2022-10-17,229.8732147216797,237.52999877929688,238.9600067138672,235.13999938964844,235.82000732421875,28142300,MSFT,0.039245618672765215,0.03611776620420115,-0.028586751238997787,222.8743469238281,229.661279296875,248.7029879760742,0.029775093604369814,0.02376257452049996,-0.06809256058227864,29629215.0,50.73300214299626,0.4223395929163738,0.004083844568967265,1
2022-10-18,230.81198120117188,238.5,243.92999267578125,235.3699951171875,243.2400054931641,26329600,MSFT,0.004083844568967265,0.058072103936975594,-0.01629197758524803,225.4079620361328,229.47014617919922,247.90504180908204,0.0268521314169981,0.0237257671993246,-0.06441193505861287,29612680.0,48.23271898044874,0.901452741589936,-0.00846970884330489,0
2022-10-19,228.8570709228516,236.47999572753903,239.6100006103516,234.2899932861328,237.0399932861328,19985700,MSFT,-0.00846970884330489,0.047530483467377094,-0.010336961302758962,227.4847869873047,229.35062637329105,247.029755859375,0.02813349791031024,0.023579091774196037,-0.24094175376762272,29180685.0,49.283326375982355,1.0870448861276838,-0.0013954843247373505,0
2022-10-20,228.53770446777344,236.1499938964844,241.3099975585937,234.8699951171875,235.7700042724609,21811000,MSFT,-0.0013954843247373505,0.008153976872721236,-0.02004320527188852,227.8544708251953,229.11691055297857,246.0155862426758,0.02346055027175603,0.02348944188115206,0.09133030116533325,28718175.0,52.429370673876434,1.180833695515445,0.025280543473130024,1
2022-10-21,234.3152618408203,242.1199951171875,243.0,234.5,234.7400054931641,26299700,MSFT,0.025280543473130024,0.05932789755895107,0.01765302783235123,230.4790466308594,229.32014160156254,245.15830139160155,0.019871430311059687,0.024002245142881684,0.20579982577598455,28324360.0,51.061207742776524,1.598565464925536,0.021187887407499995,1
2022-10-24,239.2799072265625,247.25,247.83999633789065,241.3000030517578,243.759994506836,24911200,MSFT,0.021187887407499995,0.040921220492226684,0.04127192901784116,232.36038513183593,229.79434738159185,244.30586059570314,0.014554259247956731,0.02439912318799405,-0.05279527903360115,28185210.0,48.68569865198302,2.141918618267841,0.013791711071579504,1
2022-10-25,242.5799865722656,250.66000366210932,251.0399932861328,245.8300018310547,247.259994506836,34775500,MSFT,0.013791711071579504,0.05098524482937017,0.060276838601740934,234.7139862060547,230.48388214111327,243.48929077148438,0.014525812517470567,0.02447523180594775,0.3959785156877227,28573050.0,51.12138457286971,2.6244147694793956,-0.07715633724127258,0
2022-10-26,223.8634033203125,231.32000732421875,238.3000030517578,230.0599975585937,231.1699981689453,82543200,MSFT,-0.07715633724127258,-0.021820027593652425,-0.04044470806778333,233.7152526855469,230.0120964050293,242.31306945800782,0.042327220525751615,0.030000034536392422,1.3736021049301952,31248725.0,40.57053056424719,1.6324401410495128,-0.019756239336186643,0
2022-10-27,219.44070434570312,226.75,233.69000244140625,225.77999877929688,231.0399932861328,40424600,MSFT,-0.019756239336186643,-0.03980524851798839,-0.04526309283494523,231.8958526611328,229.4919235229492,241.06329833984375,0.042874738838206576,0.03013452962175764,-0.5102612934802624,31895745.0,44.94259890263265,0.6767783825388838,0.040220659293834116,1
2022-10-28,228.26675415039065,235.8699951171875,236.6000061035156,226.0500030517578,226.2400054931641,40647700,MSFT,0.040220659293834116,-0.025813545574929986,0.0127524148146545,230.68615112304687,229.63563842773436,240.0123046875,0.046113890837602124,0.031239501178205637,0.005518916699237542,32143390.0,54.23383059192051,0.6379358767036134,-0.015856277770461946,0
2022-10-31,224.6472930908203,232.1300048828125,234.9199981689453,231.1499938964844,233.759994506836,28357300,MSFT,-0.015856277770461946,-0.06115270732651734,-0.035764732511465946,227.75962829589844,229.2190155029297,238.9667318725586,0.043909790366861816,0.030476241268903817,-0.30236397139321536,32117235.0,54.30327504709103,0.3800766917663436,-0.017059348336914693,0
2022-11-01,220.81495666503903,228.1699981689453,235.7400054931641,227.3300018310547,234.6000061035156,30592300,MSFT,-0.017059348336914693,-0.08972310624125901,-0.08321275341106016,223.40662231445313,228.21689529418944,238.0070965576172,0.041526050098488025,0.029492195712946884,0.07881568414482332,31902430.0,51.48103789795787,-0.01599198022542314,-0.03536834799347033,0
2022-11-02,213.00509643554688,220.1000061035156,231.3000030517578,220.0399932861328,229.4600067138672,38407000,MSFT,-0.03536834799347033,-0.048504162465667244,-0.11677348120270625,221.2349609375,226.80879974365234,236.91661865234374,0.028913800447407264,0.030280329793343674,0.2554466319956328,32805425.0,41.30169066733397,-0.7317249348561639,-0.02657881348489366,0
2022-11-03,207.3436737060547,214.25,220.41000366210932,213.97999572753903,220.08999633789065,36633900,MSFT,-0.02657881348489366,-0.05512664879434115,-0.1318529264088354,218.8155548095703,225.23424682617187,235.7254946899414,0.029666248809223736,0.030629628201889924,-0.046166063478011776,33625125.0,41.21548702468346,-1.4715213534968283,0.033325446748071474,1
2022-11-04,214.2534942626953,221.38999938964844,221.58999633789065,213.42999267578125,217.5500030517578,36789100,MSFT,0.033325446748071474,-0.06138984163441896,-0.05485830969186223,216.01290283203124,224.61245727539062,234.61334045410158,0.026706800697343363,0.03000493153392927,0.004236513174955547,33576100.0,39.86437434328848,-1.3819976618441174,0.029269547863637113,1
2022-11-07,220.52459716796875,227.8699951171875,228.41000366210932,221.27999877929688,221.9900054931641,33498000,MSFT,0.029269547863637113,-0.01835186111583742,-0.006019673551779459,215.18836364746093,224.54568099975586,233.83486938476562,0.032256003311697916,0.030454291846039983,-0.08945856245464012,33763820.0,43.7565865727078,-0.814976787635902,0.0043885056357810814,1
2022-11-08,221.49237060546875,228.8699951171875,231.6499938964844,225.83999633789065,228.6999969482422,28192500,MSFT,0.0043885056357810814,0.0030677901110534034,0.015349798363616163,215.32384643554687,224.71310424804688,233.13111022949218,0.03138005433084875,0.030202880942926984,-0.15838259000537347,33649745.0,45.47615927794457,-0.31498270137993956,-0.019050169319835497,0
2022-11-09,217.2729034423828,224.509994506836,228.6300048828125,224.3300018310547,227.3699951171875,27852900,MSFT,-0.019050169319835497,0.020036173210190356,-0.005492866488339021,216.17740783691406,224.6531021118164,232.38670471191406,0.027224483508195837,0.03053983686951117,-0.01204575685022613,33947195.0,43.3968629799651,-0.2135298909890082,0.08226819251113682,1
2022-11-10,235.1475524902344,242.97999572753903,243.3300018310547,235.0,235.42999267578125,46268000,MSFT,0.08226819251113682,0.1340956214733442,0.03731216145275407,221.73818359375,225.07601547241217,232.02882537841796,0.037838564731709344,0.03476193632608098,0.6611555708741279,34133005.0,50.42727169184238,1.043288203266025,0.016997293426679994,1
2022-11-11,239.14442443847656,247.1100006103516,247.9900054931641,241.92999267578125,242.9900054931641,34620200,MSFT,0.016997293426679994,0.11617514226051595,0.0811603066873876,226.71636962890625,225.97361755371094,231.7715936279297,0.037757148208897806,0.03431803050373258,-0.251746347367511,34354085.0,49.929749377998355,2.0703572146775926,-0.022500076407384273,0
2022-11-14,233.7636566162109,241.5500030517578,243.91000366210932,239.2100067138672,241.9900054931641,31123300,MSFT,-0.022500076407384273,0.0600343889899877,0.016924294112480975,229.3641815185547,226.1681396484375,231.49074829101562,0.04234976329455583,0.03379819179929239,-0.1010075042894033,34503135.0,45.525108362504426,2.2964054720531126,0.001738584399999299,1
2022-11-15,234.17007446289065,241.97000122070312,247.0,240.02999877929688,245.66000366210932,31390100,MSFT,0.001738584399999299,0.05723765483554266,0.014549042230142861,231.89972229003905,226.33604431152344,231.27241912841797,0.04249175536467359,0.03379238917595899,0.008572355759190131,34756160.0,56.42570961178501,2.372630312856259,0.0018234693485252862,1
2022-11-16,234.5970764160156,241.72999572753903,243.8000030517578,240.4199981689453,242.7899932861328,24093300,MSFT,0.0018234693485252862,0.07973462267570275,0.025081180450391205,235.36455688476562,226.62304458618163,230.96895172119142,0.03962027374348499,0.033714637382563015,-0.23245545570100123,34961540.0,59.94473412307468,2.3468588317715895,-0.00020677022565951386,0
2022-11-17,234.548568725586,241.67999267578125,243.25,237.6300048828125,237.77999877929688,23123500,MSFT,-0.00020677022565951386,-0.0025472676976864284,0.026301411715895506,235.24476013183593,226.92358779907227,230.65619018554688,0.014147698942704926,0.03370979483101906,-0.040251854249936714,35027165.0,54.658340113085146,2.222814135175831,-0.0019033430646251404,0
2022-11-18,234.1021423339844,241.22000122070312,243.7400054931641,239.02999877929688,243.509994506836,27613500,MSFT,-0.0019033430646251404,-0.021084673482694383,-0.000909541722385554,234.2363037109375,226.91293182373047,230.2195309448242,0.010339992962766052,0.03325986219982315,0.1941747572815533,35092855.0,57.357581503198794,2.01321583399469,0.003441050316520533,1
2022-11-21,234.9076995849609,242.0500030517578,244.6699981689453,241.19000244140625,241.42999267578125,26394700,MSFT,0.003441050316520533,0.0048940155424941345,-0.01827235597120891,234.4651123046875,226.6943214416504,229.75659362792967,0.002065535067800553,0.032913211710370024,-0.04413783113332248,35167030.0,61.50885586085828,1.8362918252907414,0.012311276109358449,1
2022-11-22,237.7997131347656,245.02999877929688,245.3099975585937,240.7100067138672,243.58999633789065,19665700,MSFT,0.012311276109358449,0.015500010751587912,-0.019705967936789914,235.1910400390625,226.4553077697754,229.63524536132817,0.005535372367660816,0.03288124368184898,-0.2549375442797228,34411540.0,72.01703544643254,1.8180895651300018,0.010406917360275214,1
2022-11-23,240.27447509765625,247.5800018310547,248.27999877929688,244.2700042724609,245.1100006103516,19508500,MSFT,0.010406917360275214,0.024200636974575085,0.07330841724880832,236.32651977539064,227.27586135864257,229.55894165039066,0.006318734226324253,0.027528643756775995,-0.007993613245396824,31259805.0,80.995947832836,1.869553399178602,-0.00036344289075718184,0
2022-11-25,240.1871490478516,247.4900054931641,248.6999969482422,246.72999572753903,247.3099975585937,9200800,MSFT,-0.00036344289075718184,0.024040139545095762,0.09454237199979487,237.45423583984376,228.31318359375,229.6132803344727,0.006350141198877763,0.02698793598734209,-0.5283696850090986,29698615.0,78.00692630876792,1.7942172103663458,-0.023152544278743692,0
2022-11-28,234.626205444336,241.759994506836,246.6499938964844,240.8000030517578,246.0800018310547,24778200,MSFT,-0.023152544278743692,0.0022386087761807616,0.027859735061354973,237.55904846191407,228.63115615844725,229.56878814697265,0.014199360125292762,0.026330695190102338,1.6930484305712548,28905140.0,65.46619508670095,1.2899516023898212,-0.005914819292317186,0
2022-11-29,233.23843383789065,240.3300018310547,242.7899932861328,238.2100067138672,241.3999938964844,17956300,MSFT,-0.005914819292317186,-0.007106049525066882,0.03824279664744101,237.2251953125,229.0607131958008,229.50079833984375,0.014335420279178125,0.026074482459968566,-0.27531862685747954,28385090.0,62.76510573717541,0.8066578075844641,0.06162363921815106,1
2022-11-30,247.61143493652344,255.13999938964844,255.3300018310547,239.8600006103516,240.57000732421875,47594200,MSFT,0.06162363921815106,0.0412604442302138,0.12135264148855995,239.1875396728516,230.400537109375,229.76033416748047,0.03207018312236362,0.028809165394251848,1.6505571860572612,29235185.0,77.00983037161538,1.3658209559978383,-0.0017638000468711557,0
2022-12-01,247.17469787597656,254.69000244140625,256.1199951171875,250.9199981689453,253.8699951171875,26041500,MSFT,-0.0017638000468711557,0.028718084913163633,0.16041682575782423,240.56758422851567,232.1090171813965,230.0788787841797,0.03235180126106692,0.02719643681393446,-0.4528429934739947,28616910.0,65.52927450023112,1.6008277911544875,0.0012957717160135829,1
2022-12-02,247.49497985839844,255.0200042724609,256.0599975585937,249.69000244140625,249.82000732421875,21528500,MSFT,0.0012957717160135829,0.030425569559056287,0.19364615970519128,242.02915039062503,234.11658248901367,230.36453796386718,0.032277535516627584,0.026030734346247565,-0.17330030912197836,27861640.0,61.913191581253514,1.6650028589214236,-0.018900505190220573,0
2022-12-05,242.81719970703125,250.1999969482422,253.82000732421875,248.0599975585937,252.009994506836,23435300,MSFT,-0.018900505190220573,0.034910824420414155,0.13331733768278298,243.66734924316407,235.54476776123047,230.615869140625,0.031346267026332635,0.02610282155148894,0.08857096407088272,27193950.0,63.180473813123676,1.2959801940483069,-0.02030387472893691,0
2022-12-06,237.88706970214844,245.1199951171875,251.8600006103516,243.77999877929688,250.82000732421875,22463700,MSFT,-0.02030387472893691,0.01993083124322803,0.07873258927644744,244.59707641601562,236.41289138793945,230.77769470214844,0.033449095812461194,0.026189466014955348,-0.041458824935033944,26642235.0,54.781532692463955,0.655724181536637,-0.0030597491354648065,0
2022-12-07,237.15919494628903,244.3699951171875,246.16000366210932,242.2100067138672,244.8300018310547,20481500,MSFT,-0.0030597491354648065,-0.04221226694523983,0.07073302027511663,242.50662841796876,237.19623260498048,230.9450927734375,0.01022767141396045,0.026238235176275857,-0.08824013853461365,26256685.0,53.27058532045547,0.14571122424610738,0.012399255845195745,1
2022-12-08,240.09979248046875,247.3999938964844,248.7400054931641,243.0599975585937,244.83999633789065,22611800,MSFT,0.012399255845195745,-0.02862309717096423,0.10506091038701126,241.09164733886718,238.33757705688475,231.08110626220704,0.01388362658000739,0.025738188773490735,0.10401093669897232,25994630.0,56.59898357459735,-0.022150961305731798,-0.008003213182181557,0
2022-12-09,238.17822265625,245.4199981689453,248.3099975585937,244.16000366210932,244.6999969482422,20609700,MSFT,-0.008003213182181557,-0.03764422699595327,0.012888376399926349,239.2282958984375,238.48911056518554,231.24778747558594,0.01332134624941772,0.018402223118051748,-0.08854226554276967,24711715.0,54.68123838583929,-0.2770017339300055,0.028889220031611984,1
2022-12-12,245.0590057373047,252.509994506836,252.5399932861328,247.1699981689453,247.4499969482422,30665100,MSFT,0.028889220031611984,0.009232484490300896,0.0247322567219197,239.6766571044922,238.78483963012695,231.64111846923828,0.019067653310999053,0.01913087481098143,0.4878964759312363,24513960.0,60.23078456170743,-0.01063862756386591,0.017464802869356477,1
2022-12-13,249.3389129638672,256.9200134277344,263.9200134277344,253.07000732421875,261.69000244140625,42196900,MSFT,0.017464802869356477,0.048139830702262465,0.06662822002834878,241.96702575683594,239.56360244750977,231.96830169677733,0.015098742899791219,0.01858323101493245,0.37605616808684794,25067640.0,61.31305947609149,0.40249047305347707,0.0011676384237493398,1
2022-12-14,249.6300506591797,257.2200012207031,262.5899963378906,254.3099975585937,257.1300048828125,35410900,MSFT,0.0011676384237493398,0.052584323014399637,0.0660202898758484,244.46119689941406,240.33660125732422,232.14375549316406,0.014314967010715572,0.018586341468469127,-0.160817500811671,25268680.0,59.58251997768188,0.6304814352248633,-0.031918204154035346,0
2022-12-15,241.6623077392578,249.009994506836,254.1999969482422,247.33999633789065,253.72000122070312,35560400,MSFT,-0.031918204154035346,0.0065077742993724375,0.03011645085769654,244.77369995117186,240.68986282348632,232.15366149902343,0.023517228730816495,0.020195136780636346,0.004221863889367405,25842035.0,51.3009312512548,0.2019802746284407,-0.01734873526455838,0
2022-12-16,237.4697723388672,244.69000244140625,249.83999633789065,243.509994506836,248.5500030517578,86102000,MSFT,-0.01734873526455838,-0.0029744546309982134,0.012454578721812215,244.63200988769532,240.8359230041504,232.1263623046875,0.02479975264676246,0.020638125794581984,1.4212888493942701,28990960.0,52.569742794058136,-0.37507012082879765,-0.01732815886376371,0
2022-12-19,233.3548583984375,240.4499969482422,245.2100067138672,238.7100067138672,244.8600006103516,29696400,MSFT,-0.01732815886376371,-0.047760527321381696,-0.00319212771013766,242.2911804199219,240.79855880737304,232.25967376708985,0.01914624563045338,0.021029684457293987,-0.6551020882209473,29095105.0,50.1002709286323,-1.0091698826483615,0.005614542045768944,1
2022-12-20,234.6650390625,241.8000030517578,242.91000366210932,238.4199981689453,239.3999938964844,25150800,MSFT,0.005614542045768944,-0.05885111845134916,-0.0010330036984298463,239.35640563964844,240.78642578125,232.51577209472657,0.015308371041047094,0.021053748427202146,-0.15306905887582334,29032910.0,35.61261300675203,-1.2972695588140568,0.010876774366721298,1
2022-12-21,237.21743774414065,244.42999267578125,245.6199951171875,240.1100006103516,241.69000244140625,23690600,MSFT,0.010876774366721298,-0.04972403315330809,-0.0024485958496297533,236.87388305664064,240.75731201171874,232.8972427368164,0.017802843682835266,0.021012561328914818,-0.058057795378278265,29234155.0,39.43141796655226,-1.2711682317714512,-0.02552886921773334,0
2022-12-22,231.1615447998047,238.19000244140625,241.9900054931641,233.8699951171875,241.259994506836,28651700,MSFT,-0.02552886921773334,-0.04345221659797671,-0.0379271676450349,234.77373046875,240.30166549682616,233.15101470947266,0.015973443564949237,0.021611302831041138,0.20941217191628758,29691315.0,34.54544824535368,-1.5959638891967274,0.0022672180547314014,1
2022-12-23,231.6856384277344,238.72999572753903,238.8699951171875,233.94000244140625,236.1100006103516,21207000,MSFT,0.0022672180547314014,-0.02435734811283219,-0.03539536005077215,233.61690368652344,239.8765899658203,233.25094177246095,0.015738554213812685,0.021627946220539086,-0.25983449498633593,30291625.0,38.568888337325966,-1.7001117578932305,-0.007414308059603303,0
2022-12-27,229.9678497314453,236.9600067138672,238.92999267578125,235.8300018310547,238.6999969482422,16688600,MSFT,-0.007414308059603303,-0.0145144124713662,-0.019854370930428078,232.939501953125,239.64367218017577,233.42645111083985,0.014330229324095745,0.02108118409708981,-0.21306172490215491,29887145.0,41.29323904646615,-1.799699057791547,-0.010254808965433515,0
2022-12-28,227.6095733642578,234.52999877929688,239.72000122070312,234.1699981689453,236.88999938964844,17457100,MSFT,-0.010254808965433515,-0.030066113497047353,-0.024133503132443,231.52840881347657,239.36222915649415,233.3811782836914,0.01373546708221343,0.021158860460504338,0.04604939899092786,29862185.0,39.86408003477526,-1.9279798993655313,0.027629715871979377,1
2022-12-29,233.8983612060547,241.009994506836,241.9199981689453,235.6499938964844,235.6499938964844,19770700,MSFT,0.027629715871979377,-0.013991705540913335,-0.05538142345479391,230.86459350585938,238.67657546997071,233.44290588378905,0.019653333768011635,0.01677348337022828,0.13253060359395308,28471010.0,43.85461572541686,-1.511290910406586,-0.004937515179796348,0
2022-12-30,232.7434844970703,239.82000732421875,239.9600067138672,236.66000366210932,238.2100067138672,21938500,MSFT,-0.004937515179796348,0.006843437988942602,-0.05838467085392096,231.1809814453125,237.95501480102538,233.52063415527343,0.015349461750381993,0.01677906265474173,0.10964710404790923,28265860.0,44.53128094829967,-1.2464616590225428,-0.0010008472388882694,0
2023-01-03,232.5105438232422,239.5800018310547,245.75,237.3999938964844,243.0800018310547,25740000,MSFT,-0.0010008472388882694,0.0035604511401992056,-0.06054440394600902,231.34596252441406,237.20579299926757,233.60009094238282,0.015375949923955032,0.0167568994274249,0.1732798504911457,28476435.0,35.42282486388453,-1.02902119389837,-0.04374315969662568,0
2023-01-04,222.3397979736328,229.1000061035156,232.8699951171875,225.9600067138672,232.27999877929688,50623400,MSFT,-0.04374315969662568,-0.033170079064184343,-0.08433258335120097,229.82035217285156,236.18192291259766,233.36058166503906,0.02548854448779499,0.01879553708893378,0.9667210567210567,29835840.0,22.41177263015048,-1.4845438527566417,-0.029637791814997927,0
2023-01-05,215.7501373291016,222.3099975585937,227.5500030517578,221.759994506836,227.1999969482422,39585600,MSFT,-0.029637791814997927,-0.05210429359303281,-0.09305647591844257,227.4484649658203,235.0750762939453,232.88998626708985,0.02759656575074132,0.019324194847156445,-0.21803750834594282,30691935.0,19.328805771232766,-2.106067442319179,0.011785435606501249,1
2023-01-06,218.2928466796875,224.92999267578125,225.759994506836,219.3500061035156,223.0,43613600,MSFT,0.011785435606501249,-0.06671921276361303,-0.07955140963804641,224.32736206054688,234.13175888061522,232.40424346923828,0.02260517099804821,0.019672218152151862,0.10175417323471159,31848540.0,26.539418695599053,-2.2114492337691836,0.009736307182141246,1
2023-01-09,220.418212890625,227.1199951171875,231.2400054931641,226.41000366210932,226.4499969482422,27369800,MSFT,0.009736307182141246,-0.05295646248950292,-0.0819724972958682,221.8623077392578,233.14767990112304,232.33533966064454,0.024838073022231698,0.01956444660984874,-0.37244804372947893,32086440.0,32.140712184591266,-2.0093925818963356,0.007617064839233745,1
2023-01-10,222.0971527099609,228.8500061035156,231.3099975585937,227.3300018310547,227.759994506836,27033900,MSFT,0.007617064839233745,-0.044786747912807234,-0.06751696173960475,219.77962951660157,232.3436264038086,232.38846862792968,0.0259427307331587,0.019710997551737112,-0.012272650877975022,32407650.0,37.57500534699916,-1.6491416906211613,0.030238278561181664,1
2023-01-11,228.81298828125,235.7700042724609,235.9499969482422,231.1100006103516,231.2899932861328,28669300,MSFT,0.030238278561181664,0.029113952457512138,-0.0662943090264142,221.074267578125,231.53132553100585,232.39939331054688,0.021837919513912434,0.019828916816976776,0.060494416269942564,32307860.0,44.22969288822287,-0.883421014544556,0.011621429059194277,1
2023-01-12,231.4721221923828,238.509994506836,239.8999938964844,233.5599975585937,235.259994506836,27269500,MSFT,0.011621429059194277,0.07287126236818642,-0.07165664821067674,224.21866455078126,230.63798599243165,232.53588989257813,0.009123665888437276,0.01954892479458232,-0.04882574740227352,31561490.0,44.34683646551346,-0.16057580330946442,0.0030186376749476995,1
2023-01-13,232.1708526611328,239.22999572753903,239.3699951171875,234.9199981689453,237.0,21333300,MSFT,0.0030186376749476995,0.06357517524066747,-0.06994028944809993,226.9942657470703,229.7650260925293,232.7630078125,0.010449656733681782,0.0195766866119685,-0.21768642622710355,30857610.0,51.1101570660945,0.372760773684643,0.0046817896613522425,1
2023-01-17,233.25782775878903,240.3500061035156,240.91000366210932,237.08999633789065,237.97000122070312,29831300,MSFT,0.0046817896613522425,0.05825115220644328,-0.03477778582474189,229.56218872070312,229.34480209350585,233.16806243896485,0.011006994060960486,0.01845239036850945,0.39834437241308196,30571155.0,51.708130292368985,0.783285893467482,-0.01888892922874219,0
2023-01-18,228.85183715820312,235.8099975585937,242.3800048828125,235.5200042724609,241.57000732421875,30028700,MSFT,-0.01888892922874219,0.030413196953781974,-0.03629066173679718,230.91312561035156,228.91390533447264,233.59822570800782,0.017671230197800643,0.018524624887471003,0.006617210781963978,27767490.0,48.85440752135445,0.7429812606979596,-0.016454089916051684,0
2023-01-19,225.08628845214844,231.92999267578125,235.5200042724609,230.67999267578125,233.77999877929688,28623000,MSFT,-0.016454089916051684,-0.016287099159427165,-0.035433459594704675,230.16778564453125,228.5004768371582,233.81488159179688,0.013622427577616981,0.01848676283125548,-0.04681188329831132,27713820.0,47.48256768779126,0.461396209439465,0.035743602832436716,1
2023-01-20,233.13168334960932,240.22000122070312,240.7400054931641,234.509994506836,234.8600006103516,35389800,MSFT,0.035743602832436716,0.007169594081170683,-0.006534231596732609,230.49969787597652,228.42380905151367,234.06702331542968,0.021926239518785886,0.02025220455471893,0.23641127764385295,28225770.0,49.2610027418423,0.796037632901216,0.009824251278822027,1
2023-01-23,235.42202758789065,242.5800018310547,245.1699981689453,239.6499938964844,241.1000061035156,31934000,MSFT,0.009824251278822027,0.014003372471147912,-0.0075686263763902195,231.14993286132812,228.33403854370118,234.34561645507813,0.022243692599704382,0.02022343872772897,-0.09764960525349109,28637940.0,52.526531015244046,1.1302871970318948,-0.002226058095417427,0
2023-01-24,234.89796447753903,242.0399932861328,243.9499969482422,240.44000244140625,242.5,40234400,MSFT,-0.002226058095417427,0.007031432704784013,0.016163673248378085,231.47796020507812,228.5208595275879,234.69811767578125,0.022326044361708878,0.019338340996068622,0.2599235924093444,29217075.0,52.23963021237707,1.2645841816758359,-0.005908171175085575,0
2023-01-25,233.51014709472656,240.6100006103516,243.3000030517578,230.8999938964844,234.47999572753903,66526600,MSFT,-0.005908171175085575,0.020355134546301112,0.007874932081995523,232.4096221923828,228.6120849609375,234.6653695678711,0.019979312899502055,0.019396025673432342,0.6534756327918398,31483055.0,62.54629924790074,1.2085096704422935,0.03071366012645238,1
2023-01-26,240.68209838867188,248.0,248.3099975585937,242.0,243.6499938964844,33454500,MSFT,0.03071366012645238,0.06928813853465354,0.046590202368455236,235.5287841796875,229.14779739379884,234.696123046875,0.01889775983148237,0.020416707346496338,-0.497125961645417,32321350.0,77.64149012297014,1.579563514014112,0.0006452025195420319,1
2023-01-27,240.8373870849609,248.16000366210932,249.8300018310547,246.8300018310547,248.9900054931641,26498900,MSFT,0.0006452025195420319,0.03305300946073442,0.05811624495923029,237.0699249267578,229.80918807983397,234.83759765625,0.01467716920716791,0.020203298786149643,-0.20791223901119427,32773440.0,76.3917255807423,1.7474947203686615,-0.021961579036968715,0
2023-01-30,235.5482177734375,242.7100067138672,245.6000061035156,242.1999969482422,244.509994506836,25867400,MSFT,-0.021961579036968715,0.0005360169005415027,0.007053732907215116,237.09516296386718,229.8916809082031,234.86516052246094,0.01914157071975384,0.020067072223681783,-0.02383117789795053,33078275.0,66.4904027173342,1.4278738767630652,0.021012590102357454,1
2023-01-31,240.4976959228516,247.8099975585937,247.9499969482422,242.9499969482422,243.4499969482422,26541100,MSFT,0.021012590102357454,0.023838995189964685,0.03331655639055664,238.2151092529297,230.27939147949218,234.98317291259767,0.021109387144466304,0.020527694425247246,0.02604436472161864,33308405.0,68.72039180157569,1.4695720546808555,0.01993476789319515,1
2023-02-01,245.29196166992188,252.75,255.17999267578125,245.47000122070312,248.0,31259900,MSFT,0.01993476789319515,0.05045525739151646,0.05497134726241182,240.57147216796875,230.91846237182617,235.1980407714844,0.02096463381839785,0.020905472524017147,0.17779217892250143,33584400.0,67.44761189602707,1.722297363097791,0.04688427462141975,1
2023-02-02,256.79229736328125,264.6000061035156,264.69000244140625,257.25,258.82000732421875,39940400,MSFT,0.04688427462141975,0.06693559297706209,0.15495426236617416,243.79351196289062,232.6410873413086,235.65184387207032,0.025665787060952242,0.02007137089152805,0.27768802843259266,33050250.0,72.58094673296868,2.518082363655296,-0.023620696007044972,0
2023-02-03,250.7266845703125,258.3500061035156,264.20001220703125,257.1000061035156,259.5400085449219,29077300,MSFT,-0.023620696007044972,0.041062135763260565,0.16211599062789128,245.77137145996093,234.38991470336913,235.96822357177734,0.03049715442107127,0.01952432341514842,-0.27198275430391283,32524835.0,65.10268321865028,2.485773279528996,-0.0061155854101823115,0
2023-02-06,249.1933441162109,256.7699890136719,258.29998779296875,254.77999877929688,257.44000244140625,22518000,MSFT,-0.0061155854101823115,0.057929227704443864,0.14155524519713336,248.50039672851562,235.9349395751953,236.19609619140624,0.02719091217256272,0.019737293349143852,-0.22558146733018536,31470055.0,62.87643553730991,2.219698013877073,0.042021757826385064,1
2023-02-07,259.6648864746094,267.5599975585937,268.7699890136719,260.0799865722656,260.5299987792969,50841400,MSFT,0.042021757826385064,0.07969802154739303,0.17805549309783752,252.33383483886718,237.89727325439452,236.5839044189453,0.030435140013173028,0.021250242429535673,1.2578115285549338,32643635.0,72.67527670304536,2.582115174268604,-0.0031020018454055442,0
2023-02-08,258.8594055175781,266.7300109863281,276.760009765625,266.2099914550781,273.20001220703125,54686000,MSFT,-0.0031020018454055442,0.05531140831232517,0.16552329626497042,255.04732360839844,239.7353858947754,236.95734954833983,0.03138552579642864,0.021406663799917673,0.075619475466844,34026240.0,75.98568328098284,2.593902259370403,-0.011659743430588732,0
2023-02-09,255.84117126464844,263.6199951171875,273.9800109863281,262.79998779296875,273.79998779296875,42375100,MSFT,-0.011659743430588732,-0.0037038731628591393,0.11812346487156677,254.8570983886719,241.0867950439453,237.3816488647461,0.025027542060706356,0.02115449064646973,-0.22511977471382072,34711530.0,68.93816946726638,2.2381785337450824,-0.001972528221980352,0
2023-02-10,255.3365173339844,263.1000061035156,264.0899963378906,260.6600036621094,261.5299987792969,25818500,MSFT,-0.001972528221980352,0.018385888089941904,0.10309835549771829,255.77906494140626,242.2800148010254,237.82361053466798,0.021674749560289055,0.02117625885122038,-0.39071530214677963,34638980.0,67.11712846017244,1.8260633396960522,0.031242877411580494,1
2023-02-13,263.31396484375,271.32000732421875,274.6000061035156,267.1499938964844,267.6400146484375,44630900,MSFT,0.031242877411580494,0.05666532056712548,0.13413876817721126,258.6031890869141,243.83717041015626,238.1376611328125,0.023729054237295884,0.0219544029764101,0.7286403160524431,35803860.0,71.65041184437693,1.9373527556502976,0.003132724605807491,1
2023-02-14,264.13885498046875,272.1700134277344,274.9700012207031,269.2799987792969,272.6700134277344,37047900,MSFT,0.003132724605807491,0.017229778606576707,0.1323901003382988,259.49798278808595,245.38122177124023,238.47694427490234,0.01637949142928032,0.021964033131893816,-0.16990470727679696,36164690.0,73.53820449576128,1.9099929453549995,-0.00799290423372867,0
2023-02-15,262.0276184082031,269.32000732421875,270.7300109863281,266.17999267578125,268.32000732421875,28922400,MSFT,-0.00799290423372867,0.012239126039443216,0.1449662002366443,260.1316253662109,247.04001083374024,238.76759704589844,0.017008407344966368,0.021430779462232992,-0.21932417222028777,36109375.0,67.78764383717714,1.6054347250796228,-0.026622499263637467,0
2023-02-16,255.05178833007807,262.1499938964844,266.739990234375,261.8999938964844,264.0199890136719,29603600,MSFT,-0.026622499263637467,-0.0030854413723497842,0.13312894394409125,259.9737487792969,248.5382858276367,239.01228881835937,0.020985038268891056,0.022126003876734614,0.02355267889248469,36158405.0,60.63609573861979,0.8289932533687336,-0.015601725723738746,0
2023-02-17,251.07254028320312,258.0599975585937,260.0899963378906,256.0,259.3900146484375,30000100,MSFT,-0.015601725723738746,-0.016699440782314445,0.07695589323519503,259.12095336914064,249.4353286743164,239.27599822998047,0.02208958117683744,0.02152475679370013,0.0133936413138942,35888920.0,61.84853010503642,-0.01316773212854816,-0.02088671100363515,0
2023-02-21,245.82846069335932,252.6699981689453,255.4900054931641,251.58999633789065,254.47999572753903,28397400,MSFT,-0.02088671100363515,-0.06640553288074391,0.044203311015931224,255.6238525390625,249.95565032958984,239.4493835449219,0.011598620381315332,0.022168071644625663,-0.05342315525614916,35712090.0,54.05035157993582,-0.933061547473856,-0.004590762338418375,0
2023-02-22,244.69992065429688,251.509994506836,254.33999633789065,250.33999633789065,254.08999633789065,22491100,MSFT,-0.004590762338418375,-0.07359361926366059,0.04172857009876352,251.73606567382814,250.44574813842775,239.54138610839843,0.009047831986849395,0.022200303327348146,-0.20798735095466492,34824925.0,49.52362687903413,-1.5886836852942121,0.0129618061223995,1
2023-02-23,247.8716735839844,254.7700042724609,256.8399963378906,250.47999572753903,255.5599975585937,29219100,MSFT,0.0129618061223995,-0.05402462881666814,0.061502794066725874,248.90487670898438,251.16382446289063,239.73525512695312,0.015638241318843837,0.022235054956557202,0.2991405489282428,32959550.0,41.71128923591343,-1.766241077132701,-0.021784518321811608,0
2023-02-24,242.471908569336,249.22000122070312,251.0,248.1000061035156,249.9600067138672,24990900,MSFT,-0.021784518321811608,-0.049322844756774176,0.007436407579319848,246.38890075683594,251.25331497192383,239.68351318359376,0.01453682520222296,0.021915144622180385,-0.14470671581260208,32536370.0,42.23387508222133,-2.1778375258532012,0.00377178035445902,1
2023-02-27,243.386459350586,250.16000366210932,252.82000732421875,249.38999938964844,252.4600067138672,21190000,MSFT,0.00377178035445902,-0.030612989074581543,0.010584204954548149,244.8516845703125,251.3807685852051,239.56446411132814,0.015229355487471438,0.021926660789259367,-0.15209136125549705,32270925.0,44.47250282213772,-2.3066199404106627,-0.002958075179108177,0
2023-02-28,242.66650390625,249.4199981689453,251.4900054931641,248.72999572753903,249.07000732421875,22491000,MSFT,-0.002958075179108177,-0.012862452045589112,0.030220080627649804,244.21929321289068,251.7366828918457,239.42519317626954,0.012795257456630776,0.02129315484454444,0.06139688532326559,32102105.0,30.130779432863434,-2.3504421257860315,-0.01262931832404035,0
2023-03-01,239.601791381836,246.2700042724609,250.92999267578125,245.7899932861328,250.759994506836,27565300,MSFT,-0.01262931832404035,-0.020834208931613585,-0.0037252104955840526,243.19966735839847,251.69188766479493,239.38398284912108,0.013600200172889737,0.021014430130142266,0.2256146903205727,32153315.0,28.619231437751594,-2.482995440113359,0.01965324979527172,1
2023-03-02,244.3107452392578,251.1100006103516,251.3999938964844,245.6100006103516,246.5500030517578,24808200,MSFT,0.01965324979527172,-0.014366015661406606,-0.004000198065945759,242.48748168945318,251.64282684326173,239.52080230712892,0.015846045101803822,0.021000478839863983,-0.1000206781714692,31830730.0,37.66155815571104,-2.1624585666361233,0.016645963384639195,1
2023-03-03,248.3775329589844,255.2899932861328,255.6199951171875,251.38999938964844,252.19000244140625,30760100,MSFT,0.016645963384639195,0.024355911678567432,-0.03276875704878546,243.66860656738282,251.2220886230469,239.82125579833985,0.013471499615464223,0.018371910153700433,0.23991664046565253,31371715.0,43.08083545076581,-1.6107894760251082,0.0061889078719497,1
2023-03-06,249.9147186279297,256.8699951171875,260.1199951171875,255.97999572753903,256.42999267578125,24109800,MSFT,0.0061889078719497,0.026822606708535313,-0.00323845044166049,244.97425842285156,251.18149032592774,240.12624938964845,0.0134644064734652,0.017679450981831164,-0.21619890702565991,31123340.0,34.72062288657145,-1.100932573033723,-0.010588817193560529,0
2023-03-07,247.26841735839844,254.1499938964844,257.69000244140625,253.38999938964844,256.29998779296875,21473200,MSFT,-0.010588817193560529,0.01896394178047056,-0.00772463150907754,245.89464111328124,251.08524398803712,240.3272689819336,0.014991640733722621,0.01778865092966166,-0.10935802039004883,31071100.0,31.52962104032899,-0.908481395554616,-0.001770628207385605,0
2023-03-08,246.83059692382807,253.6999969482422,254.5399932861328,250.8099975585937,254.0399932861328,17340200,MSFT,-0.001770628207385605,0.030170081368348534,-0.049426357660554476,247.34040222167968,250.44352951049805,240.64065002441407,0.012603091482622505,0.01474843961927842,-0.19247247732056705,29396040.0,32.72888452350227,-0.782051886049157,-0.0054395043610120375,0
2023-03-09,245.4879608154297,252.32000732421875,259.5599975585937,251.5800018310547,255.82000732421875,26653400,MSFT,-0.0054395043610120375,0.004818517396846467,-0.051655239937729136,247.57584533691406,249.77495727539062,240.91669647216796,0.01066729766729974,0.014763315049151588,0.5370872308277874,27994410.0,37.53485824611566,-0.7595918908286283,-0.014782731225967294,0
2023-03-10,241.8589782714844,248.58999633789065,252.7899932861328,247.6000061035156,251.0800018310547,28333900,MSFT,-0.014782731225967294,-0.026244542370007506,-0.05465184873899953,246.27213439941406,249.07584762573242,241.15451904296876,0.008098802536444764,0.014880841949802902,0.06305011743342304,27292350.0,37.8807268593376,-0.9476533876261309,0.021440752230059923,1
2023-03-13,247.04461669921875,253.9199981689453,257.9100036621094,245.72999572753903,247.3999938964844,33339700,MSFT,0.021440752230059923,-0.011484325310923027,-0.03247440170854887,245.69811401367187,248.66125259399413,241.54321990966798,0.014126723978627725,0.015831750449335567,0.1766717606824335,27668410.0,51.602162322108235,-0.69311877111072,0.027055926518049445,1
2023-03-14,253.7286376953125,260.7900085449219,261.07000732421875,255.8600006103516,256.75,33620300,MSFT,0.027055926518049445,0.02612634644541134,-0.036402653972892884,246.9901580810547,248.18198623657227,241.93982543945313,0.018045020427820878,0.015397291377986608,0.008416392469038358,27117880.0,60.375673789458574,-0.07731357757792356,0.017830381348491464,1
2023-03-15,258.2527160644531,265.44000244140625,266.4800109863281,259.2099914550781,259.9800109863281,46028000,MSFT,0.017830381348491464,0.04627513478059586,-0.022284259983071597,249.2745819091797,247.88767929077147,242.45001007080077,0.01825265663234807,0.015981743027983254,0.36905381570063334,27566885.0,61.57013043377701,0.5949812096902534,0.04053648924510411,1
2023-03-16,268.72137451171875,276.20001220703125,276.5599975585937,263.2799987792969,265.2099914550781,54768800,MSFT,0.04053648924510411,0.09464176417904713,0.025545994518362924,253.9212646484375,248.22236709594728,243.1742266845703,0.02046712122416376,0.018370475079804258,0.18990179890501424,28859205.0,76.2861179421624,1.6454529066971928,0.01169444601543912,1
2023-03-17,271.8639221191406,279.42999267578125,283.3299865722656,276.32000732421875,278.260009765625,69527400,MSFT,0.01169444601543912,0.12405966510772215,0.06591654933744251,259.92225341796876,249.0629737854004,244.16470916748048,0.010936394404453903,0.017256075940126948,0.269470939659076,30855395.0,77.29908183877984,2.40660550336152,-0.025766697345449008,0
2023-03-20,264.85888671875,272.2300109863281,277.4800109863281,269.8500061035156,276.9800109863281,43466600,MSFT,-0.025766697345449008,0.07210952522483183,0.05490981379324178,263.485107421875,249.75229110717774,245.14688415527343,0.024877978726846505,0.017977854125107585,-0.37482776574415266,31528720.0,68.98623132707287,2.293437434408532,0.005693466081400311,1
2023-03-21,266.3668518066406,273.7799987792969,275.0,269.5199890136719,274.8800048828125,34558700,MSFT,0.005693466081400311,0.049809963219463516,0.08354765373933004,266.01275024414065,250.7792106628418,246.1083642578125,0.023950292481406128,0.01709309080461018,-0.20493666401328836,31836785.0,73.52492046261374,2.17624716324151,-0.005442291284600498,0
2023-03-22,264.9172058105469,272.2900085449219,281.0400085449219,272.17999267578125,273.3999938964844,34873300,MSFT,-0.005442291284600498,0.0258060780450049,0.08262072624376637,267.34564819335935,251.7900749206543,246.99834411621094,0.024306280850798407,0.01711707363590004,0.009103351688576344,32455895.0,69.212657550009,1.8689712239564509,0.019721668734254738,1
2023-03-23,270.1418151855469,277.6600036621094,281.0599975585937,275.20001220703125,277.94000244140625,36610900,MSFT,0.019721668734254738,0.005285923668741033,0.08984544816903761,267.629736328125,252.90358200073243,247.95923736572266,0.01764013655095644,0.017365877269648743,0.04982608471237304,32825485.0,69.86331320371725,1.8803368049853253,0.010480561075019379,1
2023-03-24,272.9730529785156,280.57000732421875,280.6300048828125,275.2799987792969,277.239990234375,28172000,MSFT,0.010480561075019379,0.004079728015139006,0.12579248701074874,267.8515625,254.42863922119142,248.84243865966798,0.017466754962356314,0.016263842385228728,-0.2305023913643205,32984540.0,70.55873073746909,1.9337998643522543,-0.014934071611144017,0
2023-03-27,268.8964538574219,276.3800048828125,281.4599914550781,275.5199890136719,280.5,26840200,MSFT,-0.014934071611144017,0.015244220002175402,0.10481271051357055,268.65907592773436,255.7041389465332,249.59092529296876,0.013561683377467002,0.01692710685295768,-0.047273888967769406,33267050.0,68.8038894745235,1.56559665071501,-0.004160727728428348,0
2023-03-28,267.77764892578125,275.2300109863281,276.1400146484375,272.04998779296875,275.7900085449219,21878600,MSFT,-0.004160727728428348,0.00529644401911078,0.10348006261808806,268.9412353515625,256.95969619750974,250.30306121826172,0.01380511048721547,0.016959462339356326,-0.18485704279401793,33236430.0,67.99869938141958,1.1375942108475563,0.019183916007885493,1
2023-03-29,272.9146728515625,280.510009765625,281.1400146484375,278.4100036621094,278.9599914550781,25087000,MSFT,0.019183916007885493,0.03018855274630572,0.1390343589570171,270.5407287597656,258.6253402709961,251.09619812011718,0.015195673951328538,0.01670186025038838,0.14664558061301913,33112515.0,72.12372290256681,1.0911869452264362,0.012619665190182872,1
2023-03-30,276.3587646484375,284.04998779296875,284.4599914550781,281.4800109863281,284.2300109863281,25053400,MSFT,0.012619665190182872,0.023013651028518156,0.13117728153051345,271.78411865234375,260.2277412414551,252.04633666992189,0.013873623970833854,0.016486578912809996,-0.0013393390999322241,33124775.0,77.91246782195697,1.1758628784029241,0.014962470145954088,1
2023-03-31,280.4937744140625,288.29998779296875,289.2699890136719,283.0,283.7300109863281,32766000,MSFT,0.014962470145954088,0.027551149659225782,0.12930413259391527,273.28826293945315,261.833553314209,253.15448638916016,0.014477159669602132,0.016435249213473266,0.3078464400041512,33225070.0,77.53047521543388,1.3796731100474862,-0.0037113680229610146,0
2023-04-03,279.4527587890625,287.2300109863281,288.2699890136719,283.95001220703125,286.5199890136719,24883300,MSFT,-0.0037113680229610146,0.03925788079465686,0.1181924791116793,275.39952392578124,263.3104553222656,254.08090789794923,0.010950936572756134,0.016584842797134302,-0.24057559665506922,33263745.0,73.34044405457313,1.3140039404461454,-0.0001742908350540473,0
2023-04-04,279.404052734375,287.17999267578125,290.45001220703125,285.6700134277344,287.2300109863281,25824300,MSFT,-0.0001742908350540473,0.043418126401640667,0.12996255534485912,277.7248046875,264.91723709106446,254.9605484008789,0.009965103031638932,0.01620460149740231,0.03781652755060616,33481300.0,70.88775371818633,1.1432047869963888,-0.009889233939074038,0
2023-04-05,276.6409606933594,284.3399963378906,287.1499938964844,282.9200134277344,285.8500061035156,22064800,MSFT,-0.009889233939074038,0.013653673519501863,0.12077256280642867,278.4700622558594,266.407755279541,255.79540832519533,0.010684159429656085,0.016514861379010724,-0.14557993827519045,33717530.0,59.22482846679781,0.7396344029297062,0.025532679586068197,1
2023-04-06,283.704345703125,291.6000061035156,292.0799865722656,282.0299987792969,283.2099914550781,29770300,MSFT,0.025532679586068197,0.02657987367989567,0.15567518977612238,279.9391784667969,268.3185745239258,256.7992922973633,0.01453100470871161,0.016849667889757156,0.34922138428628413,33873375.0,62.63754375244698,0.8367403799635174,-0.007578613023674463,0
2023-04-10,281.55426025390625,289.3900146484375,289.6000061035156,284.7099914550781,289.2099914550781,23103000,MSFT,-0.007578613023674463,0.003780782094215951,0.16412573254925555,280.1512756347656,270.3033386230469,257.61673553466795,0.01429564252957946,0.01642219885106398,-0.22395810589748844,33611830.0,69.87957586284585,0.6526808837194729,-0.022668510736540415,0
2023-04-11,275.1718444824219,282.8299865722656,285.9800109863281,281.6400146484375,285.75,27276600,MSFT,-0.022668510736540415,-0.01531891946671371,0.11385485002269258,279.2950927734375,271.709700012207,258.30342468261716,0.017870115648546896,0.01741909272534812,0.18065186339436434,33308675.0,59.393851387253726,0.03045599341284344,0.002333746745392107,1
2023-04-12,275.81402587890625,283.489990234375,287.010009765625,281.9599914550781,284.7900085449219,27403400,MSFT,0.002333746745392107,-0.012848871805312467,0.08704334041360662,278.57708740234375,272.81396942138673,259.1087408447266,0.0180024134481963,0.01667383104608315,0.0046486732217358995,32997830.0,61.82938796226173,-0.38556045513986437,0.022399183701830694,1
2023-04-13,281.9920349121094,289.8399963378906,289.8999938964844,283.1700134277344,283.5899963378906,24222700,MSFT,0.022399183701830694,0.01934302933787646,0.0919228235405336,279.6473022460938,274.00093536376954,259.9386276245117,0.020311550452064196,0.016898553743850048,-0.11606953881635129,31907565.0,62.6034906048642,-0.29635882031403593,-0.012765473904298719,0
2023-04-14,278.39227294921875,286.1400146484375,288.4800109863281,283.69000244140625,287.0,20987900,MSFT,-0.012765473904298719,-0.018723973863498444,0.035988571638830624,278.5848876953125,274.4844802856445,260.60063385009767,0.01713617982545697,0.015021934220488297,-0.13354415486300042,30218520.0,55.670991357643835,-0.5184914162396668,0.009296171011924814,1
2023-04-17,280.9802551269531,288.79998779296875,291.6000061035156,286.1600036621094,289.92999267578125,23836200,MSFT,0.009296171011924814,-0.002038701621618122,0.03353270613015513,278.4700866699219,274.94029693603517,261.0843930053711,0.017818617816248234,0.01494883139325676,0.13571152902386618,27933960.0,63.05183923337478,-0.528048596545112,-0.001489166964713684,0
2023-04-18,280.56182861328125,288.3699951171875,291.760009765625,287.010009765625,291.57000732421875,20161800,MSFT,-0.001489166964713684,0.01958770215389416,0.05928795551876642,279.54808349609374,275.7254440307617,261.6810958862305,0.01304375026388979,0.01351298832554364,-0.1541520880006041,26768720.0,64.02045073001985,-0.5945250710277552,0.0002778064817887671,1
2023-04-19,280.6397705078125,288.45001220703125,289.04998779296875,284.5400085449219,285.989990234375,17150300,MSFT,0.0002778064817887671,0.01749637138114557,0.05358368957835924,280.513232421875,276.4390899658203,262.3100244140625,0.013139683711665332,0.013509812579783493,-0.14936662401174494,25898300.0,59.52960345019711,-0.660160534649818,-0.00811265414847584,0
2023-04-20,278.363037109375,286.1099853515625,289.0299987792969,285.0799865722656,285.25,23244400,MSFT,-0.00811265414847584,-0.012869150023565257,0.05075484341490366,279.7874328613281,277.1113815307617,262.6839874267578,0.008437302247376805,0.013607358986866165,0.3553348921010129,25316855.0,52.54577084806311,-0.8705933863482525,-0.0012232771285110022,0
2023-04-21,278.02252197265625,285.760009765625,286.2699890136719,283.0599975585937,285.010009765625,21676400,MSFT,-0.0012232771285110022,-0.0013281653712778896,0.02917248031999975,279.71348266601564,277.5054168701172,263.0672497558594,0.006239232601325669,0.013010439406693003,-0.06745710794858117,24570130.0,46.52623703848603,-1.0352020133571207,-0.013962636777376525,0
2023-04-24,274.1405944824219,281.7699890136719,284.95001220703125,278.7200012207031,282.0899963378906,26611000,MSFT,-0.013962636777376525,-0.024342139775768046,0.004277130988450173,278.3455505371094,277.5637939453125,263.43323822021483,0.006008624329919248,0.013269780146918575,0.22764850251886837,24492080.0,43.08512962626037,-1.3861050760907574,-0.022536248590259933,0
2023-04-25,267.9624938964844,275.4200134277344,281.6000061035156,275.3699951171875,279.510009765625,45772200,MSFT,-0.022536248590259933,-0.044907515676922194,-0.0034733070947552402,275.82568359375,277.5170959472656,263.68575775146485,0.009422555810538653,0.013826239256434104,0.7200481004096051,25438680.0,37.156022075977816,-1.9787561524655306,0.07243495457881832,1
2023-04-26,287.3723449707031,295.3699951171875,299.57000732421875,292.7300109863281,296.70001220703125,64599200,MSFT,0.07243495457881832,0.02399009395820184,0.07317524865696634,277.1721984863281,278.49683074951173,264.1669253540039,0.038325769619724184,0.021251704776455962,0.4113195345646483,27574710.0,58.76928816460564,-1.0543891692570204,0.03202731936533021,1
2023-04-27,296.5761108398437,304.8299865722656,305.20001220703125,295.25,295.9700012207031,46462600,MSFT,0.03202731936533021,0.06542921042822347,0.08669903212258068,280.8148132324219,279.6799026489258,264.8156704711914,0.03900659389314223,0.02192608224983996,-0.28075579883342205,28643490.0,60.162824161663714,0.12343315115641662,0.007971841716464922,1
2023-04-28,298.9403686523437,307.260009765625,308.92999267578125,303.3099975585937,304.010009765625,36469600,MSFT,0.007971841716464922,0.07523795745491713,0.08171119172801622,284.9983825683594,280.8089828491211,265.5539254760742,0.038359249136571176,0.021858778665920415,-0.21507621183489511,29214300.0,63.68082837849517,0.9616102194325409,-0.00553274617642574,0
2023-05-01,297.2864074707031,305.5599975585937,308.6000061035156,305.1499938964844,306.9700012207031,21294100,MSFT,-0.00553274617642574,0.08443044720166526,0.0598681132646155,289.62754516601564,281.64861450195315,266.3986178588867,0.03691585413816817,0.02180586211940486,-0.41611369469366266,28640705.0,68.80061104256026,1.2843405436323314,-0.0004908904508462708,0
2023-05-02,297.1404724121094,305.4100036621094,309.17999267578125,303.9100036621094,307.760009765625,26404400,MSFT,-0.0004908904508462708,0.10888829287764668,0.06329410988709538,295.4631408691406,282.53300018310546,267.31997650146485,0.03202474174362356,0.021764523638694386,0.2399866629723726,28716760.0,68.28487804673836,1.3603922098813808,-0.003307281040525134,0
2023-05-03,296.1577453613281,304.3999938964844,308.6099853515625,304.0899963378906,306.6199951171875,22360800,MSFT,-0.003307281040525134,0.03057148867794024,0.059962239140749274,297.2202209472656,283.3706848144531,268.3265621948242,0.015354002546809097,0.021802031499383978,-0.15314114314280958,28543585.0,63.333214607014,1.221340999204334,0.003318255443842233,1
2023-05-04,297.1404724121094,305.4100036621094,307.760009765625,303.3999938964844,306.239990234375,22519900,MSFT,0.003318255443842233,0.0019029232350087355,0.07410150567497675,297.3330932617188,284.3956604003906,269.3753732299805,0.0053754944948043275,0.02158569407227566,0.007115130049014429,28566340.0,68.56079031120714,1.0774037726536587,0.017157252165235892,1
2023-05-05,302.23858642578125,310.6499938964844,311.9700012207031,304.2699890136719,305.7200012207031,28197100,MSFT,0.017157252165235892,0.011033029056283894,0.06532942129145569,297.99273681640625,285.32237243652344,270.46271148681643,0.00897680491083439,0.021219948098810525,0.2520970341786597,28487680.0,70.04936118282639,1.1981282738151018,-0.006438063788741122,0
2023-05-08,300.2927551269531,308.6499938964844,310.20001220703125,306.0899963378906,310.1300048828125,21318600,MSFT,-0.006438063788741122,0.010112630718060123,0.06655376074277286,298.59400634765626,286.2592971801758,271.61912841796874,0.009179342680039566,0.021190466695461718,-0.24394352610729475,28398460.0,68.08769922422503,1.0261501301225628,-0.005346040388443329,0
2023-05-09,298.6873779296875,307.0,310.0400085449219,306.3099975585937,308.0,21340800,MSFT,-0.005346040388443329,0.005205973811042153,0.08545762918258082,298.90338745117185,287.43507385253906,272.72514678955076,0.009753861893255616,0.02040692573696964,0.0010413441783232447,28101670.0,66.09386838048962,0.6991151993843143,0.01729644313682055,1
2023-05-10,303.8536071777344,312.3099975585937,313.0,307.6700134277344,308.6199951171875,30078000,MSFT,0.01729644313682055,0.025985684780983398,0.10166118713316874,300.44255981445315,288.8370529174805,273.94888885498045,0.011613615345407155,0.02060434161965778,0.409412955465587,28235400.0,71.61708279437823,0.7225920686205809,-0.007044319514295738,0
2023-05-11,301.7131652832031,310.1099853515625,311.1199951171875,306.260009765625,310.1000061035156,31680200,MSFT,-0.007044319514295738,0.015388993744183788,0.06993506173761399,301.3570983886719,289.82310943603517,275.1911163330078,0.012887587779217606,0.020349701954763273,0.05326816942615875,28608275.0,69.49550442776575,0.49659063116672186,-0.003676009102074884,0
2023-05-12,300.60406494140625,308.9700012207031,310.6499938964844,306.6000061035156,310.54998779296875,19774700,MSFT,-0.003676009102074884,-0.005408050321120683,0.07978595008001221,301.0301940917969,290.9336990356445,276.3169827270508,0.010330859202567898,0.020065030788480043,-0.3758025517515672,28547615.0,72.81867944775513,0.1907543710736226,0.0015858570907334446,1
2023-05-15,301.0807800292969,309.4599914550781,309.8999938964844,307.5899963378906,309.1000061035156,16336500,MSFT,0.0015858570907334446,0.002624188858670884,0.0715371437514778,301.18779907226565,291.93872528076173,277.37104766845704,0.009897116023622074,0.0200325899587266,-0.17386863011828246,28172630.0,81.6709041625518,-0.04832009889625066,0.007367865705975696,1
2023-05-16,303.2991027832031,311.739990234375,313.7099914550781,309.8299865722656,309.8299865722656,26730300,MSFT,0.007367865705975696,0.015439972339913455,0.08104193746634825,302.1101440429687,293.0755889892578,278.4387353515625,0.009628962092008251,0.020010993094851517,0.6362317509870534,28501055.0,72.6918876049617,-0.12176142962846015,0.009451522135371482,1
2023-05-17,306.1657409667969,314.0,314.42999267578125,310.739990234375,312.2900085449219,24315000,MSFT,0.009451522135371482,0.0076093675850623654,0.09095635452094197,302.57257080078125,294.35188751220704,279.61668182373046,0.007025943905111084,0.020024185607383952,-0.09035813290535455,28859290.0,66.67391851119999,-0.0458857065530518,0.01439470501639728,1
2023-05-18,310.5729064941406,318.5199890136719,319.0400085449219,313.7200012207031,314.5299987792969,27276000,MSFT,0.01439470501639728,0.02936478162171441,0.11571173284802772,304.3445190429687,295.96238098144534,280.8915280151367,0.007021599671577907,0.019907378941748377,0.12177668106107342,29060870.0,68.88442784654863,0.21801896124685438,-0.0005650076698563433,0
2023-05-19,310.3974304199219,318.3399963378906,318.75,316.3699951171875,316.739990234375,27546700,MSFT,-0.0005650076698563433,0.03257895225210783,0.11644707132916987,306.3031921386719,297.5811264038086,282.18971740722657,0.006038214220359663,0.019895918892001777,0.009924475729579108,29354385.0,72.35788689237123,0.2929918196674848,0.00892125465645166,1
2023-05-22,313.16656494140625,321.17999267578125,322.5899963378906,318.010009765625,318.6000061035156,24115700,MSFT,0.00892125465645166,0.040141336524149196,0.14235750284508386,308.72034912109376,299.5324249267578,283.615869140625,0.005421482903199762,0.01935599107158903,-0.12455212421088546,29229620.0,75.0846675538648,0.43286606050880305,-0.01843197351898418,0
2023-05-23,307.394287109375,315.260009765625,322.7200012207031,315.25,320.0299987792969,30797200,MSFT,-0.01843197351898418,0.013502131356778468,0.14715415071529891,309.5393859863281,301.50401458740237,284.82286254882814,0.01302170430319733,0.019047339327456943,0.27706017241879777,28480870.0,65.29465765544973,0.06000722025011296,-0.00447268536645995,0
2023-05-24,306.0194091796875,313.8500061035156,316.5,312.6099853515625,314.7300109863281,23384900,MSFT,-0.00447268536645995,-0.00047794957935953786,0.06488816525085395,309.51011962890624,302.4363677978516,285.8686779785156,0.012716656280761126,0.011368915303891933,-0.2406809709973634,26420155.0,61.95793791382903,-0.33418188537874727,0.03845808646577398,1
2023-05-25,317.788330078125,325.9200134277344,326.8999938964844,320.0,323.239990234375,43301700,MSFT,0.03845808646577398,0.023232624073473485,0.07152369480539944,310.9532043457031,303.4969787597656,287.05939025878905,0.021238764603513482,0.012281185014450966,0.8516948971344758,26262110.0,67.75226391587069,0.11849185919301686,0.02138546441815503,1
2023-05-26,324.5843811035156,332.8900146484375,333.3999938964844,323.8800048828125,324.0199890136719,36630600,MSFT,0.02138546441815503,0.04570576072231303,0.08578303615124971,313.79059448242185,304.77917938232423,288.176650390625,0.02210804853206069,0.012887753787660024,-0.1540609260144521,26270160.0,74.96737881228765,0.7606059214298186,-0.005046737108687971,0
2023-05-30,322.9462890625,331.2099914550781,335.739990234375,330.5199890136719,335.2300109863281,29503100,MSFT,-0.005046737108687971,0.03122850653907938,0.08631367242824783,315.7465393066406,306.0621734619141,289.1982977294922,0.02301169654720317,0.01286887760368235,-0.19457775739409133,26680610.0,74.91699725664648,0.9478159429728663,-0.008514024923117147,0
2023-05-31,320.1967163085937,328.3900146484375,335.94000244140625,327.3299865722656,332.2900085449219,45950600,MSFT,-0.008514024923117147,0.041648233998127004,0.07759375122924084,318.3070251464843,307.2149856567383,290.30505432128905,0.020644058724701816,0.013145723745915728,0.5574837898390339,27657920.0,67.66334265428878,0.7669946993531198,0.012759089937807389,1
2023-06-01,324.2821350097656,332.5799865722656,333.5299987792969,324.7200012207031,325.92999267578125,26773900,MSFT,0.012759089937807389,0.05967832523771288,0.09496422122650983,321.9595703125,308.62120513916017,291.4633599853516,0.01936444141110749,0.013177815995090172,-0.41733296191997493,27878575.0,73.40802394421115,0.7994225878731402,0.00847904640630781,1
2023-06-02,327.03173828125,335.3999938964844,337.5,332.54998779296875,334.25,25873800,MSFT,0.00847904640630781,0.02908668232358491,0.10059641363053329,323.808251953125,310.1157684326172,292.7056506347656,0.012460489047411183,0.013201325313522026,-0.03361856136013053,28046270.0,76.50811667242138,0.876740311796846,0.0016101825875201037,1
2023-06-05,327.5583190917969,335.94000244140625,338.5599975585937,334.6600036621094,335.2200012207031,21307100,MSFT,0.0016101825875201037,0.009162295419670174,0.08377399115527306,324.4030395507813,311.38175506591796,293.85398071289063,0.008916105163812877,0.01289489755285118,-0.17649900671721974,27701770.0,76.53159329737949,0.8342746234531848,-0.006727485367912678,0
2023-06-06,325.35467529296875,333.67999267578125,335.3699951171875,332.1700134277344,335.3299865722656,20396200,MSFT,-0.006727485367912678,0.007457544217214007,0.08345829107805258,324.884716796875,312.6348510742188,294.9016131591797,0.00926628652959901,0.012907512689439776,-0.04275100788000241,27655650.0,72.10710267646566,0.5428190975538438,-0.030867943655989882,0
2023-06-07,315.3116455078125,323.3800048828125,334.489990234375,322.5,331.6499938964844,40717100,MSFT,-0.030867943655989882,-0.015256467515029515,0.055657750566341146,323.90770263671874,313.466064453125,295.8299169921875,0.01726177022843172,0.01498445144452155,0.9963081358292232,28624465.0,58.01430896430887,-0.3909483484523566,0.005813804933967104,1
2023-06-08,317.1448059082031,325.260009765625,326.6400146484375,323.3500061035156,323.94000244140625,23277700,MSFT,0.005813804933967104,-0.022009627824078448,0.043742112703287095,322.48023681640626,314.13062438964846,296.81726013183595,0.01590805022354573,0.01461596589989009,-0.4283065346009416,28284450.0,56.03083244463959,-0.9195530667718259,0.004703815871151873,1
2023-06-09,318.6365966796875,326.7900085449219,329.989990234375,324.4100036621094,324.989990234375,22529000,MSFT,0.004703815871151873,-0.02567072433300832,0.05609112675146011,320.80120849609375,314.97679595947267,297.73169860839846,0.015222416968003806,0.01445824985900283,-0.03216383061900441,27826890.0,57.38248041454176,-1.1861888686409774,0.015483928680202208,1
2023-06-12,323.5703430175781,331.8500061035156,332.1000061035156,325.1600036621094,328.5799865722656,24260300,MSFT,0.015483928680202208,-0.012174858160452162,0.07640042419469095,320.00361328125,316.12510986328124,298.6759301757813,0.017796654568396603,0.014638022140064651,0.07684761862488343,28051170.0,58.97391620227906,-1.052289011946387,0.007352807332208888,1
2023-06-13,325.9494934082031,334.2900085449219,336.9800109863281,330.3900146484375,334.4700012207031,22951300,MSFT,0.007352807332208888,0.001828214439207887,0.0825981431843188,320.12257690429686,317.36854553222656,299.58504455566407,0.01803701423507701,0.014649126243167492,-0.053956463852466774,28381910.0,67.00015489839612,-0.8349903817143307,0.009123829092683167,1
2023-06-14,328.92340087890625,337.3399963378906,339.0400085449219,332.8099975585937,334.3399963378906,26003800,MSFT,0.009123829092683167,0.04316921231745785,0.08448524199565233,322.8449279785156,318.6497604370117,300.57445739746095,0.004245793102179384,0.01467512189626752,0.13299900223516747,28345585.0,70.38713161431782,-0.5369510498267323,0.03189644022793492,1
2023-06-15,339.4148864746094,348.1000061035156,349.8399963378906,337.20001220703125,337.4800109863281,38899100,MSFT,0.03189644022793492,0.07022054327086247,0.1085985172698285,327.2989440917969,320.31221771240234,301.7746740722656,0.010913885908285046,0.01590712415482459,0.49590059914320217,29074790.0,69.69802763720617,0.2770493689479121,-0.01657578479739208,0
2023-06-16,333.788818359375,342.3299865722656,351.4700012207031,341.95001220703125,351.32000732421875,46552000,MSFT,-0.01657578479739208,0.04755330002133884,0.07475189039283547,330.3293884277344,321.47301330566404,302.9176312255859,0.0174792509718411,0.016471377550795748,0.19673719957531155,30038590.0,58.566211617472376,0.3425568782909849,-0.012502477693444813,0
2023-06-20,329.6156311035156,338.04998779296875,342.0799865722656,335.8599853515625,339.3099975585937,26375400,MSFT,-0.012502477693444813,0.018683072217187346,0.0619148188746097,331.5384460449219,322.4339233398438,303.83585693359373,0.019437731037898257,0.01684755571489,-0.4334206908403506,29980025.0,55.92721390759836,0.02742822666688749,-0.013281923775408266,0
2023-06-21,325.2377014160156,333.5599975585937,337.7300109863281,332.07000732421875,336.3699951171875,25117800,MSFT,-0.013281923775408266,-0.0021837493433256583,0.03854541903880415,331.3960876464844,323.03748016357423,304.70952575683594,0.020662442802962425,0.01717507090069441,-0.04768079346663934,30030130.0,54.354031874160846,-0.5228849300084093,0.018437442792038405,1
2023-06-22,331.2342529296875,339.7099914550781,340.1199951171875,333.3399963378906,334.1199951171875,23556800,MSFT,0.018437442792038405,0.007025502121790428,0.07755500612745592,331.85825805664064,324.22947845458987,305.8307739257813,0.02209119913698736,0.01683832512412511,-0.06214716256997033,29668110.0,55.81282364414569,-0.5284919390432332,-0.013805933433598483,0
2023-06-23,326.6612548828125,335.0199890136719,337.9599914550781,333.45001220703125,334.3599853515625,23146900,MSFT,-0.013805933433598483,-0.037575345395909565,0.06745273366306193,329.3075317382812,325.2615707397461,306.84771850585935,0.014605911232615931,0.01720716593542269,-0.017400495822862183,29656210.0,49.69939631649061,-0.8657131792970505,-0.0191628652967909,0
2023-06-26,320.4014892578125,328.6000061035156,336.1099853515625,328.489990234375,333.7200012207031,21520600,MSFT,-0.0191628652967909,-0.04010718264129798,0.008222955131943044,326.63006591796875,325.3922286987305,307.61590759277345,0.015044998252352249,0.015795895450332238,-0.07025994841641858,28567155.0,44.68734354717768,-1.4987785313858506,0.01816778036894484,1
2023-06-27,326.22247314453125,334.57000732421875,336.1499938964844,329.29998779296875,331.8599853515625,24354100,MSFT,0.01816778036894484,-0.010294287159939852,0.005046737108687971,325.95143432617186,325.47413330078126,308.5725115966797,0.018612019720152643,0.015587286521638441,0.13166454466882893,27953330.0,50.611351233280075,-1.5097056790234316,0.003825940923460891,1
2023-06-28,327.4705810546875,335.8500061035156,337.9800109863281,333.8099975585937,334.6600036621094,20259500,MSFT,0.003825940923460891,0.006865377626734004,0.014009425546648524,326.39801025390625,325.7003479003906,309.5023181152344,0.017545136001283546,0.015551312972558226,-0.1681277485105177,27491150.0,59.777391242890715,-1.4185051709231908,-0.0023820760079906744,0
2023-06-29,326.6905212402344,335.04998779296875,336.1099853515625,332.6199951171875,334.7099914550781,16997000,MSFT,-0.0023820760079906744,-0.013717577965638883,0.020280673101538582,325.4892639160156,326.02503814697263,310.4248919677734,0.014769198085135826,0.015417668654304623,-0.16103556356277304,26043470.0,57.80826253839303,-1.3942737738805544,0.01638552843789287,1
2023-06-30,332.04351806640625,340.5400085449219,342.7300109863281,337.20001220703125,337.75,26832800,MSFT,0.01638552843789287,0.016476588830605543,0.023934044520851794,326.5657165527344,326.41310729980466,311.4529669189453,0.015243051811651235,0.01558223518633782,0.5786785903394718,26046415.0,60.31508923254936,-1.0187123892855983,-0.007488142441795853,0
2023-07-03,329.55712890625,337.989990234375,340.8999938964844,336.57000732421875,339.19000244140625,12508700,MSFT,-0.007488142441795853,0.028575521510982638,0.007722157605474234,328.3968444824219,326.5393768310547,312.47684875488284,0.011317963598842004,0.015604012264484619,-0.5338280015503414,25378160.0,54.786397481672985,-0.9406011710649542,0.0004733803207133125,1
2023-07-05,329.713134765625,338.1499938964844,341.6499938964844,334.7300109863281,335.0899963378906,18172400,MSFT,0.0004733803207133125,0.010700248782514743,0.006578418401347985,329.0949768066406,326.6471176147461,313.5106610107422,0.008968037252728042,0.015601827059603505,0.45278086451829536,25221425.0,53.119913541912794,-0.8822453763293305,0.009226641145349435,1
2023-07-06,332.7552795410156,341.2699890136719,342.989990234375,335.5,337.29998779296875,28161200,MSFT,0.009226641145349435,0.016137933579583486,0.022746266797558423,330.15191650390625,327.01714782714845,314.6829547119141,0.009526275589715588,0.015623728357243417,0.549668728401312,25609675.0,53.17289007598482,-0.6531335467504693,-0.011867320571639528,0
2023-07-07,328.8063659667969,337.2200012207031,341.7900085449219,337.0,339.32000732421875,21214800,MSFT,-0.011867320571639528,0.006476602744793336,0.04279804013344002,330.57508544921876,327.69188385009767,315.8998321533203,0.011637088325801058,0.014068818680921457,-0.24666562504438727,24634560.0,40.148489654242084,-0.7736699513385492,-0.015983643340321874,0
2023-07-10,323.55084228515625,331.8299865722656,335.2300109863281,327.5899963378906,334.6000061035156,32791400,MSFT,-0.015983643340321874,-0.02557699614407627,0.020199089682734206,328.8765502929688,328.01218566894534,316.6234020996094,0.010078006873716537,0.014607403544163242,0.5456850877689161,25110245.0,40.42670858074281,-1.1886618320448195,0.0019287662818943119,1
2023-07-11,324.1748962402344,332.4700012207031,332.8599853515625,327.0,331.0599975585937,26698200,MSFT,0.0019287662818943119,-0.01633171366639352,0.017381241258091595,327.80010375976565,328.28910064697266,317.17537780761717,0.010401363939464163,0.014584545609640554,-0.18581701299731024,25318705.0,44.550810644933726,-1.3885280307364534,0.014226886675089645,1
2023-07-12,328.7868957519531,337.20001220703125,341.6499938964844,335.6700134277344,336.6000061035156,29995300,MSFT,0.014226886675089645,-0.002809226918819241,0.016121850617476507,327.61485595703124,328.54992828369143,317.7723083496094,0.013099109096766376,0.01452124358308982,0.12349521690600862,25605455.0,53.53812043360381,-1.1854141981105055,0.01619213251839735,1
2023-07-13,334.11065673828125,342.6600036621094,343.739990234375,339.0199890136719,339.5599975585937,20567200,MSFT,0.01619213251839735,0.004073195169540744,0.02503812245493342,327.88593139648435,328.95798645019534,318.50879333496096,0.014667783323285274,0.014858582271536934,-0.31431924334812456,25486250.0,52.90641524235237,-0.6922430983640071,0.007529225517617588,1
2023-07-14,336.6262512207031,345.239990234375,351.42999267578125,344.3099975585937,347.5899963378906,28352700,MSFT,0.007529225517617588,0.023782645542501202,0.023418371332700305,329.4499084472656,329.34312896728517,319.2985089111328,0.012906365552489169,0.01481885138664886,0.3785396164767203,25603695.0,60.50577035066101,-0.22075543074754833,0.0014195097279205982,1
2023-07-17,337.1040954589844,345.7300109863281,346.989990234375,342.20001220703125,345.67999267578125,20363900,MSFT,0.0014195097279205982,0.041889098721255014,-0.006808160477657421,332.1605590820312,329.2275894165039,320.11743591308596,0.00681786842351576,0.012952306199898813,-0.28176505235832916,24676935.0,70.05385449101314,0.08288400531077666,0.0397996528588449,1
2023-07-18,350.5207214355469,359.489990234375,366.7799987792969,342.1700134277344,345.8299865722656,64738600,MSFT,0.0397996528588449,0.08127040526848361,0.05012721264424558,337.4297241210937,330.0641845703125,321.1850408935547,0.014610017083778317,0.015161155605375934,2.1790865207548653,25586265.0,74.67327178172627,1.0909360543804976,-0.012267254101846814,0
2023-07-19,346.2207946777344,355.0799865722656,362.4599914550781,352.44000244140625,361.75,39732900,MSFT,-0.012267254101846814,0.053024920247837004,0.05037735473474525,340.91650390625,330.8944427490234,322.06468505859374,0.019368096769835964,0.015148944824212458,-0.38625642198008603,26254140.0,67.92843182283737,1.3545410580546031,-0.023121891186423382,0
2023-07-20,338.21551513671875,346.8699951171875,357.9700012207031,345.3699951171875,353.57000732421875,33778400,MSFT,-0.023121891186423382,0.012285924784652957,0.03990255024002587,341.7374755859375,331.54333343505857,322.82314025878907,0.023938097846108577,0.015835075561785407,-0.14986321159542848,26687170.0,59.68209285452416,0.8981682348202265,-0.00893685497127672,0
2023-07-21,335.19293212890625,343.7699890136719,350.29998779296875,339.8299865722656,349.1499938964844,69405400,MSFT,-0.00893685497127672,-0.0042578945836792,0.011951297802703653,341.4508117675781,331.7412673950195,323.5532513427734,0.024233611160436513,0.015526545975515671,1.054727281339554,28979600.0,52.753627210106025,0.33038802065585227,0.0038980837069659824,1
2023-07-24,336.4995422363281,345.1099853515625,346.9200134277344,342.3099975585937,345.8500061035156,26678100,MSFT,0.0038980837069659824,-0.0017933725243922671,0.03011770513477341,341.32990112304685,332.2331817626953,324.2061700439453,0.02431102236245431,0.015155771313121985,-0.6156192457647387,29156160.0,56.19782338264406,-0.0019302410847963358,0.017008788983765122,1
2023-07-25,342.2229919433594,350.9800109863281,351.8900146484375,345.07000732421875,347.1099853515625,41637700,MSFT,0.017008788983765122,-0.023672579065238675,0.06810674549639217,339.67035522460935,333.32425689697266,325.01636657714846,0.015490138831508122,0.014699909174695797,0.5607445807609988,30162015.0,60.15834129219539,0.11263194382234687,-0.037637274173278445,0
2023-07-26,329.3426513671875,337.7699890136719,344.6700134277344,333.1099853515625,341.44000244140625,58383700,MSFT,-0.037637274173278445,-0.04874965215840721,0.009564571663564836,336.2947265625,333.48026580810546,325.59113830566406,0.02156079433716068,0.016883682038339967,0.4021835980373556,31863495.0,47.610622872637066,-0.6862225488732774,-0.02087222824525803,0
2023-07-27,322.4685363769531,330.7200012207031,341.3299865722656,329.04998779296875,340.4800109863281,39635300,MSFT,-0.02087222824525803,-0.04655900765936216,-0.015274790980076003,333.14533081054685,333.23016357421875,326.0188934326172,0.021233175268691312,0.017527172638730496,-0.3211238753282166,32832285.0,45.737136776663064,-1.630844321463294,0.02313126895764217,1
2023-07-28,329.9276428222656,338.3699951171875,340.010009765625,333.1700134277344,333.6700134277344,28484900,MSFT,0.02313126895764217,-0.015708234875954186,0.009908832278763269,332.09227294921874,333.3920196533203,326.55146423339846,0.025738491726790144,0.01830369372787624,-0.28132498050979804,33406680.0,54.16559514055433,-1.6988818357845799,-0.007240634575544802,0
2023-07-31,327.53875732421875,335.9200134277344,337.70001220703125,333.3599853515625,336.9200134277344,25446000,MSFT,-0.007240634575544802,-0.02662941189327417,-0.013566778139263658,330.30011596679685,333.1667816162109,326.9789245605469,0.025484408883871733,0.017994635575260796,-0.10668459429381882,33337340.0,52.14789150933285,-1.8385304241229425,0.001250280681910354,1
2023-08-01,327.9482727050781,336.3399963378906,338.5400085449219,333.70001220703125,335.19000244140625,18311900,MSFT,0.001250280681910354,-0.04171174811259859,-0.004881873460032327,327.44517211914064,333.08633880615236,327.3264318847656,0.022907356403597392,0.01792271456035443,-0.2803623359270613,33627500.0,49.43415527701682,-1.8329650473089654,-0.026282850072988584,0
2023-08-02,319.328857421875,327.5,333.6300048828125,326.3599853515625,333.6300048828125,27761300,MSFT,-0.026282850072988584,-0.03040539664007269,-0.03149488524662991,325.4424133300781,332.56712493896487,327.5050604248047,0.019591539724724515,0.01885273926869876,0.5160250984332593,34106945.0,40.4509466844359,-2.308701680287054,-0.002564659308195716,0
2023-08-03,318.5098876953125,326.6600036621094,329.8800048828125,325.95001220703125,326.0,18253700,MSFT,-0.002564659308195716,-0.012276077307006195,-0.04281041570655897,324.65068359375,331.8548553466797,327.6119268798828,0.017741211977031282,0.018685574241289464,-0.34247675721237836,33611570.0,38.0345275888133,-2.5581019779217824,0.0034286895804245265,1
2023-08-04,319.6019592285156,327.7799987792969,335.1400146484375,327.239990234375,331.8800048828125,23741500,MSFT,0.0034286895804245265,-0.031296812553874176,-0.02799339578240012,322.585546875,331.39463500976564,327.8560803222656,0.011893321129655396,0.018573988370215136,0.3006404181070139,33737905.0,38.53324919864105,-2.5247764491944302,0.007108279541975682,1
2023-08-07,321.873779296875,330.1099853515625,331.1099853515625,327.5199890136719,328.3699951171875,17741500,MSFT,0.007108279541975682,-0.01729559601930164,-0.005183305895409163,321.4525512695312,331.31078186035154,328.17316772460936,0.013257091932524149,0.018326287785143065,-0.25272202683065514,32985410.0,28.02207759186237,-2.234947557453026,-0.01229914024249179,0
2023-08-08,317.9150085449219,326.04998779296875,328.75,323.0,326.9599914550781,22327600,MSFT,-0.01229914024249179,-0.030594044839440615,-0.019310217317609735,319.4458984375,330.99778747558594,328.17570129394534,0.013449233976685581,0.01851852864144379,0.2584956176197053,32766880.0,28.169536523597472,-2.192068489284145,-0.011715835341104652,0
2023-08-09,314.1903686523437,322.2300109863281,327.1099853515625,321.04998779296875,326.4700012207031,22373300,MSFT,-0.011715835341104652,-0.01609152649408907,-0.044395099951372474,318.41820068359374,330.2679611206055,327.9678210449219,0.008745245152360932,0.01831720847899911,0.0020467941023665226,32385780.0,30.160998975864246,-2.2862827259553162,0.002172331499826763,1
2023-08-10,314.8728942871094,322.92999267578125,328.260009765625,321.17999267578125,326.0199890136719,20113700,MSFT,0.002172331499826763,-0.011418777088899268,-0.05757901480598804,317.6908020019531,329.3060729980469,327.80635314941406,0.009082518450419613,0.017842089843901503,-0.10099538288942622,32363105.0,32.54599244114999,-2.175019615380892,-0.005945479418730137,0
2023-08-11,313.0008239746094,321.010009765625,322.4100036621094,319.2099914550781,320.260009765625,24355500,MSFT,-0.005945479418730137,-0.020654239009800457,-0.07018296154985293,316.3705749511719,328.1248016357422,327.66243530273437,0.008567290220784297,0.017684853144596786,0.21089108418640024,32163245.0,30.009834046570006,-2.098870916108389,0.009438876815681452,1
2023-08-14,315.9552001953125,324.0400085449219,324.0599975585937,320.0799865722656,321.3900146484375,18836100,MSFT,0.009438876815681452,-0.01838788830358129,-0.06273698702733521,315.1868591308594,327.0673568725586,327.4958966064453,0.009358830360345597,0.017891569842879092,-0.22661821765104395,32086855.0,26.549387677260327,-1.735926796540781,-0.00672756881433989,0
2023-08-15,313.82958984375,321.8599853515625,325.0899963378906,320.8999938964844,323.0,16966300,MSFT,-0.00672756881433989,-0.012850663200427714,-0.10467607005237656,314.369775390625,325.23280029296876,327.23185363769534,0.008352055556772521,0.01477593267229699,-0.09926683336784159,29698240.0,32.859212281513436,-1.5324873411231463,-0.0024284372894699535,0
2023-08-16,313.0674743652344,320.3999938964844,324.4200134277344,319.79998779296875,320.79998779296875,20698900,MSFT,-0.0024284372894699535,-0.003573929690861455,-0.09575773847830094,314.14519653320315,323.57513427734375,326.94203674316407,0.006668606076787572,0.01469915622257373,0.22000082516518038,28746540.0,37.99043457649535,-1.3491790454306187,-0.010986494739289365,0
2023-08-17,309.6279602050781,316.8800048828125,321.8699951171875,316.2099914550781,320.5400085449219,21257200,MSFT,-0.010986494739289365,-0.016657305780181875,-0.08452467037203937,313.09620971679686,322.14575653076173,326.62750244140625,0.0077598831889572365,0.01414825904170965,0.02697244781123631,28120480.0,21.099787803848116,-1.3558881714266606,-0.001262186093303419,0
2023-08-18,309.2371520996094,316.4800109863281,318.3800048828125,311.54998779296875,314.489990234375,24755000,MSFT,-0.001262186093303419,-0.01202447912822524,-0.0774353440701876,312.3434753417969,320.84796752929685,326.5060125732422,0.007647057332459744,0.014120214061901904,0.16454660068118088,25887960.0,22.372619314156196,-1.2836931911292515,0.017062822834866598,1
2023-08-21,314.5136108398437,321.8800048828125,322.7699890136719,317.0400085449219,317.92999267578125,24040000,MSFT,0.017062822834866598,-0.004562638483486481,-0.06533718069976868,312.05515747070314,319.74867095947263,326.453388671875,0.010733396905569207,0.014794887960139162,-0.028883053928499325,25756055.0,32.3177721598709,-0.8012296990263099,0.0018018661394907376,1
2023-08-22,315.080322265625,322.4599914550781,326.0799865722656,321.4599914550781,325.5,16084600,MSFT,0.0018018661394907376,0.0039853871730122226,-0.07931281742235108,312.3053039550781,318.3915374755859,326.38226318359375,0.010235636067308408,0.014071015613010938,-0.33092346089850244,24478400.0,42.90407948148649,-0.3856482916584483,0.014079254964283194,1
2023-08-23,319.51641845703125,327.0,329.20001220703125,323.4599914550781,323.82000732421875,21166400,MSFT,0.014079254964283194,0.020599214609797967,-0.02983589544009857,313.5950927734375,317.90022583007806,326.30118469238283,0.011502711228367341,0.012196804646838273,0.3159419569028761,22617535.0,51.499885400788,0.21404132324798342,-0.021498457389430348,0
2023-08-24,312.6473083496094,319.9700012207031,332.9800109863281,319.9599914550781,332.8500061035156,23281400,MSFT,-0.021498457389430348,0.009751535819088941,-0.030456391614787193,314.19896240234374,317.4091644287109,326.03514099121094,0.015294189478787412,0.012249997189737079,0.09992251870889701,21799840.0,41.158733878238934,0.17572997687764236,0.009407089060654794,1
2023-08-25,315.5884094238281,322.9800109863281,325.3599853515625,318.79998779296875,321.4700012207031,21684100,MSFT,0.009407089060654794,0.020538467907545988,-0.043461752024707256,315.4692138671875,316.692202758789,325.76844116210935,0.015462236884060433,0.011132574347504297,-0.06860841701959508,21459800.0,42.143269676062815,0.365204567201336,0.0022291414701252066,1
2023-08-28,316.2919006347656,323.70001220703125,326.1499938964844,321.7200012207031,325.6600036621094,14808500,MSFT,0.0022291414701252066,0.0056540948742198616,-0.03433748354342159,315.8248718261719,316.12985992431635,325.3059814453125,0.013691902632224034,0.011106470459859375,-0.31708025696247477,20927925.0,47.791367121576556,0.5438869894892076,0.01455049389473606,1
2023-08-29,320.89410400390625,328.4100036621094,328.9800109863281,321.8800048828125,321.8800048828125,19284600,MSFT,0.01455049389473606,0.01845174492801238,-0.021510004132620164,316.9876281738281,315.7771514892578,325.04808715820315,0.014959481800326939,0.011675196008993879,0.3022655907080394,20976560.0,58.90928322750419,0.9540053354642382,0.0011571976112731974,1
2023-08-30,321.26544189453125,328.7900085449219,329.8099975585937,326.45001220703125,328.6700134277344,15222100,MSFT,0.0011571976112731974,0.005473970464322742,0.006064545773568408,317.3374328613281,315.87398071289056,324.88108337402343,0.0138009796202811,0.010049517269040256,-0.21066031963328247,20349600.0,58.566571269426724,1.2155058314623775,-0.0031326391206952797,0
2023-08-31,320.259033203125,327.760009765625,330.9100036621094,326.7799987792969,329.20001220703125,26411000,MSFT,-0.0031326391206952797,0.024346043129864547,0.005491652144519188,318.8597778320312,315.9614379882812,324.7815100097656,0.007055043567425549,0.010058986550245612,0.7350431280835101,20757465.0,59.95766348668317,1.2794522983324765,0.002745789884134542,1
2023-09-01,321.1383972167969,328.6600036621094,331.989990234375,326.7799987792969,331.3099975585937,14942000,MSFT,0.002745789884134542,0.01758615851292311,0.004807348465541539,319.969775390625,316.0382598876953,324.5795928955078,0.00659123385039902,0.010049040028194905,-0.43425088031502024,20317490.0,57.54021986296079,1.3336530254775685,0.014878652726872499,1
2023-09-05,325.91650390625,333.54998779296875,334.8500061035156,328.6600036621094,329.0,18553900,MSFT,0.014878652726872499,0.030429496462504257,0.012559968749881412,321.8946960449219,316.240396118164,324.56469787597655,0.008206417857398538,0.010468085101098536,0.2417280149912997,20358110.0,66.32359680966465,1.6246730044691349,-0.0020086834452722746,0
2023-09-06,325.2618408203125,332.8800048828125,334.4599914550781,330.17999267578125,333.3800048828125,17535800,MSFT,-0.0020086834452722746,0.013611146985589517,0.023109422574972616,322.76824340820315,316.6077377319335,324.6619049072266,0.007191824512198191,0.01004093307670497,-0.054872560485935584,20118520.0,66.51664995374668,1.6984613208409578,-0.008921973545201856,0
2023-09-07,322.35986328125,329.9100036621094,333.0799865722656,329.0299987792969,331.2900085449219,18381000,MSFT,-0.008921973545201856,0.0034065954316930824,0.02600173475701273,322.98712768554685,317.0162124633789,324.58465270996095,0.00894185614345711,0.009869897319689564,0.04819854241038324,19918905.0,67.49953231003607,1.4849354389100728,0.013215643001364574,1
2023-09-08,326.6200561523437,334.2699890136719,336.1600036621094,329.4599914550781,330.0899963378906,19530100,MSFT,0.013215643001364574,0.01986211875305388,0.0373076313597287,324.25933227539065,317.60357055664065,324.56764221191406,0.010098591987360257,0.010222089169250331,0.06251564115118868,19889725.0,71.59515961605096,1.5562084784529149,0.010979113093666504,1
2023-09-11,330.2060546875,337.94000244140625,338.4200134277344,335.42999267578125,337.239990234375,16583300,MSFT,0.010979113093666504,0.028235980341465128,0.054968643514773374,326.07286376953124,318.46383209228514,324.63795288085936,0.010509542999405487,0.010240455740247038,-0.15088504411139725,19501115.0,70.3497943689708,1.755679292608021,-0.01825780910357233,0
2023-09-12,324.1772155761719,331.7699890136719,336.7900085449219,331.4800109863281,335.82000732421875,17565500,MSFT,-0.01825780910357233,-0.005336607104065028,0.026022725297057292,325.7250061035156,318.87493286132815,324.4806268310547,0.013296528971307349,0.011120248834341626,0.059228259755296,19437585.0,60.33294255243478,1.4074473737684903,0.012930873392195563,1
2023-09-13,328.3691101074219,336.0599975585937,336.8500061035156,331.1700134277344,331.3099975585937,16544400,MSFT,0.012930873392195563,0.009553131960616135,0.04632934794616039,326.3464599609375,319.6019088745117,324.4568664550781,0.014625037284439694,0.011237427849707271,-0.05813099541715294,19416490.0,60.111655741144965,1.3832363715745024,0.007855576938250675,1
2023-09-14,330.9486389160156,338.70001220703125,340.8599853515625,336.57000732421875,339.1499938964844,20267000,MSFT,0.007855576938250675,0.026643439872885644,0.05711600857622323,328.0642150878906,320.49596710205077,324.48157653808596,0.013366294553450571,0.011243659142937196,0.22500664877541654,19394895.0,73.17497882286018,1.457334494217029,-0.025036781232926297,0
2023-09-15,322.6627502441406,330.2200012207031,337.3999938964844,329.6499938964844,336.9200134277344,37679800,MSFT,-0.025036781232926297,-0.012115930524356,0.04209823308731253,327.27275390625,321.14770660400393,324.27972595214845,0.017909933106378992,0.012519638262852274,0.859170079439483,20216025.0,57.89020453564568,0.8924394056046308,-0.003513000504208441,0
2023-09-18,321.5292358398437,329.0599975585937,330.3999938964844,326.3599853515625,327.79998779296875,16834200,MSFT,-0.003513000504208441,-0.026276982885331646,0.03974969907973702,325.5373901367187,321.76231079101564,324.1341833496093,0.016325032965795867,0.01256186398387557,-0.553230112686373,19819985.0,55.78584254222802,0.41106225210236036,-0.0012457443001857582,0
2023-09-19,321.1286926269531,328.6499938964844,329.3900146484375,324.510009765625,326.1700134277344,16505900,MSFT,-0.0012457443001857582,-0.009403877887594558,0.021032736133247854,324.927685546875,322.0930648803711,324.0857403564453,0.014606662457665955,0.012065727522747169,-0.01950196623540179,19443280.0,50.2856777590555,0.053106723199805694,-0.023977108634676614,0
2023-09-20,313.428955078125,320.7699890136719,329.5899963378906,320.510009765625,329.510009765625,21436500,MSFT,-0.023977108634676614,-0.04549805255558115,-0.00524109908110304,321.9396545410156,322.01049652099607,323.87082153320307,0.014625919246635779,0.013301663173805454,0.2987174283135121,19710875.0,41.90222347802066,-0.6746644733945557,-0.0038655598007485414,0
2023-09-21,312.2173767089844,319.5299987792969,325.3500061035156,315.0,319.260009765625,35560400,MSFT,-0.0038655598007485414,-0.05659869842155374,-0.022844027181121107,318.1934020996094,321.6455444335937,323.5394311523437,0.011896905737901585,0.012888126992850074,0.6588715508595153,20430575.0,41.7252993706418,-1.180481139137463,-0.00788652706319648,0
2023-09-22,309.75506591796875,317.010009765625,321.45001220703125,316.1499938964844,321.32000732421875,21447900,MSFT,-0.00788652706319648,-0.04000363945452445,-0.009250815069888452,315.611865234375,321.50093231201174,323.05231933593745,0.009193475805954416,0.012087398243970274,-0.396859990326318,20338900.0,38.656320345082825,-1.5977935253980093,0.0016716167224331002,1
2023-09-25,310.2728576660156,317.5400085449219,317.6700134277344,315.0,316.5899963378906,17836000,MSFT,0.0016716167224331002,-0.03500887919080231,-0.016843304757348743,313.3605895996094,321.2351547241211,322.52525146484373,0.010088642840491087,0.01187921604798287,-0.16840343343637376,20146495.0,32.96435752147687,-1.7439320624032508,-0.017005472891223672,0
2023-09-26,304.9965209960937,312.1400146484375,315.8800048828125,310.0199890136719,315.1300048828125,26297600,MSFT,-0.017005472891223672,-0.05023584625494604,-0.03571188391483704,310.1341552734375,320.6703857421875,321.8830999755859,0.010277827613044955,0.012390257623248798,0.4744113029827315,20720950.0,29.949672940539884,-2.0782362261762994,0.00208232315662249,1
2023-09-27,305.6316223144531,312.7900085449219,314.29998779296875,309.69000244140625,312.29998779296875,19410100,MSFT,0.00208232315662249,-0.024877512550582015,-0.04756236247103918,308.57468872070314,319.90726165771486,320.985317993164,0.007880674792797393,0.011828212654790931,-0.26190602944755415,20727225.0,32.671950897996936,-2.1309632997985073,0.0027175408092932063,1
2023-09-28,306.4621887207031,313.6400146484375,315.4800109863281,309.45001220703125,310.989990234375,19683600,MSFT,0.0027175408092932063,-0.018433272513354138,-0.04607795063960818,307.42365112304685,319.16709899902344,320.1901458740234,0.008631855414854764,0.011857788189698031,0.014090602315289358,20950300.0,27.52226392750329,-1.9871082463653678,0.006727541394758729,1
2023-09-29,308.52392578125,315.75,319.4700012207031,314.9800109863281,317.75,24147300,MSFT,0.006727541394758729,-0.00397456013534514,-0.03664254932797473,307.17742309570315,318.58034362792966,319.59631408691405,0.009301391134756549,0.012024656816382387,0.22677254160824245,20837115.0,24.97178301739244,-1.6444809871705623,0.0191603875560451,1
2023-10-02,314.43536376953125,321.79998779296875,321.8900146484375,315.17999267578125,316.2799987792969,20570000,MSFT,0.0191603875560451,0.013415630792933397,-0.02087272498511128,308.0099243164062,318.2451919555664,319.1811627197265,0.012998521976487798,0.012880657809573563,-0.14814492717612326,21118515.0,38.72417805301411,-0.9458012229348429,-0.026134046002986633,0
2023-10-03,306.2178955078125,313.3900146484375,321.3900146484375,311.2099914550781,320.8299865722656,21033500,MSFT,-0.026134046002986633,0.004004552274005979,-0.060440659378525385,308.25419921875,317.26026153564453,318.5755297851562,0.01660528831871171,0.013474840648136324,0.022532814778803978,21242495.0,26.54642789518826,-0.9600987110483823,0.01777320804915372,1
2023-10-04,311.6603698730469,318.9599914550781,320.0400085449219,314.0,314.0299987792969,20720100,MSFT,0.01777320804915372,0.019725535966926167,-0.041816989392185144,309.45994873046874,316.58018798828124,317.96427734375,0.018280259530547537,0.014256753881910828,-0.014900040411724103,21401710.0,30.745036966087767,-0.5465931448113284,0.0012542488426179332,1
2023-10-05,312.05126953125,319.3599853515625,319.9800109863281,314.8999938964844,319.0899963378906,16965600,MSFT,0.0012542488426179332,0.018237423787508478,-0.031978527491203335,310.5777648925781,316.06475830078125,317.61844970703123,0.018318576256671434,0.014179464957444923,-0.18120086293019821,21330940.0,37.424621943377794,-0.2077594571591499,0.024736985609022932,1
2023-10-06,319.7704772949219,327.260009765625,329.19000244140625,316.29998779296875,316.54998779296875,25673600,MSFT,0.024736985609022932,0.036452769376615235,-0.0209710908084193,312.8270751953125,315.72227935791017,317.5644885253906,0.020668665747111833,0.015019141745458786,0.513273918989013,21638115.0,48.19715065277474,0.5346581506832244,0.007822593090308194,1
2023-10-09,322.2719116210937,329.82000732421875,330.29998779296875,323.17999267578125,324.75,19891200,MSFT,0.007822593090308194,0.024922603353566553,-0.02402785458890211,314.394384765625,315.32557220458983,317.41137390136714,0.0196468121389128,0.01490330928466936,-0.2252274710208152,21803510.0,51.123488684137705,1.1569108780041772,-0.004335616180214497,0
2023-10-10,320.8746643066406,328.3900146484375,331.1000061035156,327.6700134277344,330.9599914550781,20557100,MSFT,-0.004335616180214497,0.04786385450962061,-0.010187487308944587,317.32573852539065,315.16044464111326,317.2780920410156,0.011862016318786795,0.014375993686309622,0.03347711550836552,21953090.0,58.35177827998847,1.4197854818213798,0.012271812209155408,1
2023-10-11,324.8123779296875,332.4200134277344,332.82000732421875,329.1400146484375,331.2099914550781,20063200,MSFT,0.012271812209155408,0.04219980892019737,-0.010831506582853812,319.9561401367188,314.98260803222655,317.2153741455078,0.011129539621674503,0.01434451668889939,-0.02402576238866372,22129030.0,63.31346859933302,1.7808572843094919,-0.00379059350293498,0
2023-10-12,323.5811462402344,331.1600036621094,333.6300048828125,328.7200012207031,330.57000732421875,19313100,MSFT,-0.00379059350293498,0.036948661437282704,-0.02226174037129336,322.2621154785156,314.6142333984375,317.30041992187495,0.01211838371632106,0.01422566152355113,-0.03738685753020454,22081335.0,65.0053025781592,1.8506202597729964,-0.010357341484906302,0
2023-10-13,320.2297058105469,327.7300109863281,333.8299865722656,326.3599853515625,332.3800048828125,21072400,MSFT,-0.010357341484906302,0.0014361191799499018,-0.007540518487965553,322.3539611816406,314.4925811767578,317.3348162841796,0.009376993877948953,0.013268240883517949,0.09109361003671079,21250965.0,60.179931806382044,1.594614709074086,0.014981864119412824,1
2023-10-16,325.02734375,332.6400146484375,336.1400146484375,330.6000061035156,331.04998779296875,22158000,MSFT,0.014981864119412824,0.008550022603725838,0.010879595135475428,322.90504760742186,314.6674865722656,317.4433239746093,0.011181584164651094,0.013670538341839178,0.05151762495017187,21517155.0,70.68206023405457,1.6642646856647214,-0.0017435807684449411,0
2023-10-17,324.46063232421875,332.0599975585937,333.4599914550781,327.4100036621094,329.5899963378906,18338500,MSFT,-0.0017435807684449411,0.011175603487819208,0.01037571470181975,323.6222412109375,314.8340835571289,317.4950610351562,0.010884818377570712,0.013674586368445466,-0.17237566567379725,21608785.0,69.46866939842951,1.5882446306446716,-0.005872407313594952,0
2023-10-18,322.5552673339844,330.1099853515625,335.5899963378906,328.29998779296875,332.489990234375,23153600,MSFT,-0.005872407313594952,-0.006948967308726517,0.029117642476856,323.1708190917969,315.2903991699219,317.5878662109375,0.009675036835373433,0.012511409370989109,0.2625678217956757,21694640.0,66.27799440420603,1.3358568448831116,0.003665644826226666,1
2023-10-19,323.7376403808594,331.32000732421875,336.8800048828125,330.9100036621094,332.1499938964844,25052100,MSFT,0.003665644826226666,0.00048363182602995103,0.03689821429321971,323.2021179199219,315.8664123535156,317.7788116455078,0.009780108193489923,0.012454294066887832,0.0819958883283809,21169225.0,65.66723633902023,1.1801633071279987,-0.014034945492817585,0
2023-10-20,319.1940002441406,326.6700134277344,331.9200134277344,325.45001220703125,331.7200012207031,25027700,MSFT,-0.014034945492817585,-0.0032342582452953295,0.03047225167472023,322.99497680664064,316.3383590698242,317.8652337646484,0.010846589661307453,0.01277986872789698,-0.0009739702460073163,21348215.0,55.04254753572255,0.7251269479992976,0.008112168357705674,1
2023-10-23,321.7833557128906,329.32000732421875,332.7300109863281,324.3900146484375,325.4700012207031,24374700,MSFT,0.008112168357705674,-0.00998066193349112,0.03709798573249734,322.34617919921874,316.913883972168,318.04088439941404,0.008576908865440352,0.012863182771299535,-0.026091091071093198,21675150.0,68.72796462737506,0.5598804700954227,0.003674058821169668,1
2023-10-24,322.9656066894531,330.5299987792969,331.8399963378906,327.6000061035156,331.29998779296875,31153600,MSFT,0.003674058821169668,-0.004607725825029219,0.05891570708634264,322.04717407226565,317.8123382568359,318.18109252929685,0.008947590967491915,0.012070079039522431,0.2781121408673748,21917950.0,65.1558915076277,0.4938569667265149,0.03067806224302383,1
2023-10-25,332.8735656738281,340.6700134277344,346.20001220703125,337.6199951171875,345.0199890136719,55053800,MSFT,0.03067806224302383,0.03198924148759863,0.08913326164707769,324.1108337402344,319.1744354248047,318.5619720458984,0.016006627322844653,0.0135648153764113,0.7671729751938781,23700135.0,72.23959525080727,1.0492142629625874,-0.03751411515694425,0
2023-10-26,320.3861083984375,327.8900146484375,341.6300048828125,326.94000244140625,340.5400085449219,37828500,MSFT,-0.03751411515694425,-0.01035261756550454,0.04543438045606352,323.44052734375,319.8706314086914,318.7083447265625,0.025535423454557855,0.016489753567505067,-0.31288121800856616,24607380.0,50.59675204542806,0.5333137416294289,0.0058553617442334005,1
2023-10-27,322.2620849609375,329.8099975585937,336.7200012207031,328.3999938964844,330.42999267578125,29856500,MSFT,0.0058553617442334005,0.009611974894422115,0.04452866708764791,324.05414428710935,320.55753936767576,318.9610272216797,0.024691555551175543,0.016478727533660083,-0.21074057919293654,24892840.0,49.99035776870389,0.28843919380835903,0.022740496013024414,1
2023-10-30,329.5904846191406,337.3099975585937,339.45001220703125,331.8299865722656,333.4100036621094,22828100,MSFT,0.022740496013024414,0.024262065665123567,0.04819788928295443,325.6155700683594,321.31529541015624,319.3680938720703,0.02638176540297292,0.01668949900982432,-0.23540602548858702,25005745.0,57.66057432849272,0.5735786968171857,0.002371569462688905,1
2023-10-31,330.37213134765625,338.1099853515625,339.0,334.69000244140625,338.8500061035156,20265300,MSFT,0.002371569462688905,0.022932858808476286,0.07887924316045569,327.096875,322.52300720214845,319.6852642822265,0.026405621823800973,0.015273547292516475,-0.11226514690228273,24967335.0,55.17364960651388,0.7568674754520819,0.023542639627388118,1
2023-11-01,338.14996337890625,346.07000732421875,347.4200134277344,339.6499938964844,339.7900085449219,28158800,MSFT,0.023542639627388118,0.015851056524711638,0.08499506535479551,328.15215454101565,323.8474868774414,320.14665710449214,0.024803386883910074,0.015600067061612504,0.38950817407094895,25339270.0,62.08467940568786,1.3114650401603503,0.006501512838141377,1
2023-11-02,340.34844970703125,348.32000732421875,348.8299865722656,344.7699890136719,347.239990234375,24348100,MSFT,0.006501512838141377,0.06230713749850936,0.09068118908244815,332.1446228027344,325.2623458862305,320.56329772949215,0.01011289696942357,0.015591987935200051,-0.13532892026648868,25708395.0,67.01371056528532,1.710668935248549,0.012861825711779629,1
2023-11-03,344.7259521484375,352.79998779296875,354.3900146484375,347.3299865722656,349.6300048828125,23637700,MSFT,0.012861825711779629,0.06970682632498604,0.0780418350831662,336.63739624023435,326.51011962890624,321.2048706054687,0.009479131798424613,0.014994036189675574,-0.029176814617978386,25606600.0,66.77763661051628,2.126708918095369,0.010572876368407202,1
2023-11-06,348.3706970214844,356.5299987792969,357.5400085449219,353.3500061035156,353.45001220703125,23828300,MSFT,0.010572876368407202,0.05698044476024622,0.08098374217321158,340.3934387207031,327.81505889892577,321.86051635742183,0.007992311844579561,0.0150447055419877,0.008063390262165848,25803455.0,69.35003865142343,2.4798818552350164,0.01121895654917715,1
2023-11-07,352.279052734375,360.5299987792969,362.4599914550781,357.6300048828125,359.3999938964844,25833900,MSFT,0.01121895654917715,0.06630983460183493,0.09787119994529414,344.7748229980469,329.3852783203125,322.58025939941405,0.006372626207255888,0.014992580163682255,0.08416882446502694,26067295.0,73.29962265667498,2.7863079126862385,0.007405825626241036,1
2023-11-08,354.8879699707031,363.2000122070313,363.8699951171875,360.5499877929688,361.6799926757813,26767800,MSFT,0.007405825626241036,0.04949876801566133,0.0925937374453325,348.12242431640624,330.8890579223633,323.26013671874995,0.002672035555394848,0.014903940965758733,0.036150174770359866,26402525.0,73.88370168900137,2.958092884115546,-0.006910672820608643,0
2023-11-09,352.4354553222656,360.6900024414063,364.7900085449219,360.3599853515625,362.2999877929688,24847300,MSFT,-0.006910672820608643,0.035513620307772165,0.08917178709976237,350.5398254394531,332.33177337646487,323.88353698730464,0.00804041548017486,0.015011707444815198,-0.07174665082673959,26679235.0,76.33136752657417,2.706731328692503,0.024896686656094014,1
2023-11-10,361.2099304199219,369.6700134277344,370.1000061035156,361.0700073242188,361.489990234375,28042100,MSFT,0.024896686656094014,0.04781763069693823,0.12797134015299494,353.83662109375,334.3807846069336,324.7025549316406,0.011345038248126752,0.015257009807895832,0.1285773504565888,27027720.0,78.44362660917749,2.9136375851265175,-0.008088456637885044,0
2023-11-13,358.2882995605469,366.6799926757813,368.4700012207031,365.8999938964844,368.2200012207031,19986500,MSFT,-0.008088456637885044,0.0284685325828391,0.10233279276383,355.8201416015625,336.04383239746096,325.4455529785156,0.013702481587880875,0.01542533678871814,-0.28726807193469817,26919145.0,74.859065511127,2.6438719326846076,0.009790730138374615,1
2023-11-14,361.7962036132813,370.2699890136719,371.9500122070313,367.3500061035156,371.010009765625,27683900,MSFT,0.009790730138374615,0.02701594319910483,0.11506964965708022,357.72357177734375,337.9106109619141,326.1631469726562,0.013573061505009419,0.015375611547319305,0.38512996272483924,27386415.0,72.37006771891812,2.4937711022864413,0.0004058931090789031,1
2023-11-15,361.9430541992188,369.6700134277344,373.1300048828125,367.1099853515625,371.2799987792969,26860100,MSFT,0.0004058931090789031,0.019879750302886023,0.12211174596771035,359.13458862304685,339.88000030517577,326.89677124023433,0.01367747659817931,0.015192631632966356,-0.02975736800089579,27571740.0,89.72541597187298,2.2063640086143295,0.017583167160617474,1
2023-11-16,368.3071594238281,376.1700134277344,376.3500061035156,370.1799926757813,370.9599914550781,27182300,MSFT,0.017583167160617474,0.04503435696346014,0.1376717239012899,362.3089294433594,342.10847625732424,327.81571716308594,0.013160934022557942,0.015402798078153892,0.011995487730872112,27678250.0,90.53737093667131,2.239704280476859,-0.016800913504358306,0
2023-11-17,362.1192626953125,369.8500061035156,374.3699951171875,367.0,373.6099853515625,40157000,MSFT,-0.016800913504358306,0.002517462004251847,0.13448016697788745,362.4907958984375,344.25473937988284,328.5257012939453,0.013704140184246733,0.015608708427086587,0.47732163944920036,28434715.0,79.2247124284327,1.6661908550202398,0.020521789959214498,1
2023-11-20,369.5505981445313,377.4400024414063,378.8699951171875,371.0,371.2200012207031,52465100,MSFT,0.020521789959214498,0.031433620907515,0.14844534865955206,364.7432556152344,346.64310150146486,329.3125921630859,0.015084321897303764,0.015921986312975575,0.3064994895036979,29839235.0,81.44210469598784,1.6077278048212342,-0.01157791520231266,0
2023-11-21,365.27197265625,373.0700073242188,376.2200012207031,371.1199951171875,375.6700134277344,28423100,MSFT,-0.01157791520231266,0.009606980416753785,0.13099340948547655,365.43840942382815,348.7584197998047,330.1344873046875,0.016779925675727638,0.016449481049394806,-0.4582474826122508,29702710.0,73.06162124234764,1.1241863940423933,0.012812685057821627,1
2023-11-22,369.95208740234375,377.8500061035156,379.7900085449219,374.9700012207031,378.0,23345300,MSFT,0.012812685057821627,0.022127882025100742,0.1113892046472913,367.04021606445315,350.61234588623046,330.9661468505859,0.017386745824019077,0.015514659456538002,-0.1786504638832499,28117285.0,74.15244404651756,0.9687257660713815,-0.001111808615155696,0
2023-11-24,369.540771484375,377.4299926757813,377.9700012207031,375.1400146484375,377.3299865722656,10176600,MSFT,-0.001111808615155696,0.0033494110255056775,0.1534232034330525,367.2869384765625,353.07007904052733,331.7379895019531,0.01581066631490609,0.011936725821495641,-0.5640835628584768,26734690.0,71.64632295862785,0.6999181873439806,0.003126405966019874,1
2023-11-27,370.6961059570313,378.6099853515625,380.6400146484375,376.2000122070313,376.7799987792969,22179200,MSFT,0.003126405966019874,0.023685134002206842,0.1502938858040488,369.0023071289063,355.49178009033204,332.69865661621094,0.012423303023108104,0.011968815669206878,1.1794312442269521,26350825.0,70.35898497703224,0.4725429860590662,0.010802858655285963,1
2023-11-28,374.70068359375,382.7000122070313,383.0,378.1600036621094,378.3500061035156,20453100,MSFT,0.010802858655285963,0.013936076615967297,0.1368674190540926,370.03232421875,357.7472900390625,333.76208557128905,0.009828940638194885,0.011433091201566754,-0.07782516952820662,26232075.0,70.41091186697199,0.46381120137570875,-0.010060113085053612,0
2023-11-29,370.93115234375,378.8500061035156,384.2999877929688,377.4400024414063,383.760009765625,28963400,MSFT,-0.010060113085053612,0.015493057532847576,0.12276768270569649,371.16416015625,359.7752410888672,334.758134765625,0.00928167424564821,0.011993352461861931,0.41608851469948327,26666980.0,64.30225161916232,0.09539602201114405,0.00015845758733767923,1
2023-11-30,370.9899291992188,378.9100036621094,380.0899963378906,375.4700012207031,378.489990234375,30554400,MSFT,0.00015845758733767923,0.002805341102850356,0.09711657364136528,371.371728515625,361.4172393798828,335.9093542480469,0.0075372888586884915,0.011300088119223001,0.05493139617586329,26786760.0,67.2784678824255,-0.23505255560029426,-0.01161221256144207,0
2023-12-01,366.6819152832031,374.510009765625,378.1600036621094,371.30999755859375,376.760009765625,33040500,MSFT,-0.01161221256144207,-0.0077362402792211515,0.07737207441032701,370.7999572753906,362.7339126586914,336.99864501953124,0.009368102692003846,0.011860558675121983,0.0813663498546855,27221380.0,55.55802157171745,-0.8025243953855714,-0.014338809096600902,0
2023-12-04,361.4241333007813,369.1400146484375,369.5199890136719,362.8999938964844,369.1000061035156,32063300,MSFT,-0.014338809096600902,-0.025012328177315024,0.0484390021937009,368.9455627441406,363.56882171630866,338.0320263671875,0.01040287201589888,0.01231746614566078,-0.02957582361041755,27642660.0,53.04082827243789,-1.5475928761891034,0.009156181980700007,1
2023-12-05,364.7333984375,372.5199890136719,373.0799865722656,365.6199951171875,366.4500122070313,23065000,MSFT,0.009156181980700007,-0.026600659119844328,0.04696922432315409,366.9521057128906,364.3869567871094,339.12123718261716,0.009784822539387665,0.012272223443553228,-0.28064173057670294,27604495.0,52.859222378021194,-1.8146615598630707,-0.00998587300227316,0
2023-12-06,361.0912170410156,368.7999877929688,374.1799926757813,368.0299987792969,373.5400085449219,21182100,MSFT,-0.00998587300227316,-0.026527659487643906,0.02501472692810136,364.98411865234374,364.8275650024415,340.2431311035156,0.00977592029592887,0.012382878958150477,-0.08163451116410148,27371905.0,49.22361017236722,-2.2076181465220674,0.0058297513817546776,1
2023-12-07,363.1962890625,370.9500122070313,371.4500122070313,366.3200073242188,368.2300109863281,23118900,MSFT,0.0058297513817546776,-0.02100768652545737,0.023411103770248243,363.425390625,365.2429809570313,341.39442443847656,0.010841998204600859,0.012346998109802795,0.09143569334485258,27189460.0,44.94971517832643,-2.2870715035015134,0.008842037653967516,1
2023-12-08,366.4076843261719,374.2300109863281,374.4599914550781,368.2300109863281,369.2000122070313,20154400,MSFT,0.008842037653967516,-0.0007478715082510634,0.03964478826663487,363.37054443359375,365.9415924072266,342.59333435058596,0.011194564094431616,0.012302732829628911,-0.1282284191721924,26954815.0,54.502438608644155,-2.0900463700942886,-0.007829377000539761,0
2023-12-11,363.5389404296875,371.2999877929688,371.6000061035156,366.1000061035156,368.4800109863281,27708800,MSFT,-0.007829377000539761,0.00585131687137852,0.006447801717571977,363.793505859375,366.0580429077149,343.6936346435547,0.00935133066129565,0.011229058375380876,0.3748263406501806,26938150.0,43.019558983822925,-2.113314896690012,0.008295191146334036,1
2023-12-12,366.5545654296875,374.3800048828125,374.4200134277344,370.4599914550781,370.8500061035156,24838300,MSFT,0.008295191146334036,0.004993145678430677,0.023071548468871272,364.1577392578125,366.47135620117194,344.7360186767578,0.00917451042655179,0.011176143478991273,-0.1035952477191362,27180740.0,51.53428522197268,-1.8930960988204548,-2.6724923113841115e-05,0
2023-12-13,366.5447692871094,374.3699951171875,377.6400146484375,370.7699890136719,376.0199890136719,30955500,MSFT,-2.6724923113841115e-05,0.015102976723674555,0.013124973746003521,365.2484497070312,366.7087844848633,345.94255615234374,0.007010883633528469,0.010993085257490329,0.24628094515325127,27344320.0,45.4113173613811,-1.720568956828746,-0.02254444885616358,0
2023-12-14,358.2812194824219,365.9299926757813,373.760009765625,364.1300048828125,373.30999755859375,43277500,MSFT,-0.02254444885616358,-0.013532818831285764,-0.010117157034270408,364.26543579101565,366.5256927490235,346.8749731445312,0.013051443566788003,0.012162128753093755,0.3980552728917317,28165190.0,37.48372507366546,-2.109791930425584,0.01311711366089674,1
2023-12-15,362.9808349609375,370.7300109863281,372.3999938964844,366.2799987792969,366.8500061035156,78502300,MSFT,0.01311711366089674,-0.009352558671187228,-0.01446163705105008,363.58006591796874,366.25937652587896,347.893564453125,0.014091337644814184,0.011850853060253911,0.8139287158454163,30731190.0,42.050034213147846,-1.9986177154959686,0.005179013962823387,1
2023-12-18,364.8607177734375,372.6499938964844,373.0,368.6799926757813,369.4500122070313,21802900,MSFT,0.005179013962823387,0.0036358617929284076,0.0075705861591561785,363.84442138671875,366.3964492797852,348.7953692626953,0.013898845526468532,0.011280811187963882,-0.7222641884377909,29813485.0,39.396412809702646,-1.7550256704388065,0.0016370357508133093,1
2023-12-19,365.4580078125,373.260009765625,373.260009765625,369.8399963378906,371.489990234375,20603700,MSFT,0.0016370357508133093,-0.0029915262845030544,-0.011074506042148768,363.62510986328124,366.1918197631836,349.6590911865234,0.013308097263884362,0.010254944240918041,-0.055001857551059685,28220415.0,43.66929716434328,-1.5190582082580661,-0.007072875164671921,0
2023-12-20,362.8731689453125,370.6199951171875,376.0299987792969,370.5299987792969,375.0,26316700,MSFT,-0.007072875164671921,-0.010016785531922201,-0.006567171561216334,362.8907897949219,366.07187957763676,350.4990612792969,0.013611409610212802,0.010046314518809692,0.2772802943160695,28115095.0,41.12981545267049,-1.4998532830298759,0.007878726001688152,1
2023-12-21,365.7321472167969,373.5400085449219,374.4100036621094,370.0400085449219,372.55999755859375,17708000,MSFT,0.007878726001688152,0.020796311191356054,-0.011406720841008355,364.3809753417969,365.86088256835944,351.31745666503906,0.007543859868806875,0.009764481544626133,-0.3271192816728541,27833230.0,48.928124186329086,-1.266687509428662,0.00278397314622425,1
2023-12-22,366.7503356933594,374.5799865722656,375.1799926757813,372.7099914550781,373.6799926757813,17107500,MSFT,0.00278397314622425,0.01038484781938287,-0.007551090451554221,365.13487548828124,365.7213607788086,352.18084045410154,0.005650133254647485,0.009791043618582365,-0.03391122656426471,28179775.0,56.64704748745263,-1.0262260235508607,0.00021376847019083378,1
2023-12-26,366.8287353515625,374.6600036621094,376.9400024414063,373.5,375.0,12673100,MSFT,0.00021376847019083378,0.00539388726233625,-0.010432725198135984,365.5284790039062,365.5279922485352,353.1128210449219,0.005400367787024544,0.009758484532667191,-0.2592079497296508,27704470.0,52.84433147025342,-0.8514332651708165,-0.0015749264324418366,0
2023-12-27,366.2510070800781,374.0700073242188,375.05999755859375,372.80999755859375,373.6900024414063,14905400,MSFT,-0.0015749264324418366,0.0021698779357024467,-0.022550469971474585,365.68707885742185,365.1055084228516,353.93729431152343,0.0055086997731641375,0.009390917164635672,0.17614474753611975,27427085.0,57.639808918924295,-0.7668952811969842,0.003234729400025005,1
2023-12-28,367.4357299804688,375.2799987792969,376.4599914550781,374.1600036621094,375.3699951171875,14327000,MSFT,0.003234729400025005,0.012573431781736089,-0.009423372346040959,366.59959106445314,364.93073730468757,354.79679626464844,0.0035840890881401353,0.009191542962076471,-0.03880472848766214,26695265.0,56.452970490195064,-0.6291354362530486,0.0020252266295375243,1
2023-12-29,368.1798706054688,376.0400085449219,377.1600036621094,373.4800109863281,376.0,18730800,MSFT,0.0020252266295375243,0.006692666770747424,-0.007574487533436591,367.0891357421875,364.790234375,355.70928833007815,0.001994349999324883,0.00920732962129425,0.3073776785091087,26104085.0,52.916554918381145,-0.4919217632558892,-0.013748332092504811,0
2024-01-02,363.1180114746094,370.8699951171875,375.8999938964844,366.7699890136719,373.8599853515625,25258600,MSFT,-0.013748332092504811,-0.009904078783957826,-0.009719333460558643,366.36267089843756,364.61203918457034,356.4968957519531,0.0068320033416621965,0.009356161780617107,0.3485062036859077,25714990.0,49.35390034710349,-0.7316475390680703,-0.0007281497709278328,0
2024-01-03,362.8536071777344,370.6000061035156,373.260009765625,368.510009765625,369.010009765625,23083500,MSFT,-0.0007281497709278328,-0.010836468877004513,0.003955114629170087,365.5676452636719,364.68351287841796,357.370087890625,0.006769437928503709,0.008769073024280448,-0.0861132445978795,25266000.0,43.79520963353402,-0.8872349050528836,-0.00717763610675104,0
2024-01-04,360.2491760253906,367.9400024414063,373.1000061035156,367.1700134277344,370.6700134277344,20901500,MSFT,-0.00717763610675104,-0.016387206966437806,-0.012294520960568933,364.36727905273443,364.4593017578125,358.139404296875,0.007104164369244044,0.008654256225410302,-0.09452639331123958,25157825.0,40.28998168080931,-1.1292426583377662,-0.000516491601399327,0
2024-01-05,360.0631103515625,367.75,372.05999755859375,366.5,368.9700012207031,21004600,MSFT,-0.000516491601399327,-0.02006505907658518,-0.0028472215355388464,362.89275512695315,364.4078964233398,358.8813543701172,0.00640832102025576,0.008366996636121872,0.004932660335382533,25148950.0,53.6603346828136,-1.2558223822783416,0.018871644205710858,1
2024-01-08,366.8580932617188,374.6900024414063,375.2000122070313,369.010009765625,369.2999877929688,23134000,MSFT,0.018871644205710858,-0.003590031528818649,0.010082163032752334,362.62839965820314,364.59098663330076,359.561044921875,0.012199327661800114,0.009309363375645342,0.10137779343572362,25149705.0,57.33331640215556,-0.8550420504829299,0.002935811931015886,1
2024-01-09,367.9351196289063,375.7900085449219,375.989990234375,371.1900024414063,372.010009765625,20830000,MSFT,0.002935811931015886,0.013265957628306069,0.004168677044924518,363.5918212890625,364.6673583984375,360.51202514648435,0.009762693927983625,0.009124079576164868,-0.09959367165211375,25183485.0,55.99694741554205,-0.5076900342580595,0.018574050275627085,1
2024-01-10,374.7691650390625,382.7699890136719,384.1700134277344,376.3200073242188,376.3699951171875,25514200,MSFT,0.018574050275627085,0.032838471564350824,0.030891393907077402,365.9749328613281,365.22886962890624,361.5621667480469,0.01170305055004468,0.009780454591509754,0.22487758041286598,25073755.0,64.60811444877473,0.1565220163424912,0.004859355156445533,1
2024-01-11,376.5903015136719,384.6300048828125,390.6799926757813,380.3800048828125,386.0,27850800,MSFT,0.004859355156445533,0.045360618637832806,0.027378559784735357,369.2431579589844,365.7306564331055,362.5021630859375,0.009132079892847101,0.009685787428148124,0.09158037485008341,25224380.0,72.04893626414587,0.6642478221062551,0.00998370273978888,1
2024-01-12,380.3500671386719,388.4700012207031,388.6799926757813,384.6499938964844,385.489990234375,21661200,MSFT,0.00998370273978888,0.0563427804845138,0.03766333339966166,373.30054931640626,366.4209213256836,363.5017218017578,0.007468106230514803,0.009865378799937818,-0.22224137188159765,24759665.0,72.83557811674646,1.169480083770094,0.0046335199370375335,1
2024-01-16,382.1124267578125,390.2699890136719,394.0299987792969,387.6199951171875,393.6600036621094,27202300,MSFT,0.0046335199370375335,0.04158101940853509,0.06651536831826554,376.351416015625,367.61248168945315,364.38097106933594,0.006371692119181769,0.00802097240040034,0.2558076191531402,23955905.0,73.4528092494597,1.51652906362518,-0.0020498264523930443,0
2024-01-17,381.32916259765625,389.4700012207031,390.1099853515625,384.80999755859375,387.9800109863281,22234100,MSFT,-0.0020498264523930443,0.03640327398553023,0.050549025925000546,379.030224609375,368.52989807128904,365.2005853271484,0.007660658393442739,0.0077519984033257855,-0.18263896802843882,21142495.0,71.67093563346717,1.5803267069149185,0.011297442881753161,1
2024-01-18,385.63720703125,393.8699951171875,393.989990234375,390.1199951171875,391.7200012207031,23392100,MSFT,0.011297442881753161,0.02899929611619645,0.05694361778544166,381.2038330078125,369.5687225341797,366.0188104248047,0.005281460425009912,0.007980758187131032,0.05208216208436589,21221955.0,76.0663559616222,1.78455705804961,0.012186702710231367,1
2024-01-19,390.33685302734375,398.6700134277344,398.6700134277344,393.5,395.760009765625,29331100,MSFT,0.012186702710231367,0.036502670032708684,0.0680757971723196,383.95314331054686,370.8126647949219,366.8581335449219,0.005948756614498725,0.008243933539256936,0.25388913351088616,21658325.0,78.1332477566101,2.0870255476987687,-0.005418059165205991,0
2024-01-22,388.2219848632813,396.510009765625,400.6199951171875,393.5899963378906,400.0199890136719,27016900,MSFT,-0.005418059165205991,0.020696506730836006,0.0698558562255922,385.52752685546875,372.0801055908203,367.5769921875,0.007840470603629577,0.008141694013651822,-0.07889918891551972,21693335.0,73.81888450122297,1.9955687742082748,0.006027548533328764,1
2024-01-23,390.56201171875,398.8999938964844,399.3800048828125,393.9299926757813,395.75,20525900,MSFT,0.006027548533328764,0.022112824313596402,0.0678908449555422,387.2174438476562,373.321598815918,368.29047302246096,0.007887498571050812,0.00809866534731289,-0.2402570243070078,21834230.0,84.87160536146799,1.9417542803747958,0.009175307643357389,1
2024-01-24,394.1455383300781,402.55999755859375,405.6300048828125,400.4500122070313,401.5400085449219,24867000,MSFT,0.009175307643357389,0.03360974451866028,0.07469714399831906,389.7807189941406,374.6913589477539,369.1246746826172,0.007152908621901055,0.008201813310710135,0.21149377128408497,22222205.0,86.66806371693578,1.9892858814645713,0.005738283273692524,1
2024-01-25,396.4072570800781,404.8699951171875,407.010009765625,402.5299987792969,404.3200073242188,21021200,MSFT,0.005738283273692524,0.027927932918452525,0.08063305536892607,391.9347290039062,376.1702850341797,369.8286212158203,0.006666149187045305,0.008173319334722397,-0.15465476334097394,22639610.0,92.71331277028666,2.0089588917398853,-0.0023217262162983365,0
2024-01-26,395.4869079589844,403.9299926757813,406.1700134277344,402.4299926757813,404.3699951171875,17803300,MSFT,-0.0023217262162983365,0.013193873168004133,0.07982476584020426,392.96473999023436,377.632080078125,370.57259338378907,0.006191448426898704,0.008201385118491744,-0.15307879664338853,22784505.0,91.13234090353409,1.8024884239692174,0.014334168125398561,1
2024-01-29,401.1558837890625,409.7200012207031,409.9800109863281,404.3299865722656,406.05999755859375,24510200,MSFT,0.014334168125398561,0.033315730252463815,0.09177156998418767,395.5515197753906,379.3180877685547,371.3597869873047,0.006064581399167268,0.008524650859125512,0.3767222930580285,23293665.0,90.89423179086522,1.881506217178396,-0.0027580669750406628,0
2024-01-30,400.0494689941406,408.5899963378906,413.0499877929688,406.4500122070313,412.260009765625,33477600,MSFT,-0.0027580669750406628,0.024291807678988198,0.08655986090782886,397.4490112304687,380.9115676879883,372.1219152832031,0.0073952987179822455,0.00866178732220095,0.3658640076376365,24031005.0,88.26403680946804,1.698642343854213,-0.02694628296473034,0
2024-01-31,389.2696228027344,397.5799865722656,415.3200073242188,397.2099914550781,406.9599914550781,47871100,MSFT,-0.02694628296473034,-0.012370850493454988,0.07201959280930259,396.473828125,382.21914825439455,372.5411645507813,0.015402255950734738,0.010424189187980179,0.4299442014959256,25161630.0,65.79228477967959,0.740014799520039,0.01559442148761958,1
2024-02-01,395.3400573730469,403.7799987792969,408.0,401.7999877929688,401.8299865722656,30657700,MSFT,0.01559442148761958,-0.00269218004456373,0.08953045953708783,396.26038818359376,383.84347076416014,373.20558044433596,0.017225518708435448,0.01070794699817673,-0.3595781170685445,25540340.0,68.69023094173954,0.419065364634422,0.018425870911450648,1
2024-02-02,402.6245422363281,411.2200012207031,412.6499938964844,403.55999755859375,403.80999755859375,28256700,MSFT,0.018425870911450648,0.018047713170024737,0.11762793374980784,397.6879150390625,385.96223907470704,373.8670593261719,0.019054598200408206,0.01078729297402103,-0.07831637728857677,25908100.0,70.74593147922029,0.5911476333138932,-0.013545007007776166,0
2024-02-05,397.1709899902344,405.6499938964844,411.1600036621094,403.989990234375,409.8999938964844,25352300,MSFT,-0.013545007007776166,-0.009933529482826886,0.10305937645886587,396.89093627929685,387.8176330566406,374.5050396728516,0.019253830059145466,0.011544873995644854,-0.1027862418470663,26125485.0,63.122896021369456,0.248972670323802,-0.00039455994425907637,0
2024-02-06,397.0142822265625,405.489990234375,407.9700012207031,402.9100036621094,405.8800048828125,18382600,MSFT,-0.00039455994425907637,-0.007587028612260349,0.08220123671451907,396.2838989257813,389.3254425048828,375.0462835693359,0.0192548473272242,0.011120736406677096,-0.27491391313608626,25887915.0,63.81983051704243,-0.06012660428535277,0.02111025565892377,1
2024-02-07,405.3953552246094,414.0499877929688,414.2999877929688,407.3999938964844,407.4400024414063,22340500,MSFT,0.02111025565892377,0.04142561216508489,0.10181206847958646,399.50904541015626,391.19845428466795,375.7633752441406,0.014770114267162281,0.01175238617016085,0.21530686627571716,25963440.0,66.24270008625179,0.21270707963122248,0.00014498650443628414,1
2024-02-08,405.4541320800781,414.1099853515625,415.55999755859375,412.5299987792969,414.0499877929688,21225300,MSFT,0.00014498650443628414,0.02558322770082344,0.08187697896068191,401.5318603515625,392.7327026367187,376.4585357666016,0.01445920197442753,0.011341207015810078,-0.04991830979611023,25748995.0,63.454143582785036,0.3043883756108636,0.015551424699875804,1
2024-02-09,411.759521484375,420.5499877929688,420.8200073242188,415.0899963378906,415.25,22032800,MSFT,0.015551424699875804,0.022688580277068437,0.0933885440738742,403.3588562011719,394.4911636352539,377.19971252441405,0.01384334466438701,0.011631929787759617,0.038044220811955576,25458095.0,69.49398608666462,0.6756712362660835,-0.012578806534220055,0
2024-02-12,406.580078125,415.260009765625,420.739990234375,414.75,420.55999755859375,21202900,MSFT,-0.012578806534220055,0.023690270366919286,0.06896281413502403,405.240673828125,395.8026641845703,377.9126910400391,0.01353040589927403,0.012158239290064168,-0.037666569841327435,25435180.0,62.67037707938249,0.46826449207026144,-0.021528631784751617,0
2024-02-13,397.8269653320313,406.3200073242188,410.0700073242188,403.3900146484375,404.9400024414063,27824900,MSFT,-0.021528631784751617,0.00204698707792339,0.04112543187238149,405.4032104492188,396.58839111328126,378.4494317626953,0.018081495504170954,0.013367021852394035,0.3123157681260582,25466310.0,52.69187770704053,-0.3201115851175018,0.009665315893824244,1
2024-02-14,401.6720886230469,409.489990234375,409.8399963378906,404.5700073242188,408.0700073242188,20401200,MSFT,0.009665315893824244,-0.009184285299715933,0.05334741745638438,404.65855712890624,397.6055374145508,379.1492352294922,0.015343541230815098,0.013432023141707777,-0.2668005994630709,25374665.0,53.76254596370014,-0.6265804141246925,-0.007155072511445981,0
2024-02-15,398.798095703125,406.55999755859375,409.1300048828125,404.2900085449219,408.1400146484375,21825500,MSFT,-0.007155072511445981,-0.016416249953616346,0.03412764233304011,403.3273498535156,398.26358184814455,379.89671447753904,0.01546508338175239,0.013443263928422626,0.06981452071446781,25296335.0,52.302079235776155,-1.0423037096282686,-0.006149153003072616,0
2024-02-16,396.3458251953125,404.05999755859375,408.2900085449219,403.4400024414063,407.9599914550781,22296500,MSFT,-0.006149153003072616,-0.03743373373248737,0.015394324469659493,400.24461059570314,398.564030456543,380.5289630126953,0.011392722242938106,0.01331981528913582,0.021580261620581354,24944605.0,46.499261276964724,-1.4754237259096712,-0.0031432628088940984,0
2024-02-20,395.1000061035156,402.7900085449219,404.489990234375,398.010009765625,403.239990234375,24307900,MSFT,-0.0031432628088940984,-0.028235697318044428,0.017716722670037655,397.94859619140624,398.9079315185547,381.2091387939453,0.011129771304740643,0.013273117419864042,0.09021146816764958,24809155.0,46.405098082677604,-1.816387102795142,-0.0015144473425799942,0
2024-02-21,394.5016479492188,402.1799926757813,402.2900085449219,397.2200012207031,400.1700134277344,18518900,MSFT,-0.0015144473425799942,-0.008358702834628473,0.010087095294116333,397.2835327148438,399.10491333007815,381.8352459716797,0.0067236959430266845,0.013228699837422088,-0.23815302843931396,24708805.0,54.45973020457074,-2.0362552617775203,0.02354678530180543,1
2024-02-22,403.7908935546875,411.6499938964844,412.8299865722656,408.5700073242188,410.1900024414063,27009900,MSFT,0.02354678530180543,0.0052749618199861015,0.02447155755073349,397.70729370117186,399.5871810913086,382.58291015625,0.012741602980952416,0.014082627424551665,0.458504554806171,24815950.0,56.82869919416928,-1.5330526216369504,-0.0031824248644514164,0
2024-02-23,402.505859375,410.3399963378906,415.8599853515625,408.9700012207031,415.6700134277344,16295900,MSFT,-0.0031824248644514164,0.009297345478387564,0.015384688816859615,398.4488464355469,399.89211120605466,383.36224853515625,0.01220958137795318,0.014076053891002846,-0.3966693693793757,24579685.0,49.89380160753072,-1.2743536221280891,-0.006823327858193062,0
2024-02-26,399.7594299316406,407.5400085449219,412.1600036621094,407.3599853515625,411.4599914550781,16193500,MSFT,-0.006823327858193062,0.008612692551122292,0.01080319445896638,399.1315673828125,400.1057373046875,384.02634582519534,0.012324038476651696,0.014165279254868997,-0.006283789173963994,24499195.0,52.434081386672794,-1.2728245187403342,-0.00014748860570368283,0
2024-02-27,399.7004699707031,407.4800109863281,408.3200073242188,403.8500061035156,407.989990234375,14835800,MSFT,-0.00014748860570368283,0.011643795991190586,-0.0036280505339033597,400.05166015625,400.03296661376953,384.6894598388672,0.01209575799006315,0.01379328670666442,-0.0838422823972581,24015475.0,52.53065240179244,-1.258155633665102,0.0005889725315397776,1
2024-02-28,399.9358825683594,407.7200012207031,409.2999877929688,405.3200073242188,408.1799926757813,13183100,MSFT,0.0005889725315397776,0.013774935155252077,-0.0002839309500068943,401.1385070800781,400.0272872924805,385.5225531005859,0.011962474839020644,0.013779526935614773,-0.1113994526752855,23000750.0,43.924112540586044,-1.2143661950136257,0.014519844527691061,1
2024-02-29,405.7428894042969,413.6400146484375,414.2000122070313,405.9200134277344,408.6400146484375,31947300,MSFT,0.014519844527691061,0.0048341750167404385,0.042318397420675335,401.52890625,400.85095062255857,386.37779418945314,0.00810815348204214,0.012565790156328978,1.4233526257101894,22204560.0,50.28490766245639,-0.7962861580455991,0.00449659855605522,1
2024-03-01,407.5673522949219,415.5,415.8699951171875,410.8800048828125,411.2699890136719,17823400,MSFT,0.00449659855605522,0.012574954629930746,0.030928550481635675,402.54120483398435,401.46231536865236,387.2319268798828,0.007842912551015288,0.012179928829634446,-0.4420999583689389,21562845.0,45.46249703542361,-0.41786622506367266,-0.001395864237414668,0
2024-03-04,406.9984436035156,414.9200134277344,417.3500061035156,412.3200073242188,413.4400024414063,17596000,MSFT,-0.001395864237414668,0.01810842504231336,0.010863474300133902,403.9890075683594,401.6810104370117,388.06273559570315,0.006482953413886764,0.011527223188864013,-0.01275850847761928,21029810.0,50.503034942012825,-0.235928856472853,-0.029572021197425857,0
2024-03-05,394.9626770019531,402.6499938964844,414.25,400.6400146484375,413.9599914550781,26919200,MSFT,-0.029572021197425857,-0.011853358513932322,-0.0055601064627996966,403.04144897460935,401.57059478759766,388.70452575683595,0.016447065869903556,0.013022638170158167,0.529847692657422,21108155.0,46.808008461462514,-0.917930763809216,-0.0013907285945125025,0
2024-03-06,394.4133911132813,402.0899963378906,405.1600036621094,398.3900146484375,402.9700012207031,22344100,MSFT,-0.0013907285945125025,-0.013808442042291924,-0.0065511273264394765,401.93695068359375,401.44055023193357,389.2781506347656,0.016384669505883926,0.013025334128515682,-0.169956759487652,21306230.0,41.269508008019436,-1.3705488906018952,0.01753339371647078,1
2024-03-07,401.3287963867188,409.1400146484375,409.7799987792969,402.239990234375,406.1199951171875,18718500,MSFT,0.01753339371647078,-0.01087903973883253,-0.010031093808752445,401.05413208007815,401.2372222900391,389.9697198486328,0.017209664501420894,0.012738031516505058,-0.16226207365702805,21125130.0,52.774138814660056,-1.1761638082882881,-0.007136935695339464,0
2024-03-08,398.4645385742188,406.2200012207031,410.4200134277344,404.3299865722656,407.9599914550781,18002200,MSFT,-0.007136935695339464,-0.02233450169511153,-0.017238925325538057,399.23356933593755,400.8877426147461,390.6024359130859,0.016883982703469178,0.012824607671751285,-0.038266955151320836,20963975.0,52.301730757244485,-1.2078741720987818,-0.004184918210973221,0
2024-03-11,396.7969970703125,404.5199890136719,405.6799926757813,401.260009765625,403.760009765625,16120800,MSFT,-0.004184918210973221,-0.025065075047660423,-0.036338016811665375,397.19328002929694,400.13961639404295,391.21335571289063,0.01680612515856113,0.012247269473035822,-0.10450944884514113,20668375.0,51.8268399975032,-1.3005098430402868,0.026599408532865576,1
2024-03-12,407.3515625,415.2799987792969,415.5700073242188,406.7900085449219,407.6199951171875,22457000,MSFT,0.026599408532865576,0.03136723092948257,0.001897496745432825,399.6710571289063,400.17819061279295,392.01167236328126,0.01489870720298955,0.013498068442593091,0.3930450101731924,20731080.0,61.3913071707995,-0.6435257647983224,-0.000433470061947272,0
2024-03-13,407.1749877929688,415.1000061035156,418.1799926757813,411.4500122070313,418.1000061035156,17115900,MSFT,-0.000433470061947272,0.032355890969285594,0.02349770949572383,402.2233764648438,400.64559173583984,392.79157470703126,0.014781115463601622,0.012499611792569804,-0.2378367546867346,20195630.0,53.5780524604637,-0.23450430954759138,0.02437958644342686,1
2024-03-14,417.1017456054688,425.2200012207031,427.8200073242188,417.989990234375,420.239990234375,34157300,MSFT,0.02437958644342686,0.03930181277984168,0.03841356524252304,405.3779663085937,401.4170745849609,393.8712493896484,0.016300542811729296,0.013420939201136666,0.9956473220806386,20883435.0,63.04804016678695,0.6429629578126628,-0.020695089624432783,0
2024-03-15,408.46978759765625,416.4200134277344,422.6000061035156,412.7900085449219,419.2900085449219,45079900,MSFT,-0.020695089624432783,0.02510950926583866,0.024252101498827283,407.37901611328124,401.9006591796875,394.78357299804685,0.020100604389889525,0.014223093417023748,0.3197735183987025,22046155.0,57.0452924173646,0.582205371051594,0.0021611928451643614,1
2024-03-18,409.3525695800781,417.3200073242188,420.7300109863281,413.7799987792969,414.25,20106000,MSFT,0.0021611928451643614,0.031642307281727566,0.032816655450719434,409.8901306152344,402.5509963989258,395.7656408691406,0.0195581778781346,0.014115159635756333,-0.5539919121382257,21936630.0,57.70433740457271,0.5424531494589648,0.00980067714528432,1
2024-03-19,413.364501953125,421.4100036621094,421.6700134277344,415.5499877929688,417.8299865722656,19837900,MSFT,0.00980067714528432,0.014761056558178831,0.04622752611353831,411.09271850585935,403.46422119140624,396.83166870117185,0.016410944880936373,0.01417751556661296,-0.013334328061275214,21713130.0,60.10929263048973,0.7164092681648757,0.009064882960131415,1
2024-03-20,417.1116027832031,425.2300109863281,425.9599914550781,420.6600036621094,422.0,17860100,MSFT,0.009064882960131415,0.024403795144918528,0.05731270059712079,413.0800415039063,404.59471893310547,397.83673889160156,0.016457657235933815,0.014222736014862026,-0.0996980527172735,21680190.0,58.832497178570414,0.9966607951456536,0.009735795069810482,1
2024-03-21,421.1725158691406,429.3699951171875,430.8200073242188,427.1600036621094,429.8299865722656,21296200,MSFT,0.009735795069810482,0.009759657701174707,0.04304609784890823,413.8941955566406,405.46380004882815,398.90148681640625,0.01309291627746422,0.013482864714784165,0.19238974025901312,21394505.0,60.21504538655561,1.3466001501012177,-0.0014671420821461556,0
2024-03-22,420.5545959472656,428.739990234375,429.8599853515625,426.0700073242188,429.7000122070313,17648500,MSFT,-0.0014671420821461556,0.02958556230237752,0.04484092877626966,416.3111572265625,406.3662368774414,399.8171954345703,0.005200725425702915,0.01345227343791729,-0.17128407884974783,21462135.0,60.170761305094445,1.4202127202368109,-0.01371472765635895,0
2024-03-25,414.7868041992188,422.8599853515625,427.4100036621094,421.6099853515625,425.239990234375,18060500,MSFT,-0.01371472765635895,0.013275193617851677,0.03759104386892864,417.39800415039065,407.1176055908203,400.58112548828126,0.01033490232087791,0.01378198425753691,0.023344760177918866,21555485.0,66.4175547334385,0.9848803814454685,-0.0028615186259531855,0
2024-03-26,413.5998840332031,421.6499938964844,425.989990234375,421.3500061035156,425.6099853515625,16725600,MSFT,-0.0028615186259531855,0.0005694298348453142,0.03477457523009364,417.44508056640626,407.8125762939453,401.2461218261719,0.009686042285406276,0.01381690733049507,-0.07391268237313475,21649975.0,65.7234319784119,0.5434678551960621,-0.000521588056703437,0
2024-03-27,413.3841552734375,421.4299926757813,424.4500122070313,419.010009765625,424.4400024414063,16705000,MSFT,-0.000521588056703437,-0.008936331391632413,0.033626071806096336,416.6995910644531,408.48498992919923,401.8715563964844,0.008335187767819163,0.013824265954139763,-0.001231644903620821,21826070.0,61.09809408221511,0.18212445275875577,-0.001684879975832998,0
2024-03-28,412.6876525878906,420.7200012207031,421.8699951171875,419.1199951171875,420.9599914550781,21871200,MSFT,-0.001684879975832998,-0.02014581427218831,0.017116167319136233,415.00261840820315,408.8322280883789,402.49872619628906,0.005466582278674085,0.013507429106558394,0.309260700389105,21322265.0,63.63804488475647,-0.14118792305805616,0.00915118440511753,1
2024-04-01,416.4642333984375,424.5700073242188,427.8900146484375,422.2200012207031,423.9500122070313,16316000,MSFT,0.00915118440511753,-0.009726115439577798,0.021829229091631763,414.1845458984375,409.2770721435547,403.1152667236328,0.008133016360869577,0.01361170884338651,-0.2539961227550386,21246895.0,68.12513921732302,-0.13793108456579972,-0.007372185216938942,0
2024-04-02,413.39398193359375,421.4400024414063,422.3800048828125,417.8399963378906,420.1099853515625,17912000,MSFT,-0.007372185216938942,-0.003357923278957786,0.015713913481960162,413.9059814453125,409.5968490600586,403.5764093017578,0.006066897202316041,0.013735994979226571,0.09781809266977204,21262695.0,56.45975661479235,-0.366792185621609,-0.0023490904462939444,0
2024-04-03,412.4228820800781,420.4500122070313,423.260009765625,419.0899963378906,419.7300109863281,16502300,MSFT,-0.0023490904462939444,-0.0028457502010095226,0.0442072279098884,413.6705810546875,410.46985931396483,404.06042724609375,0.006024544280465223,0.011768579539302012,-0.07870142920946854,20741850.0,55.51663848939898,-0.5943440918024097,-0.0061124264694075725,0
2024-04-04,409.9019775390625,417.8800048828125,428.6700134277344,417.5700073242188,424.989990234375,19370900,MSFT,-0.0061124264694075725,-0.00842358781765995,0.039269930420117616,412.9741455078125,411.2442886352539,404.4472265625,0.006515547287562256,0.011891766376385242,0.17383031456221243,20593190.0,41.035785122082764,-0.9066970571864861,0.01828261389426844,1
2024-04-05,417.3960571289063,425.5199890136719,426.510009765625,418.3200073242188,420.010009765625,16554800,MSFT,0.01828261389426844,0.011409123853088676,0.040035155430773406,413.91582641601565,412.04765167236326,404.9122369384766,0.011048923010292108,0.011944356192493585,-0.14537786060534097,20485005.0,61.437920764822245,-0.6146281886236995,-0.002185529618050075,0
2024-04-08,416.48382568359375,424.5899963378906,427.2799987792969,423.2999877929688,425.1700134277344,14272400,MSFT,-0.002185529618050075,4.704434038993455e-05,0.0452218086303271,413.91974487304685,412.94861602783203,405.31376831054695,0.01044324823305943,0.01179468418948323,-0.13786937927368492,20298515.0,59.13093970016933,-0.49410042647071073,0.0039802622371447605,1
2024-04-09,418.14154052734375,426.2799987792969,427.739990234375,421.6199951171875,426.4400024414063,12496900,MSFT,0.0039802622371447605,0.011484343752523829,0.05379209927147954,414.8692565917969,414.0158432006836,405.7668609619141,0.0096276617334521,0.011700078817130253,-0.1244009416776436,20117320.0,56.50898252395532,-0.3222754478436416,-0.0070845420066558695,0
2024-04-10,415.17919921875,423.260009765625,424.0299987792969,419.7000122070313,422.1900024414063,16216600,MSFT,-0.0070845420066558695,0.0066832303890855815,0.019215924128804573,415.42052001953124,414.40722503662107,406.0473272705079,0.010403816251686987,0.010432628092091592,0.29764981715465444,19805300.0,47.30945305256683,-0.42141237644358753,0.011033333450940708,1
2024-04-11,419.760009765625,427.9299926757813,429.3699951171875,422.3599853515625,425.8200073242188,17966400,MSFT,0.011033333450940708,0.024049730830154603,0.030908141094008412,417.3921264648437,415.0364761352539,406.44153808593757,0.010140847097832138,0.010662054096474301,0.10790177965788139,19847825.0,48.061388863991056,-0.20283924418895705,-0.014091042070286441,0
2024-04-12,413.84515380859375,421.8999938964844,425.1799926757813,419.7699890136719,424.0499877929688,19253800,MSFT,-0.014091042070286441,-0.008507275666995384,-0.007807667628309201,416.68194580078125,414.87364654541017,406.93304870605476,0.009710374155033723,0.009764171335403091,0.07165598005165208,19102650.0,41.96046768280243,-0.4659361704459961,-0.019578009624450554,0
2024-04-15,405.7428894042969,413.6400146484375,426.8200073242188,413.4299926757813,426.6000061035156,20273500,MSFT,-0.019578009624450554,-0.02578956400447796,-0.006675887118597346,414.53375854492185,414.7373016357422,407.14110534667975,0.012620559594336596,0.009644101673521827,0.05296097393761223,17862330.0,39.737351895960245,-1.1556759163949524,0.0022723677836133938,1
2024-04-16,406.6648864746094,414.5799865722656,418.3999938964844,413.7300109863281,414.5700073242188,16765600,MSFT,0.0022723677836133938,-0.027446816305934263,-0.0065656925232588925,412.238427734375,414.60291748046876,407.2219122314454,0.012331538885467157,0.009645621178958215,-0.1730288307396355,17695310.0,42.08285951592586,-1.4981285148863188,-0.006608935661034265,0
2024-04-17,403.9772644042969,411.8399963378906,418.8800048828125,410.3299865722656,417.25,15855500,MSFT,-0.006608935661034265,-0.026980963486446297,-0.022709346120612484,409.9980407714844,414.13355560302733,407.3580377197266,0.012317987018137758,0.009438239944725016,-0.054283771532185,17496190.0,39.83462069411295,-1.8318992492329365,-0.0183810767675866,0
2024-04-18,396.5517272949219,404.2699890136719,411.8900146484375,403.9500122070313,410.6300048828125,21029900,MSFT,-0.0183810767675866,-0.055289408068342594,-0.04929106587084653,405.35638427734375,413.1055618286133,407.34878662109384,0.009119617477054032,0.00986719361617474,0.3263473242723345,17654680.0,34.776938101446035,-2.440918946120192,-0.01273890742236139,0
2024-04-19,391.5000915527344,399.1199951171875,405.4800109863281,397.7699890136719,404.0299987792969,30565800,MSFT,-0.01273890742236139,-0.0539937753292965,-0.07045194830715296,400.8873718261719,411.62194061279297,407.0708813476563,0.009034977809879281,0.009681042080069615,0.45344485708443694,18118160.0,27.001471523462612,-3.03347335398845,0.004610140953761777,1
2024-04-22,393.3049621582031,400.9599914550781,402.8500061035156,395.75,400.0799865722656,20286900,MSFT,0.004610140953761777,-0.03065470171111284,-0.06479452145252362,398.3997863769531,410.2594589233398,406.8278979492188,0.009746007070368858,0.009845541209682243,-0.33628761557034337,18250080.0,31.050942304536974,-3.1401648400343403,0.016485569278334777,1
2024-04-23,399.788818359375,407.5700073242188,408.2000122070313,403.05999755859375,404.239990234375,15734500,MSFT,0.016485569278334777,-0.01690843823484056,-0.03615830033165757,397.0245727539062,409.50955963134766,406.58848388671885,0.013977807746766517,0.010460504706933169,-0.22440096811242727,18133780.0,39.20547849481152,-2.630974914798386,0.0036557233891183483,1
2024-04-24,401.2503356933594,409.05999755859375,412.4700012207031,406.7799987792969,409.55999755859375,15065300,MSFT,0.0036557233891183483,-0.006750203417904221,-0.02985868424192384,396.47918701171875,408.89208221435547,406.481889038086,0.01412819668008073,0.010526595977883874,-0.04253074454224792,18050765.0,42.47177083349932,-2.076972439236203,-0.02449511799017523,0
2024-04-25,391.4216613769531,399.0400085449219,399.8900146484375,388.0299987792969,394.0299987792969,40586500,MSFT,-0.02449511799017523,-0.012936687864061325,-0.053128533390344956,395.453173828125,407.79395751953126,406.3537829589844,0.01610527286049835,0.01171208558587342,1.6940386185472578,19244840.0,28.280799206693075,-2.2397038653717933,0.01824365230130276,1
2024-04-26,398.5626220703125,406.3200073242188,413.0,405.760009765625,412.1700134277344,29694700,MSFT,0.01824365230130276,0.018039665047247633,-0.034226927869061674,396.8656799316406,407.0877059936523,406.2915936279298,0.017108357602981412,0.012612570061465447,-0.268360169021719,19636015.0,36.42840106938029,-1.7550723650731577,-0.010016692062082222,0
2024-04-29,394.5703430175781,402.25,406.3200073242188,399.1900024414063,405.25,19582100,MSFT,-0.010016692062082222,0.0032173020458003965,-0.0525708779411872,397.11875610351564,405.9930114746094,406.2070385742188,0.018133627930052066,0.012474999336841689,-0.3405523544605603,19799320.0,32.759314194897755,-1.5965886944337484,-0.032119342135111806,0
2024-04-30,381.8970031738281,389.3299865722656,402.1600036621094,389.1700134277344,401.489990234375,28781400,MSFT,-0.032119342135111806,-0.04475316558119369,-0.07619118839718664,393.54039306640624,404.4181625366211,405.91806213378914,0.0204817349209335,0.014093241988609787,0.4697810755741212,20342790.0,28.68444866615458,-2.2012022113385115,0.014409380341267264,1
2024-05-01,387.39990234375,394.9400024414063,401.7200012207031,390.30999755859375,392.6099853515625,23562500,MSFT,0.014409380341267264,-0.034518185076844565,-0.06067311204975656,390.7703063964844,403.16701354980466,405.7640600585938,0.0225917885190701,0.014674019420316054,-0.1813289138123927,20695800.0,29.51692538305221,-2.0874333261730955,0.007342811588174847,1
2024-05-02,390.2445068359375,397.8399963378906,399.9299926757813,394.6499938964844,397.6600036621094,17709400,MSFT,0.007342811588174847,-0.0030073822099538905,-0.047956515899588936,390.5348754882813,402.18414001464845,405.6789172363282,0.02076925702552943,0.014832458311837413,-0.24840742705570296,20612725.0,34.45731875453711,-1.6942486950016793,0.022169719692588075,1
2024-05-03,398.8961181640625,406.6600036621094,407.1499938964844,401.8599853515625,402.2799987792969,17446700,MSFT,0.022169719692588075,0.0008367470386902998,-0.044322265744667466,390.60157470703126,401.25914306640624,405.5810217285157,0.021704791996874227,0.015139325776078346,-0.014833930003275042,20657320.0,45.52331277448655,-0.7720919299591769,0.01691833266671905,1
2024-05-06,405.644775390625,413.5400085449219,413.9299926757813,406.3699951171875,408.760009765625,16996600,MSFT,0.01691833266671905,0.028067067302504967,-0.02602514101280673,392.81646118164065,400.7171905517578,405.6438000488282,0.021828580292800985,0.015728486609562095,-0.02579857508869876,20793530.0,49.38023385988209,0.3135910078578017,-0.010156131038969729,0
2024-05-07,401.5249938964844,409.3399963378906,414.6700134277344,409.0899963378906,414.6600036621094,20018200,MSFT,-0.010156131038969729,0.051396032332105435,-0.03973904771552528,396.7420593261719,399.88636322021483,405.6791113281251,0.012536394076905261,0.015800927018567106,0.17777673181695164,21169595.0,48.53561212856348,0.7505425832944352,0.0029314052390136958,1
2024-05-08,402.7020263671875,410.5400085449219,412.2300109863281,406.7099914550781,408.1700134277344,11792300,MSFT,0.0029314052390136958,0.0394995557068043,-0.030052499920615094,399.8024841308594,399.2625045776367,405.73914245605476,0.012609115890463894,0.015786890980472434,-0.41092106183373134,20948380.0,53.968871028283274,1.0942958397400755,0.004335793218114503,1
2024-05-09,404.4480590820313,412.3200073242188,412.7200012207031,409.1000061035156,410.5700073242188,14689700,MSFT,0.004335793218114503,0.03639654626084243,-0.03647786908558348,402.6431945800781,398.49690704345704,405.8293859863282,0.012710138021706598,0.015578807704309942,0.24570270430704788,20784545.0,58.727854775131966,1.3954322263861672,0.005869257525529692,1
2024-05-10,406.8218688964844,414.739990234375,415.3800048828125,411.7999877929688,412.9400024414063,13402300,MSFT,0.005869257525529692,0.01986920998103603,-0.016970803807836,404.2283447265625,398.14574279785154,405.850965576172,0.009643988883882588,0.015384096876930252,-0.08763963865837965,20491970.0,59.04200721364862,1.690953913260004,-0.0024595035579048075,0
2024-05-13,405.8212890625,413.7200012207031,418.3500061035156,410.8200073242188,418.010009765625,15440200,MSFT,-0.0024595035579048075,0.0004351434619243033,0.0001932249714053924,404.2636474609375,398.14966278076173,405.8160443115235,0.006538010550913853,0.014743879932992381,0.15205599038970918,20250305.0,54.3548337350247,1.7482649897521365,0.006864666077904369,1
2024-05-14,408.6071166992188,416.55999755859375,417.489990234375,411.5499877929688,412.0199890136719,15109300,MSFT,0.006864666077904369,0.017638062163971346,0.0047759968691831745,405.68007202148436,398.2467742919922,405.84821777343757,0.0036562120281950416,0.014814860427502609,-0.021431069545731263,20167490.0,55.21121158340056,1.890920958724365,0.01748389266065775,1
2024-05-15,415.7511596679688,423.0799865722656,423.80999755859375,417.2699890136719,417.8999938964844,22239500,MSFT,0.01748389266065775,0.03240394248446865,0.0291449452756547,408.28989868164064,398.83546905517585,406.26398742675786,0.007178096202981936,0.015194489092281745,0.47190803015361404,20486690.0,67.91529868606449,2.3534125208220074,-0.004939980183999104,0
2024-05-16,413.6973571777344,420.989990234375,425.4200134277344,420.3500061035156,421.7999877929688,17530100,MSFT,-0.004939980183999104,0.02286893925686284,0.04323680544722741,410.13975830078124,399.69275054931643,406.64966674804697,0.008854033388554346,0.014550237375943515,-0.2117583578767508,20311700.0,62.047204997913305,2.3997773519997647,-0.0018526803744605136,0
2024-05-17,412.930908203125,420.2099914550781,422.9200134277344,418.0299987792969,422.5400085449219,15352200,MSFT,-0.0018526803744605136,0.015016496834871607,0.05474025961371698,411.3615661621094,400.76429138183596,406.88170898437505,0.00923464811663483,0.01415957341238502,-0.1242377396592147,19551020.0,65.40613900988168,2.2595778047511814,0.012208186878645444,1
2024-05-20,417.9720458984375,425.3399963378906,426.7699890136719,419.989990234375,420.2099914550781,16272100,MSFT,0.012208186878645444,0.029941151840523927,0.06271744857953832,413.7917175292969,401.9976455688477,407.27185913085947,0.009387566866683295,0.01431281004717663,0.059919750915178316,19350280.0,84.7167376503888,2.375269390203533,0.008699040632565103,1
2024-05-21,421.6080017089844,429.0400085449219,432.9700012207031,424.8500061035156,426.8299865722656,21453300,MSFT,0.008699040632565103,0.03181756870704655,0.05457677240486469,416.39189453125,403.0886047363282,407.76807922363287,0.009467615013303513,0.014033986527172991,0.31841003926967026,19636220.0,84.14709561226975,2.5501946915846063,0.003449448728799931,1
2024-05-22,423.0623168945313,430.5199890136719,432.4100036621094,427.1300048828125,430.0899963378906,18073700,MSFT,0.003449448728799931,0.017585416315859304,0.054360032281296045,417.8541259765625,404.1792037963868,408.0822943115235,0.007119493148030787,0.01403336522559156,-0.15753287373038183,19786640.0,83.69451738032417,2.608037047682568,-0.00817606351799538,0
2024-05-23,419.6033325195313,427.0,433.6000061035156,425.4200134277344,432.9700012207031,17211700,MSFT,-0.00817606351799538,0.014276077038750667,0.07199824108722042,419.0353210449219,405.5882873535157,408.33086120605475,0.008152213525671314,0.012785114890933964,-0.047693610052175206,18617900.0,73.79788975728418,2.2699623464901917,0.00740038119032449,1
2024-05-24,422.7085571289063,430.1600036621094,431.05999755859375,424.4100036621094,427.1900024414063,11855300,MSFT,0.00740038119032449,0.02367865599678387,0.060582537652851265,420.9908508300782,406.79558410644535,408.4429974365235,0.007858320955477881,0.01235226333790175,-0.3112069115775896,17725930.0,71.40304540547987,2.115195717294662,0.00037187807597161004,1
2024-05-28,422.8657531738281,430.3200073242188,430.8200073242188,426.6000061035156,429.6300048828125,15718000,MSFT,0.00037187807597161004,0.011708216670020422,0.07171195366548222,421.96959228515635,408.2103546142579,408.7309167480469,0.0067404827073138385,0.011988350547406332,0.32582051909272636,17532725.0,79.72218255263579,1.8904789040504801,-0.002672326599894026,0
2024-05-29,421.7357177734375,429.1700134277344,430.9400024414063,425.6900024414063,425.6900024414063,15517100,MSFT,-0.002672326599894026,0.00030292609233084633,0.10431795554435386,421.995135498047,410.2022903442383,408.9785797119141,0.005932202425268018,0.008749388530322163,-0.012781524366967778,16869510.0,76.54377942943906,1.5472418098226948,-0.033786111097442784,0
2024-05-30,407.4869079589844,414.6700134277344,424.2999877929688,414.239990234375,424.2999877929688,28394500,MSFT,-0.033786111097442784,-0.03681587395889441,0.05185082777179084,418.8800537109375,411.206640625,408.8610278320313,0.0158005506704607,0.012041860769055402,0.8298844500583227,17111110.0,53.142152114027084,0.3069755429297749,0.0011092279059303767,1
2024-05-31,407.93890380859375,415.1300048828125,416.75,404.510009765625,416.75,47995300,MSFT,0.0011092279059303767,-0.02779870369688875,0.04534182201851,416.54716796875,412.0913604736328,408.6775738525391,0.016222509933000215,0.011993218092474665,0.6903026994664461,18625405.0,51.202810797595355,-0.49304300953253,-0.003878407539808393,0
2024-06-03,406.3567504882813,413.5199890136719,416.4299926757813,408.9200134277344,415.5299987792969,17484700,MSFT,-0.003878407539808393,-0.03868340577652052,0.01870319610668747,413.276806640625,412.4643920898437,408.38125854492193,0.014689278937600065,0.011101794190615095,-0.63569974560009,18627305.0,50.56944680641151,-1.103875432247198,0.0061667239182490174,1
2024-06-04,408.8626403808594,416.0700073242188,416.4400024414063,409.6799926757813,412.4299926757813,14348900,MSFT,0.0061667239182490174,-0.033114795151577225,0.007932716468825873,410.47618408203124,412.62528533935546,408.1474194335938,0.015687088746550396,0.01053557382920169,-0.17934537052394384,18494920.0,50.27336926889304,-1.3007034861955091,0.019083327617140045,1
2024-06-05,416.66510009765625,424.010009765625,424.0799865722656,416.2999877929688,417.80999755859375,16988000,MSFT,0.019083327617140045,-0.012023211366947284,0.03770651000887648,409.462060546875,413.3822906494141,408.1849853515625,0.019585797946806004,0.011004838917943812,0.1839235063314959,18343410.0,50.96418590874548,-0.8867442917886308,0.0012027144828621328,1
2024-06-06,417.1662292480469,424.5199890136719,425.30999755859375,420.5799865722656,424.010009765625,14861300,MSFT,0.0012027144828621328,0.023753698830581316,0.035917879558099886,411.3979248046875,414.10550079345705,408.25631225585937,0.008771236767714298,0.011003186352382534,-0.12518836825994817,18496860.0,53.7835304518481,-0.5755886979315847,-0.0015780884193313804,0
2024-06-07,416.5079040527344,423.8500061035156,426.2799987792969,423.0,426.2000122070313,13621700,MSFT,-0.0015780884193313804,0.021005597073823656,0.029818031512068854,413.1117248535156,414.7084930419922,408.3187872314453,0.009124310053085267,0.011011592391810657,-0.08341127626789047,18443460.0,53.910685913977,-0.4178614842264601,0.009484448823065872,1
2024-06-10,420.458251953125,427.8699951171875,428.0799865722656,423.8900146484375,424.7000122070313,13982900,MSFT,0.009484448823065872,0.03470226949078414,0.03351929701721712,415.93202514648436,415.3903121948242,408.47419921875,0.00806200374898314,0.011115781182768682,0.026516514091486476,18472490.0,52.784552956682006,-0.0695013868589145,0.011241745282334126,1
2024-06-11,425.1849365234375,432.6799926757813,432.8200073242188,425.25,425.4800109863281,14551100,MSFT,0.011241745282334126,0.039921221776031635,0.0477147157697666,419.196484375,416.3584945678711,408.64861328125,0.00826788186715791,0.011266533515518094,0.04063534746011199,18428035.0,53.9106244040259,0.4297844972034932,0.019367577585006623,1
2024-06-12,433.4197387695313,441.05999755859375,443.3999938964844,433.25,435.3200073242188,22366200,MSFT,0.019367577585006623,0.04021128399750351,0.060724889646445845,422.547412109375,417.59912567138673,409.04912841796875,0.008364528216522497,0.011858946392912788,0.5370796709527115,18790880.0,59.861574402305955,1.2203946580348033,0.0011790345477893371,1
2024-06-13,433.9307556152344,441.5799865722656,443.3900146484375,439.3699951171875,440.8500061035156,15960600,MSFT,0.0011790345477893371,0.04018668145167448,0.043727108210075416,425.9003173828125,418.50810546875,409.4792858886719,0.00836930446575068,0.011362277298804851,-0.28639643748155696,18476935.0,64.45285346891757,1.6564606742356185,0.0022419230323729167,1
2024-06-14,434.9035949707031,442.5700073242188,443.1400146484375,436.7200012207031,438.2799987792969,13582000,MSFT,0.0022419230323729167,0.044166486971732644,0.05126026895032365,429.57945556640624,419.56841735839845,409.9793182373047,0.007401767975140628,0.011237417537915646,-0.14902948510707614,18279530.0,62.85482855060164,1.8731430128367612,0.013105258249624718,1
2024-06-17,440.6031188964844,448.3699951171875,450.9400024414063,440.7200012207031,442.5899963378906,20790000,MSFT,0.013105258249624718,0.04791169360996439,0.06701414242342718,433.6084289550781,420.95202789306643,410.44345947265623,0.007669619155925644,0.01142426439311182,0.530702400235606,18551420.0,66.74094052829687,2.238337761302782,-0.0045275270277093105,0
2024-06-18,438.6082763671875,446.3399963378906,450.1400146484375,444.8900146484375,449.7099914550781,17112500,MSFT,-0.0045275270277093105,0.031570591266725234,0.04937227422564128,436.2930969238281,421.9838394165039,410.8859484863281,0.00970820740690708,0.01135095811607134,-0.17688792688792687,18593440.0,65.66892786534385,2.1813349826910393,-0.0014337981435977865,0
2024-06-20,437.9794006347656,445.7000122070313,446.5299987792969,441.2699890136719,446.2999877929688,19877400,MSFT,-0.0014337981435977865,0.010520198914288237,0.03883085439417644,437.205029296875,422.80240936279296,411.28270568847654,0.006678230123232799,0.011284435132690888,0.1615719503287072,18514645.0,87.9062913992708,1.9448962594444632,0.009154101438372253,1
2024-06-21,441.98870849609375,449.7799987792969,450.5799865722656,446.510009765625,447.3800048828125,34187100,MSFT,0.009154101438372253,0.018569674485125365,0.04473665189679554,438.8166198730469,423.7487289428711,411.81889587402344,0.007320858193126349,0.011395415015668563,0.7198979745842011,19320315.0,88.88899732594237,1.899950300245008,-0.004691196337576087,0
2024-06-24,439.9152526855469,447.6700134277344,452.75,446.4100036621094,449.7999877929688,15913700,MSFT,-0.004691196337576087,0.011523606088336358,0.04840743290586258,439.81895141601564,424.7643249511719,412.22200073242186,0.008263825228231892,0.011253314957689085,-0.5345115555282548,19255415.0,87.90250809479787,1.5848662990211873,0.007326739665364457,1
2024-06-25,443.1383972167969,450.9500122070313,451.4200134277344,446.75,448.25,16413400,MSFT,0.007326739665364457,0.005754108882983555,0.04833079374274507,440.3260070800781,425.7858169555664,412.80786560058596,0.006619033664157326,0.011251613958858183,0.0314006170783665,19483320.0,88.09538669014725,1.4513866596040668,0.0026833308093605623,1
2024-06-26,444.3274841308594,452.1600036621094,453.6000061035156,448.1900024414063,449.0,16507000,MSFT,0.0026833308093605623,0.013039443329801559,0.05075306003370983,441.4698486328125,426.858903503418,413.5795574951172,0.0058038354145024534,0.011241299261035235,0.005702657584656379,19522770.0,86.04371335251018,1.305613530187257,0.0015259905700129028,1
2024-06-27,445.0055236816406,452.8500061035156,456.1700134277344,451.7699890136719,452.1799926757813,14806300,MSFT,0.0015259905700129028,0.016042131289033312,0.05517627492178412,442.8750732421875,428.02239379882815,414.3463702392578,0.005427281507641789,0.01117788438887167,-0.10302901799236686,19487230.0,86.10775987637902,1.124187141567198,-0.01302864961530148,0
2024-06-28,439.2077026367188,446.9500122070313,455.3800048828125,446.4100036621094,453.0700073242188,28362300,MSFT,-0.01302864961530148,-0.006292029198749383,0.0778449419065197,442.3188720703125,429.60843353271486,415.05097900390626,0.007863129470735737,0.008164555482407954,0.9155562159351087,19485620.0,75.97837984335315,0.5140881075594441,0.021881734229630023,1
2024-07-01,448.8183288574219,456.7300109863281,457.3699951171875,445.6600036621094,448.6600036621094,17662800,MSFT,0.021881734229630023,0.02023816204945028,0.10020967519197166,444.0994873046875,431.65240478515625,416.09631103515625,0.012536173430610581,0.009076357151716404,-0.3772437355221544,17968995.0,78.73357479393712,0.6494471604587702,0.005583101622036901,1
2024-07-02,451.3241271972656,459.2799987792969,459.5899963378906,453.1099853515625,453.2000122070313,13979800,MSFT,0.005583101622036901,0.018472174904906824,0.11065984914721172,445.73663330078125,433.9007736206055,417.29279174804685,0.012447137703293107,0.008842385139406808,-0.20851733586973753,17793750.0,77.73142898954828,0.7900554164538498,0.0032441027578018478,1
2024-07-03,452.7882690429688,460.7699890136719,461.0199890136719,457.8800048828125,458.1900024414063,9932800,MSFT,0.0032441027578018478,0.019041777099743085,0.10743370590473189,447.4287902832031,436.09705505371096,418.4824578857422,0.012437882078552438,0.008851425496309653,-0.2894891200160231,17572945.0,73.99559006342693,0.8583060740694552,0.014736301208751135,1
2024-07-05,459.460693359375,467.55999755859375,468.3500061035156,458.9700012207031,459.6099853515625,16000300,MSFT,0.014736301208751135,0.03248312416021992,0.102709809992938,450.31982421875,438.23683471679686,419.6758953857422,0.013202677184551197,0.0085392024580898,0.6108549452319587,17523560.0,77.4397864028629,1.2080507451919011,-0.0028232004977812863,0
2024-07-08,458.1635437011719,466.239990234375,467.7000122070313,464.4599914550781,466.5499877929688,12962300,MSFT,-0.0028232004977812863,0.04315917264349989,0.0982757269854364,454.1109924316406,440.2867004394531,420.81415954589846,0.009776335030578148,0.008678134801132782,-0.1898714399105017,17428610.0,74.82690463533366,1.204543232255869,-0.01437024711014101,0
2024-07-09,451.5796203613281,459.5400085449219,467.3299865722656,458.0,467.0,17207200,MSFT,-0.01437024711014101,0.006152359042322919,0.08420420349130597,454.6632507324219,442.0402862548828,422.01731872558594,0.01078439538247257,0.009591194524699823,0.32748046257222874,17607885.0,61.49886315100273,0.6396730204325394,0.014601522528240096,1
2024-07-10,458.1733703613281,466.25,466.4599914550781,458.8599853515625,461.2200012207031,18196100,MSFT,0.014601522528240096,0.01517588524813962,0.08970003141336336,456.03309936523436,443.926042175293,423.20953369140625,0.012328834522449539,0.009808349585488882,0.057470128783299934,17818545.0,68.69483264700071,0.5920733571520369,-0.024771962426961225,0
2024-07-11,446.8235168457031,454.7000122070313,464.7799987792969,451.5499877929688,462.9800109863281,23111200,MSFT,-0.024771962426961225,-0.01317338059546691,0.05089216118330864,454.84014892578125,445.0079711914062,424.25459716796877,0.01751139937194888,0.011615792638859146,0.27011832205802344,18246550.0,57.01373783019536,-0.2752842062764742,-0.0025293151056178242,0
2024-07-12,445.693359375,453.5499877929688,456.3599853515625,450.6499938964844,454.3299865722656,16324300,MSFT,-0.0025293151056178242,-0.029964117025363612,0.028318093311378023,452.08668212890626,445.6216522216797,425.5305242919922,0.01473945189027255,0.01096061424934419,-0.29366281283533524,17944455.0,53.07851878902228,-0.9581572685489004,0.0009040376651547888,1
2024-07-15,446.0962829589844,453.9599914550781,457.260009765625,451.4299926757813,453.2999877929688,14429400,MSFT,0.0009040376651547888,-0.026338325927691253,0.02803564206114295,449.67322998046876,446.2299285888672,426.7044519042969,0.015030317399533292,0.010961150295858965,-0.11607848422290701,17867895.0,55.28303658530225,-1.3895801996531976,-0.009780619815055513,0
2024-07-16,441.7331848144531,449.5199890136719,454.2999877929688,446.6600036621094,454.2200012207031,17175700,MSFT,-0.009780619815055513,-0.021804428505866724,0.015703686800312866,447.7039428710938,446.5714080810547,427.7342254638672,0.014462210762855192,0.011240987914633635,0.1903266941106352,18047580.0,48.821897367984754,-1.9417723950587868,-0.013347622160107653,0
2024-07-17,435.8370971679688,443.5199890136719,444.8500061035156,439.1799926757813,442.5899963378906,21778000,MSFT,-0.013347622160107653,-0.04875070145553051,-0.010817040379678566,443.2366882324219,446.3331069946289,428.4730450439453,0.010051488850337876,0.011278002485144697,0.26795414451812727,18096980.0,43.402531583133495,-2.634119714904566,-0.007102190174568479,0
2024-07-18,432.74169921875,440.3699951171875,444.6499938964844,434.3999938964844,444.3399963378906,20794800,MSFT,-0.007102190174568479,-0.03151539052009178,-0.013375436498891391,440.4203247070312,446.039778137207,429.0149835205078,0.005668291604971274,0.01134111448753818,-0.045146478097162324,18281095.0,40.815424453591554,-3.193282395721834,-0.007402920152777659,0
2024-07-19,429.53814697265625,437.1099853515625,441.1400146484375,432.0,433.1000061035156,20940400,MSFT,-0.007402920152777659,-0.036247370669821866,-0.019273175062286985,437.1892822265625,445.6177154541016,429.57524658203124,0.005245775603136631,0.011441976485536466,0.007001750437609422,18334245.0,42.46554169286327,-3.6392793113543096,0.013337590494878038,1
2024-07-22,435.2671508789063,442.9400024414063,444.6000061035156,438.9100036621094,441.7900085449219,15808800,MSFT,0.013337590494878038,-0.024275324618819427,-0.015207532427826354,435.02345581054686,445.28163757324216,430.22654907226564,0.010474950897333864,0.011671587683941585,-0.24505740100475637,17415330.0,38.7611598724977,-3.4126167031978714,0.004312046259530078,1
2024-07-23,437.14404296875,444.8500061035156,448.3900146484375,443.1000061035156,443.8999938964844,13107100,MSFT,0.004312046259530078,-0.010388945190139554,-0.006299417217019654,434.1056274414062,445.14307708740233,430.88046875,0.010712933538940024,0.011683214218710799,-0.17089848691867815,17275000.0,38.11559247730685,-3.014280898692347,-0.03585464624677881,0
2024-07-24,421.4703979492188,428.8999938964844,441.4800109863281,427.5899963378906,440.4500122070313,26805800,MSFT,-0.03585464624677881,-0.032963461146615414,-0.04889668646108636,431.23228759765624,444.05967712402344,431.1734393310547,0.018528995284250643,0.013974445264138763,1.0451358424060242,17794620.0,28.801422184323712,-3.6423892028397056,-0.02448123352097964,0
2024-07-25,411.15228271484375,418.3999938964844,429.7999877929688,417.510009765625,428.7999877929688,29943800,MSFT,-0.02448123352097964,-0.04988984547336828,-0.07466385177794932,426.914404296875,442.40091705322266,431.2800592041016,0.02021379410696801,0.014751832274238498,0.11706421744547812,18466460.0,18.838731572573465,-4.530847172393178,0.016419575735650227,1
2024-07-26,417.9032287597656,425.2699890136719,428.9200134277344,417.2699890136719,418.2000122070313,23583800,MSFT,0.016419575735650227,-0.027087042896870583,-0.060903277554064994,424.58742065429686,441.0458023071289,431.4659814453125,0.02352119480759347,0.015395051650222005,-0.21239789205110904,18905335.0,25.73725279308958,-4.4362785019335185,0.003433219269989296,1
2024-07-29,419.3379821777344,426.7300109863281,432.1499938964844,424.7000122070313,431.5799865722656,15125800,MSFT,0.003433219269989296,-0.03659630337140585,-0.04523991801532512,421.4015869140625,440.0523162841797,431.5377178955078,0.02192715697347778,0.015271551657001652,-0.35863601285628266,18243510.0,29.28399268062931,-4.059681041661295,-0.008928475910581102,0
2024-07-30,415.5939331054688,422.9200134277344,429.0499877929688,417.3599853515625,427.7200012207031,32687600,MSFT,-0.008928475910581102,-0.049297503214110416,-0.0740263790842366,417.09156494140626,438.391096496582,431.5756494140625,0.0209624254950877,0.01423308132682115,1.161049332927845,18994750.0,21.601771903636262,-3.8473015029222575,-0.010805627359070535,0
2024-07-31,411.1031799316406,418.3500061035156,421.7799987792969,412.2099914550781,420.5,42891400,MSFT,-0.010805627359070535,-0.024597737036866074,-0.08911765368139768,415.01812133789065,436.38004913330076,431.5390948486328,0.015479767705517606,0.014139475369092418,0.31216118650497426,20440330.0,23.777224564120218,-3.7878679953021965,-0.0029642130530636024,0
2024-08-01,409.8845825195313,417.1099853515625,427.4599914550781,413.0899963378906,420.7900085449219,30296400,MSFT,-0.0029642130530636024,-0.00308328628736243,-0.09475441272831653,414.76458129882815,434.23486480712893,431.37734558105467,0.011011765154986112,0.01402681617352471,-0.2936486102109047,21458510.0,23.746389905428302,-3.6099590458805464,-0.020665994693807033,0
2024-08-02,401.4139099121094,408.489990234375,415.0,404.3399963378906,412.489990234375,29437900,MSFT,-0.020665994693807033,-0.039457265971819644,-0.12633677763129858,411.4667175292969,431.3325256347656,430.9734637451172,0.00901717440996836,0.013651019792691477,-0.02833670006997535,22130390.0,20.706062655307775,-3.8217009358073497,-0.03265693447637752,0
2024-08-05,388.3049621582031,395.1499938964844,401.0400085449219,385.5799865722656,389.1700134277344,40709200,MSFT,-0.03265693447637752,-0.07400479169181973,-0.15247520782345925,405.26011352539064,427.8395965576172,430.27831665039065,0.011650950353441158,0.014794035660725128,0.3828839693048758,23517735.0,18.575853282568474,-4.553862017798593,0.011286958472182196,1
2024-08-06,392.687744140625,399.6099853515625,405.6700134277344,398.5,400.0,24946500,MSFT,0.011286958472182196,-0.05511675493836121,-0.13041305135422454,400.6788757324219,424.895002746582,429.7400048828125,0.016760403996821206,0.015327491450435899,-0.3872024014227742,23904700.0,24.16147856082418,-4.44717017283126,-0.0029530000640366483,0
2024-08-07,391.5281372070313,398.4299926757813,410.0799865722656,397.4700012207031,408.6400146484375,20650900,MSFT,-0.0029530000640366483,-0.047615887398059775,-0.14545854793293322,396.76386718750007,421.5627410888672,429.116396484375,0.017165076015217575,0.014515552865622134,-0.172192491932736,24027440.0,24.734924422872737,-4.163860839536309,0.010692154404886134,1
2024-08-08,395.7144165039063,402.6900024414063,405.8599853515625,399.9400024414063,402.4400024414063,20203000,MSFT,0.010692154404886134,-0.034571112503236856,-0.11438319250203155,393.929833984375,419.00728607177734,428.57336975097655,0.01942126534485146,0.014489948824427133,-0.021689127350381865,23882030.0,29.511955623187532,-3.434050378225489,0.008269291427240422,1
2024-08-09,398.9866943359375,406.0199890136719,408.0499877929688,402.260009765625,404.0299987792969,19276700,MSFT,0.008269291427240422,-0.0060466653402800885,-0.10479551480093774,393.44439086914065,416.67195281982424,428.1183892822266,0.01857111436853887,0.01482168497641547,-0.045849626293124834,24029650.0,27.34971996704681,-2.5131420731383933,0.0019456943385940395,1
2024-08-12,399.7630004882813,406.80999755859375,408.760009765625,404.239990234375,407.05999755859375,16762900,MSFT,0.0019456943385940395,0.029507833910734194,-0.10386386132467085,395.7359985351562,414.35528869628905,427.9639111328125,0.00615622336942392,0.014846865183707616,-0.1304061379800484,24146325.0,26.337437747993846,-1.6742919992458578,0.017698779962553868,1
2024-08-13,406.83831787109375,414.010009765625,414.9500122070313,409.5700073242188,409.5899963378906,19414300,MSFT,0.017698779962553868,0.03603518047510357,-0.07899534864698177,398.56611328125,412.6105453491211,427.9418994140625,0.007972295037098771,0.015665411616612904,0.15817072224973017,24258255.0,39.60633335067543,-0.5250441107111019,0.00688396116261325,1
2024-08-14,409.6389770507813,416.8599853515625,417.7200012207031,412.4500122070313,414.7999877929688,18267000,MSFT,0.00688396116261325,0.04625680282634037,-0.06010989034072722,402.18828125,411.3006393432617,428.0075439453125,0.005771891942298182,0.01568244700172113,-0.059095615087847664,24082705.0,48.796517599364755,0.4869076228688005,0.01182369133691652,1
2024-08-15,414.482421875,421.0299987792969,421.1099853515625,417.6600036621094,419.7999877929688,20752100,MSFT,0.01182369133691652,0.04742815674219547,-0.04219440228828042,405.94188232421874,410.3876754760742,428.1199395751953,0.005871349715638552,0.01598843318341137,0.1360431378989435,24080570.0,47.19442474106251,1.4890126508967256,-0.006080287090921899,0
2024-08-16,411.9622497558594,418.4700012207031,421.3399963378906,417.2999877929688,420.6000061035156,22775600,MSFT,-0.006080287090921899,0.03252127352647194,-0.040918128787094,408.5369934082031,409.50888061523443,428.02588256835935,0.009122728487119034,0.01596776413466798,0.09750820398899385,24172330.0,44.056608877413,1.9590913615768049,0.0073122965478122914,1
2024-08-19,414.9746398925781,421.5299987792969,421.75,416.4599914550781,418.9599914550781,15234000,MSFT,0.0073122965478122914,0.03805164406339978,-0.046620818835864,411.5793212890625,408.494255065918,427.98205078125,0.008768473643906344,0.015718764593860377,-0.3311262930504575,24143590.0,49.49501685931487,2.4196740134219192,0.007757454116591234,1
2024-08-20,418.19378662109375,424.7999877929688,425.8599853515625,421.6400146484375,421.7000122070313,16387600,MSFT,0.007757454116591234,0.02791150255811936,-0.0433501420240352,413.8504150390625,407.5467422485352,428.01576843261716,0.006789333852611465,0.015813243191930466,0.07572535118813173,24307615.0,55.90425323756219,2.857840012013055,-0.001553558999411342,0
2024-08-21,417.5440979003906,424.1400146484375,426.3999938964844,421.7200012207031,424.0799865722656,16067300,MSFT,-0.001553558999411342,0.019297775095823866,-0.009315719604348738,415.4314392089844,407.3504272460938,427.9574853515625,0.007393315929720273,0.013674320375151249,-0.01954526593277839,23770690.0,56.438981715936364,3.005572665413216,-0.02025290736024521,0
2024-08-22,409.0876159667969,415.5499877929688,426.7900085449219,414.6099853515625,424.3599853515625,19361900,MSFT,-0.02025290736024521,-0.013015765261645051,-0.005021659455260341,414.35247802734375,407.24719390869143,427.6355389404297,0.011514733565147742,0.013309886507588976,0.20505000840215848,23241595.0,56.45245060302799,2.4584613220451317,0.0029841887900941,1
2024-08-23,410.3084106445313,416.7900085449219,419.260009765625,412.0899963378906,416.9800109863281,18493800,MSFT,0.0029841887900941,-0.004014540439829628,-0.018173628707712774,414.02171020507814,406.8674530029297,427.1733123779297,0.01153614611104621,0.012756218926369021,-0.044835475857224805,22987095.0,73.12484244192731,2.116493558349606,-0.007917672803824605,0
2024-08-26,407.0597229003906,413.489990234375,417.2799987792969,411.3399963378906,416.3699951171875,13152800,MSFT,-0.007917672803824605,-0.019073254679457974,-0.029280102922180973,412.4387268066406,406.25354003906256,426.6358917236328,0.010866229670564647,0.012808554939161011,-0.28879948955866286,22888445.0,65.47328896882415,1.630976487768808,0.0008463449466293849,1
2024-08-27,407.40423583984375,413.8399963378906,414.3599853515625,410.25,412.8599853515625,13492900,MSFT,0.0008463449466293849,-0.025800361283286888,-0.019706007747583465,410.28081665039065,405.8440551757813,426.0859045410156,0.009364951506014803,0.012692382044697945,0.025857612067392566,21928710.0,67.39802204299701,1.306529447690039,-0.007829093151953681,0
2024-08-28,404.2146301269531,410.6000061035156,415.0,407.30999755859375,414.8800048828125,14882700,MSFT,-0.007829093151953681,-0.03192349704010755,-0.01675625521999846,407.61492309570315,405.4996276855469,425.358134765625,0.009176266574732035,0.01258735071496657,0.10300231973852925,20528275.0,59.52309153532599,0.8715289913070707,0.006137344515660503,1
2024-08-29,406.6954345703125,413.1199951171875,422.0499877929688,410.6000061035156,414.9400024414063,17045200,MSFT,0.006137344515660503,-0.005847601597107621,-0.007780599918190023,407.13648681640626,405.340170288086,424.7198779296875,0.006414706029901506,0.012668063383830152,0.14530293562324048,19865715.0,58.792301202101775,0.7499251762845329,0.009730841994459727,1
2024-08-30,410.6529235839844,417.1400146484375,417.489990234375,412.1300048828125,415.6000061035156,24308300,MSFT,0.009730841994459727,0.000839643864262607,0.023016177177063613,407.20538940429685,405.80212097167976,424.17334838867185,0.00801357460174844,0.011897781895973911,0.42610822988289954,19609235.0,61.58029499099443,0.9236563057909266,-0.018459120373208737,0
2024-09-03,403.0726318359375,409.4400024414063,419.8800048828125,407.0299987792969,417.9100036621094,20313600,MSFT,-0.018459120373208737,-0.009794855251323398,0.03803111244228119,406.40797119140626,406.54050445556646,423.39502685546876,0.011366346491495205,0.010051234334959708,-0.1643348156802409,18589455.0,46.038135919736575,0.5349709706430068,-0.0013188335088345493,0
2024-09-04,402.5410461425781,408.8999938964844,411.239990234375,404.3699951171875,405.9100036621094,15135800,MSFT,-0.0013188335088345493,-0.011937013092758852,0.025091951936306423,405.4353332519531,407.03316955566413,422.64754272460937,0.011275740116549388,0.009825389091862034,-0.25489327347195967,18098920.0,42.15786566899468,0.2627620650998139,-0.0012472645960548423,0
2024-09-05,402.0389709472656,408.3900146484375,413.1000061035156,406.1300048828125,407.6199951171875,14195500,MSFT,-0.0012472645960548423,-0.005382435512054973,0.02684566635545904,405.0002014160156,407.5587112426758,421.82555419921874,0.010852089702339654,0.009794011035430535,-0.062124235256808324,17776150.0,34.79306103481794,0.07911237288766992,-0.016381265146770407,0
2024-09-06,395.45306396484375,401.7000122070313,410.6499938964844,400.7999877929688,409.05999755859375,19609500,MSFT,-0.016381265146770407,-0.027643218118115098,-0.0006604574616502212,402.75172729492186,407.54564361572267,420.84806579589844,0.011767338500572027,0.010296013118836959,0.3813884681765347,17746475.0,31.64808428325921,-0.4278391445667644,0.01000732663147974,1
2024-09-09,399.4104919433594,405.7200012207031,408.6499938964844,402.1499938964844,407.239990234375,15295100,MSFT,0.01000732663147974,-0.02737696725133809,0.0010621848132736922,400.50324096679685,407.56683349609375,419.9361651611328,0.011857316191675203,0.010376348086334102,-0.22001580866416792,17547395.0,33.05463520049125,-0.43702860843565317,0.020901164840791964,1
2024-09-10,407.7586364746094,414.2000122070313,416.3299865722656,407.7000122070313,408.2000122070313,19594300,MSFT,0.020901164840791964,0.011625707796949047,0.02000094049865031,401.44044189453126,407.9666152954102,419.30718383789065,0.013964530057922536,0.01137137012442574,0.2810834842531269,17688965.0,39.78018089318027,0.14745261599181347,0.021342393238450885,1
2024-09-11,416.461181640625,423.0400085449219,423.989990234375,409.5799865722656,415.5,19266900,MSFT,0.021342393238450885,0.03458066110633706,0.02365279607851556,404.22446899414064,408.44775848388673,418.6600408935547,0.01598955167627053,0.011677177142986514,-0.016708940865455824,17681595.0,49.083925677290914,1.095676601164806,0.009360793164597814,1
2024-09-12,420.3595886230469,427.0,427.3699951171875,419.75,423.30999755859375,17395700,MSFT,0.009360793164597814,0.04556925820552937,0.0261708777066314,407.8885925292969,408.9837890625,418.04075012207034,0.015324125395238168,0.01175313416355664,-0.09711993107349914,17638030.0,60.33210662411785,1.9130938895953324,0.008407442736107384,1
2024-09-13,423.8937377929688,430.5899963378906,431.8299865722656,425.4599914550781,425.8299865722656,15874600,MSFT,0.008407442736107384,0.071919214743152,0.022706188299602026,413.57672729492185,409.45435485839846,417.4628594970703,0.006524513754823484,0.011617067325175872,-0.08744114924952717,17394155.0,61.94595227029015,2.5780672991023734,0.001741881837129089,1
2024-09-16,424.6321105957031,431.3399963378906,433.5299987792969,428.2200012207031,430.6000061035156,13834700,MSFT,0.001741881837129089,0.06314711095751702,0.030754907391034703,418.6210510253906,410.0878479003906,416.7662878417969,0.008529314741354124,0.011490494908318683,-0.1285008756126138,16947110.0,66.16555791629796,2.928336980511496,0.008832898709928427,1
2024-09-17,428.3828430175781,435.1499938964844,441.8500061035156,432.2699890136719,440.2300109863281,18874200,MSFT,0.008832898709928427,0.05057944749197962,0.03231089766948392,422.7458923339844,410.7582580566406,416.170673828125,0.007091078126649263,0.011535374186103033,0.36426521717131566,17129120.0,68.16092579569153,3.248562227632493,-0.009973606651844658,0
2024-09-18,424.1103210449219,430.80999755859375,436.0299987792969,430.4100036621094,435.0,18898000,MSFT,-0.009973606651844658,0.018366992510955082,0.01414782957832128,424.2757202148438,411.05408477783203,415.62128784179686,0.008236345979579252,0.011721505700364654,0.0012609805978531785,17254640.0,66.90647295449783,3.013739986690748,0.018291176662543318,1
2024-09-19,431.8677978515625,438.6900024414063,441.5,436.8999938964844,441.2300109863281,21706600,MSFT,0.018291176662543318,0.027377058927601894,0.034304639972635664,426.5773620605469,411.7702697753906,415.09517639160157,0.010448966167567146,0.012338350612197894,0.14861890147105505,17536605.0,69.62998395994269,3.204191997961081,-0.0077960242078476405,0
2024-09-20,428.5009460449219,435.2699890136719,439.239990234375,434.2200012207031,437.2200012207031,55167100,MSFT,-0.0077960242078476405,0.010868781114674597,0.04745518886521527,427.4988037109375,412.7409362792969,414.7287249755859,0.011739319902118206,0.011451152105629586,1.5414896851648807,19326865.0,64.0477009429122,2.9339821971043127,-0.004043267491714908,0
2024-09-23,426.7684020996094,433.510009765625,436.4599914550781,430.3900146484375,434.2799987792969,15128900,MSFT,-0.004043267491714908,0.005030923122863573,0.04011614441249689,427.9260620117187,413.5639358520508,414.3502258300781,0.012078331405403554,0.011539213874669349,-0.725762274979109,19158620.0,70.5411644445526,2.486813911928106,-0.010011407754684565,0
2024-09-24,422.495849609375,429.1700134277344,433.3500061035156,426.1000061035156,433.0,17015800,MSFT,-0.010011407754684565,-0.01374236504602866,0.03792103674369596,426.7486633300781,414.3357421875,413.87821716308594,0.01198713003108317,0.011643256024482195,0.12472155939955987,19351770.0,66.24462573555314,1.7844074141056891,0.00685037875395178,1
2024-09-25,425.3901062011719,432.1099853515625,433.1199951171875,428.5700073242188,429.8299865722656,13396400,MSFT,0.00685037875395178,0.0030175760710016153,0.04414748001883462,427.00462036132814,415.2350357055664,413.5513555908203,0.011797067187118714,0.011691230164365312,-0.2127081888597656,19346945.0,68.29685297094005,1.41214584586726,-0.0018512562752063255,0
2024-09-26,424.60260009765625,431.30999755859375,435.2999877929688,429.1300048828125,435.0899963378906,14492000,MSFT,-0.0018512562752063255,-0.016822735545574008,0.0504384761241814,425.55158081054685,416.2544342041016,413.32666564941405,0.0065367040671560055,0.01149537797885662,0.08178316562658616,19327410.0,75.12306771328143,1.0281472300856436,-0.0076279822197025116,0
2024-09-27,421.3637390136719,428.0199890136719,431.8500061035156,427.4700012207031,431.5199890136719,14896100,MSFT,-0.0076279822197025116,-0.016656222342393057,0.036067049680203356,424.1241394042969,416.9878494262695,413.0991064453125,0.006508632362455809,0.01167841039063754,0.027884349986199375,19219955.0,69.15810891426624,0.4981387987039225,0.005326767892252615,1
2024-09-30,423.6082458496094,430.2999877929688,430.4200134277344,425.3699951171875,428.2099914550781,16807300,MSFT,0.005326767892252615,-0.007404850580438271,0.0315481067383061,423.4921081542969,417.63561553955077,412.9805084228516,0.007524065352784996,0.011562696886390066,0.1283020387886762,18844905.0,65.4807694600569,0.25319853277134374,-0.02233323091364725,0
2024-10-01,414.147705078125,420.6900024414063,428.4800109863281,418.80999755859375,428.4500122070313,19092900,MSFT,-0.02233323091364725,-0.019759116069349325,0.02747661926770406,421.8224792480469,418.18936920166016,412.55811950683596,0.011817142535709074,0.01194293551668089,0.1359885287940359,18783870.0,47.77333143782963,-0.547792240114148,-0.008462144287525564,0
2024-10-02,410.6431274414063,417.1300048828125,422.8200073242188,416.7099914550781,422.5799865722656,16582300,MSFT,-0.008462144287525564,-0.034666952862301814,0.020127341985290315,418.8730834960937,418.59447326660154,412.0281011962891,0.0101992453450987,0.012134553680959307,-0.13149390611169598,18856195.0,40.57668869264209,-1.2739712560130783,-0.001414392468939818,0
2024-10-03,410.0623168945313,416.5400085449219,419.5499877929688,414.2900085449219,417.6300048828125,13686400,MSFT,-0.001414392468939818,-0.03424445163496592,0.019956637358715446,415.96502685546875,418.99564056396486,411.7999395751953,0.01025598103884019,0.012136288498240631,-0.1746380176453206,18830740.0,35.77076141188523,-1.7257005845989353,-0.0011524960850410881,0
2024-10-04,409.5897216796875,416.05999755859375,419.75,414.9700012207031,418.239990234375,19169700,MSFT,-0.0011524960850410881,-0.027942644902347324,0.03574800400611,413.6102233886719,419.70247344970704,411.7686883544922,0.010546166279620324,0.011442421946306512,0.40063859013327097,18808750.0,34.43987410702165,-1.9708904979139754,-0.015670826877243194,0
2024-10-07,403.1711120605469,409.5400085449219,417.1099853515625,409.0,416.0,20919800,MSFT,-0.015670826877243194,-0.04824536346801467,0.009415426467366705,409.5227966308594,419.89050445556643,411.4740460205078,0.009198313186271944,0.011906589299698744,0.09129511677282376,19089985.0,25.284657627029404,-2.4487409368511335,0.012623919366054892,1
2024-10-08,408.2607116699219,414.7099914550781,415.6600036621094,408.1700134277344,410.8999938964844,19229300,MSFT,0.012623919366054892,-0.014214719376732021,0.0012313048710710373,408.34539794921875,419.91560821533204,411.25250061035155,0.010491048267925712,0.011289308598872129,-0.0808086119370166,19071735.0,34.70743427871477,-2.3073605726321453,0.006631092040170428,1
2024-10-09,410.9679260253906,417.4599914550781,420.3800048828125,414.2999877929688,415.8599853515625,14974300,MSFT,0.006631092040170428,0.0007909509797667802,-0.013190318467603657,408.4103576660156,419.6409454345703,411.15998046875,0.01063051400314763,0.010266872765672029,-0.22127690555558444,18857105.0,27.657244943699993,-1.9320490495432723,-0.0038806388874635944,0
2024-10-10,409.37310791015625,415.8399963378906,417.3500061035156,413.1499938964844,415.2300109863281,13848400,MSFT,-0.0038806388874635944,-0.0016807420628028868,-0.026135910801698525,408.27251586914065,419.0916213989258,411.1253790283203,0.010780506142405447,0.010013636416697487,-0.0751888235176269,18679740.0,28.74637087011631,-1.6999305896382952,0.0011544363948485792,1
2024-10-11,409.845703125,416.3200073242188,417.1300048828125,413.25,416.1400146484375,14144900,MSFT,0.0011544363948485792,0.000624970383198864,-0.03314046284597372,408.32371215820314,418.3892196655273,411.1246014404297,0.010783719114388288,0.009772946096046689,0.02141041564368451,18593255.0,30.65492823607474,-1.4339188263067482,0.0067736554105251034,1
2024-10-14,412.6218566894531,419.1400146484375,424.0400085449219,417.5199890136719,417.7699890136719,16653100,MSFT,0.0067736554105251034,0.02344102626947886,-0.028283904129155935,410.2138610839844,417.78870697021483,411.34876037597655,0.006265146492212411,0.009928077719841794,0.17732186158968966,18734175.0,38.31276680438692,-1.0103322698104396,-0.0009544558518128632,0
2024-10-15,412.22802734375,418.739990234375,422.4800109863281,415.260009765625,422.1799926757813,18900200,MSFT,-0.0009544558518128632,0.009717603385347884,-0.03771116406070729,411.00732421875,416.98096618652346,411.8272216796875,0.004696947812519437,0.009634712099369553,0.1349358377719463,18735475.0,33.440684096191816,-0.7101841449805467,-0.006256862656841666,0
2024-10-16,409.6487731933594,416.1199951171875,416.3599853515625,410.4800109863281,415.1700134277344,15508900,MSFT,-0.006256862656841666,-0.0032098680906542665,-0.034098552036960994,410.7434936523438,416.2578887939453,412.1664422607422,0.0050082880400781765,0.009505278298581976,-0.17943196368292402,18566020.0,31.99807492367661,-0.6409891505566647,0.001441962678376374,1
2024-10-17,410.2394714355469,416.7200012207031,422.5,415.5899963378906,422.3599853515625,14820000,MSFT,0.001441962678376374,0.0021163176296885577,-0.05008089633821111,410.91676635742186,415.17647247314454,412.5406689453125,0.0047016400184861275,0.008313011255462025,-0.04441965581053464,18221690.0,35.69623531443011,-0.5164185198721962,0.0034555488629650633,1
2024-10-18,411.6570739746094,418.1600036621094,419.6499938964844,416.260009765625,417.1400146484375,17145300,MSFT,0.0034555488629650633,0.004419640942427749,-0.03930883286438924,411.27904052734374,414.3342788696289,412.8595220947266,0.004898564804691758,0.008318787343191296,0.15690283400809713,16320600.0,34.29910978467085,-0.3097215887927003,0.0014825957902999676,1
2024-10-21,412.2673950195313,418.7799987792969,418.9599914550781,413.75,416.1199951171875,14206100,MSFT,0.0014825957902999676,-0.0008590472467109311,-0.03397863339632501,411.20814819335936,413.609228515625,413.12513610839846,0.003746308131449694,0.00833804886624026,-0.17142890471441152,16274460.0,46.781247714473885,-0.11319777920235952,0.020846272067774896,1
2024-10-22,420.8616333007813,427.510009765625,430.5799865722656,418.0400085449219,418.489990234375,25482200,MSFT,0.020846272067774896,0.02094376263706077,-0.00386800559130851,412.93486938476565,413.5275177001953,413.54710876464844,0.010024837000351058,0.009492929510924513,0.7937505719374072,16697780.0,64.8965021425622,0.5764205588582338,-0.006806787194414077,0
2024-10-23,417.9969177246094,424.6000061035156,431.0799865722656,422.5299987792969,430.8599853515625,19654400,MSFT,-0.006806787194414077,0.020378785626948615,-0.01737978474061208,414.6044982910156,413.15785827636716,413.77028076171877,0.010170123234966185,0.00945392147104395,-0.22870081861063807,17010680.0,60.84487960978592,0.8063526176874026,0.00030612714987143796,1
2024-10-24,418.1248779296875,424.7300109863281,425.9800109863281,422.3999938964844,425.3299865722656,13581600,MSFT,0.00030612714987143796,0.019221471952826308,-0.015255964439405023,416.18157958984375,412.83397216796874,413.9399987792969,0.010256210055080057,0.009454008450966096,-0.30897915988277436,16965160.0,61.77665453406249,0.9252565400279598,0.008052190785042601,1
2024-10-25,421.49169921875,428.1499938964844,432.5199890136719,426.5700073242188,426.760009765625,16899100,MSFT,0.008052190785042601,0.023890334615620512,0.00030368110311917995,418.14850463867185,412.84037017822266,414.0801843261719,0.010416024963204469,0.009501548652714296,0.24426429875714195,17065310.0,77.60303393404457,1.1729247382964108,-0.0036435737330792195,0
2024-10-28,419.9559631347656,426.5899963378906,431.9400024414063,426.2999877929688,431.6600036621094,14882400,MSFT,-0.0036435737330792195,0.018649469271927455,-0.008621840463748698,419.68621826171875,412.65775604248046,414.24005859375,0.011053984679876129,0.009451343381375469,-0.11933771620973899,16969065.0,69.73418608004278,1.1727736229155383,0.012564823044524553,1
2024-10-29,425.2326354980469,431.9500122070313,433.1700134277344,425.7999877929688,428.0,17644100,MSFT,0.012564823044524553,0.01038584145336352,0.02676564492330291,420.5604187011719,413.2120025634766,414.4452185058594,0.008069672011085185,0.008343559896216211,0.1855681879266784,16896625.0,72.14919596351692,1.449381088276956,0.0013427565032726463,1
2024-10-30,425.8036193847656,432.5299987792969,438.5,432.1000061035156,437.4400024414063,29749100,MSFT,0.0013427565032726463,0.018676457478807418,0.03691889850396324,422.12175903320315,413.9700271606445,414.5974151611328,0.006490891784244106,0.008018108567827,0.6860650302367364,17554965.0,76.34988112099612,1.581345772028878,-0.06052763999712463,0
2024-10-31,400.0307312011719,406.3500061035156,416.1600036621094,406.2999877929688,415.3599853515625,53971000,MSFT,-0.06052763999712463,-0.043274504062296826,-0.024463563902506924,418.5029296875,413.46844787597655,414.2471478271484,0.02977005707098222,0.016102447517592433,0.8142061440514168,19569195.0,41.31078146419643,-0.06907522264579391,0.009892886189545314,1
2024-11-01,403.9881896972656,410.3699951171875,415.5,407.5,409.010009765625,24230400,MSFT,0.009892886189545314,-0.041527530800553714,-0.013675958369879337,415.0022277832031,413.1883712768555,414.1451593017578,0.030035222426327543,0.016289274728985104,-0.551047784921532,19822230.0,42.51318953982692,-0.8526645282855618,-0.004654444422201864,0
2024-11-04,402.10784912109375,408.4599914550781,410.4200134277344,405.5700073242188,409.7999877929688,19672300,MSFT,-0.004654444422201864,-0.042499965664124506,-0.0026372498119197063,411.43260498046874,413.1352081298828,413.98114807128906,0.030001326445172616,0.015933741144946098,-0.18811493000528257,19759855.0,41.44470369219943,-1.422474782029795,0.007344794847100156,1
2024-11-05,405.0612487792969,411.4599914550781,414.8999938964844,408.0799865722656,408.3699951171875,17626000,MSFT,0.007344794847100156,-0.047436120925019254,-0.007836813093129003,407.39832763671876,412.97523498535156,413.94117858886716,0.029174194768916244,0.015756209832832265,-0.10401935716718436,19679690.0,46.14622226005027,-1.5167019555416232,0.021192873045654093,1
2024-11-06,413.6456604003906,420.1799926757813,420.4500122070313,410.5199890136719,412.4200134277344,26681800,MSFT,0.021192873045654093,-0.028552972381826525,0.006515677271696774,404.96673583984375,413.10912170410154,414.0660070800781,0.0321833934578876,0.016414665680449834,0.5137751049585839,20265065.0,52.52259655631917,-0.9450884248457805,0.012494521127954572,1
2024-11-07,418.81396484375,425.4299926757813,426.8500061035156,419.8800048828125,421.2799987792969,19901800,MSFT,0.012494521127954572,0.04695447668777275,0.023061741846671868,408.7233825683594,413.58116455078124,414.35799377441407,0.009361299760528892,0.016594363854223637,-0.25410579496135943,20567735.0,55.02137516181787,-0.20195769779807227,-0.006792995123179657,0
2024-11-08,415.9689636230469,422.5400085449219,426.5,421.7799987792969,425.3200073242188,16891400,MSFT,-0.006792995123179657,0.029656247958038673,0.014940404282289821,411.1195373535156,413.88732757568357,414.54346435546876,0.011746851629388131,0.016692271429965315,-0.15126269985629437,20705060.0,52.51811047357737,0.09879039991339456,-0.010720906122759777,0
2024-11-11,411.5093994140625,418.010009765625,424.80999755859375,416.0,422.5199890136719,24503300,MSFT,-0.010720906122759777,0.02338066842892572,-0.002696069675794943,412.9998474121094,413.8317047119141,414.5605938720703,0.01331969947443728,0.016824902296970246,0.4506376025669867,21097570.0,43.25860739979442,0.0032331223847311685,0.01200918991956601,1
2024-11-12,416.4512939453125,423.0299987792969,424.4400024414063,417.2000122070313,418.25,19401200,MSFT,0.01200918991956601,0.02811931578333149,0.010244976860927402,415.2778564453125,414.04286804199216,414.82816711425784,0.013708587244983703,0.017034483421972012,-0.2082209335069154,21122620.0,48.91825819214325,0.2642603480954475,0.005129824429756624,1
2024-11-13,418.5876159667969,425.2000122070313,429.3299865722656,418.2099914550781,421.6400146484375,21502200,MSFT,0.005129824429756624,0.011947316361599514,0.02182074830532499,416.26624755859376,414.48981018066405,415.1490985107422,0.010704605357946678,0.01698165195353587,0.10829227058120106,21422285.0,50.31500293127438,0.555456967716111,0.003974620230457582,1
2024-11-14,420.2513427734375,426.8900146484375,428.1700134277344,420.0,425.0,30246900,MSFT,0.003974620230457582,0.003432020062233976,0.024404944026610087,416.55372314453126,414.9904037475586,415.51334594726563,0.009284723232308983,0.01699282970787289,0.4066886179088651,22193630.0,49.13560040085138,0.818872249651531,-0.027852565675942076,0
2024-11-15,408.5462646484375,415.0,422.7999877929688,413.6400146484375,419.8200073242188,28247600,MSFT,-0.027852565675942076,-0.01784435768947379,-0.007556797934107018,415.0691833496094,414.83486328125,415.7752099609375,0.015937906127093216,0.018188394371034713,-0.06609933579970184,22748745.0,43.03573657200869,0.19603378871848684,0.0018312208248389972,1
2024-11-18,409.2944030761719,415.760009765625,418.3999938964844,412.1000061035156,414.8699951171875,24727000,MSFT,0.0018312208248389972,-0.0053826142028456925,-0.0072113195932426155,414.6261840820313,414.686213684082,415.97288818359374,0.015497056233372487,0.01819027718699995,-0.12463359719055778,23274790.0,39.70232278611297,-0.15535274058959844,0.004882655586042173,1
2024-11-19,411.2928466796875,417.7900085449219,417.9400024414063,411.5499877929688,413.1099853515625,18133500,MSFT,0.004882655586042173,-0.012386676042606792,-0.022736181832605284,413.59449462890626,414.20777435302733,416.0435723876953,0.014283795066687744,0.017557359572132135,-0.2666518380717434,22907355.0,40.794405966989196,-0.2380325598499945,-0.005505205663709933,0
2024-11-20,409.0285949707031,415.489990234375,417.2900085449219,410.5799865722656,416.8699951171875,19191700,MSFT,-0.005505205663709933,-0.02283636837658376,-0.02145547580285001,411.6826904296875,413.75935821533204,415.89492065429687,0.013659106873442425,0.01753709973502115,0.05835608128601755,22884220.0,58.1345687582148,-0.4194507382763135,-0.004316778965741341,0
2024-11-21,407.2629089355469,412.8699951171875,419.7799987792969,410.2900085449219,419.5,20780200,MSFT,-0.004316778965741341,-0.030906347025981606,-0.025977810858619055,409.0850036621094,413.216259765625,415.6329870605469,0.012847064980495003,0.017550355706902,0.08277015584862202,23244150.0,53.082694325286795,-0.6204726570133767,0.010003004078398048,1
2024-11-22,411.3367614746094,417.0,417.3999938964844,411.05999755859375,411.3699951171875,24814600,MSFT,0.010003004078398048,0.0068303080156004725,-0.02409285346060952,409.6431030273437,412.708512878418,415.3818475341797,0.006455380277894465,0.017609600388259598,0.19414635085321597,23639925.0,58.34318710392946,-0.449164026962646,0.004292704264949432,1
2024-11-25,413.1025085449219,418.7900085449219,421.0799865722656,414.8500061035156,418.3800048828125,27691100,MSFT,0.004292704264949432,0.009304074133750895,-0.016319460113593975,410.40472412109375,412.36584014892577,415.15125549316406,0.006590926137285596,0.017637892291467106,0.11591966020004363,24280360.0,57.429043801292195,-0.19974026682093393,0.021968016501702214,1
2024-11-26,422.1775512695313,427.989990234375,429.0400085449219,418.8500061035156,419.5899963378906,23458900,MSFT,0.021968016501702214,0.026464609529960326,-0.007184500843726016,412.5816650390625,412.2130859375,415.02714965820314,0.011293691761673783,0.01812779441953622,-0.15283610979701057,24571100.0,57.81150548059652,0.5524867591415767,-0.01168252166378958,0
2024-11-27,417.2454528808594,422.989990234375,427.2300109863281,422.0199890136719,425.1099853515625,18332400,MSFT,-0.01168252166378958,0.02008871265038281,-0.020098858051680657,414.22503662109375,411.78517761230466,414.88985229492187,0.012981406557308232,0.018302562452821258,-0.21853113317333717,24000265.0,48.55768610162452,0.6852658958108837,0.0011110786854500176,1
2024-11-29,417.70904541015625,423.4599914550781,424.8800048828125,417.7999877929688,420.0899963378906,16271900,MSFT,0.0011110786854500176,0.02564961415688982,0.044192390309368834,416.31426391601565,412.6690933227539,414.60667724609374,0.01231643503904741,0.011736979544326138,-0.11239663110121967,22115310.0,51.67336670734234,0.765605123895032,0.017758551787069754,1
2024-12-02,425.126953125,430.9800109863281,433.0,421.30999755859375,421.5700073242188,20207200,MSFT,0.017758551787069754,0.03352530807349652,0.052325201495556195,419.0723022460937,413.7260314941406,414.5391973876953,0.013512508724408174,0.012132379897475289,0.24184637319550872,21914150.0,62.39045683249472,1.2509276977673183,0.0005104604552867986,1
2024-12-03,425.3439636230469,431.2000122070313,432.4700012207031,427.739990234375,429.8399963378906,18302000,MSFT,0.0005104604552867986,0.029632972022472837,0.057785777006694516,421.5205932617188,414.8878372192383,414.5107086181641,0.013783385768517056,0.01202379672642982,-0.09428322578090975,21845635.0,58.8524973645596,1.502249020641632,0.014424935127253402,1
2024-12-04,431.4795227050781,437.4200134277344,439.6700134277344,432.6300048828125,433.0299987792969,26009400,MSFT,0.014424935127253402,0.02203331609550263,0.06522044260070814,423.3809875488281,416.20875091552733,414.6903820800781,0.011869501390514845,0.012263947464444883,0.4211233744945908,22264805.0,61.88717089823632,1.9680122281435306,0.011887779665501474,1
2024-12-05,436.6088562011719,442.6199951171875,444.6600036621094,436.1700134277344,437.9200134277344,21697800,MSFT,0.011887779665501474,0.046407703634919084,0.05551417069999931,427.2536682128906,417.3569107055664,414.9147570800781,0.007884998211370961,0.011710884940689966,-0.1657708366975017,22015605.0,64.17665065807324,2.4750669134018906,0.0021463221787068054,1
2024-12-06,437.54595947265625,443.5700073242188,446.1000061035156,441.7699890136719,442.2999877929688,18821000,MSFT,0.0021463221787068054,0.04748978812039306,0.04472628947770341,431.22105102539064,418.2935104370117,415.17362426757813,0.0076310119329029875,0.011485065706347343,-0.1325848703555199,21961565.0,80.90085965252288,2.7082421352291712,0.0055232758054295505,1
2024-12-09,439.962646484375,446.0199890136719,448.3299865722656,440.5,442.6000061035156,19144400,MSFT,0.0055232758054295505,0.03489708956423865,0.05768142568220869,434.1881896972656,419.4931945800781,415.5456024169922,0.006058498620651594,0.011303257219308395,0.017182933956750412,22074215.0,81.5566802928894,2.845782530949919,-0.006031062873213089,0
2024-12-10,437.3092041015625,443.3299865722656,449.6199951171875,441.6000061035156,444.3900146484375,18469500,MSFT,-0.006031062873213089,0.028130740064103987,0.06269554164312074,436.58123779296875,420.78318481445314,415.81962158203123,0.008133734973302624,0.011052355608647937,-0.035253128852301474,21772525.0,76.41398593078415,2.58612084836027,0.012767077271700789,1
2024-12-11,442.8923645019531,448.989990234375,450.3500061035156,444.0499877929688,444.0499877929688,19200200,MSFT,0.012767077271700789,0.026450483038741535,0.06349138768701446,438.8638061523437,422.10523834228513,416.39451477050784,0.00770610258587475,0.011085746560512113,0.039562521995722744,21762475.0,82.21057887128511,2.610858947526813,0.0012694401323198878,1
2024-12-12,443.45458984375,449.55999755859375,456.1600036621094,449.1099853515625,449.1099853515625,20834800,MSFT,0.0012694401323198878,0.01567932840882147,0.05940685516822741,440.2329528808594,423.3485870361328,417.05074401855467,0.006836579553039892,0.01108290588465823,0.08513452984864744,21729105.0,85.23143925777819,2.4861814868391248,-0.0050938262157356196,0
2024-12-13,441.1957092285156,447.2699890136719,451.4299926757813,445.5799865722656,448.4400024414063,20177800,MSFT,-0.0050938262157356196,0.008341408889384283,0.04983771453734409,440.96290283203126,424.3958053588867,417.67341186523436,0.007797556978411876,0.011223314937217033,-0.03153378002188645,21225650.0,80.13146240842772,2.0886861443330718,0.009658506224726526,1
2024-12-16,445.4570007324219,451.5899963378906,452.1799926757813,445.2799987792969,447.2699890136719,23598800,MSFT,0.009658506224726526,0.012488228925684464,0.09034652688783451,442.0617736816406,426.24134216308596,418.39075744628906,0.008494345343097962,0.008745827936976184,0.16954276482074349,20993210.0,81.084184182071,1.9523728156598876,0.006355530877281801,1
2024-12-17,448.2881164550781,454.4599914550781,455.2900085449219,449.5700073242188,451.010009765625,22733500,MSFT,0.006355530877281801,0.025105605485874483,0.09527057561949936,444.25755615234374,428.19102783203124,419.2930975341797,0.007065208129653606,0.008735202631382595,-0.03666711866705086,20893535.0,78.50535230600588,1.8911887534776746,-0.037561102297184235,0
2024-12-18,431.4499206542969,437.3900146484375,452.6499938964844,437.0199890136719,451.3200073242188,24444500,MSFT,-0.037561102297184235,-0.025835721644295373,0.04900905556061752,441.9690673828125,429.1988815307617,419.7568817138672,0.01899560710252486,0.012849081907921694,0.07526337783447334,21209085.0,62.30772322509882,0.6207417176326739,-0.000823044627112246,0
2024-12-19,431.0948181152344,437.0299987792969,443.1799926757813,436.3200073242188,441.6199951171875,22963700,MSFT,-0.000823044627112246,-0.027871561173536508,0.05394787409939328,439.4971130371094,430.3021926879883,420.15941955566404,0.018843346520979916,0.012738220490879635,-0.06057804414080881,21397685.0,61.62019647768631,-0.2905512813401252,-0.000983922331086795,0
2024-12-20,430.670654296875,436.6000061035156,443.739990234375,428.6300048828125,433.1099853515625,64263700,MSFT,-0.000983922331086795,-0.023855750886709548,0.05747576036940938,437.39210205078126,431.4725799560547,420.58537048339844,0.018954414149825082,0.012663057660157824,1.7984906613481275,23571860.0,55.477611436235655,-0.932707107487337,-0.0030921437143536235,0
2024-12-23,429.3389587402344,435.25,437.6499938964844,432.8299865722656,436.739990234375,19152500,MSFT,-0.0030921437143536235,-0.03618316013820899,0.04376510672444778,434.1684936523437,432.37268981933596,420.9752355957031,0.017332962982956907,0.012613554424912214,-0.7019701635604548,23288755.0,53.862290183360535,-1.4283008254543512,0.00937379674237171,1
2024-12-24,433.3634948730469,439.3299865722656,439.6000061035156,434.1900024414063,434.6499938964844,7164500,MSFT,0.00937379674237171,-0.033292476499378276,0.049045904851777955,431.1835693359375,433.3857391357422,421.390068359375,0.01796502951399463,0.012708306654489368,-0.625923508680329,22262425.0,51.898900044293526,-1.4609748319845446,-0.0027768828534014967,0
2024-12-26,432.16009521484375,438.1099853515625,440.9400024414063,436.6300048828125,439.0799865722656,8194200,MSFT,-0.0027768828534014967,0.001646018521616277,0.02364536891005664,431.3256042480469,433.88486633300784,421.78870971679686,0.005152899546821262,0.011888688517429486,0.1437225207620909,21499190.0,45.130622129436325,-1.5320916978221035,-0.01730143488231284,0
2024-12-27,424.68310546875,430.5299987792969,435.2200012207031,426.3500061035156,434.6000061035156,18117700,MSFT,-0.01730143488231284,-0.014873091433844299,0.017825604896440694,430.04326171875,434.25674896240236,422.0893963623047,0.009509930309909532,0.01227033127109354,1.2110395157550462,21488455.0,37.68418641236952,-2.02044965575854,-0.013239636976559943,0
2024-12-30,419.0604553222656,424.8299865722656,427.5499877929688,421.8999938964844,426.05999755859375,13158700,MSFT,-0.013239636976559943,-0.026958416736251767,0.0032352900349150726,427.7212219238281,434.32431945800784,422.26581604003906,0.010411241652711409,0.01267375916174328,-0.2737102391583921,21332795.0,31.144344842357256,-2.621781081158929,-0.007838463394348238,0
