Date,Adj Close,Close,High,Low,Open,Volume,Ticker,Return_1D,Return_5D,Return_20D,MA_5,MA_20,MA_50,Volatility_5D,Volatility_20D,Volume_Change,Volume_MA,RSI,MACD,Target_Return,Target_Direction
2015-03-16,0.5519867539405823,0.5742499828338623,0.577750027179718,0.5682500004768372,0.5720000267028809,236956000,NVDA,0.011894633947636457,0.015922383222363168,0.033547431761915325,0.5489587903022766,0.539386835694313,0.5051483392715455,0.011186812046880556,0.011722916601900517,-0.34048451381621425,234704600.0,59.7057323753477,-0.0007808451289996708,0.012189874288411895,1
2015-03-17,0.5587154030799866,0.581250011920929,0.5814999938011169,0.5690000057220459,0.5730000138282776,299900000,NVDA,0.012189874288411895,0.010869526535234986,0.04287441924631086,0.5501603245735168,0.5405353248119354,0.5066849684715271,0.009734443139942999,0.011953171463334406,0.26563581424399474,239532600.0,65.81172362086377,-0.0003663221683078508,-0.016344365596084987,0
2015-03-18,0.5495835542678833,0.5717499852180481,0.5842499732971191,0.5665000081062317,0.581250011920929,413844000,NVDA,-0.016344365596084987,-0.00043687947936976723,0.037887206243747196,0.5501122832298279,0.5415384292602539,0.5082017451524734,0.012680675781107296,0.012282294614537202,0.3799399799933312,251677400.0,58.74650295306186,-0.0007885948467531625,0.015304080632660977,1
2015-03-19,0.5579944252967834,0.5805000066757202,0.5824999809265137,0.5695000290870667,0.5737500190734863,310756000,NVDA,0.015304080632660977,0.0242612323245166,0.050920324944053075,0.5527556777000427,0.5428902566432953,0.5101740050315857,0.01298485441264088,0.012641830130251034,-0.24909869419394748,258743600.0,64.3562690896812,-0.0005918858243748985,0.010766543685460261,1
2015-03-20,0.5640020966529846,0.5867499709129333,0.5902500152587891,0.5797500014305115,0.5852500200271606,462084000,NVDA,0.010766543685460261,0.03392099731401266,0.054627292692862595,0.556456446647644,0.5443509578704834,0.5122903555631637,0.013026064190087982,0.012735249584129242,0.4869672669232452,273960200.0,61.5997851714032,-0.00016954043686710947,-0.0323815824445951,0
2015-03-23,0.5457388162612915,0.5677499771118164,0.5767499804496765,0.5674999952316284,0.5692499876022339,426012000,NVDA,-0.0323815824445951,-0.011318999296065169,0.02876561874119732,0.5552068591117859,0.5451139360666275,0.5136967247724533,0.0211691191603008,0.014812690693961494,-0.07806372867270883,289010400.0,56.47923317258711,-0.0011764396123364572,-0.013650644420508673,0
2015-03-24,0.5382891297340393,0.5600000023841858,0.5699999928474426,0.5575000047683716,0.5659999847412109,330480000,NVDA,-0.013650644420508673,-0.03655935245984798,0.004033815431514709,0.5511216044425964,0.5452220678329468,0.5149157977104187,0.01992833374764802,0.015020042075000394,-0.22424720430410416,298066600.0,49.638499922601866,-0.002333598630463894,-0.06071392149235422,0
2015-03-25,0.5056074857711792,0.5260000228881836,0.5597500205039978,0.5242499709129333,0.5597500205039978,542552000,NVDA,-0.06071392149235422,-0.08001707502926636,-0.049683783821328986,0.5423263907432556,0.5439003765583038,0.5156009298563003,0.0315020338582631,0.02026974459441311,0.6417090292907286,319003200.0,32.08670432740429,-0.005129203252877711,-0.0033276016582483026,0
2015-03-26,0.5039250254631042,0.5242499709129333,0.5264999866485596,0.5115000009536743,0.515250027179718,311920000,NVDA,-0.0033276016582483026,-0.09689953408570529,-0.05540591542554363,0.5315125107765197,0.5424224704504013,0.5162667781114578,0.027729471630353487,0.02023541291673061,-0.42508736489774257,326956000.0,33.6777270323345,-0.006815217651419764,0.0195520493978385,1
2015-03-27,0.5137777924537659,0.534500002861023,0.5364999771118164,0.518750011920929,0.5272499918937683,318288000,NVDA,0.0195520493978385,-0.08904985371024321,-0.030825004418751023,0.521467649936676,0.5416054248809814,0.517091378569603,0.030313392871766855,0.020807363628354555,0.02041549115157726,334995800.0,38.15041111798763,-0.006965694215780238,0.00420974549062314,1
2015-03-30,0.5159406661987305,0.5367500185966492,0.5394999980926514,0.5299999713897705,0.5370000004768372,253252000,NVDA,0.00420974549062314,-0.05460148549941912,-0.05000005487492354,0.5155080199241638,0.5402476847171783,0.5180262643098831,0.030421624143380052,0.019959189188439346,-0.20433066907957576,332582800.0,34.35594895899749,-0.0066207119796473,-0.025151547218776993,0
2015-03-31,0.5029639601707458,0.5232499837875366,0.5357499718666077,0.5227500200271606,0.5352500081062317,357276000,NVDA,-0.025151547218776993,-0.06562489861303178,-0.056357002720554106,0.5084429860115052,0.5387457638978959,0.5185292595624924,0.031119157097411403,0.020291265228953193,0.4107529259393805,342429400.0,31.638594365485332,-0.00693435297532811,0.003822199521588132,1
2015-04-01,0.5048863887786865,0.5252500176429749,0.5270000100135803,0.5162500143051147,0.5252500176429749,330768000,NVDA,0.003822199521588132,-0.0014261992015265346,-0.06330822760804111,0.5082987666130065,0.5370395749807357,0.5190419751405716,0.016264430530490166,0.02008872584002084,-0.07419474020085315,347625800.0,33.976942498938186,-0.006677731915320914,0.002379291732758082,1
2015-04-02,0.5060876607894897,0.5264999866485596,0.5297499895095825,0.5220000147819519,0.528249979019165,192204000,NVDA,0.002379291732758082,0.004291581519290544,-0.07874091271979444,0.5087312936782837,0.5348767846822738,0.5194446611404419,0.016188302816289135,0.019451084224800953,-0.4189159773617762,341083200.0,34.23080078531184,-0.006107936774106874,0.028965548593986146,1
2015-04-06,0.5207467675209045,0.5417500138282776,0.5435000061988831,0.518750011920929,0.5242499709129333,515864000,NVDA,0.028965548593986146,0.013564181187854185,-0.03902427649481066,0.5101250886917115,0.5338194340467453,0.5199729585647583,0.019164577013085923,0.0206291518333105,1.6839399804374517,354006800.0,38.26722398024331,-0.0044989509934963345,0.008767517092589383,1
2015-04-07,0.5253124237060547,0.546500027179718,0.5525000095367432,0.5387499928474426,0.5417500138282776,413964000,NVDA,0.008767517092589383,0.018164409439503926,-0.03317127518386498,0.5119994401931762,0.5329182773828507,0.5205638438463212,0.019353182143421205,0.02074325776976897,-0.1975326830327373,363585600.0,37.24768270632413,-0.0029568527602862483,0.007319408892035639,1
2015-04-08,0.5291574001312256,0.5504999756813049,0.5525000095367432,0.5417500138282776,0.546999990940094,366432000,NVDA,0.007319408892035639,0.05207816470903315,-0.04260901420559293,0.5172381281852723,0.5317407608032226,0.521274721622467,0.010774072389995292,0.02038722719752098,-0.1148215786880018,355546600.0,41.87383571154861,-0.0015767705166330206,0.023161062192519122,1
2015-04-09,0.5414132475852966,0.5632500052452087,0.5649999976158142,0.5460000038146973,0.5462499856948853,379432000,NVDA,0.023161062192519122,0.0723466895096303,-0.015296744152969777,0.5245434999465942,0.5313202351331711,0.5227046948671341,0.011345400517915388,0.021123817978727123,0.03547725089511844,361412200.0,43.599304585355796,0.00016977297053855003,0.010208394273206078,1
2015-04-10,0.5469402074813843,0.5690000057220459,0.5692499876022339,0.5617499947547913,0.5637500286102295,258728000,NVDA,0.010208394273206078,0.08072227374238916,0.0039699780598125844,0.5327140092849731,0.5314283728599548,0.5243984144926072,0.009747978888296075,0.021152063231026648,-0.3181176073710177,354000000.0,43.38920484594418,0.001624641739005916,-0.009226652531447388,0
2015-04-13,0.5418937802314758,0.5637500286102295,0.5709999799728394,0.5612499713897705,0.5677499771118164,236724000,NVDA,-0.009226652531447388,0.04060901388067162,-0.006607668623774043,0.5369434118270874,0.5312481492757797,0.5257661843299866,0.01153835019713729,0.021259488514330717,-0.08504684456262945,347871800.0,48.34020743226033,0.0021419560661164634,-0.008425591067846128,0
2015-04-14,0.5373280048370361,0.5590000152587891,0.5637500286102295,0.5534999966621399,0.5615000128746033,220276000,NVDA,-0.008425591067846128,0.022873209520178683,-0.026556342156580204,0.5393465280532836,0.5305152118206025,0.5273203271627426,0.013640054759987854,0.021140668843530445,-0.06948175934843959,347037800.0,49.57451603012506,0.002070303088361683,0.012074830158356198,1
2015-04-15,0.5438161492347717,0.565750002861023,0.5699999928474426,0.5577499866485596,0.5605000257492065,243560000,NVDA,0.012074830158356198,0.027702058215402392,-0.026666982444158327,0.542278277873993,0.5297702491283417,0.5288031476736069,0.01403646865807434,0.02113686951438131,0.10570375347291572,344220800.0,72.02192865834346,0.0023339696792518193,-0.006186401359708382,0
2015-04-16,0.5404518842697144,0.562250018119812,0.5672500133514404,0.5582500100135803,0.5625,155284000,NVDA,-0.006186401359708382,-0.0017756553240431128,-0.016615617274671757,0.5420860052108765,0.5293136656284332,0.5299840867519379,0.010534731059084666,0.020872547498907275,-0.3624404664148464,331292800.0,70.65223032454136,0.0021599089036448637,-0.012894277643191288,0
2015-04-17,0.5334831476211548,0.5550000071525574,0.5605000257492065,0.5502499938011169,0.5504999756813049,293636000,NVDA,-0.012894277643191288,-0.024604261446051212,-0.04392745978168455,0.5393945932388305,0.5280881017446518,0.5310017108917237,0.009808833751536452,0.02069140416360046,0.8909610777671879,330436800.0,61.51697546884678,0.0014856618169508846,-0.004955553753021369,0
2015-04-20,0.5308394432067871,0.5522500276565552,0.5609999895095825,0.5512499809265137,0.5575000047683716,231624000,NVDA,-0.004955553753021369,-0.02039945359765294,-0.058798812350163265,0.5371837258338928,0.526429969072342,0.531808465719223,0.00952309924309312,0.020476933220155612,-0.21118663924042014,318913800.0,58.65905840880622,0.0008058801164344902,-0.0013577351378979419,0
2015-04-21,0.5301187038421631,0.5515000224113464,0.5590000152587891,0.5487499833106995,0.5590000152587891,230456000,NVDA,-0.0013577351378979419,-0.013416946315797373,-0.028621956059745934,0.5357418656349182,0.5256489634513855,0.5326438957452774,0.00923656528121754,0.019258743570326226,-0.005042655337961555,309136000.0,68.40399669392909,0.0002791470805041671,0.011332915669543198,1
2015-04-22,0.5361264944076538,0.5577499866485596,0.5584999918937683,0.5462499856948853,0.5547500252723694,207420000,NVDA,0.011332915669543198,-0.014140173729556227,-0.004017609137776934,0.5342039346694947,0.5255408316850663,0.5336090540885925,0.008941857400298412,0.019223756870129245,-0.09995834345818722,302983000.0,70.06187110721876,0.00030471702702457087,-0.0040340377844311215,0
2015-04-23,0.5339637398719788,0.5554999709129333,0.5607500076293945,0.5412499904632568,0.5475000143051147,259380000,NVDA,-0.0040340377844311215,-0.012005036131019664,0.056083532975286454,0.5329063057899475,0.5269586443901062,0.5342580616474152,0.008789317649779575,0.012964518792460706,0.25050621926525896,288824400.0,67.68318089526957,0.00015299975199361908,-0.008550833433332294,0
2015-04-24,0.5293979048728943,0.5507500171661377,0.5554999709129333,0.5444999933242798,0.5552499890327454,240960000,NVDA,-0.008550833433332294,-0.007657679097225367,0.050548947011275436,0.5320892572402954,0.5282322883605957,0.5348827791213989,0.007628557593719285,0.013146038044860796,-0.07101549849641453,285276400.0,56.293785741914114,-0.00025559214714756693,0.007716771658250687,1
2015-04-27,0.5334831476211548,0.5550000071525574,0.5647500157356262,0.5477499961853027,0.5525000095367432,248456000,NVDA,0.007716771658250687,0.004980233568171011,0.03835384762988214,0.5326179981231689,0.5292175561189651,0.5348758327960969,0.008276483932547506,0.012595283984676828,0.031108897742363917,281784800.0,55.986123993229675,-0.00025109490412875395,0.004954883389074016,1
2015-04-28,0.5361264944076538,0.5577499866485596,0.5597500205039978,0.5487499833106995,0.5540000200271606,234484000,NVDA,0.004954883389074016,0.011332915669543198,0.03912432093722207,0.5338195562362671,0.5302268475294113,0.5349169611930847,0.008304256705430068,0.012603392323991236,-0.056235309270051825,280846400.0,55.19728174190417,-7.936327825086792e-05,-0.007619812089550426,0
2015-04-29,0.5320413112640381,0.5534999966621399,0.559249997138977,0.5512499809265137,0.5537499785423279,195156000,NVDA,-0.007619812089550426,-0.007619812089550426,0.057811997271973725,0.533002519607544,0.5316807150840759,0.5348428750038147,0.007419600407074036,0.011140657071946277,-0.16772146500400875,272740400.0,42.040805582749606,-0.00024103301276943339,0.002710008276784359,1
2015-04-30,0.5334831476211548,0.5550000071525574,0.5577499866485596,0.5494999885559082,0.5507500171661377,218844000,NVDA,0.002710008276784359,-0.0009000466041743094,0.056639987684444115,0.5329064011573792,0.5331105530261994,0.5349221086502075,0.007458172852445114,0.01113844314993417,0.12137981922154584,267144200.0,37.71937077087096,-0.0002499264308933051,0.024774640400019532,1
2015-05-01,0.5467000007629395,0.5687500238418579,0.5705000162124634,0.5569999814033508,0.559499979019165,256968000,NVDA,0.024774640400019532,0.03268259230115267,0.08024763913448307,0.5363668203353882,0.5351411700248718,0.5352369511127472,0.011742692033112389,0.012170072849983999,0.17420628392827764,270382400.0,53.816871580625524,0.0005894272895058835,-0.006154095069135668,0
2015-05-04,0.5433355569839478,0.5652499794960022,0.5720000267028809,0.5634999871253967,0.5682500004768372,200720000,NVDA,-0.006154095069135668,0.018468079838558582,0.04337768541623532,0.5383373022079467,0.536270609498024,0.5354079008102417,0.012960817229004726,0.010828369217298111,-0.2188910681485633,254625200.0,54.863715591106235,0.0008569225174913338,-0.02565201546613527,0
2015-05-05,0.5293979048728943,0.5507500171661377,0.5640000104904175,0.5482500195503235,0.5632500052452087,292928000,NVDA,-0.02565201546613527,-0.01255037683260496,0.00777724070947472,0.5369915843009949,0.536474883556366,0.5353862738609314,0.018347809589873802,0.01235412068842611,0.459386209645277,248573400.0,39.58345534154836,7.525482474119685e-05,0.0031770504771373442,1
2015-05-06,0.5310798287391663,0.5525000095367432,0.5590000152587891,0.5452499985694885,0.5537499785423279,316484000,NVDA,0.0031770504771373442,-0.0018071576483177365,0.003632999571514972,0.5367992877960205,0.536571004986763,0.5352853405475616,0.01821302727210428,0.01226748565921967,0.08041566528293642,246076000.0,43.06041403514347,-0.0003263982212365615,0.01764716907587749,1
2015-05-07,0.5404518842697144,0.562250018119812,0.5640000104904175,0.5485000014305115,0.5502499938011169,534564000,NVDA,0.01764716907587749,0.013062711876905109,-0.0017756553240431128,0.5381930351257325,0.5365229368209838,0.5354535520076752,0.01995714051017658,0.011777737655426451,0.6890711694746021,253832600.0,54.982697192342435,2.2700032479883864e-05,-0.07381024382400103,0
2015-05-08,0.500560998916626,0.5207499861717224,0.5460000038146973,0.5122500061988831,0.5252500176429749,1146552000,NVDA,-0.07381024382400103,-0.08439546695065825,-0.08479758469089493,0.5289652347564697,0.534203976392746,0.5347951090335846,0.03545217157692767,0.020029587920747795,1.1448357914113183,298223800.0,35.874500312547966,-0.0023198431888893896,-0.009601846625752253,0
2015-05-11,0.4957546889781952,0.515749990940094,0.5210000276565552,0.5095000267028809,0.5134999752044678,544144000,NVDA,-0.009601846625752253,-0.08757179130678228,-0.08514416097112576,0.5194490611553192,0.5318970218300819,0.5341078287363052,0.035222273373953686,0.020034695110103633,-0.5254083547889672,313594800.0,34.55718034562645,-0.003982352123666686,0.009694935913439506,1
2015-05-12,0.500560998916626,0.5207499861717224,0.5249999761581421,0.5117499828338623,0.5120000243186951,388800000,NVDA,0.009694935913439506,-0.05447113728791941,-0.06842562752998715,0.5136816799640656,0.5300586715340614,0.533257139325142,0.036729154108984176,0.020244212834880215,-0.2854832544326502,322021000.0,33.84277158381403,-0.004508945746789353,0.005760524504585529,1
2015-05-13,0.503444492816925,0.5237500071525574,0.5285000205039978,0.518750011920929,0.5245000123977661,308524000,NVDA,0.005760524504585529,-0.05203612418842962,-0.07423769315173057,0.5081546127796173,0.5280400887131691,0.5326659816503525,0.03698829943703662,0.020039416217773633,-0.2064711934156379,325269200.0,36.22546073583223,-0.004408397579106504,0.016229168484502843,1
2015-05-14,0.511614978313446,0.5322499871253967,0.5350000262260437,0.5239999890327454,0.5252500176429749,293052000,NVDA,0.016229168484502843,-0.05335702732396641,-0.05335702732396641,0.5023872315883636,0.5265982434153557,0.5321180778741836,0.036727247483956046,0.020511509545441127,-0.05014844874304758,332157600.0,42.22679212267968,-0.0035725889056957257,0.0004696233168968167,1
2015-05-15,0.5118552446365356,0.5325000286102295,0.5370000004768372,0.5292500257492065,0.534500002861023,215824000,NVDA,0.0004696233168968167,0.022563175605678554,-0.040540930076347736,0.5046460807323456,0.5255168482661248,0.5313683134317398,0.009762877901827277,0.02037337210241574,-0.26353002197562203,328267000.0,40.217252399611546,-0.0028176930718601476,-0.0014086744160644038,0
2015-05-18,0.5111342072486877,0.5317500233650208,0.5350000262260437,0.5287500023841858,0.53125,324972000,NVDA,-0.0014086744160644038,0.031022436322672764,-0.03712089636568927,0.5077219843864441,0.5245315864682197,0.530753121972084,0.007136317912792269,0.0203604725923396,0.5057268885758766,332934400.0,38.49540695377321,-0.002208010789923838,-0.0062338717605189276,0
2015-05-19,0.5079478621482849,0.5260000228881836,0.5317500233650208,0.5249999761581421,0.5299999713897705,253808000,NVDA,-0.0062338717605189276,0.014757168951729183,-0.04182240983611718,0.5091993570327759,0.5234230443835258,0.5300453680753708,0.008569251479120635,0.020385513177006726,-0.21898502024789823,334102000.0,38.816620924724994,-0.0018736037773172728,0.0,0
2015-05-20,0.5079478621482849,0.5260000228881836,0.5325000286102295,0.5254999995231628,0.5262500047683716,196824000,NVDA,0.0,0.008945115887875055,-0.05255967118450733,0.5101000308990479,0.5220141127705574,0.5291501706838608,0.008486001112594503,0.020153639586934977,-0.22451616970308264,333572200.0,37.986567959395416,-0.0015216487163165517,-0.00712982273660101,0
2015-05-21,0.5043262839317322,0.5222499966621399,0.5285000205039978,0.5217499732971191,0.5262500047683716,239692000,NVDA,-0.00712982273660101,-0.014246444476159081,-0.05550462274339518,0.5086422920227051,0.520532239973545,0.5282402211427688,0.003570249736845094,0.020177943721269246,0.21779864244197866,332587800.0,28.08621463465157,-0.001404797460311349,-0.0014356134969651935,0
2015-05-22,0.5036022663116455,0.5214999914169312,0.5254999995231628,0.5202500224113464,0.5235000252723694,212592000,NVDA,-0.0014356134969651935,-0.01612365685683359,-0.048726370701149935,0.506991696357727,0.5192424580454826,0.5274167174100876,0.003209405721607445,0.02013112441989551,-0.11306176259533063,331169400.0,28.874790923132593,-0.0012533128848771485,-0.006232302731527972,0
2015-05-26,0.5004636645317078,0.5182499885559082,0.5224999785423279,0.5142499804496765,0.5189999938011169,259732000,NVDA,-0.006232302731527972,-0.02087620543813129,-0.06189414461672049,0.5048575878143311,0.5175914838910103,0.5265160256624222,0.0032454731122473356,0.020007240181833884,0.22173929404681259,331733200.0,32.62068135910944,-0.0012392984541334624,0.05354541185393202,1
2015-05-27,0.5272611975669861,0.5460000038146973,0.5485000014305115,0.5199999809265137,0.5217499732971191,432332000,NVDA,0.05354541185393202,0.03802227917057954,-0.016535830504818994,0.5087202548980713,0.5171482190489769,0.5260215145349503,0.025780669383535015,0.02364304299182223,0.6645311320900005,341625600.0,48.237971001578146,0.0006010964930391813,0.013736529890713056,1
2015-05-28,0.5345039367675781,0.5534999966621399,0.5552499890327454,0.5450000166893005,0.5460000038146973,327656000,NVDA,0.013736529890713056,0.05228110323563229,0.00462863588109208,0.5140314698219299,0.517271350324154,0.5255372852087021,0.025478530331781716,0.023789394257743852,-0.24211948224975255,348250600.0,47.20042845031273,0.002240443541337095,-0.00045185452157836536,0
2015-05-29,0.5342624187469482,0.5532500147819519,0.5569999814033508,0.5525000095367432,0.5534999966621399,335168000,NVDA,-0.00045185452157836536,0.0593586647553519,0.0014607230411463057,0.5200186967849731,0.5173103138804436,0.5252308624982834,0.024478958539152426,0.023784470497022304,0.022926483873330517,354066800.0,75.30887683511021,0.0031851061451063202,0.011296895520869432,1
2015-06-01,0.5402979254722595,0.559499979019165,0.5649999976158142,0.5532500147819519,0.5567499995231628,372660000,NVDA,0.011296895520869432,0.07286635032318456,-0.01171039927153028,0.5273578286170959,0.5169902101159096,0.5248769325017929,0.023391772054954834,0.023240625968377466,0.11186032079434782,359851400.0,82.8444249501276,0.004038158776474941,-0.019660672532280432,0
2015-06-02,0.529675304889679,0.5485000014305115,0.5590000152587891,0.5479999780654907,0.5559999942779541,224304000,NVDA,-0.019660672532280432,0.05836915330367698,-0.025141465377485628,0.5332001566886901,0.5163071975111961,0.5241903966665268,0.026863113945670095,0.02361211117235265,-0.3981001449042022,361030600.0,69.77182479447231,0.003716787074329798,-0.010938755594596117,0
2015-06-03,0.5238813161849976,0.5425000190734863,0.5542500019073486,0.5414999723434448,0.550000011920929,250788000,NVDA,-0.010938755594596117,-0.006410260033518078,-0.0104204958824331,0.5325241804122924,0.5160313680768013,0.5237532466650009,0.014278233185444907,0.023025643354744975,0.11807190241814669,358923600.0,63.35107646419769,0.002975836484298472,0.017972141031052713,1
2015-06-04,0.5332965850830078,0.5522500276565552,0.5540000200271606,0.5392500162124634,0.5392500162124634,323712000,NVDA,0.017972141031052713,-0.0022588265520957496,0.004174054866863175,0.5322827100753784,0.5161422058939934,0.5236533957719803,0.015462737567361015,0.02337710781539192,0.29077946313220737,359285000.0,63.937594496030115,0.0029745805855333927,0.007695899692776509,1
2015-06-05,0.5374007821083069,0.5565000176429749,0.5590000152587891,0.5447499752044678,0.5504999756813049,313320000,NVDA,0.007695899692776509,0.005874198242727502,-0.005645464934459943,0.5329103827476501,0.515989650785923,0.5242892616987228,0.015874027949696844,0.023096536344406258,-0.03210260972716483,348222800.0,65.64428464528845,0.003091296955140734,-0.02291104269267974,0
2015-06-08,0.525088369846344,0.543749988079071,0.5584999918937683,0.5375000238418579,0.5547500252723694,342812000,NVDA,-0.02291104269267974,-0.028150312834574143,0.04899976423013985,0.5298684716224671,0.5172160193324089,0.5247125285863876,0.017736254101697338,0.016360309816766394,0.0941274096770075,308035800.0,57.4832219484659,0.0022211222485154034,0.005057482694007964,1
2015-06-09,0.5277439951896667,0.546500027179718,0.5504999756813049,0.5432500243186951,0.5442500114440918,256888000,NVDA,0.005057482694007964,-0.0036462143546874826,0.06452648239677772,0.5294822096824646,0.5188154846429824,0.5249918526411057,0.016205114077457575,0.016115201619853282,-0.25064466821464826,293673000.0,60.67688006882088,0.0017281621355947309,-0.01784048587797149,0
2015-06-10,0.5183287858963013,0.5367500185966492,0.5435000061988831,0.5337499976158142,0.5400000214576721,529460000,NVDA,-0.01784048587797149,-0.010598832440009254,0.03549574780722131,0.5283717036247253,0.5197038739919663,0.525039615035057,0.017542074523018633,0.016701418738548513,1.0610538444769704,300706000.0,55.082667805986446,0.0007232033079233222,0.01071237106597267,1
2015-06-11,0.5238813161849976,0.5425000190734863,0.5462499856948853,0.5367500185966492,0.5367500185966492,283052000,NVDA,0.01071237106597267,-0.017654845655058482,0.040593995285800544,0.5264886498451233,0.5207257151603699,0.5254579621553421,0.015676408281867112,0.01679845852260598,-0.4653949306840932,299432400.0,59.39678031550685,0.0004035730534023656,-0.027188606107219404,0
2015-06-12,0.509637713432312,0.5277500152587891,0.5422499775886536,0.5264999866485596,0.5389999747276306,323728000,NVDA,-0.027188606107219404,-0.05166175710998411,-0.0038647517468157755,0.5209360361099243,0.5206268519163132,0.5255529886484146,0.017163948398652245,0.01766286772302195,0.1437050435962297,300966200.0,52.56671668728327,-0.0007340137703304586,-0.0018949038291279363,0
2015-06-15,0.5086719989776611,0.5267500281333923,0.5292500257492065,0.5210000276565552,0.5249999761581421,306548000,NVDA,-0.0018949038291279363,-0.03126401537609136,-0.006219034956132741,0.5176527619361877,0.5204676896333694,0.525604675412178,0.01586908008175153,0.017667138783166576,-0.05306924331537588,305502400.0,53.55651798880719,-0.0014756089666493229,0.012339438253594404,1
2015-06-16,0.5149487257003784,0.5332499742507935,0.5339999794960022,0.5205000042915344,0.5257499814033508,256892000,NVDA,0.012339438253594404,-0.02424522042110555,0.007462851043023244,0.5150937080383301,0.5206584155559539,0.5254887145757675,0.017422214781698867,0.01788237202918765,-0.16198442005819647,302098400.0,43.511395711601395,-0.001464569749322378,0.011720828955138707,1
2015-06-17,0.5209843516349792,0.5394999980926514,0.5425000190734863,0.5317500233650208,0.5329999923706055,233544000,NVDA,0.011720828955138707,0.005123322900320693,0.025665014971336886,0.5156248211860657,0.5213102400302887,0.525402153134346,0.016887363530093166,0.0179758052665639,-0.09088644255173384,301085200.0,42.78343857041318,-0.0009944209948190097,0.016681793277332213,1
2015-06-18,0.529675304889679,0.5485000014305115,0.5519999861717224,0.5425000190734863,0.5440000295639038,299404000,NVDA,0.016681793277332213,0.011059735336381715,0.042774946722880625,0.516783618927002,0.5223966121673584,0.525412511229515,0.017913321838429613,0.018290730362421057,0.28200253485424587,306214200.0,47.754056671116196,-8.943397860040214e-05,-0.0031904656929849784,0
2015-06-19,0.5279853940010071,0.546750009059906,0.5529999732971191,0.5417500138282776,0.5485000014305115,355656000,NVDA,-0.0031904656929849784,0.03600141842943083,0.04691230820814707,0.520453155040741,0.5235795676708221,0.5251439541578293,0.009047259315913403,0.018205374788589763,0.18787992144393528,312012400.0,43.703600746655354,0.00037838166112313373,-0.004115092076483418,0
2015-06-22,0.5258126854896545,0.5444999933242798,0.5507500171661377,0.5362499952316284,0.5477499961853027,514236000,NVDA,-0.004115092076483418,0.033696933478632785,0.04410309616093855,0.5238812923431396,0.5246900886297226,0.5247214037179947,0.00963632328886623,0.018245294980060802,0.4458802888184088,327094600.0,47.83787174299487,0.0005159896578930078,-0.025711109446020064,0
2015-06-23,0.5122934579849243,0.5304999947547913,0.5497499704360962,0.5262500047683716,0.5454999804496765,414064000,NVDA,-0.025711109446020064,-0.005156373019163607,0.023637667010822705,0.5233502388000488,0.5252815783023834,0.5241293972730636,0.016579930482389493,0.019219545475897614,-0.19479771933509127,334811200.0,44.0299369128572,-0.0002858681167568414,-0.009896847626801986,0
2015-06-24,0.50722336769104,0.5252500176429749,0.5325000286102295,0.5227500200271606,0.5297499895095825,253368000,NVDA,-0.009896847626801986,-0.02641343046245781,-0.03800361181215184,0.520598042011261,0.5242796868085862,0.5235273045301437,0.015221558557887186,0.014900366250134727,-0.388094594072414,325863000.0,35.93746383390213,-0.0010946743775675778,0.007615811236838077,1
2015-06-25,0.5110862851142883,0.5292500257492065,0.5325000286102295,0.5252500176429749,0.5252500176429749,350460000,NVDA,0.007615811236838077,-0.03509512262283465,-0.043811934847306166,0.5168802380561829,0.5231088042259217,0.522872707247734,0.012195663172424074,0.014624131104647858,0.3832054560954816,327003200.0,35.770294905613184,-0.001292858186499823,-0.02031218930784562,0
2015-06-26,0.5007050037384033,0.5184999704360962,0.5254999995231628,0.5162500143051147,0.5249999761581421,421296000,NVDA,-0.02031218930784562,-0.0516688351090101,-0.06281073463345976,0.5114241600036621,0.5214309334754944,0.5220777696371078,0.013200085889332896,0.01516797238635707,0.20212292415682254,331309600.0,36.533307173655274,-0.002004011354559498,-0.029893865032719846,0
2015-06-29,0.48573699593544,0.503000020980835,0.5177500247955322,0.5022500157356262,0.512499988079071,391724000,NVDA,-0.029893865032719846,-0.07621666547830563,-0.10098304465842489,0.5034090220928192,0.5187028869986534,0.5211228466033936,0.015002048373392172,0.015885692655890096,-0.07019292848733427,332262800.0,29.577421933884267,-0.0032875505727577624,-0.0004972197354757846,0
2015-06-30,0.4854954779148102,0.5027499794960022,0.5082499980926514,0.4992499947547912,0.5059999823570251,315916000,NVDA,-0.0004972197354757846,-0.052309822919703874,-0.08340926331098364,0.4980494260787964,0.51649389564991,0.520215967297554,0.015007965977850342,0.01554099730775716,-0.1935240118042295,336843400.0,32.4740993760561,-0.0039152618645548675,0.01442083665198024,1
2015-07-01,0.4924967288970947,0.5099999904632568,0.5224999785423279,0.5055000185966492,0.515250027179718,302892000,NVDA,0.01442083665198024,-0.029033833478499416,-0.05990781942072554,0.49510409832000735,0.5149246662855148,0.5194635277986527,0.018762205678465843,0.015992773145803336,-0.04122614872307828,339448600.0,33.50255445247991,-0.003627866983319932,0.0009806088161723459,1
2015-07-02,0.4929796755313873,0.5105000138282776,0.5137500166893005,0.5072500109672546,0.5097500085830688,145764000,NVDA,0.0009806088161723459,-0.03542769608629215,-0.07559941443342488,0.49148277640342714,0.5129088208079338,0.5186005914211274,0.017791526995446984,0.01525655247388774,-0.5187591616813914,330551200.0,39.762618449928176,-0.0031896813087973312,-0.012243214145526982,0
2015-07-06,0.4869440197944641,0.5042499899864197,0.5132499933242798,0.5005000233650208,0.5062500238418579,214776000,NVDA,-0.012243214145526982,-0.027483216347341966,-0.09389037752400187,0.4887305796146393,0.5103859826922417,0.517660197019577,0.01661613033101359,0.015115845787888478,0.4734502346258336,325624000.0,37.430130996837995,-0.0030886853492493836,-0.018839619979766353,0
2015-07-07,0.4777701795101166,0.4947499930858612,0.503250002861023,0.4790000021457672,0.5012500286102295,594252000,NVDA,-0.018839619979766353,-0.01640150223678316,-0.09011471792847758,0.4871372163295746,0.5080200731754303,0.5166276425123215,0.012861254318200373,0.01488486842813871,1.766845457593027,338196000.0,29.189388649245743,-0.0033975596134423,-0.007074469973034625,0
2015-07-08,0.4743902087211609,0.4912500083446502,0.4950000047683716,0.4872500002384186,0.492000013589859,332492000,NVDA,-0.007074469973034625,-0.022874093990218225,-0.10109785607192168,0.48491616249084474,0.505352383852005,0.5154457837343216,0.01284749004658844,0.014716637713951009,-0.4404865276010851,341976200.0,23.11988424343535,-0.0035696459527756524,-0.012213676005129792,0
2015-07-09,0.4685961604118347,0.4852499961853027,0.5012500286102295,0.4822500050067901,0.4990000128746032,357588000,NVDA,-0.012213676005129792,-0.04852939539067258,-0.0959480292001692,0.48013604879379274,0.5028657525777817,0.5140951770544052,0.007367655987898509,0.014514898328369141,0.07547850775357001,333382600.0,13.54501367500444,-0.003792900062995711,0.017516798764242836,1
2015-07-10,0.4768044650554657,0.4937500059604645,0.4982500076293945,0.4902499914169311,0.4914999902248382,216708000,NVDA,0.017516798764242836,-0.03281111023184913,-0.08986167224354236,0.4769010066986084,0.5005119100213051,0.5129904401302338,0.014097946421428451,0.01497334984854633,-0.39397295211248695,330065400.0,21.658031566936373,-0.0031342795514790935,0.006582451309317783,1
2015-07-13,0.4799430072307586,0.4970000088214874,0.4997499883174896,0.4937500059604645,0.4987500011920929,212472000,NVDA,0.006582451309317783,-0.01437744849327971,-0.05826630451181736,0.4755008041858673,0.49902717471122743,0.5119196373224258,0.014705104050486814,0.014173565141004514,-0.019547040256935655,324502600.0,24.86802344928975,-0.002273839827083261,0.0005026634331446456,1
2015-07-14,0.480184257030487,0.4972499907016754,0.4982500076293945,0.4907500147819519,0.4977500140666961,249216000,NVDA,0.0005026634331446456,0.005052800747936459,-0.05600414806482246,0.4759836196899414,0.4976027876138687,0.5105893224477768,0.011661843299857382,0.014192650600860151,0.17293572800180734,321636000.0,29.41180067584861,-0.0015117252919935025,-0.007038531408593673,0
2015-07-15,0.4768044650554657,0.4937500059604645,0.4992499947547912,0.4892500042915344,0.4959999918937683,265732000,NVDA,-0.007038531408593673,0.0050891782543596165,-0.07407390045102635,0.4764664709568024,0.49569557458162306,0.5092587006092072,0.011655583528992906,0.013760940634622187,0.06627182845403179,322078000.0,30.063460873607525,-0.001078831282868984,0.0222785274715398,1
2015-07-16,0.4874269664287567,0.5047500133514404,0.5047500133514404,0.4950000047683716,0.496749997138977,282848000,NVDA,0.0222785274715398,0.04018557471826534,-0.06441150314958799,0.48023263216018675,0.49401770532131195,0.5084192818403244,0.012029315584980244,0.014564693176376268,0.06441075971279342,324543200.0,35.75579215110277,2.1073183657956823e-05,-0.005943565203647694,0
2015-07-17,0.4845299124717712,0.5017499923706055,0.5034999847412109,0.4952499866485595,0.503000020980835,220372000,NVDA,-0.005943565203647694,0.01620254838722368,-0.08523220169252688,0.4817777216434478,0.49176043570041655,0.5074882835149765,0.011948953997379526,0.01379570993663452,-0.22088188709129997,320591600.0,39.29718835904125,0.0006185536060234736,-0.018435581074965124,0
2015-07-20,0.4755973219871521,0.4925000071525574,0.5037500262260437,0.4912500083446502,0.5017499923706055,188412000,NVDA,-0.018435581074965124,-0.00905458601987108,-0.09922257814153668,0.4809085845947266,0.4891410320997238,0.5061911922693253,0.015053282178063529,0.014144813103350258,-0.14502749895631029,312229400.0,42.708340923654596,0.00048321981018131094,0.004568691669426972,1
2015-07-21,0.4777701795101166,0.4947499930858612,0.5017499923706055,0.4914999902248382,0.4914999902248382,149720000,NVDA,0.004568691669426972,-0.005027398306015618,-0.09136809990576622,0.4804257690906525,0.48673890680074694,0.5057353758811951,0.015311478152820902,0.014309469975846926,-0.20535846973653482,294003600.0,44.59471519963965,0.0006032890723435894,-0.01920174069400582,0
2015-07-22,0.4685961604118347,0.4852499961853027,0.4912500083446502,0.4792500138282776,0.4912500083446502,356472000,NVDA,-0.01920174069400582,-0.017215242820085908,-0.08529739525655922,0.4787841081619263,0.48455404192209245,0.5051922053098679,0.0173573188067159,0.013873363894236145,1.380924392198771,291124000.0,33.77055974640648,0.0001516396187320867,0.012364694376142404,1
2015-07-23,0.4743902087211609,0.4912500083446502,0.4984999895095825,0.4852499961853027,0.4862500131130218,169916000,NVDA,0.012364694376142404,-0.026746073987478747,-0.06473116394329548,0.4761767566204071,0.4829123839735985,0.5046687895059585,0.013925194900213623,0.014292149667692695,-0.5233398415583832,286951400.0,38.226239431137856,0.0003202056372335494,-0.01170494036459846,0
2015-07-24,0.4688374996185303,0.4855000078678131,0.4952499866485595,0.4835000038146972,0.4947499930858612,188844000,NVDA,-0.01170494036459846,-0.03238688148929325,-0.08266468251307202,0.4730382740497589,0.4807999446988106,0.5039766496419906,0.014223876800282746,0.014172000526738296,0.11139621930836419,278870600.0,38.46152969614832,0.00014382082549796622,-0.005663958906596656,0
2015-07-27,0.4661820232868194,0.4827499985694885,0.4882499873638153,0.4772500097751617,0.481249988079071,192420000,NVDA,-0.005663958906596656,-0.019796786619809992,-0.0689487426605001,0.47115521430969237,0.4790737956762314,0.5030679905414581,0.012593918844020922,0.013665451905121199,0.01893626485352984,267426800.0,41.946311783039974,-5.4959270305986185e-05,0.021750269282868606,1
2015-07-28,0.4763216078281402,0.4932500123977661,0.4964999854564667,0.4790000021457672,0.4839999973773956,198308000,NVDA,0.021750269282868606,-0.0030319424361345826,-0.019383716262269646,0.47086549997329713,0.47860302627086637,0.5023573178052902,0.017048069661862068,0.013284993933975595,0.030599729757821326,257756000.0,51.22702092942851,0.0005593202414111258,0.012164339431739446,1
2015-07-29,0.4821157455444336,0.4992499947547912,0.503250002861023,0.4902499914169311,0.492249995470047,232680000,NVDA,0.012164339431739446,0.02885125034041458,-0.006961408548834314,0.4735694169998169,0.47843403965234754,0.5017769485712051,0.013927085161078608,0.013602807662520405,0.17332634084353638,253594200.0,58.58900421458405,0.0013724171479012042,0.0025036594894516373,1
2015-07-30,0.48332279920578,0.5005000233650208,0.5055000185966492,0.4979999959468841,0.4979999959468841,190180000,NVDA,0.0025036594894516373,0.018829626582511416,-0.018627392128794495,0.47535593509674073,0.47797534316778184,0.501284447312355,0.013451989133705582,0.01318026033394231,-0.18265428915248405,247958600.0,54.54545832403326,0.0019716400578712705,-0.0034965668826167917,0
2015-07-31,0.4816328287124634,0.4987500011920929,0.5027499794960022,0.4957500100135803,0.5024999976158142,218340000,NVDA,-0.0034965668826167917,0.027291607655838268,-0.02301686536405989,0.47791500091552735,0.47740800082683565,0.5007581466436386,0.01143485007199913,0.01318542114943897,0.1480702492375645,251587400.0,51.20266779677271,0.0022160235550534244,0.01704247457260477,1
2015-08-03,0.4898410439491272,0.5072500109672546,0.5077499747276306,0.4962500035762787,0.5027499794960022,397132000,NVDA,0.01704247457260477,0.0507506070171897,0.0059493987745982135,0.4826468050479889,0.47755285203456876,0.5004684418439865,0.010376678460557757,0.013502914020042278,0.8188696528350279,260705200.0,56.17283668390344,0.0028518179193181845,0.003942970751757313,1
2015-08-04,0.4917724728584289,0.5092499852180481,0.5107499957084656,0.5034999847412109,0.5055000185966492,260100000,NVDA,0.003942970751757313,0.03243788393463665,0.029307591701662083,0.48573697805404664,0.4782529667019844,0.5002318459749222,0.008149316691821624,0.012735058596739741,-0.3450540374485058,243997600.0,59.748395689644774,0.003292541931410066,0.010309162769664537,1
2015-08-05,0.4968422353267669,0.5145000219345093,0.5222499966621399,0.5134999752044678,0.5217499732971191,234628000,NVDA,0.010309162769664537,0.03054554828053435,0.047328182987020684,0.4886822760105133,0.4793755680322647,0.5001594173908234,0.007860144283811602,0.012710646575288342,-0.09793156478277587,239104400.0,56.610090764151266,0.0037806728918688493,-0.006316739485602185,0
2015-08-06,0.4937038123607635,0.5112500190734863,0.5170000195503235,0.5027499794960022,0.5132499933242798,655676000,NVDA,-0.006316739485602185,0.021478426368551462,0.05358057549353901,0.49075847864151,0.4806309506297112,0.4994882696866989,0.009645072677863421,0.012419074594407557,1.7945343266788276,254008800.0,56.41888073653907,0.0037404848407195214,0.12371671267167228,1
2015-08-07,0.5547832250595093,0.5745000243186951,0.5842499732971191,0.546999990940094,0.5615000128746033,1405248000,NVDA,0.12371671267167228,0.15188000482150898,0.1635445255215311,0.5053885579109192,0.4845298886299133,0.49989385545253756,0.05323528502440828,0.02973119985526641,1.143204875578792,313435800.0,82.03129257014837,0.007460970318359803,0.034812614649476936,1
2015-08-10,0.5740966796875,0.5945000052452087,0.5987499952316284,0.5669999718666077,0.5705000162124634,662304000,NVDA,0.034812614649476936,0.17200607580593674,0.19617677732196204,0.5222396850585938,0.4892375722527504,0.5006905406713485,0.05276686814379135,0.03032474423997614,-0.528692444322995,335927400.0,84.21956550784729,0.010661128179206754,-0.005046541934669357,0
2015-08-11,0.5711994767189026,0.5914999842643738,0.5972499847412109,0.5857499837875366,0.5857499837875366,435008000,NVDA,-0.005046541934669357,0.1615116913697996,0.1895422816467658,0.5381250858306885,0.4937883332371712,0.5013085716962814,0.054151875507896095,0.03043569454181466,-0.3431898342754989,345217000.0,88.15075661101032,0.011925666059879726,0.0025364345725205073,1
2015-08-12,0.572648286819458,0.5929999947547913,0.5972499847412109,0.5820000171661377,0.5820000171661377,384048000,NVDA,0.0025364345725205073,0.15257569929181725,0.20101284444314715,0.5532862961292266,0.4985805243253708,0.502168031334877,0.05501676763634991,0.03024266987555434,-0.11714727085478893,351132800.0,87.75507913808788,0.012160877066645136,-0.008431899264778386,0
2015-08-13,0.5678197741508484,0.5879999995231628,0.5950000286102295,0.5864999890327454,0.59375,276884000,NVDA,-0.008431899264778386,0.15012232017346916,0.16493303255482084,0.5681094884872436,0.5026001647114754,0.503046800494194,0.05537223514119845,0.030345003892855646,-0.27903803691205264,350834600.0,88.24620128272922,0.011310274607693306,0.0008504755451541612,1
2015-08-14,0.5683026909828186,0.5885000228881836,0.5920000076293945,0.5839999914169312,0.5874999761581421,214652000,NVDA,0.0008504755451541612,0.024368916204809743,0.17289495726629278,0.5708133816719055,0.5067888036370277,0.5037469226121902,0.017272905545130682,0.03021758955045965,-0.22475838257176295,350548600.0,90.13265815478842,0.010136879909179539,-0.006371992683021688,0
2015-08-17,0.5646814703941345,0.5847499966621399,0.5874999761581421,0.5774999856948853,0.5874999761581421,273880000,NVDA,-0.006371992683021688,-0.016400041363225593,0.18731002949042885,0.5689303398132324,0.5112430110573769,0.5042925363779068,0.004746422007813314,0.02977054299576561,0.27592568436352805,354822000.0,86.59990079925976,0.008537656115506376,-0.009101960642332596,0
2015-08-18,0.5595417618751526,0.5770000219345093,0.5845000147819519,0.5724999904632568,0.5805000066757202,287084000,NVDA,-0.009101960642332596,-0.02040918333944297,0.1711525454537175,0.5665987968444824,0.5153315901756287,0.5049816042184829,0.005419785799604948,0.030033812598371172,0.04821089528260547,361690200.0,82.24576719274636,0.006638999450999519,-0.0038994187303124095,0
2015-08-19,0.5573598742485046,0.5747500061988831,0.5827500224113464,0.5684999823570251,0.5762500166893005,249248000,NVDA,-0.0038994187303124095,-0.026697735630829555,0.18942475704166717,0.5635411143302917,0.5197697758674622,0.5055739217996598,0.00403613291183875,0.029485352322814223,-0.13179417870727728,356329000.0,80.58601510320791,0.00482582438042722,-0.036102760501155684,0
2015-08-20,0.5372376441955566,0.5540000200271606,0.5709999799728394,0.5512499809265137,0.5682500004768372,426932000,NVDA,-0.036102760501155684,-0.053858867456713866,0.1324804650665472,0.5574246883392334,0.522912147641182,0.5059520989656449,0.014542984463193874,0.03114762452497414,0.7128803440749776,369179800.0,69.93530227318186,0.0020053673785463723,-0.03113769438939029,0
2015-08-21,0.5205093026161194,0.5367500185966492,0.559249997138977,0.5362499952316284,0.550000011920929,382664000,NVDA,-0.03113769438939029,-0.08409847274178073,0.11021260679794564,0.5478660106658936,0.5254957377910614,0.5058846586942672,0.015093274733789092,0.032041418026369305,-0.10368864362474584,378870800.0,60.36206654884024,-0.0010865620112247877,-0.03539777001308986,0
2015-08-24,0.5020844340324402,0.5177500247955322,0.5457500219345093,0.5,0.5067499876022339,682284000,NVDA,-0.03539777001308986,-0.11085371070880556,0.07701371771586252,0.5353466033935547,0.5272908583283424,0.5057335931062699,0.015407100539397377,0.03326311077528597,0.7829845504149855,403364000.0,53.13477772116451,-0.0042923528820503695,-0.020762730426105103,0
2015-08-25,0.4916597902774811,0.5070000290870667,0.5425000190734863,0.5070000290870667,0.5404999852180481,622684000,NVDA,-0.020762730426105103,-0.12131707805005199,0.032201315659975194,0.5217702090740204,0.5280577674508095,0.5053933489322663,0.013520233389313224,0.03344154316382004,-0.08735365331738687,424582800.0,48.47424035781397,-0.0068811182695136044,0.07544350264421018,1
2015-08-26,0.528752326965332,0.5452499985694885,0.5457500219345093,0.5195000171661377,0.5235000252723694,614976000,NVDA,0.07544350264421018,-0.0513268869987179,0.09673316387589392,0.5160486996173859,0.5303895965218544,0.5056694209575653,0.04792910666272519,0.03722431999335513,-0.012378670401038128,443697600.0,58.59935375037568,-0.005899317770926655,0.037597824459767226,1
2015-08-27,0.5486322641372681,0.565750002861023,0.5659999847412109,0.5477499961853027,0.5509999990463257,463764000,NVDA,0.037597824459767226,0.02120964542381132,0.13512597592914677,0.5183276236057281,0.5336550697684288,0.506222379207611,0.049057175397689105,0.0379086760591105,-0.2458827661567281,457376800.0,48.108400895244976,-0.0038160455036296056,0.0044188063215016005,1
2015-08-28,0.5510565638542175,0.5682500004768372,0.5717499852180481,0.5617499947547913,0.565750002861023,320944000,NVDA,0.0044188063215016005,0.058687253204823264,0.14414244836121903,0.5244370758533478,0.5371262565255165,0.5066500043869019,0.04488153417731353,0.037834467281561694,-0.3079583581304284,462507000.0,42.09314627113818,-0.0022568811086709755,-0.010999119001816604,0
2015-08-31,0.5449954271316528,0.5619999766349792,0.5695000290870667,0.5597500205039978,0.565500020980835,219352000,NVDA,-0.010999119001816604,0.08546569100853696,0.11259649199231614,0.5330192744731903,0.5398839756846427,0.5069902050495148,0.039395674769508005,0.03797783954340066,-0.31654120344982306,453618000.0,41.1984869512155,-0.0016443281898944166,-0.040925111221013055,0
2015-09-01,0.5226914286613464,0.5389999747276306,0.5550000071525574,0.5350000262260437,0.5457500219345093,353408000,NVDA,-0.040925111221013055,0.06311607944662678,0.0628724817052102,0.5392256021499634,0.5414299234747887,0.5069277799129486,0.04489348162649107,0.039404351712725195,0.611145556001313,458283400.0,35.282239796359164,-0.0026900377755710286,0.030148676514575312,1
2015-09-02,0.5384498834609985,0.5552499890327454,0.5554999709129333,0.5444999933242798,0.5537499785423279,344044000,NVDA,0.030148676514575312,0.018340451665383117,0.08374418512723025,0.5411651134490967,0.5435103058815003,0.5074509084224701,0.03184324911204959,0.039825383615077495,-0.026496287576964872,463754200.0,41.8708797191445,-0.0022851083616342027,0.0027017752435605225,1
2015-09-03,0.5399046540260315,0.5567499995231628,0.5662500262260437,0.5557500123977661,0.5634999871253967,262556000,NVDA,0.0027017752435605225,-0.015907941770360257,0.0935800788013923,0.5394195914268494,0.5458203479647636,0.5081045341491699,0.025926144333081175,0.03974444019836268,-0.23685342572461665,444098200.0,42.181933643907456,-0.0018997930829328883,-0.02335004802885199,0
2015-09-04,0.527297854423523,0.543749988079071,0.5559999942779541,0.5435000061988831,0.547249972820282,287972000,NVDA,-0.02335004802885199,-0.04311482883811535,-0.04954254093215971,0.5346678495407104,0.5444460794329643,0.5084287655353547,0.02691354753834225,0.028746610971373418,0.09680220600557599,388234400.0,40.193361181663136,-0.00244001697279705,0.04275794402136879,1
2015-09-08,0.5498440265655518,0.5669999718666077,0.5692499876022339,0.5547500252723694,0.5569999814033508,238448000,NVDA,0.04275794402136879,0.008896587370315068,-0.04224489355198813,0.5356375694274902,0.5432334467768669,0.5094115459918975,0.0351386008661997,0.02933323138203057,-0.17197505313016548,367041600.0,47.66892656662359,-0.0012830896286299487,-0.019840968722316665,0
2015-09-09,0.538934588432312,0.5557500123977661,0.5734999775886536,0.5544999837875366,0.5687500238418579,289392000,NVDA,-0.019840968722316665,0.031076001786686236,-0.05648620070859889,0.5388862013816833,0.5416202023625374,0.510475497841835,0.029466911749274016,0.029605917857127836,0.21364825873985094,359760800.0,45.74940309450329,-0.001255203281924239,0.015744614304506355,1
2015-09-10,0.5474199056625366,0.5644999742507935,0.5715000033378601,0.550000011920929,0.5525000095367432,357076000,NVDA,0.015744614304506355,0.01665897324349186,-0.04405563019675163,0.540680205821991,0.5403587833046913,0.5117139863967896,0.027191115792798395,0.02987015550161273,0.2338834522032398,358412200.0,52.48225888900933,-0.0006958509678501607,0.0031004394294451565,1
2015-09-11,0.5491171479225159,0.5662500262260437,0.5699999928474426,0.5559999942779541,0.5582500100135803,301584000,NVDA,0.0031004394294451565,0.017063186671549158,-0.032937609924384104,0.5425227046012878,0.5394236519932747,0.512846394777298,0.027188398054492042,0.029847364991028944,-0.15540669213276725,359647200.0,57.52562296183658,-0.00026432135553438284,0.0017655058687195968,1
2015-09-14,0.5500866174697876,0.5672500133514404,0.5707499980926514,0.5642499923706055,0.5690000057220459,192460000,NVDA,0.0017655058687195968,0.043218008294721555,-0.03205347045168527,0.5470804572105408,0.5385128483176231,0.513988533616066,0.02293250516775324,0.029851465308681907,-0.3618361716801952,358537600.0,63.90446984205034,1.8627655830767524e-05,0.011018079901423006,1
2015-09-15,0.5561475157737732,0.5734999775886536,0.5764999985694885,0.565750002861023,0.5674999952316284,327976000,NVDA,0.011018079901423006,0.011464140562905456,-0.015112864628628264,0.5483411550521851,0.538086150586605,0.5153726035356522,0.013673833618338203,0.02994632647120103,0.7041255325781981,361242400.0,69.16420351678818,0.0005184972028298117,0.006975108907705474,1
2015-09-16,0.5600267052650452,0.5774999856948853,0.5807499885559082,0.5682500004768372,0.5724999904632568,173508000,NVDA,0.006975108907705474,0.03913669169775735,0.0008666795276681682,0.5525595784187317,0.5381103977560997,0.5170177340507507,0.005758102246530494,0.029914540547429994,-0.47097348586481935,355563600.0,61.57991866864824,0.0009877110319018246,0.009090445628840982,1
2015-09-17,0.565117597579956,0.5827500224113464,0.5927500128746033,0.5814999938011169,0.5874999761581421,268712000,NVDA,0.009090445628840982,0.0323292809310618,0.013918697218581189,0.5560991168022156,0.5384982839226723,0.5188322818279266,0.003913471517860785,0.029955831189008467,0.5487009244530512,356536800.0,56.8547179874573,0.0014881903368289037,-0.0008574954382930544,0
2015-09-18,0.5646330118179321,0.5822499990463257,0.5872499942779541,0.5712500214576721,0.5747500061988831,326412000,NVDA,-0.0008574954382930544,0.02825601778075537,0.05099301569493786,0.5592022895812988,0.5398680523037911,0.5207530188560486,0.004995805831667829,0.0286599764174124,0.21472803596415502,351510800.0,55.737737954591836,0.0016228244117976447,0.010305004660629224,1
2015-09-21,0.570451557636261,0.5882499814033508,0.5895000100135803,0.5799999833106995,0.5830000042915344,281840000,NVDA,0.010305004660629224,0.03702133358587267,0.09594882314135034,0.5632752776145935,0.5423651650547981,0.5226259607076645,0.004814300540465721,0.02754803601950101,-0.1365513522787153,346469600.0,60.78048681981912,0.0019196484306416503,-0.02719968436634357,0
2015-09-22,0.5549354553222656,0.5722500085830688,0.5795000195503235,0.5692499876022339,0.5755000114440918,228356000,NVDA,-0.02719968436634357,-0.002179386614397094,0.10526321412786666,0.563032865524292,0.5450077161192894,0.5241258096694946,0.01563226357011008,0.02697108043932743,-0.1897672438262844,323773200.0,64.4880667918988,0.000936667289363962,0.004805230180170872,1
2015-09-23,0.557602047920227,0.574999988079071,0.578499972820282,0.5705000162124634,0.5727499723434448,161632000,NVDA,0.004805230180170872,-0.004329538791673526,0.13412172186285498,0.5625479340553283,0.5483048290014267,0.5256741654872894,0.015407004661047633,0.026264586441936678,-0.292192891800522,300720600.0,59.75300008255994,0.0003613008203627935,0.019130925568225043,1
2015-09-24,0.5682694911956787,0.5860000252723694,0.5920000076293945,0.5625,0.5715000033378601,382440000,NVDA,0.019130925568225043,0.005577411903681995,0.0747366247202117,0.5631783127784729,0.550280687212944,0.5275034660100937,0.017522738627775196,0.020988376875015227,1.3661156206691745,289093800.0,63.205392676752965,0.0005813531133273264,0.00725206052456584,1
2015-09-25,0.572390615940094,0.5902500152587891,0.6017500162124634,0.5845000147819519,0.5932499766349792,369692000,NVDA,0.00725206052456584,0.01373919689389913,0.04330469306282292,0.5647298336029053,0.5514686048030853,0.5292027390003204,0.017655238919353482,0.019459113822077632,-0.033333333333333326,284390200.0,72.7941499923169,0.0008693271950553916,-0.013130210480530202,0
2015-09-28,0.5648750066757202,0.5824999809265137,0.593999981880188,0.5787500143051147,0.5902500152587891,395584000,NVDA,-0.013130210480530202,-0.009775678383012743,0.025076269348564217,0.5636145234107971,0.5521595269441605,0.5308096408843994,0.018283777861094204,0.019752098888609557,0.07003667918158896,288122200.0,58.95954989433772,0.00044016670946520585,0.017597179707144583,1
2015-09-29,0.5748152136802673,0.5927500128746033,0.59375,0.5805000066757202,0.5887500047683716,380736000,NVDA,0.017597179707144583,0.03582355059014386,0.05471566377273662,0.5675904750823975,0.5536505162715912,0.5327939987182617,0.01293715233677883,0.01984025091283124,-0.03753437955023464,296191400.0,71.6374573794097,0.0006970036574393025,0.03964568320015793,1
2015-09-30,0.5976041555404663,0.6162499785423279,0.6169999837875366,0.5947499871253967,0.5982499718666077,556380000,NVDA,0.03964568320015793,0.07173952780381843,0.14332113130490254,0.5755908966064454,0.5573961526155472,0.5351906782388687,0.01922564070589456,0.01862572355191885,0.46132753403933435,306340000.0,75.81047045176416,0.002188734318752685,-0.019472710019634687,0
2015-10-01,0.5859671831130981,0.6042500138282776,0.6179999709129333,0.5867499709129333,0.6162499785423279,489296000,NVDA,-0.019472710019634687,0.03114313224907117,0.08824832377467007,0.5791304349899292,0.5597720175981522,0.5375380986928939,0.023886200014220777,0.018668370307365612,-0.12057227075020671,313602600.0,67.19448166609095,0.002174303456618728,0.02606547235054224,1
2015-10-02,0.6012406945228577,0.6200000047683716,0.6200000047683716,0.5947499871253967,0.6010000109672546,386144000,NVDA,0.02606547235054224,0.0504027805127103,0.11360531908633797,0.5849004507064819,0.5628388196229934,0.5400751084089279,0.025486421995505014,0.019277444848951927,-0.21081717406232625,319782000.0,71.05788628849857,0.0029290047537188866,0.0250000371760295,1
2015-10-05,0.6162717342376709,0.6355000138282776,0.6432499885559082,0.6207500100135803,0.6240000128746033,482024000,NVDA,0.0250000371760295,0.0909877883682968,0.16873552408329084,0.5951797962188721,0.5672875136137009,0.5430237931013108,0.02228611165000525,0.01847478493161101,0.24830115190188118,329484600.0,73.04832824178058,0.004104070727158288,0.012981603052578672,1
2015-10-06,0.6242719292640686,0.643750011920929,0.6464999914169312,0.6262500286102295,0.6287500262260437,453216000,NVDA,0.012981603052578672,0.0860393295214883,0.13536184645563965,0.6050711393356323,0.5710089087486268,0.5461855912208557,0.02239025897749492,0.01663330454011269,-0.0597646590211276,340223000.0,73.87379485462061,0.005022968145843304,0.010485847914913249,1
2015-10-07,0.6308179497718811,0.6504999995231628,0.6570000052452087,0.6347500085830688,0.6452500224113464,310152000,NVDA,0.010485847914913249,0.05557825179675446,0.170490748435437,0.6117138981819152,0.5756030768156052,0.5492755180597305,0.018410227667091463,0.015445653362534898,-0.3156640542257996,341261000.0,74.15331729056274,0.005628883575118551,0.005764421518327456,1
2015-10-08,0.6344542503356934,0.6542500257492065,0.656000018119812,0.6367499828338623,0.6477500200271606,460068000,NVDA,0.005764421518327456,0.08274706949456712,0.15899009841050615,0.6214113116264344,0.579954794049263,0.5523222881555557,0.009035767479873134,0.015343671820509677,0.4833629962083108,346410600.0,75.08692788005624,0.005808343975406648,-0.0038207030642284368,0
2015-10-09,0.632030189037323,0.6517500281333923,0.6570000052452087,0.6395000219345093,0.6507499814033508,423248000,NVDA,-0.0038207030642284368,0.05120993105581406,0.15099335620548993,0.6275692105293273,0.5841004461050033,0.5552964359521866,0.010524320172018651,0.01552547587674998,-0.08003164749558755,352493800.0,72.67853630609937,0.005311106487843727,0.010739923311724908,1
2015-10-12,0.6388181447982788,0.6587499976158142,0.6625000238418579,0.6477500200271606,0.6524999737739563,227588000,NVDA,0.010739923311724908,0.036585177135371794,0.16130464641482511,0.632078492641449,0.5885370224714279,0.5584401422739029,0.006713177400354911,0.015490701441944902,-0.46228216081351836,354250200.0,83.01532860071974,0.004991578206499009,0.0018976281048257437,1
2015-10-13,0.6400303840637207,0.6600000262260437,0.6639999747276306,0.6512500047683716,0.6535000205039978,298444000,NVDA,0.0018976281048257437,0.02524293350532214,0.1508284509250042,0.6352301836013794,0.5927311658859253,0.5614439290761948,0.00614520545204861,0.015519584511744686,0.3113345167583528,352773600.0,82.81863012658349,0.004432978796037566,0.036363719332072275,1
2015-10-14,0.6633042693138123,0.6840000152587891,0.6947500109672546,0.6600000262260437,0.6607499718666077,612148000,NVDA,0.036363719332072275,0.051498724083040015,0.18441542711769188,0.6417274475097656,0.5978950440883637,0.5648745650053024,0.015572531676003695,0.016836312863968632,1.0511318706356971,374705600.0,84.38602991445434,0.005151635988898312,0.002558499205501219,1
2015-10-15,0.6650013327598572,0.6857500076293945,0.6997500061988831,0.6782500147819519,0.6852499842643738,526048000,NVDA,0.002558499205501219,0.04814702148815497,0.17674858402506044,0.6478368639945984,0.6028892308473587,0.5682377469539642,0.01586353536742087,0.016890224469180228,-0.1406522605644387,387572400.0,84.10724305035426,0.005244455697942983,0.015676079789754604,1
2015-10-16,0.6754259467124939,0.6965000033378601,0.703000009059906,0.6862499713897705,0.6880000233650208,448396000,NVDA,0.015676079789754604,0.06866089377988294,0.19622114289393933,0.6565160155296326,0.6084288775920867,0.5718721896409988,0.01404831419095098,0.016822614718883917,-0.14761390595535007,393671600.0,89.86029510686868,0.005485165542894615,-0.001794865708057758,0
2015-10-19,0.6742136478424072,0.6952499747276306,0.7020000219345093,0.687250018119812,0.6987500190734863,294712000,NVDA,-0.001794865708057758,0.05540779223687409,0.18189465664025484,0.6635951161384582,0.6136169821023941,0.5742607980966568,0.015676310199525326,0.016994913068543723,-0.34274168369030944,394315200.0,88.2463188902247,0.005050809259894724,-0.001437837910474249,0
2015-10-20,0.6732442378997803,0.6942499876022339,0.6974999904632568,0.6869999766349792,0.6922500133514404,264824000,NVDA,-0.001437837910474249,0.05189418293734138,0.21319377135275963,0.6702378869056702,0.6195324212312698,0.5762437492609024,0.016218889729495423,0.015004239585524347,-0.10141426205923065,396138600.0,84.97788920457364,0.004220093068134433,-0.012964043727032193,0
2015-10-21,0.664516270160675,0.6852499842643738,0.702750027179718,0.6840000152587891,0.6984999775886536,386280000,NVDA,-0.012964043727032193,0.001827217014774618,0.19173929263571066,0.6704802870750427,0.6248781323432923,0.5781100851297378,0.01030546207983863,0.015820424467853145,0.45862912726943184,407371000.0,87.32733943977055,0.00267974220089116,0.036118274605733136,1
2015-10-22,0.6885174512863159,0.7099999785423279,0.7122499942779541,0.6922500133514404,0.6932500004768372,306884000,NVDA,0.036118274605733136,0.035362513378526916,0.21160375834646183,0.6751835107803345,0.630890530347824,0.580427468419075,0.01917150661174617,0.01682143022967277,-0.20554002278140204,403593200.0,88.29801424620501,0.002857943949490134,0.006690267834062791,1
2015-10-23,0.6931238174438477,0.7147499918937683,0.7195000052452087,0.7055000066757202,0.7162500023841858,381776000,NVDA,0.006690267834062791,0.026202533108914183,0.21092798893193154,0.6787230849266053,0.6369271904230118,0.582933549284935,0.01858095306410794,0.016826335587593177,0.24404009332516519,404197400.0,87.11959557108887,0.0028597139398720585,-0.004547116579273647,0
2015-10-26,0.6899721026420593,0.7114999890327454,0.7170000076293945,0.7049999833106995,0.7152500152587891,247436000,NVDA,-0.004547116579273647,0.02337308781879699,0.2214597822313531,0.6818747758865357,0.6431820452213287,0.5853669375181199,0.01888282255701818,0.01631375997075316,-0.35188173169607306,396790000.0,83.29251805879574,0.002249186667372439,-0.000702931310817001,0
2015-10-27,0.689487099647522,0.7110000252723694,0.715499997138977,0.7074999809265137,0.7080000042915344,208268000,NVDA,-0.000702931310817001,0.02412625438639049,0.19949347762225234,0.685123348236084,0.6489156395196914,0.5878630501031875,0.018825174987915125,0.016388730286415944,-0.15829547842674474,388166600.0,81.67536503878708,0.001451945147375823,0.008087624184429876,1
2015-10-28,0.6950634121894836,0.7167500257492065,0.7167500257492065,0.7049999833106995,0.715499997138977,217036000,NVDA,0.008087624184429876,0.04596899037765101,0.16308329810872269,0.6912327766418457,0.6537886023521423,0.5905734831094742,0.015962110290076756,0.014746377616933115,0.042099602435323735,371199400.0,82.05135640650147,0.0009629771926736447,-0.03453126595833078,0
2015-10-29,0.6710619926452637,0.6919999718666077,0.7124999761581421,0.690750002861023,0.7052500247955322,327168000,NVDA,-0.03453126595833078,-0.025352238506723745,0.14522111815217698,0.6877416849136353,0.6580433428287507,0.5928475254774094,0.017311223514653765,0.01648759504661387,0.5074365543043551,363093000.0,66.80559155569357,-0.0011969149379641095,0.024928161276867478,1
2015-10-30,0.6877903342247009,0.7092499732971191,0.7142500281333923,0.6942499876022339,0.6995000243186951,301160000,NVDA,0.024928161276867478,-0.007694849152372174,0.14395173262603045,0.6866749882698059,0.6623708248138428,0.5958585792779922,0.021744235586822206,0.01641995149601769,-0.07949432707355242,358843800.0,69.42295445014271,-0.0016888786423391693,0.01163190850116469,1
2015-11-02,0.6957906484603882,0.7174999713897705,0.7182499766349792,0.7072499990463257,0.7114999890327454,190088000,NVDA,0.01163190850116469,0.008433016053907672,0.12903222686512184,0.6878386974334717,0.6663467705249786,0.5993642061948776,0.022345602711088663,0.01590737709086404,-0.3688139195112232,344247000.0,70.98524328922292,-0.0016627805907251207,-0.00696890288458496,0
2015-11-03,0.6909417510032654,0.7124999761581421,0.7172499895095825,0.7045000195503235,0.7132499814033508,376768000,NVDA,-0.00696890288458496,0.0021097586256320078,0.10679612299369512,0.6881296277046204,0.6696802616119385,0.6031413525342941,0.02269976177296622,0.016084688322620572,0.98207146163882,340424600.0,62.076056654957306,-0.0021295564287932313,-0.016491088440649837,0
2015-11-04,0.6795473694801331,0.7007499933242798,0.715749979019165,0.6974999904632568,0.7105000019073486,442264000,NVDA,-0.016491088440649837,-0.02232320452672698,0.0772479916366895,0.6850264191627502,0.672116732597351,0.6068991041183471,0.02333337360146729,0.016736775456537466,0.17383641922880932,347030200.0,55.859278587638286,-0.00329365072340047,-0.011416190966460293,0
2015-11-05,0.6717895269393921,0.6927499771118164,0.706250011920929,0.690750002861023,0.7042499780654907,478800000,NVDA,-0.011416190966460293,0.0010841536282819586,0.05884628652727031,0.685171926021576,0.673983496427536,0.6097598481178284,0.01737094158477352,0.01707143822104277,0.08261129099361475,347966800.0,48.50305601425077,-0.004594204652291267,0.13857799093903012,1
2015-11-06,0.7648847699165344,0.7887499928474426,0.7985000014305115,0.7455000281333923,0.7612500190734863,1172272000,NVDA,0.13857799093903012,0.11209002490379105,0.21020290356947813,0.7005908131599426,0.6806262254714965,0.6140848982334137,0.06544012268359174,0.03468505079488594,1.4483542188805347,385418000.0,71.24994237740356,0.0005345677779962504,-0.0044375135056029524,0
2015-11-09,0.7614905834197998,0.7852500081062317,0.7875000238418579,0.7742499709129333,0.781000018119812,492568000,NVDA,-0.0044375135056029524,0.09442486055940713,0.19203029785614123,0.713730800151825,0.6867598474025727,0.6182935786247253,0.06652766729408176,0.03483649434045183,-0.5798176532408861,398667000.0,70.4492478741748,0.003265310327556427,-0.019102057250597437,0
2015-11-10,0.7469445466995239,0.7702500224113464,0.7792500257492065,0.7537500262260437,0.7749999761581421,552260000,NVDA,-0.019102057250597437,0.08105284651700528,0.16704544861913773,0.7249313592910767,0.6921055555343628,0.6223325610160828,0.06795652648123614,0.03538545525028741,0.12118529827353797,411357800.0,68.59950877134466,0.003630736837398122,-0.009737185446449637,0
2015-11-11,0.7396714091300964,0.7627500295639038,0.7762500047683716,0.7599999904632568,0.7707499861717224,619896000,NVDA,-0.009737185446449637,0.08847659832155541,0.1151313859253249,0.7369561672210694,0.695923912525177,0.6266721606254577,0.06717644973850716,0.03496094207782939,0.12247129975011761,411745200.0,62.485150424778595,0.0029503370651594793,-0.003605265492669485,0
2015-11-12,0.7370046973228455,0.7599999904632568,0.7680000066757202,0.7567499876022339,0.7609999775886536,291080000,NVDA,-0.003605265492669485,0.09707678933395614,0.10827551918454548,0.74999920129776,0.6995240807533264,0.6306432569026947,0.06638493122995433,0.035020057776633515,-0.530437363686812,399996800.0,60.812383882740846,0.00193734823643147,-0.019736775596897904,0
2015-11-13,0.7224586009979248,0.7450000047683716,0.7639999985694885,0.7412499785423279,0.7607499957084656,292940000,NVDA,-0.019736775596897904,-0.05546739925706623,0.0696340650138676,0.7415139675140381,0.7018757134675979,0.6342943358421326,0.00775876128334214,0.03538241938597317,0.006389995877422061,392224000.0,57.57918517428707,6.471402677583199e-06,0.020134158974407956,1
2015-11-16,0.7370046973228455,0.7599999904632568,0.7605000138282776,0.7487499713897705,0.7547500133514404,344280000,NVDA,0.020134158974407956,-0.032155205369697404,0.09313227295439619,0.7366167902946472,0.7050152659416199,0.638488472700119,0.016295860960068145,0.035535185023986574,0.17525773195876293,394702400.0,60.40341412246962,-0.0005419190753221392,0.0,0
2015-11-17,0.7370046973228455,0.7599999904632568,0.7664999961853027,0.7567499876022339,0.7620000243186951,257048000,NVDA,0.0,-0.013307345800433357,0.09470628314914231,0.7346288204193115,0.7082032889127732,0.6422316861152649,0.01474127227739599,0.03552287514205645,-0.25337515975368885,394313600.0,59.412371834554946,-0.0011221090956489849,0.024599416072302205,1
2015-11-18,0.7551345825195312,0.7757499814033508,0.7767500281333923,0.7519999742507935,0.7602499723434448,350216000,NVDA,0.024599416072302205,0.02090546315372732,0.13636733429709014,0.7377214550971984,0.7127342045307159,0.6465556859970093,0.01817645684623374,0.03551075126808388,0.36245370514456443,392510400.0,69.37806812817598,-0.000532251501319761,0.0029006107479514487,1
2015-11-19,0.7573249340057373,0.777999997138977,0.7857499718666077,0.7722499966621399,0.7785000205039978,254072000,NVDA,0.0029006107479514487,0.02757138015090632,0.09993571345341001,0.7417855024337768,0.716174578666687,0.6507537865638733,0.01769757316152379,0.034846525904773266,-0.2745277200356352,389869800.0,67.1784379862095,-0.0002559627344120505,0.008676113687886344,1
2015-11-20,0.763895571231842,0.7847499847412109,0.7892500162124634,0.7789999842643738,0.7837499976158142,239744000,NVDA,0.008676113687886344,0.05735549438636456,0.10210549977779082,0.7500728964805603,0.7197131663560867,0.6550493550300598,0.010724203403731003,0.03485348334429413,-0.056393463270254074,382768200.0,66.94493704807385,8.942664622033775e-05,-0.014973110650941313,0
2015-11-23,0.7524576783180237,0.7730000019073486,0.7912499904632568,0.7702500224113464,0.7912499904632568,242552000,NVDA,-0.014973110650941313,0.02096727612634064,0.09056246685437408,0.7531634926795959,0.7228374451398849,0.6590967762470246,0.014344860665712115,0.035087480837379344,0.011712493326214712,382524000.0,64.8196512090741,-0.0006894450729634204,0.00808561688732179,1
2015-11-24,0.7585417628288269,0.7792500257492065,0.7860000133514404,0.7695000171661377,0.7730000019073486,195428000,NVDA,0.00808561688732179,0.029222426375590915,0.10015366961413341,0.7574709057807922,0.7262901782989502,0.6631446611881257,0.014202341707649056,0.035068755370708866,-0.19428411227283227,381882000.0,69.53003748311963,-0.0010123690769238344,-0.0012835705561879962,0
2015-11-25,0.7575681209564209,0.778249979019165,0.7870000004768372,0.7754999995231628,0.7777500152587891,138300000,NVDA,-0.0012835705561879962,0.0032226552633440875,0.08992662780226679,0.7579576134681701,0.729415413737297,0.6670954895019531,0.00965126395424017,0.03509258368784041,-0.2923224921710298,377945200.0,71.94342233745449,-0.0014806858919964756,0.008352318557746097,1
2015-11-27,0.763895571231842,0.7847499847412109,0.7872499823570251,0.7757499814033508,0.7797499895095825,86996000,NVDA,0.008352318557746097,0.008676113687886344,0.13833830496141952,0.7592717409133911,0.734057092666626,0.6710710489749908,0.010253833150182159,0.0338469112403951,-0.37096167751265363,365936600.0,49.54492906860175,-0.0015462687361927838,0.010512606818283476,1
2015-11-30,0.7719261050224304,0.7929999828338623,0.796500027179718,0.7847499847412109,0.7854999899864197,327244000,NVDA,0.010512606818283476,0.010512606818283476,0.12232764348537994,0.7608778476715088,0.7382638812065124,0.6752169108390809,0.010590363437277773,0.033597758166727366,2.7615982344015815,367240800.0,54.604344434702256,-0.0012437766981819622,0.032472197987285956,1
2015-12-01,0.7969922423362732,0.8187500238418579,0.8195000290870667,0.7992500066757202,0.800000011920929,409496000,NVDA,0.032472197987285956,0.059185473550882106,0.1454483386631007,0.7697847604751586,0.7433239609003067,0.6797477245330811,0.012507117101880903,0.03409182799385136,0.2513476182909389,378211200.0,70.20616199852243,0.0003635676499872363,-0.007633656864311944,0
2015-12-02,0.7909082770347595,0.8125,0.828499972820282,0.8107500076293945,0.8199999928474426,294240000,NVDA,-0.007633656864311944,0.042669389863556395,0.14468155367126112,0.7762580633163452,0.7483222872018814,0.684467180967331,0.015286845044566056,0.034106821042238736,-0.28145818274171175,374084800.0,70.88683749120413,0.0007157530794230163,-0.00215415518553852,0
2015-12-03,0.7892045378684998,0.8107500076293945,0.8274999856948853,0.8067499995231628,0.8190000057220459,246656000,NVDA,-0.00215415518553852,0.041760491283791445,0.1613679536016106,0.782585346698761,0.7538051456212997,0.6890992307662964,0.015430196183880635,0.033729160004317936,-0.16171832517672646,364304400.0,71.44778578663694,0.0005406715257909207,0.04070342441518182,1
2015-12-04,0.8213278651237488,0.84375,0.8452500104904175,0.8107500076293945,0.8107500076293945,458756000,NVDA,0.04070342441518182,0.07518343613289002,0.22259700722879505,0.7940718054771423,0.7612820625305176,0.6941603982448578,0.02116829039768293,0.034159813580703205,0.8599020498183705,363302200.0,85.49611067718085,0.0022018193594325226,-0.01896311176054155,0
2015-12-07,0.8057529330253601,0.827750027179718,0.843500018119812,0.8252500295639038,0.843500018119812,333588000,NVDA,-0.01896311176054155,0.04382132924750204,0.05343048353974322,0.8008371710777282,0.7633254706859589,0.6988276445865631,0.026167796724107233,0.016907096234457845,-0.2728422080583143,321368000.0,74.50103790234117,0.0018777902131657323,0.01359069722644679,1
2015-12-08,0.8167036771774292,0.8389999866485596,0.8424999713897705,0.812250018119812,0.8174999952316284,314488000,NVDA,0.01359069722644679,0.024732279430192072,0.07250660081661331,0.8047794580459595,0.7660861253738404,0.7038642179965973,0.023094899482691285,0.016984668210067368,-0.05725625622024777,312464000.0,76.34723660093422,0.00201500356419591,-0.025327371582017033,0
2015-12-09,0.7960187196731567,0.8177499771118164,0.84375,0.809249997138977,0.8387500047683716,372676000,NVDA,-0.025327371582017033,0.0064614858470783965,0.06569988788387793,0.8058015465736389,0.768539834022522,0.7082882881164551,0.02662174241411134,0.017473428966725164,0.18502454783648337,303484800.0,63.291125014338995,0.0004106126525279148,0.008254300381475677,1
2015-12-10,0.8025892972946167,0.8245000243186951,0.8289999961853027,0.8174999952316284,0.8202499747276306,236596000,NVDA,0.008254300381475677,0.01695981052296891,0.08506194424699465,0.8084784984588623,0.771685728430748,0.712387990951538,0.026664649720814053,0.01722663648034191,-0.36514291234208807,284319800.0,64.30762842406392,-0.00046282853926701145,-0.01485746903094154,0
2015-12-11,0.7906648516654968,0.812250018119812,0.8220000267028809,0.8105000257492065,0.8162500262260437,227320000,NVDA,-0.01485746903094154,-0.037333462993651145,0.07280842922381736,0.8023458957672119,0.7743687361478806,0.716481944322586,0.01729420556098031,0.01767394390366662,-0.03920607279920196,281131800.0,58.184500704526684,-0.002011591673171484,0.002462164972817815,1
2015-12-14,0.7926115989685059,0.8142499923706055,0.8187500238418579,0.8044999837875366,0.8130000233650208,275892000,NVDA,0.002462164972817815,-0.016309384078209255,0.09710313902233203,0.7997176289558411,0.7778763860464096,0.720309362411499,0.016360797562786633,0.0168023270060455,0.21367235614992075,280279400.0,63.03315481701917,-0.0030126328429221153,0.01228141523390014,1
2015-12-15,0.8023459911346436,0.8242499828338623,0.8299999833106995,0.8190000057220459,0.8234999775886536,307296000,NVDA,0.01228141523390014,-0.01758004334253349,0.08865790686158315,0.7968460917472839,0.7811434507369995,0.7240308475494385,0.01603255055791849,0.016513861929649012,0.11382714975425157,278430200.0,63.88885634123083,-0.003114040562970051,0.006065834582113849,1
2015-12-16,0.8072128891944885,0.8292499780654907,0.8320000171661377,0.8187500238418579,0.8259999752044678,236356000,NVDA,0.006065834582113849,0.014062696321925694,0.09526152564111579,0.7990849256515503,0.7846538603305817,0.7276896667480469,0.010514325235089722,0.016484766957318625,-0.2308523378111007,277395600.0,65.36144633865374,-0.002949794079448516,-0.01507378282975036,0
2015-12-17,0.7950451374053955,0.8167499899864197,0.8389999866485596,0.8162500262260437,0.8305000066757202,254160000,NVDA,-0.01507378282975036,-0.009399776342210342,0.05285224092465923,0.7975760936737061,0.7866493880748748,0.7309742105007172,0.012500114981162803,0.01634912789289776,0.07532704902773779,272592800.0,59.302312748865695,-0.003708039139699533,-0.01622278846335501,0
2015-12-18,0.7821472883224487,0.8034999966621399,0.8192499876022339,0.8025000095367432,0.8109999895095825,395896000,NVDA,-0.01622278846335501,-0.010772659648530358,0.032776359528291055,0.7958725810050964,0.7878905057907104,0.7339280712604522,0.012865569067229665,0.016887407790237664,0.5576644633301857,279684000.0,52.966161648484515,-0.005042877301351917,0.023646547308107335,1
2015-12-21,0.8006423711776733,0.8224999904632568,0.8232499957084656,0.8050000071525574,0.812250018119812,284216000,NVDA,0.023646547308107335,0.010132039727425823,0.04810448093916064,0.7974787354469299,0.789727845788002,0.7373003149032593,0.01742339214352998,0.01753017958346855,-0.2820942873886071,281907600.0,51.10125805141758,-0.004654221112228754,0.0009116660648946784,1
2015-12-22,0.8013722896575928,0.8232499957084656,0.8314999938011169,0.8182500004768372,0.824999988079071,130012000,NVDA,0.0009116660648946784,-0.0012135680713925012,0.06500646182375114,0.7972839951515198,0.7921735763549804,0.7405513978004455,0.016485539273733342,0.017050284679806734,-0.5425591803417119,276280600.0,53.262431775989235,-0.004328809429733273,0.003948144694794875,1
2015-12-23,0.8045362234115601,0.8264999985694885,0.8297500014305115,0.8230000138282776,0.8245000243186951,122524000,NVDA,0.003948144694794875,-0.003315935385520774,0.06063537017554066,0.7967486619949341,0.7944732993841171,0.7438415145874023,0.016312716799296318,0.017014112862016845,-0.057594683567670724,272635400.0,54.73692701107112,-0.0038948973960512973,0.0033269673944305023,1
2015-12-24,0.8072128891944885,0.8292499780654907,0.831250011920929,0.8227499723434448,0.8240000009536743,52448000,NVDA,0.0033269673944305023,0.015304479225924261,0.06553175465645467,0.7991822123527527,0.7969555377960205,0.7467196869850159,0.014151748881597715,0.01698302357544729,-0.5719369266429435,268342800.0,44.668962877918105,-0.0034379448746005084,-0.0009044668434151637,0
2015-12-28,0.8064827919006348,0.828499972820282,0.828499972820282,0.8090000152587891,0.8205000162124634,142024000,NVDA,-0.0009044668434151637,0.031113709580686377,0.05575005573093916,0.8040493130683899,0.7990848988294601,0.7495493161678314,0.009951709581290788,0.016964637950192138,1.7079011592434412,271094200.0,50.31047238963588,-0.0032000811169838293,0.016294624248440748,1
2015-12-29,0.819624125957489,0.8420000076293945,0.8445000052452087,0.8267499804496765,0.8289999961853027,203660000,NVDA,0.016294624248440748,0.023708156679111525,0.06179091576864426,0.807845664024353,0.801469799876213,0.7524332797527313,0.006757332224798633,0.017150307687126755,0.433982988790627,264915000.0,51.21959111824435,-0.002219471188524523,-0.008610421444648741,0
2015-12-30,0.8125668168067932,0.8347499966621399,0.8485000133514404,0.8345000147819519,0.8412500023841858,180344000,NVDA,-0.008610421444648741,0.013969196706294484,0.01954168891890995,0.8100845694541932,0.802248528599739,0.755200343132019,0.009050152000910458,0.01586442648604346,-0.11448492585682024,253457400.0,57.798128545772094,-0.0021086991403972827,-0.012878239227722243,0
2015-12-31,0.8021023869514465,0.8240000009536743,0.8372499942779541,0.8240000009536743,0.8335000276565552,148528000,NVDA,-0.012878239227722243,-0.00302514217419958,0.014153486872909626,0.8095978021621704,0.8028082340955734,0.7577775061130524,0.011356206150760165,0.01605831894807723,-0.17641840039036505,246171800.0,49.778670789258506,-0.0027615598097357717,-0.017900363712835876,0
2016-01-04,0.7877444624900818,0.809249997138977,0.8144999742507935,0.8009999990463257,0.8072500228881836,358076000,NVDA,-0.017900363712835876,-0.02411808206362276,-0.0018500595325533498,0.8057041168212891,0.8027352303266525,0.7602420699596405,0.013337495459370768,0.016589279653090778,1.4108316277065605,251742800.0,48.701244998059664,-0.004101006213700017,0.016064349710078307,1
2016-01-05,0.8003990650177002,0.8222500085830688,0.8360000252723694,0.8125,0.8245000243186951,490272000,NVDA,0.016064349710078307,-0.007543529687220052,-0.02548166328545942,0.8044873714447022,0.8016887903213501,0.7624797022342682,0.016386772205943517,0.01414522906593672,0.369184195533909,253318600.0,53.16208403439443,-0.0040673518719678715,-0.04134983975834028,0
2016-01-06,0.7673026919364929,0.7882500290870667,0.8125,0.7789999842643738,0.8087499737739563,449344000,NVDA,-0.04134983975834028,-0.06383588813942476,-0.04771964148426755,0.794023084640503,0.7997662782669067,0.7639632797241211,0.020565295039944344,0.01634066472872034,-0.08348019058808176,259106400.0,38.03984352273212,-0.006085278863497159,-0.039645067354255215,0
2016-01-07,0.7368829250335693,0.7570000290870667,0.7737500071525574,0.746999979019165,0.7684999704360962,645304000,NVDA,-0.039645067354255215,-0.09314174564824684,-0.09773526723881609,0.7788863062858582,0.7957752406597137,0.7649014961719512,0.023419155285334788,0.017877192906180228,0.43610240706452075,275647200.0,29.561545515422964,-0.00909862988690395,-0.021466258087540324,0
2016-01-08,0.7210648059844971,0.7407500147819519,0.7674999833106995,0.7392500042915344,0.7667499780654907,398472000,NVDA,-0.021466258087540324,-0.10103146716088118,-0.09416099375079467,0.7626787900924683,0.7920275449752807,0.7655330502986908,0.023158404978366666,0.0176654419983984,-0.38250498989623494,276937000.0,28.94738270460755,-0.011625347897053152,0.0016873790035263347,1
2016-01-11,0.7222815155982971,0.7419999837875366,0.7472500205039978,0.7287499904632568,0.7415000200271606,409372000,NVDA,0.0016873790035263347,-0.08310175445074475,-0.10006086795204294,0.7495862007141113,0.7880121558904648,0.7660774123668671,0.025338279851742314,0.01747032395827861,0.027354494167720622,285575800.0,31.750717793241392,-0.012600979540622951,0.01684660336017707,1
2016-01-12,0.7344495058059692,0.7544999718666077,0.765500009059906,0.7492499947547913,0.7552499771118164,469356000,NVDA,0.01684660336017707,-0.08239584738929262,-0.0710988299797477,0.7363962888717651,0.7852013885974884,0.7673451626300811,0.025594148446224086,0.01797061370893422,0.1465268753114526,297677600.0,29.01239980859407,-0.01182567075164465,-0.030483562026934252,0
2016-01-13,0.7120608687400818,0.7315000295639038,0.765250027179718,0.7307500243186951,0.7602499723434448,481672000,NVDA,-0.030483562026934252,-0.07199482521948886,-0.10162698897322686,0.725347924232483,0.7811738520860672,0.7678305733203888,0.023349814117984993,0.018879830356775835,0.026240209989858432,307966600.0,25.101900627405442,-0.01217191951503951,-0.02016415155730189,0
2016-01-14,0.6977027654647827,0.7167500257492065,0.7250000238418579,0.6955000162124634,0.7164999842643738,600236000,NVDA,-0.02016415155730189,-0.05317012816791988,-0.13042157227193074,0.7175118923187256,0.7759416908025741,0.7678688156604767,0.019423780785307366,0.01869414499278619,0.24615090767161063,322613600.0,21.96679497983338,-0.01266275571933033,-0.05441232376889171,0
2016-01-15,0.6597391366958618,0.6777499914169312,0.6962500214576721,0.6660000085830688,0.6880000233650208,841452000,NVDA,-0.05441232376889171,-0.08504876230216918,-0.18269499220433616,0.7052467584609985,0.7685680031776428,0.7672447633743286,0.02777519214189424,0.021224411072511527,0.40186859835131505,352868400.0,17.349229311118876,-0.014696074594047946,0.008114767324389982,1
2016-01-19,0.6650927662849426,0.6832500100135803,0.7112500071525574,0.6804999709129333,0.6917499899864197,457140000,NVDA,0.008114767324389982,-0.07917792173593496,-0.16345282174110054,0.6938090085983276,0.7620703846216201,0.7669556713104249,0.028995860708445776,0.02155308045219532,-0.4567248042669101,363017400.0,19.324197138824644,-0.014791700230317123,0.005488777293887415,1
2016-01-20,0.6687433123588562,0.6869999766349792,0.6957499980926514,0.6612499952316284,0.6702499985694885,481180000,NVDA,0.005488777293887415,-0.08946318695525357,-0.14499056335900828,0.680667769908905,0.7564001858234406,0.7668947470188141,0.026075178101239382,0.021698393153662125,0.05258782867392919,367281600.0,15.85909025189737,-0.013742777964562029,0.011644658109240646,1
2016-01-21,0.6765305995941162,0.6949999928474426,0.7057499885559082,0.6802499890327454,0.6945000290870667,481456000,NVDA,0.011644658109240646,-0.049897797654339215,-0.15501524282433343,0.6735617160797119,0.7501945972442627,0.7651276636123657,0.02789360355813978,0.020942290604970177,0.000573589924768303,377143600.0,19.319440855971195,-0.011736141758233565,0.0233813203175246,1
2016-01-22,0.6923487782478333,0.7112500071525574,0.7160000205039978,0.7067499756813049,0.7082499861717224,257996000,NVDA,0.0233813203175246,-0.007673736556544686,-0.13604602107759756,0.672490918636322,0.7447434216737747,0.7637448275089264,0.030546166487265717,0.022029849374812734,-0.4641337941577216,383542800.0,25.830679296835214,-0.008695158423957315,-0.0010546084884360818,0
2016-01-25,0.6916186213493347,0.7105000019073486,0.7192500233650208,0.7089999914169312,0.7110000252723694,270728000,NVDA,-0.0010546084884360818,0.04832134836373858,-0.14035117223611004,0.6788668155670166,0.7390975415706634,0.7626383090019226,0.009037394912706744,0.021926547962961764,0.049349602319415764,390953000.0,27.480048348682473,-0.006201537810001781,0.009852427320013346,1
2016-01-26,0.6984327435493469,0.7174999713897705,0.7204999923706055,0.7047500014305115,0.7120000123977661,227944000,NVDA,0.009852427320013346,0.05012831134915796,-0.13476016934478396,0.6855348110198974,0.7336585342884063,0.7618135356903076,0.00900343545292386,0.022140524655155955,-0.1580331550486097,399727800.0,25.439655620445123,-0.003686120431695014,-0.011846721177098951,0
2016-01-27,0.6901586055755615,0.7089999914169312,0.71875,0.6955000162124634,0.7164999842643738,231700000,NVDA,-0.011846721177098951,0.03202318860007325,-0.14423641458106318,0.6898178696632385,0.7278423249721527,0.760876613855362,0.013381936043960669,0.022117813240782366,0.016477731372617876,404211600.0,28.89481873615763,-0.0022433997005428703,-0.010931138774361027,0
2016-01-28,0.6826143860816956,0.7012500166893005,0.7172499895095825,0.6875,0.7147499918937683,276776000,NVDA,-0.010931138774361027,0.008992625745575022,-0.1671616726944659,0.6910346269607544,0.7209918379783631,0.7600797295570374,0.014891494639496189,0.021401049208623422,0.19454466983167884,407867400.0,33.028933061888225,-0.0014969593970732727,0.04420692347583288,1
2016-01-29,0.7127906680107117,0.7322499752044678,0.7337499856948853,0.7045000195503235,0.7072499990463257,310504000,NVDA,0.04420692347583288,0.029525421875679303,-0.12279131602762172,0.6951230049133301,0.716003030538559,0.7595954489707947,0.023073449679872012,0.024474571187311663,0.12186027690262158,414375400.0,47.625698562902556,0.0011845823414851145,0.0003415939417206193,1
2016-02-01,0.7130341529846191,0.7325000166893005,0.7362499833106995,0.7252500057220459,0.7315000295639038,289884000,NVDA,0.0003415939417206193,0.030964365293553175,-0.11104347202524778,0.699406111240387,0.7115496188402176,0.7591160380840302,0.022974277970100123,0.0244644323992587,-0.06640816221369128,421443200.0,47.33152275803708,0.0030254962454636276,-0.04232103246015462,0
2016-02-02,0.6828578114509583,0.7014999985694885,0.7287499904632568,0.6965000033378601,0.7250000238418579,341908000,NVDA,-0.04232103246015462,-0.022299830931807207,-0.13314806518293254,0.6962911248207092,0.7063052862882614,0.7576705026626587,0.03130818412646117,0.02569035516919472,0.17946488940403738,420634800.0,36.51400303821135,0.0022947991801923265,0.004989415135731701,1
2016-02-03,0.6862648725509644,0.7049999833106995,0.7112500071525574,0.6887500286102295,0.7070000171661377,326772000,NVDA,0.004989415135731701,-0.005641794499323782,-0.14259660893558368,0.6955123782157898,0.7005985766649246,0.7562493014335633,0.03117315953916687,0.02528773459762795,-0.0442692186202136,412459800.0,42.514097957322655,0.0021285545149667025,0.00035462366551453073,1
2016-02-04,0.6865082383155823,0.7052500247955322,0.7212499976158142,0.6982499957084656,0.7059999704360962,348140000,NVDA,0.00035462366551453073,0.005704321961683245,-0.10529671597659107,0.6962911486625671,0.6965588539838791,0.754701554775238,0.030655313507807622,0.02402502407950107,0.06539115958527653,407399600.0,46.4615139979072,0.002118061447249679,-0.063098291264304,0
2016-02-05,0.6431907415390015,0.6607499718666077,0.7082499861717224,0.6587499976158142,0.7005000114440918,600428000,NVDA,-0.063098291264304,-0.09764427284935251,-0.1271466338975077,0.6823711633682251,0.6918742448091507,0.7525162160396576,0.03085546561539744,0.026259593518801156,0.7246739817314873,405155800.0,44.94045232614251,-0.0005790394443497653,-0.045781140678068155,0
2016-02-08,0.6137447357177734,0.6305000185966492,0.6539999842643738,0.6212499737739563,0.6507499814033508,608852000,NVDA,-0.045781140678068155,-0.13924917460298358,-0.14883554068374683,0.662513279914856,0.6865082412958146,0.7496202754974365,0.030160311811459704,0.02752411937243288,0.014029991939083386,415674800.0,36.31658315562153,-0.003932101691770724,0.010705814394351476,1
2016-02-09,0.6203153729438782,0.6372500061988831,0.6637499928474426,0.6200000047683716,0.6230000257492065,425372000,NVDA,0.010705814394351476,-0.09158925541788543,-0.14117229979221602,0.65000479221344,0.6814099341630936,0.7468752205371857,0.033516695643314845,0.02775818024250434,-0.3013540236379284,416474800.0,37.292508503608836,-0.00521307467228152,-0.0023541473590550366,0
2016-02-10,0.6188550591468811,0.6357499957084656,0.6597499847412109,0.6322500109672546,0.6412500143051147,335800000,NVDA,-0.0023541473590550366,-0.09822710749205243,-0.15738923608129773,0.6365228295326233,0.6756302118301392,0.7439744102954865,0.03236764505875522,0.027209040418937038,-0.21057333345871376,409797000.0,34.3461688164831,-0.0056287864038408325,-0.0051119823282365084,0
2016-02-11,0.6156914830207825,0.6324999928474426,0.6389999985694885,0.6194999814033508,0.6194999814033508,340144000,NVDA,-0.0051119823282365084,-0.10315499704498221,-0.13533869076363514,0.6223594784736634,0.6708117425441742,0.7408497178554535,0.03158973250136239,0.026700573674565818,0.012936271590232362,402720600.0,27.65968830122081,-0.00557624593146494,0.016996223179837955,1
2016-02-12,0.6261559128761292,0.6432499885559082,0.6445000171661377,0.6187499761581421,0.6424999833106995,340816000,NVDA,0.016996223179837955,-0.026484878532473943,-0.10254632220210824,0.6189525127410889,0.6672343999147415,0.7374329912662506,0.02449776262973601,0.02701999393762938,0.0019756338491931924,389749600.0,31.946448966280414,-0.004350551410930811,0.04896958664000417,1
2016-02-16,0.6568185091018677,0.6747499704360962,0.6757500171661377,0.6504999995231628,0.6524999737739563,485352000,NVDA,0.04896958664000417,0.07018190279663994,-0.004426943062103894,0.6275672674179077,0.6670883685350418,0.7347511959075927,0.021652371454922496,0.02696674336328148,0.42408807098258294,371944600.0,39.857605441267694,-0.001154884015061728,0.0248245260756621,1
2016-02-17,0.6731237173080444,0.6915000081062317,0.6980000138282776,0.6804999709129333,0.6832500100135803,771468000,NVDA,0.0248245260756621,0.08513144549932661,0.012074933648671182,0.638128936290741,0.6674899160861969,0.7324295794963837,0.02205809838823124,0.027481180603084774,0.5895020521188745,387661000.0,46.004595446381245,0.0021943793012161733,0.08604443298419517,1
2016-02-18,0.7310422658920288,0.7509999871253967,0.7745000123977661,0.7475000023841858,0.7482500076293945,1068660000,NVDA,0.08604443298419517,0.18128187705179744,0.09315824529657823,0.6605663776397706,0.6706048637628556,0.7306238675117492,0.03476773949960279,0.033437312057470796,0.3852291993964754,417035000.0,59.1874211987403,0.008115004379580647,0.01331577204261869,1
2016-02-19,0.7407766580581665,0.7609999775886536,0.7677500247955322,0.7412499785423279,0.746999979019165,525628000,NVDA,0.01331577204261869,0.20316210064117746,0.09496400976185648,0.6855834126472473,0.6738171666860581,0.7293243420124054,0.030218610586050968,0.03345689701801547,-0.5081429079407856,419243600.0,55.75574677347345,0.01224344421279892,0.03547939881736406,1
2016-02-22,0.7670589685440063,0.7879999876022339,0.796750009059906,0.7705000042915344,0.7720000147819519,449668000,NVDA,0.03547939881736406,0.2250287073401025,0.1079083153511824,0.7137640237808227,0.6775526762008667,0.7283314478397369,0.028055364667758428,0.033911590144952514,-0.14451284939158493,428827200.0,60.0361057359489,0.016060301619030635,0.002538480893090167,1
2016-02-23,0.7690061330795288,0.7900000214576721,0.7975000143051147,0.777999997138977,0.7817500233650208,369380000,NVDA,0.002538480893090167,0.17080460191517166,0.1118933315867241,0.736201548576355,0.6814220517873764,0.7277911961078644,0.032405653682358586,0.033883545329284455,-0.17854950763674537,433759800.0,67.87880017387351,0.017892162384823364,0.006961751485182521,1
2016-02-24,0.7743597626686096,0.7954999804496765,0.796750009059906,0.7649999856948853,0.7867500185966492,336852000,NVDA,0.006961751485182521,0.1503973827655758,0.10871056636521814,0.756448757648468,0.6852184027433396,0.7272266054153442,0.034379696689854106,0.03387177642295344,-0.08806107531539331,439205200.0,68.13624736390149,0.018560449328122428,0.002200113750414623,1
2016-02-25,0.7760634422302246,0.797249972820282,0.8012499809265137,0.7829999923706055,0.7985000014305115,349616000,NVDA,0.002200113750414623,0.061584915727492584,0.12447115193618763,0.7654529929161071,0.6895136445760727,0.7269345772266388,0.013819428170948783,0.03363327344454127,0.03789201192214975,445101000.0,68.32669094308443,0.0181891637335782,-0.006585467609367068,0
2016-02-26,0.7709527015686035,0.7919999957084656,0.8029999732971191,0.7839999794960022,0.8009999990463257,361964000,NVDA,-0.006585467609367068,0.04073568353184731,0.12941174005133793,0.7714882016181945,0.6939305603504181,0.7265013992786408,0.016064926260948523,0.03352917858547144,0.035318749713971975,449360400.0,80.99164472348701,0.016709420454209704,-0.006494444289818491,0
2016-02-29,0.7659457921981812,0.7839999794960022,0.8004999756813049,0.7835000157356262,0.7902500033378601,323344000,NVDA,-0.006494444289818491,-0.0014512265568554783,0.0745732605279712,0.7712655663490295,0.6965883165597916,0.7257733952999115,0.006019051408347869,0.03243778927430301,-0.10669569349438068,450002400.0,91.88617110552813,0.014581030081503646,0.044324170117781225,1
2016-03-01,0.799895703792572,0.8187500238418579,0.8187500238418579,0.7847499847412109,0.7860000133514404,348700000,NVDA,0.044324170117781225,0.04016817211761903,0.12181962174514038,0.7774434804916381,0.7009313941001892,0.7256270515918731,0.021076964728315935,0.03363835306395568,0.07841803157009264,452943200.0,92.94877094866945,0.014610554204154236,0.005801629401082309,1
2016-03-02,0.8045364022254944,0.8234999775886536,0.8264999985694885,0.812749981880188,0.8142499923706055,233812000,NVDA,0.005801629401082309,0.0389697928684849,0.17819023043170512,0.7834788084030151,0.7070153236389161,0.7258168768882751,0.02109874360247305,0.03163932783324544,-0.32947519357613997,447538400.0,93.74246670748077,0.014087323702706458,-0.008804270833325578,0
2016-03-03,0.7974530458450317,0.8162500262260437,0.8259999752044678,0.8052499890327454,0.8224999904632568,302004000,NVDA,-0.008804270833325578,0.02756166886735234,0.16201932772802707,0.7877567291259766,0.7125747323036193,0.7261229920387268,0.022370932880471255,0.03187403084905316,0.29165312302191504,446300000.0,92.0425972040656,0.01246475627004215,-0.0030625511153937746,0
2016-03-04,0.7950108051300049,0.8137500286102295,0.8232499957084656,0.8075000047683716,0.8224999904632568,175304000,NVDA,-0.0030625511153937746,0.031205680338692643,0.1580499122350587,0.7925683498382569,0.7179998606443405,0.7260103607177735,0.02194063613656535,0.03192636710166705,-0.41953086714083254,437658200.0,90.56254623023322,0.010505978870947862,-0.006451908927139982,0
2016-03-07,0.7898814678192139,0.8084999918937683,0.8147500157356262,0.7979999780654907,0.809249997138977,239968000,NVDA,-0.006451908927139982,0.031249829772339366,0.2280672229970484,0.7973554849624633,0.7253343969583511,0.7257805442810059,0.021934416850297213,0.02750860916760425,0.36886779537260983,419635200.0,86.4340187018386,0.008243724448169513,-0.01824326751288785,0
2016-03-08,0.7754714488983154,0.793749988079071,0.8050000071525574,0.7912499904632568,0.8002499938011169,274940000,NVDA,-0.01824326751288785,-0.030534299382348307,0.26350810649545187,0.7924706339836121,0.7334207326173783,0.7251992487907409,0.00874295696901062,0.0251194594491542,0.14573609814641952,402939600.0,78.31776533217233,0.005298787086769209,-0.0006301184635009172,0
2016-03-09,0.7749828100204468,0.7932500243186951,0.8019999861717224,0.7829999923706055,0.8007500171661377,222788000,NVDA,-0.0006301184635009172,-0.03673369175502439,0.24933677903636586,0.7865599155426025,0.7411541044712067,0.7245546472072601,0.006802291538144169,0.025278836658223044,-0.18968502218665895,392810400.0,67.82100286895906,0.002956688711828706,-0.0015756741204120406,0
2016-03-10,0.7737616896629333,0.7919999957084656,0.8025000095367432,0.7760000228881836,0.7979999780654907,286084000,NVDA,-0.0015756741204120406,-0.029708778849786066,0.25031164927309124,0.7818216443061828,0.7488994359970093,0.7239002251625061,0.007196187325052998,0.025256994430234603,0.28410865935328644,390324600.0,64.37008865670882,0.0010617306531461104,0.01704524577040667,1
2016-03-11,0.7869506478309631,0.8054999709129333,0.8057500123977661,0.7942500114440918,0.8037499785423279,277400000,NVDA,0.01704524577040667,-0.010138424845337446,0.2781574368544577,0.7802096128463745,0.7574623942375183,0.7232467555999755,0.012732213905741132,0.024973190210009998,-0.030354720991037643,387187400.0,59.781856168812325,0.00046356596285719934,0.002483253414927944,1
2016-03-14,0.7889048457145691,0.8075000047683716,0.8107500076293945,0.7979999780654907,0.8017500042915344,190312000,NVDA,0.002483253414927944,-0.0012364160249779266,0.25991758520794517,0.7800142884254455,0.7655998408794403,0.7227735161781311,0.01257213259730167,0.025050457957202815,-0.31394376351838504,379662200.0,59.78463802012351,-8.469701202371005e-06,-0.004953750963214709,0
2016-03-15,0.7849968075752258,0.8034999966621399,0.8084999918937683,0.7892500162124634,0.8032500147819519,226216000,NVDA,-0.004953750963214709,0.012283313190244227,0.19515025337612513,0.7819193601608276,0.7720087558031082,0.7224314045906067,0.008566332135133156,0.023717914905795664,0.1886586237336585,366705400.0,55.30590255644248,-0.0007508001492046897,0.02986910994565628,1
2016-03-16,0.8084439635276794,0.8274999856948853,0.8302500247955322,0.793749988079071,0.7975000143051147,363644000,NVDA,0.02986910994565628,0.04317663962939999,0.20103324654910026,0.7886115908622742,0.77877476811409,0.7228453946113587,0.01456328291180913,0.023918671997404085,0.6075078685857764,346314200.0,63.27273740084935,0.00012382386305357165,-0.008458916650858184,0
2016-03-17,0.8016054034233093,0.8205000162124634,0.828499972820282,0.809249997138977,0.8245000243186951,353680000,NVDA,-0.008458916650858184,0.03598486993134187,0.09652401895693163,0.7941803336143494,0.782302924990654,0.7228695213794708,0.016015464371651328,0.016026142453841066,-0.027400424591083605,310565200.0,62.38902045054312,3.302850399686946e-05,0.030164609876622395,1
2016-03-18,0.8257855176925659,0.8452500104904175,0.856249988079071,0.824999988079071,0.8302500247955322,545512000,NVDA,0.030164609876622395,0.049348545513802744,0.11475639615486433,0.8019473075866699,0.786553367972374,0.7240391778945923,0.018855240112784086,0.016918769056334836,0.5423885998642841,311559400.0,70.94020944714764,0.0013213506836392622,0.0029578367335332256,1
2016-03-21,0.8282280564308167,0.8477500081062317,0.8479999899864197,0.8287500143051147,0.8377500176429749,337780000,NVDA,0.0029578367335332256,0.0498453152238274,0.07974496146354748,0.8098119497299194,0.7896118223667145,0.7258660805225372,0.018810209261655105,0.015387440734735866,-0.38080188886770594,305965000.0,62.71935317104811,0.002016288128144788,-0.0017697992876902768,0
2016-03-22,0.8267622590065002,0.8462499976158142,0.8522499799728394,0.8357499837875366,0.8450000286102295,242012000,NVDA,-0.0017697992876902768,0.0532046130993622,0.07510489636237838,0.8181650400161743,0.792499628663063,0.7279800295829773,0.018225793580260708,0.015438376562949916,-0.28352181893540174,299596600.0,60.27072168946552,0.0020488573354622563,0.01713445015197057,1
2016-03-23,0.8409283757209778,0.8607500195503235,0.8669999837875366,0.8462499976158142,0.8500000238418579,429008000,NVDA,0.01713445015197057,0.04018140237147816,0.08596600218864481,0.8246619224548339,0.7958280593156815,0.7303529667854309,0.01554410079079273,0.01571523934609586,0.7726724294663074,304204400.0,68.85594260970723,0.0026574821132771854,0.0014521807057719105,1
2016-03-24,0.842149555683136,0.8619999885559082,0.8634999990463257,0.8502500057220459,0.8529999852180481,244956000,NVDA,0.0014521807057719105,0.05057869131954473,0.08515555540536135,0.8327707529067994,0.7991323649883271,0.7325069677829742,0.01340425852528138,0.015721256602981248,-0.429017640696677,298971400.0,70.66369362246485,0.0027630896849810474,0.010150878428472065,1
2016-03-28,0.8506981134414673,0.8707500100135803,0.8744999766349792,0.859499990940094,0.8604999780654907,265388000,NVDA,0.010150878428472065,0.030168361172659974,0.10343748936946628,0.8377532720565796,0.8031196355819702,0.735279712677002,0.007607756927975439,0.015560988754451596,0.08341089828377335,294142600.0,75.88361058627989,0.0030091981860937804,0.016078295747594673,1
2016-03-29,0.8643758893013,0.8847500085830688,0.8867499828338623,0.8650000095367432,0.8669999837875366,261812000,NVDA,0.016078295747594673,0.0436447818808019,0.12850791545004148,0.8449828386306762,0.8080411404371262,0.7386131751537323,0.008511618606484993,0.015498309226312524,-0.013474610758587469,291066000.0,88.07511439874735,0.0036509446785861176,0.0104550318197969,1
2016-03-30,0.8734129667282104,0.8939999938011169,0.90625,0.887499988079071,0.8880000114440918,376700000,NVDA,0.0104550318197969,0.056425782881972975,0.09190856081245169,0.8543129801750183,0.8117170035839081,0.7428866517543793,0.006236680745450559,0.012710121066292183,0.43881869433028275,292466000.0,89.27867723241766,0.004202548213817485,-0.0036355973253512364,0
2016-03-31,0.8702375888824463,0.890749990940094,0.8999999761581421,0.8837500214576721,0.8980000019073486,379884000,NVDA,-0.0036355973253512364,0.03485340013213367,0.08166341072350547,0.8601748228073121,0.8150020629167557,0.7469895482063293,0.007875993914527138,0.012833138459606167,0.00845234934961514,299769600.0,87.90758457557057,0.0038797870985510033,0.014594493596099323,1
2016-04-01,0.8829382658004761,0.9037500023841858,0.9042500257492064,0.8784999847412109,0.8852499723434448,348292000,NVDA,0.014594493596099323,0.04843404576073551,0.10719780982823734,0.86833256483078,0.8192763239145279,0.7512734472751618,0.007795886573877018,0.012668939397551992,-0.08316222846974342,302084000.0,87.8610055893241,0.00403024073667935,-0.009682010276478192,0
2016-04-04,0.8743896484375,0.8949999809265137,0.9160000085830688,0.8914999961853027,0.9112499952316284,393940000,NVDA,-0.009682010276478192,0.027849521024784663,0.09984624459854308,0.8730708718299866,0.8232452660799027,0.7552306282520295,0.011544433973386854,0.01297830140315019,0.13106244185912974,313015800.0,82.05097147587188,0.0031041431335581612,-0.0013966766063451264,0
2016-04-05,0.873168408870697,0.893750011920929,0.9020000100135804,0.8834999799728394,0.8870000243186951,339568000,NVDA,-0.0013966766063451264,0.01017210183465922,0.10544232830456246,0.874829375743866,0.8274096131324769,0.7588470208644867,0.010122414336064188,0.012794546141952893,-0.13802101842920245,317995800.0,83.738069563726,0.002012372798100643,0.0013986300402031304,1
2016-04-06,0.8743896484375,0.8949999809265137,0.8955000042915344,0.8657500147819519,0.8824999928474426,453376000,NVDA,0.0013986300402031304,0.0011182358706536277,0.1275587897913122,0.8750247120857239,0.8323555231094361,0.76250244140625,0.00899357992831546,0.011607012105304558,0.335155256090091,326917600.0,80.40516587034318,0.0010252811162406207,-0.01033495698380571,0
2016-04-07,0.8653528690338135,0.8857499957084656,0.8972499966621399,0.8820000290870667,0.8892499804496765,378104000,NVDA,-0.01033495698380571,-0.005613087633810188,0.11660911422149156,0.8740477681159973,0.8368740260601044,0.7658408439159393,0.010143746420777177,0.012095077003026134,-0.1660255505364201,334683400.0,78.80770335126702,-0.0005014346656030608,0.0064917084831106475,1
2016-04-08,0.8709704875946045,0.8914999961853027,0.8987500071525574,0.8827499747276306,0.8930000066757202,255936000,NVDA,0.0064917084831106475,-0.01355449035275591,0.12563144341511312,0.871654212474823,0.8417344659566879,0.7694570815563202,0.007246134347550318,0.011977163420748449,-0.3231068700674946,333176000.0,74.53555541746286,-0.001349991101218001,0.006168981814150376,1
2016-04-11,0.8763434886932373,0.8970000147819519,0.9117500185966492,0.8939999938011169,0.8967499732971191,387524000,NVDA,0.006168981814150376,0.002234518969007393,0.11359396057257687,0.8720449805259705,0.8462041079998016,0.773331663608551,0.006888998438152437,0.011692914514488801,0.5141441610402602,338682200.0,75.32096503120097,-0.001741541678387807,-0.0011144284373026947,0
2016-04-12,0.8753668665885925,0.8960000276565552,0.9012500047683716,0.8784999847412109,0.8999999761581421,292764000,NVDA,-0.0011144284373026947,0.0025177934698059623,0.10959752794484157,0.8724846720695496,0.8505272090435028,0.7765831875801087,0.006871057345631476,0.011768521949774603,-0.2445267905987758,343804800.0,75.71077062000965,-0.002227372902089901,0.02511143269755145,1
2016-04-13,0.8973485827445984,0.9185000061988832,0.918749988079071,0.8999999761581421,0.8999999761581421,350716000,NVDA,0.02511143269755145,0.026257097562997433,0.14312386252425102,0.8770764589309692,0.8561447978019714,0.7802694761753082,0.01304088428463372,0.01230086507880097,0.1979478351163395,350029800.0,77.56575950907953,-0.0012766051866487556,0.0027220836969166218,1
2016-04-14,0.8997912406921387,0.9210000038146972,0.925000011920929,0.9122499823570251,0.9160000085830688,416564000,NVDA,0.0027220836969166218,0.03979691163071597,0.11299147657168662,0.8839641332626342,0.8607121616601944,0.7846081447601319,0.010115346893433652,0.011053748333990502,0.18775305375289397,352675800.0,77.83037139316612,-0.0007192733090221441,0.007871692035873012,1
2016-04-15,0.9068741202354432,0.928250014781952,0.9365000128746032,0.9177500009536744,0.9207500219345092,436972000,NVDA,0.007871692035873012,0.04122255937740826,0.13132236429866473,0.891144859790802,0.8659755975008011,0.7890203297138214,0.010086921955355524,0.010566654695851949,0.048991271449285057,356840400.0,77.51209832085993,-0.00013998817918826553,-0.0043091529885035396,0
2016-04-18,0.9029662609100342,0.9242500066757202,0.9265000224113464,0.91525000333786,0.9265000224113464,307320000,NVDA,-0.0043091529885035396,0.030379380414517154,0.09346342550681808,0.8964694142341614,0.8698346346616745,0.7933494901657104,0.011579860650026644,0.009179411259665765,-0.2967055097351775,344930800.0,70.89956996092133,-0.00027839447675940057,-0.01785229113501252,0
2016-04-19,0.8868462443351746,0.9077500104904176,0.9294999837875366,0.9020000100135804,0.9277499914169312,309152000,NVDA,-0.01785229113501252,0.01311379055426043,0.07077541922084651,0.8987652897834778,0.8727655440568924,0.7982226002216339,0.015815686162889905,0.010456128684469143,0.0059612130678119435,343499400.0,56.75675351564161,-0.0016380971987181511,0.003855617226403263,1
2016-04-20,0.8902655839920044,0.9112499952316284,0.9167500138282776,0.9052500128746032,0.90625,200172000,NVDA,0.003855617226403263,-0.007893252286564234,0.07680965633556447,0.897348690032959,0.8759407103061676,0.8037530171871186,0.010119498640897782,0.010382974272017792,-0.3525126798468068,341407400.0,60.049143047179946,-0.0024413173734758563,-0.001097402561753058,0
2016-04-21,0.889288604259491,0.9102500081062316,0.9157500267028807,0.90625,0.9114999771118164,178280000,NVDA,-0.001097402561753058,-0.011672303482937685,0.05750814211382882,0.8952481627464295,0.8783587217330933,0.8091324818134308,0.009857883130605448,0.009937549983686709,-0.10936594528705312,328871000.0,53.6111602582223,-0.0031286375163894313,-0.0038452291577620867,0
2016-04-22,0.8858690857887268,0.9067500233650208,0.9194999933242798,0.9037500023841858,0.9132500290870668,223540000,NVDA,-0.0038452291577620867,-0.023162017724425832,0.051914211449207937,0.8910471558570862,0.8805446982383728,0.8144727623462678,0.008062735213507626,0.010046665563167526,0.2538703163562934,327800200.0,56.932239396275726,-0.0038560296253669635,0.0049629209031074595,1
2016-04-25,0.8902655839920044,0.9112499952316284,0.9162499904632568,0.9045000076293944,0.9070000052452089,191972000,NVDA,0.0049629209031074595,-0.014065505509840093,0.04651176477924501,0.8885070204734802,0.8825230717658996,0.8199642443656922,0.009153180874949846,0.009906948096422756,-0.14121857385702785,324129400.0,59.94337149009657,-0.004062818374031132,0.0008229682318996456,1
2016-04-26,0.8909982442855835,0.9120000004768372,0.9272500276565552,0.9079999923706056,0.9167500138282776,214536000,NVDA,0.0008229682318996456,0.00468175850879482,0.030799511316544237,0.889337420463562,0.8838541895151139,0.8252610909938812,0.003596798572200985,0.009364503971202476,0.11753797428791701,321765600.0,59.7144303458547,-0.004157020405412236,0.022752161257974857,1
2016-04-27,0.9112703800201416,0.9327499866485596,0.9332500100135804,0.9079999923706056,0.9097499847412108,352396000,NVDA,0.022752161257974857,0.023593853795796926,0.043344230889706514,0.8935383796691895,0.8857470601797104,0.8303501284122468,0.010578398102892453,0.010332943942752429,0.6425961144050416,320550400.0,73.73746213064275,-0.0029192786721723638,-0.02975076822046263,0
2016-04-28,0.8841593861579895,0.9049999713897704,0.9325000047683716,0.9027500152587892,0.9269999861717224,381224000,NVDA,-0.02975076822046263,-0.005767776711557593,0.015997697012170464,0.8925125360488891,0.8864431500434875,0.8345708417892456,0.018958811499883068,0.012523613674586731,0.08180569586487918,320617400.0,55.57845249518096,-0.003928811866863065,-0.01850808559113204,0
2016-04-29,0.8677952885627747,0.8882499933242798,0.903249979019165,0.8784999847412109,0.9012500047683716,321904000,NVDA,-0.01850808559113204,-0.020402334290580026,-0.01715066366952933,0.8888977766036987,0.8856860011816025,0.8373059022426605,0.020572093518716996,0.012798512397260332,-0.15560405430927748,319298000.0,46.69197479520761,-0.00559917568118205,0.013228278031145901,1
2016-05-02,0.8792747259140015,0.8999999761581421,0.9054999947547911,0.8924999833106995,0.8967499732971191,256076000,NVDA,0.013228278031145901,-0.012345594703009,0.005586842759667698,0.8866996049880982,0.8859302550554276,0.8400758635997773,0.021764290996389102,0.012984368607118631,-0.20449575028579947,312404800.0,51.39859319396679,-0.005806501087493816,-0.011944523041351851,0
2016-05-03,0.8687722086906433,0.8892499804496765,0.8934999704360962,0.8815000057220459,0.8897500038146973,224024000,NVDA,-0.011944523041351851,-0.024945094715378868,-0.00503476778980072,0.8822543978691101,0.8857104450464248,0.8421101284027099,0.02205463167554454,0.01327048863748762,-0.12516596635373878,306627600.0,38.85716649731188,-0.0064755568196261555,-0.02277199416915099,0
2016-05-04,0.8489885330200195,0.8690000176429749,0.8792499899864197,0.8600000143051147,0.8784999847412109,525764000,NVDA,-0.02277199416915099,-0.06834617734282711,-0.02905010993996926,0.8697980284690857,0.8844403892755508,0.8437097764015198,0.016514756542356252,0.014189064959645838,1.3469092597221728,310247000.0,32.55025312869029,-0.00797648591350312,0.006041703876193738,1
2016-05-05,0.8541178703308105,0.8742499947547913,0.8845000267028809,0.8677499890327454,0.8762500286102295,246884000,NVDA,0.006041703876193738,-0.033977489011026374,-0.01298314145020063,0.86378972530365,0.8838786393404007,0.8453049385547637,0.015689892054725454,0.014117264094658416,-0.5304281008209006,303686000.0,31.63275935987342,-0.008312065619180438,0.010294060177030717,1
2016-05-06,0.8629102110862732,0.8832499980926514,0.8855000138282776,0.8709999918937683,0.8727499842643738,183240000,NVDA,0.010294060177030717,-0.005629297071423456,-0.009254362372933755,0.8628127098083496,0.8834756255149842,0.8470418739318848,0.01559954285760794,0.014242252439785625,-0.2577890831321592,300051200.0,36.513073525864286,-0.0076469260609137515,-0.0014149805304619623,0
2016-05-09,0.8616892099380493,0.8820000290870667,0.8892499804496765,0.874750018119812,0.8855000138282776,333336000,NVDA,-0.0014149805304619623,-0.020000024403831307,-0.016722071818026207,0.8592956066131592,0.8827429115772247,0.8488566040992737,0.01348455751253607,0.01415976518401467,0.8191224623444662,297341800.0,40.58497977866956,-0.007011021965890036,0.019274254386153045,1
2016-05-10,0.8782976269721985,0.8989999890327454,0.9004999995231628,0.8790000081062317,0.887499988079071,269676000,NVDA,0.019274254386153045,0.01096422996300861,0.0033480366866380784,0.8612006902694702,0.882889449596405,0.851103640794754,0.01587793630705357,0.014849105699853005,-0.19097847217222264,296187400.0,45.92343184631958,-0.005272965883413368,0.0027809242090588437,1
2016-05-11,0.8807401061058044,0.9014999866485596,0.9114999771118164,0.8967499732971191,0.9017500281333924,328176000,NVDA,0.0027809242090588437,0.037399295574509495,-0.01850838900084495,0.8675510048866272,0.8820590257644654,0.8527205288410187,0.007909773973480885,0.013676321633639892,0.21692697904151648,295060400.0,47.11696339978804,-0.0038272329660175306,-0.013588455132442223,0
2016-05-12,0.8687722086906433,0.8892499804496765,0.9120000004768372,0.8732500076293945,0.9079999923706056,670540000,NVDA,-0.013588455132442223,0.01715727871863515,-0.0344735874263844,0.8704818725585938,0.8805080741643906,0.8540052449703217,0.012365991693080983,0.013936290249575888,1.0432328994198237,307759200.0,44.54831099856085,-0.003551423781719732,0.15209447254205144,1
2016-05-13,1.0009076595306396,1.024500012397766,1.024999976158142,0.975000023841858,0.9797499775886536,2110256000,NVDA,0.15209447254205144,0.15992098212703798,0.1036897373042065,0.898081362247467,0.8852097511291503,0.8580743372440338,0.06825156353936014,0.03713399152076257,2.1470993527604616,391423400.0,69.44210413860569,0.005181074945792438,0.02952661327916295,1
2016-05-16,1.030461072921753,1.0547499656677246,1.0700000524520874,1.0134999752044678,1.0167499780654907,973032000,NVDA,0.02952661327916295,0.1958616413403127,0.1411955435447012,0.9318357348442078,0.8915844917297363,0.8627833425998688,0.06584404102952349,0.03743069561308668,-0.5389033368463352,424709000.0,72.25258599274693,0.012197936135154552,0.002133122878474669,1
2016-05-17,1.0326591730117798,1.0570000410079956,1.0644999742507937,1.0364999771118164,1.0499999523162842,628392000,NVDA,0.002133122878474669,0.17575084037482824,0.16441737179133464,0.9627080440521241,0.8988751381635666,0.8676388967037201,0.06748957079498917,0.03698964889852604,-0.35419184569469453,440671000.0,70.55422445515157,0.01599807974295049,0.025543796283159725,1
2016-05-18,1.059037208557129,1.0839999914169312,1.096250057220459,1.0499999523162842,1.0499999523162842,541072000,NVDA,0.025543796283159725,0.20244008557719217,0.18957446811359646,0.9983674645423889,0.9073137193918228,0.8733102118968964,0.06554728397063635,0.037171741573033684,-0.13895784796751076,457716000.0,79.68496709621714,0.01908948141364327,0.0043818849669645665,1
2016-05-19,1.0636777877807615,1.0887500047683716,1.096500039100647,1.0782500505447388,1.0797499418258667,398880000,NVDA,0.0043818849669645665,0.22434601054270265,0.19609964941188474,1.0373485803604126,0.9160331785678864,0.8790841114521026,0.0623477486630896,0.03711101219792287,-0.26279681816837686,468746000.0,84.62868890202512,0.020143858515558992,0.01791056953575909,1
2016-05-20,1.0827288627624512,1.1082500219345093,1.1127500534057615,1.09375,1.0954999923706057,391084000,NVDA,0.01791056953575909,0.08174700478381824,0.2222221997942866,1.053712821006775,0.9258761674165725,0.885263454914093,0.012297597960999955,0.03701487210775874,-0.019544725230645765,477123200.0,85.02946116889045,0.020739928137024046,0.0015795057532062007,1
2016-05-23,1.084439039230347,1.1100000143051147,1.1172499656677246,1.1032500267028809,1.1130000352859497,413636000,NVDA,0.0015795057532062007,0.052382343910911455,0.218107336428369,1.0645084142684937,0.9355848401784896,0.8912132227420807,0.01081737726198346,0.037050131874978104,0.057665360894334716,488206400.0,88.29148733296435,0.019863566430988626,0.02427400264748525,1
2016-05-24,1.1107627153396606,1.133999943733215,1.1375000476837158,1.1074999570846558,1.1104999780654907,415788000,NVDA,0.02427400264748525,0.07563341746153251,0.24664972401857854,1.08012912273407,0.9465730637311935,0.8976503801345825,0.011159758808706326,0.037098169740364166,0.005202641936388419,498269000.0,95.42293667781733,0.01963575658296994,-0.0041886708093679115,0
2016-05-25,1.1061100959777832,1.1292500495910645,1.1422499418258667,1.1202499866485596,1.1375000476837158,458076000,NVDA,-0.0041886708093679115,0.04444875689003225,0.21381109298574485,1.0895437002182007,0.9563150495290756,0.9040726459026337,0.01186178440849522,0.03716448401308628,0.10170567693151322,503553000.0,93.79803538462495,0.017804799971834956,0.010626568911846102,1
2016-05-26,1.1178642511367798,1.1412500143051147,1.149500012397766,1.128000020980835,1.131250023841858,309964000,NVDA,0.010626568911846102,0.050942554200621215,0.2643243612379973,1.1003809928894044,0.9680002927780151,0.9102610516548156,0.011607452287158313,0.03594856564662139,-0.3233349924466682,499990000.0,93.86123815416519,0.016071465078789357,0.005476401852340551,1
2016-05-27,1.1239861249923706,1.1475000381469729,1.149250030517578,1.1387499570846558,1.1425000429153442,277416000,NVDA,0.005476401852340551,0.03810488816623625,0.2952203587713573,1.1086324453353882,0.9808098345994949,0.9167086660861969,0.010803940028927065,0.03525791833427938,-0.10500574260236673,497765600.0,94.37618185573132,0.01409411271210391,0.017865281021869572,1
2016-05-31,1.1440664529800415,1.1679999828338623,1.1705000400543213,1.1517499685287476,1.152500033378601,412524000,NVDA,0.017865281021869572,0.05498456952639197,0.3011478884381562,1.120557928085327,0.9940494209527969,0.9230742847919464,0.011005650789857636,0.03527084597208666,0.48702309888398654,505588000.0,94.44148202959283,0.012926143598225248,0.0019263060551988342,1
2016-06-01,1.1462702751159668,1.1702500581741333,1.18149995803833,1.159000039100647,1.162500023841858,387132000,NVDA,0.0019263060551988342,0.03196682719535504,0.31941406924555116,1.1276594400405884,1.0079243242740632,0.9294351291656494,0.008400687081255584,0.03487220984203859,-0.061552782383570426,513743400.0,94.43704191220874,0.011156408961141964,0.0070496812891369665,1
2016-06-02,1.1543511152267456,1.178500056266785,1.1885000467300415,1.1649999618530271,1.1764999628067017,329208000,NVDA,0.0070496812891369665,0.04361321664487483,0.35967809967997,1.1373076438903809,1.0231924533843995,0.9359869062900543,0.006054963593531221,0.03381675710587314,-0.14962338427203126,503915600.0,98.42222125649465,0.009451901610910834,-0.014000868909770259,0
2016-06-03,1.1381891965866089,1.1619999408721924,1.1684999465942385,1.1414999961853027,1.1670000553131104,461076000,NVDA,-0.014000868909770259,0.018181944211169032,0.3325903088127333,1.1413726329803466,1.0373960196971894,0.9419321227073669,0.011527046377183284,0.03441837003982339,0.40056134723336,514625200.0,88.36595680602021,0.006308971528606946,-0.005163375986337426,0
2016-06-06,1.132312297821045,1.156000018119812,1.1740000247955322,1.149999976158142,1.1649999618530271,322512000,NVDA,-0.005163375986337426,0.0074077185149690195,0.31220176012940604,1.1430378675460815,1.0508661240339279,0.9477353775501252,0.012077607081080372,0.034701452146709603,-0.3005231241704187,521588800.0,82.80568699998003,0.0030712100515052215,0.0019461971144150159,1
2016-06-07,1.1345160007476809,1.1582499742507937,1.1694999933242798,1.1577500104904177,1.162999987602234,193400000,NVDA,0.0019461971144150159,-0.00834781249592953,0.3166185530270784,1.1411277770996093,1.0645074635744094,0.9534117352962493,0.008159271019201298,0.03462989184854447,-0.40033239073274796,514592000.0,82.80630756885228,0.0004524241133982837,-0.003237466389128696,0
2016-06-08,1.1308430433273315,1.1545000076293943,1.162750005722046,1.1449999809265137,1.1584999561309814,234616000,NVDA,-0.003237466389128696,-0.013458633730229597,0.287539677439123,1.1380423307418823,1.0771347343921662,0.95874107837677,0.007916886838616452,0.03482746919164127,0.21311271975180968,512839000.0,77.08946276290015,-0.0020171847626661854,0.025985117959258508,1
2016-06-09,1.1602281332015991,1.184499979019165,1.1862499713897705,1.1480000019073486,1.1505000591278076,472168000,NVDA,0.025985117959258508,0.005091187505544381,0.3173331442024958,1.139217734336853,1.0911091357469558,0.9644773817062378,0.015050454356753779,0.03484696385928148,1.0125140655368772,520038600.0,80.69394619938706,-0.0021495464473390916,-0.02490521899423792,0
2016-06-10,1.1313323974609375,1.1549999713897705,1.180999994277954,1.153499960899353,1.1705000400543213,400024000,NVDA,-0.02490521899423792,-0.0060243052264374874,0.30221982948327475,1.1378463745117187,1.1042371451854707,0.9696992778778076,0.01823902431850025,0.03541276107043163,-0.1527930736517511,506512800.0,64.5411773433309,-0.004524475139169926,0.012770507667615227,1
2016-06-13,1.145780086517334,1.1697499752044678,1.1924999952316284,1.15625,1.15625,475588000,NVDA,0.012770507667615227,0.011894058487402992,0.14474105139192361,1.1405399322509766,1.1114807665348052,0.9749561142921448,0.018982259087039766,0.01403722277117952,0.18889866608003514,424779400.0,67.05231888418894,-0.0054041153924811805,0.001923737189824637,1
2016-06-14,1.147984266281128,1.1720000505447388,1.1775000095367432,1.1540000438690186,1.1670000553131104,298344000,NVDA,0.001923737189824637,0.011871375568587084,0.11404913436094355,1.143233585357666,1.117356926202774,0.9804280066490173,0.018982429058071845,0.013012447884867061,-0.3726839196951983,391045000.0,61.94976183678449,-0.006069460713328111,0.010238432230978534,1
2016-06-15,1.1597378253936768,1.184000015258789,1.194249987602234,1.1687500476837158,1.1817500591278076,301036000,NVDA,0.010238432230978534,0.025551540717204002,0.12305962674138504,1.1490125417709351,1.123710858821869,0.9861593949794769,0.018919418538454188,0.013028445994207542,0.009023141072051155,374677200.0,66.4661089409849,-0.005942359011301759,0.0040126077931572635,1
2016-06-16,1.1643913984298706,1.1887500286102295,1.190750002861023,1.1637500524520874,1.1752500534057615,246456000,NVDA,0.0040126077931572635,0.003588316046761575,0.09948110323364379,1.1498451948165893,1.128978568315506,0.9919594299793243,0.015039270705309537,0.012181903647657373,-0.18130721907014447,359946400.0,64.93723497083718,-0.005764790435162821,-0.0174554239040553,0
2016-06-17,1.1440664529800415,1.1679999828338623,1.190500020980835,1.163249969482422,1.190250039100647,471000000,NVDA,-0.0174554239040553,0.01125580381829705,0.07557614356787634,1.1523920059204102,1.13299800157547,0.997533701658249,0.011895393954467202,0.013162729278509132,0.9110916350180154,363552400.0,55.907881852183344,-0.007145830210120843,0.017979446969795587,1
2016-06-20,1.1646361351013184,1.1890000104904177,1.2042499780654907,1.1859999895095823,1.186750054359436,293768000,NVDA,0.017979446969795587,0.016456952608854047,0.07564892297217485,1.156163215637207,1.1370933651924133,1.003407014608383,0.01319857597886278,0.013166642690544643,-0.3762887473460722,358686600.0,56.03447974378001,-0.0068052927304384295,-0.006097950433566091,0
2016-06-21,1.1575342416763306,1.1817500591278076,1.1972500085830688,1.1799999475479126,1.194000005722046,212508000,NVDA,-0.006097950433566091,0.008318907911638584,0.067403698872609,1.1580732107162475,1.1407481253147125,1.009030829668045,0.013883491955738084,0.013343527572371753,-0.27661283734103104,348630200.0,53.21217000034674,-0.007153980184252562,-0.0008459232298407837,0
2016-06-22,1.1565550565719604,1.180750012397766,1.1920000314712524,1.1787500381469729,1.184249997138977,202620000,NVDA,-0.0008459232298407837,-0.002744386491520978,0.041226033787330474,1.1574366569519043,1.1430377423763276,1.0146545934677125,0.013046024110133203,0.012420801252516352,-0.046530012987746394,337971800.0,50.655034211436316,-0.007509339392168496,0.026678006041505054,1
2016-06-23,1.1874096393585205,1.212249994277954,1.2135000228881836,1.191249966621399,1.1920000314712524,297880000,NVDA,0.026678006041505054,0.019768473865135805,0.07350040803024216,1.1620403051376342,1.1471027195453645,1.020455814599991,0.01799646046146442,0.01347206705202379,0.47014115092290987,329962000.0,63.45381971032434,-0.005801579808648968,-0.056919112425073304,0
2016-06-24,1.119823336601257,1.1432499885559082,1.184000015258789,1.1325000524520874,1.162500023841858,1017684000,NVDA,-0.056919112425073304,-0.021190304388033043,0.001752525373707181,1.1571916818618775,1.1472006738185883,1.0248564565181733,0.03255338678384207,0.01897188990903846,2.4164227205586144,365348000.0,47.44740954646654,-0.00915926528084382,-0.010714667046493154,0
2016-06-27,1.1078248023986816,1.13100004196167,1.1425000429153442,1.1142499446868896,1.1337499618530271,449088000,NVDA,-0.010714667046493154,-0.04878032802725496,-0.014378578377734597,1.1458294153213502,1.1463926076889037,1.028875470161438,0.03018828747540665,0.01908276596047241,-0.5587156720553728,373931600.0,44.75466383294534,-0.011947500814916398,0.014588337938179485,1
2016-06-28,1.1239861249923706,1.1475000381469729,1.153749942779541,1.131749987602234,1.152500033378601,381920000,NVDA,0.014588337938179485,-0.028982396784544284,-0.017551714706227073,1.1391197919845581,1.1453885912895203,1.0332958674430848,0.03213925662975033,0.018929799026041357,-0.14956534131395183,372401400.0,48.71553011626328,-0.012408325200550005,0.01633982872892381,1
2016-06-29,1.1423518657684326,1.1662499904632568,1.1752500534057615,1.1545000076293943,1.1575000286102295,318932000,NVDA,0.01633982872892381,-0.012280600670776742,-0.003418399161696617,1.1362791538238526,1.1451926708221436,1.03840597987175,0.03363779304122266,0.019306158824513257,-0.16492459153749472,368991400.0,46.50713517396427,-0.01121725429046324,0.007717415328514443,1
2016-06-30,1.151167869567871,1.1752500534057615,1.1825000047683716,1.158750057220459,1.1682499647140503,430940000,NVDA,0.007717415328514443,-0.030521707580400403,-0.002757606084392461,1.1290307998657227,1.1450335085391998,1.0436240255832672,0.030520052574644695,0.019319548763807023,0.3511971203892992,374078000.0,54.20568826465566,-0.009637120829183374,-0.007445403686726859,0
2016-07-01,1.142596960067749,1.1664999723434448,1.184000015258789,1.162500023841858,1.1687500476837158,218488000,NVDA,-0.007445403686726859,0.02033680020958606,0.0038726105416910794,1.133585524559021,1.1452538967132568,1.0486901926994323,0.012506748155306516,0.019123373558552047,-0.4929967048777092,361948600.0,49.30783667205839,-0.008983590945315836,0.014788313744327208,1
2016-07-05,1.1594940423965454,1.183750033378601,1.1857500076293943,1.1507500410079956,1.159999966621399,371084000,NVDA,0.014788313744327208,0.04664026287007528,0.02400551917329463,1.1439193725585937,1.1466129839420318,1.0541626918315887,0.009880638709555759,0.01933872679198667,0.6984182197649298,364377200.0,52.35245473855739,-0.007299314187288419,0.006335037296403723,1
2016-07-06,1.1668394804000854,1.191249966621399,1.1982500553131104,1.1694999933242798,1.1755000352859497,273104000,NVDA,0.006335037296403723,0.03812623168102336,0.028490986139554142,1.1524900436401366,1.1482291579246522,1.0596941697597504,0.00943425308487016,0.019370515545359585,-0.2640372530208793,368362400.0,51.478124511514,-0.0056502048411369715,0.02602327976078045,1
2016-07-07,1.1972044706344604,1.222249984741211,1.2265000343322754,1.193750023841858,1.1992499828338623,395400000,NVDA,0.02602327976078045,0.048017258525795636,0.05868314590490886,1.1634605646133422,1.1515472292900086,1.0658182942867278,0.012260964640204305,0.020079028225052115,0.44780010545433235,376401600.0,56.1693408485959,-0.002627654779140169,0.04009019724324081,1
2016-07-08,1.2452006340026855,1.2712500095367432,1.277250051498413,1.2304999828338623,1.2352499961853027,481932000,NVDA,0.04009019724324081,0.0816846673023568,0.07323775244667496,1.1822671175003052,1.1557958543300628,1.0724968993663788,0.01820275859107017,0.021146349877104103,0.2188467374810319,376889800.0,67.22266410227364,0.0022284634833317496,0.02300866401799828,1
2016-07-11,1.2738510370254517,1.3005000352859497,1.309999942779541,1.287999987602234,1.2894999980926514,448776000,NVDA,0.02300866401799828,0.11487346942522936,0.12597415214517893,1.2085179328918456,1.1629217863082886,1.080290732383728,0.012667348196434199,0.020430492724660684,-0.06879808769701945,379327400.0,68.10060428798295,0.006739580678994914,0.014994052407873992,1
2016-07-12,1.292951226234436,1.3200000524520874,1.3320000171661377,1.2984999418258667,1.315000057220459,436760000,NVDA,0.014994052407873992,0.11509949940066044,0.12844623627945695,1.2352093696594237,1.1702803432941438,1.0887938511371613,0.012638166953410204,0.020474414265980772,-0.02677505035919925,377386000.0,71.5847405711645,0.010173144469900364,-0.0003784784171876332,0
2016-07-13,1.29246187210083,1.319499969482422,1.3300000429153442,1.3174999952316284,1.3224999904632568,324604000,NVDA,-0.0003784784171876332,0.10766038843463832,0.12585329787466026,1.2603338479995727,1.1775042235851287,1.0970575940608978,0.014887039453109896,0.020506534660613543,-0.2567909149189487,378699000.0,71.69669701102316,0.011477980029325693,0.010231179687502978,1
2016-07-14,1.30568528175354,1.3329999446868896,1.3450000286102295,1.315500020980835,1.3265000581741333,316892000,NVDA,0.010231179687502978,0.0906117658093859,0.125845215327284,1.2820300102233886,1.184801596403122,1.1057958555221559,0.015160624894777298,0.02050645856273606,-0.023758179196806006,379491800.0,70.0083407746918,0.012229124248497883,-0.011627989783876247,0
2016-07-15,1.2905027866363523,1.3174999952316284,1.3235000371932983,1.2960000038146973,1.315999984741211,428616000,NVDA,-0.011627989783876247,0.0363814082619307,0.1083066985693446,1.291090440750122,1.191107165813446,1.1146261405944824,0.01352558086552147,0.020886823677299087,0.35256175605569084,388599800.0,85.09582599393761,0.010753178112305327,0.005123448088692806,1
2016-07-18,1.297114610671997,1.3242499828338623,1.3357499837875366,1.319249987602234,1.3337500095367432,252992000,NVDA,0.005123448088692806,0.01826239722728329,0.13377558383370025,1.2957431554794312,1.1987595736980439,1.123486075401306,0.010293376632158681,0.02018695547490059,-0.40974671967448717,377699400.0,89.80434211502626,0.009325060287392939,0.010383617808165324,1
2016-07-19,1.3105833530426023,1.3380000591278076,1.343250036239624,1.3209999799728394,1.3235000371932983,382652000,NVDA,0.010383617808165324,0.013637116737587718,0.12531572183151196,1.2992695808410644,1.206056934595108,1.1324395382404326,0.009170432476264085,0.020030331871498257,0.5125063243106502,382143600.0,89.6875635453446,0.008418123428102262,0.013078987845155376,1
2016-07-20,1.3277244567871094,1.3554999828338623,1.3627500534057615,1.337000012397766,1.3424999713897705,296460000,NVDA,0.013078987845155376,0.0272832688123803,0.1470282337948905,1.3063220977783203,1.214566445350647,1.1417602431774139,0.009964503905925402,0.019873384608682095,-0.22524905135736906,386341200.0,89.63356075002643,0.008100570747388708,-0.018443924092456654,0
2016-07-21,1.3032360076904297,1.3305000066757202,1.3567500114440918,1.3259999752044678,1.3524999618530271,361308000,NVDA,-0.018443924092456654,-0.0018758533142235745,0.12682574018848092,1.3058322429656983,1.2219004929065704,1.1502590107917785,0.01396492112788133,0.020618051318920125,0.21874114551710178,394275600.0,80.47084531251934,0.005493915640383686,0.02724586950126673,1
2016-07-22,1.338743805885315,1.3667500019073486,1.3667500019073486,1.3255000114440918,1.3352500200271606,315768000,NVDA,0.02724586950126673,0.03738156922132729,0.12744899612618132,1.3154804468154908,1.2294672012329102,1.1594190847873689,0.01664386078157098,0.02064811576066287,-0.1260420472284035,395170000.0,85.47376935869917,0.005405439242790223,0.01847438651343336,1
2016-07-25,1.363476276397705,1.3919999599456787,1.3952499628067017,1.36899995803833,1.375,312528000,NVDA,0.01847438651343336,0.051160988535414065,0.2175815879457843,1.3287527799606322,1.2416498482227325,1.16931316614151,0.017232311093092412,0.014472881815956323,-0.010260697727445423,359912200.0,85.8741123860279,0.006199970224980672,0.01706178217447829,1
2016-07-26,1.3867396116256714,1.4157500267028809,1.4229999780654907,1.402250051498413,1.4042500257492063,514508000,NVDA,0.01706178217447829,0.058108672299451714,0.2517679768706014,1.343984031677246,1.255595588684082,1.1770298051834107,0.017511698324251545,0.013693137746925542,0.6462780934828238,363183200.0,86.62307608617095,0.007398414731185479,-0.010065491456710984,0
2016-07-27,1.3727813959121704,1.4014999866485596,1.430500030517578,1.3930000066757202,1.4279999732971191,446676000,NVDA,-0.010065491456710984,0.03393545919466745,0.2213508382245275,1.3529954195022582,1.268035352230072,1.183876211643219,0.019882873877822862,0.014476360788495853,-0.13183857199499327,366421000.0,80.93169366314905,0.006394945059314108,0.0021409854785521265,1
2016-07-28,1.375720500946045,1.4045000076293943,1.4149999618530271,1.40024995803833,1.4047499895095823,221916000,NVDA,0.0021409854785521265,0.055618854012536856,0.2042878750153141,1.3674923181533813,1.2797037839889527,1.1907374382019043,0.014822052337016438,0.014504795528443805,-0.5031835155683314,361570200.0,77.333214169094,0.005127733938666314,0.01637597722085382,1
2016-07-29,1.398249268531799,1.4275000095367432,1.431249976158142,1.3845000267028809,1.409749984741211,409588000,NVDA,0.01637597722085382,0.04444873050757692,0.21463541981646705,1.379393410682678,1.292057853937149,1.1975216794013976,0.012444832679736536,0.014579798923505156,0.8456893599379947,360502600.0,76.73675342790051,0.0050001234445145315,-0.0064802314532796945,0
2016-08-01,1.389188289642334,1.4182499647140503,1.4387500286102295,1.409000039100647,1.433500051498413,301120000,NVDA,-0.0064802314532796945,0.018857690221468326,0.2158165461598669,1.384535813331604,1.3043874204158783,1.204031889438629,0.012596797139196031,0.0145209485950397,-0.26482221158823016,364634200.0,71.61697471872053,0.0035661019848957504,-0.012163105632403193,0
2016-08-02,1.3722914457321167,1.4010000228881836,1.4257500171661377,1.3875000476837158,1.4249999523162842,282748000,NVDA,-0.012163105632403193,-0.010418802327725518,0.18352608599501097,1.381646180152893,1.3150272905826568,1.2098231410980225,0.011653650495265427,0.015276119007802704,-0.061012221041445325,360217400.0,66.70050032245885,0.0008802267486429927,0.002676774718403996,1
2016-08-03,1.3759647607803345,1.4047499895095823,1.4075000286102295,1.3914999961853027,1.399250030517578,299828000,NVDA,0.002676774718403996,0.002318916090823686,0.17922369262697924,1.3822828531265259,1.3254835546016692,1.2156536555290223,0.010823067975308983,0.015326113498650982,0.0604071470001557,361553600.0,65.31453998997296,-0.0011387548900095926,0.018508582552251296,1
2016-08-04,1.401431918144226,1.430750012397766,1.437250018119812,1.408750057220459,1.4114999771118164,272712000,NVDA,0.018508582552251296,0.018689419239227734,0.170586940258864,1.387425136566162,1.3356949269771576,1.2214670395851135,0.013567072216106714,0.014958710508112706,-0.09043851808370129,355419200.0,73.13548167666059,-0.0012404746329177305,0.016949466841067462,1
2016-08-05,1.4251854419708252,1.4550000429153442,1.4557499885559082,1.440250039100647,1.4472500085830688,371588000,NVDA,0.016949466841067462,0.019264214217905362,0.144542817481212,1.3928123712539673,1.3446941673755646,1.2278485465049744,0.013701898611131,0.013130076710471589,0.3625656370090058,349902000.0,74.92816251976927,-0.0002416922424803153,0.009278461926830683,1
2016-08-08,1.4384089708328247,1.468500018119812,1.4785000085830688,1.4529999494552612,1.475000023841858,305064000,NVDA,0.009278461926830683,0.03543125259367352,0.1291814576621373,1.4026565074920654,1.3529220640659332,1.2342594408988952,0.012475306888033397,0.012588796775046103,-0.1790262333552214,342716400.0,74.90420646161041,0.0007230569284097585,0.0025534032987386546,1
2016-08-09,1.4420818090438845,1.472249984741211,1.4865000247955322,1.468500018119812,1.475749969482422,372344000,NVDA,0.0025534032987386546,0.05085680853642183,0.11534122848838879,1.416614580154419,1.3603785932064056,1.2406213545799256,0.007587702100287035,0.012436176674694077,0.22054388587312834,339495600.0,73.51422449060638,0.0010047502327226732,-0.0064527254103664555,0
2016-08-10,1.4327764511108398,1.46274995803833,1.4874999523162842,1.4579999446868896,1.4852499961853027,375740000,NVDA,-0.0064527254103664555,0.0412886230445948,0.10856380527646481,1.42797691822052,1.367394322156906,1.2463955545425416,0.010375020953649634,0.012660628378258341,0.009120598156543425,342052400.0,78.41008082774978,1.302233686363563e-05,0.02033879690490048,1
2016-08-11,1.4619174003601074,1.4924999475479126,1.4987499713897705,1.4674999713897705,1.4704999923706057,681064000,NVDA,0.02033879690490048,0.04315977211078237,0.11965526516217384,1.4400740146636963,1.3752059280872344,1.2527084970474243,0.010852384643018796,0.013065507657610564,0.812593814871986,360261000.0,77.78982094647114,0.0007286505443098654,0.055945911477453425,1
2016-08-12,1.543705701828003,1.5759999752044678,1.5844999551773071,1.5157500505447388,1.5475000143051147,1425744000,NVDA,0.055945911477453425,0.08316129000958727,0.19620485737315962,1.4637780666351319,1.387866073846817,1.2604955887794496,0.024207758257686587,0.016595902767029463,1.0934067870273574,410117400.0,82.33717133969179,0.005835072349967024,-0.0009519255584483632,0
2016-08-15,1.5422362089157104,1.5744999647140503,1.587499976158142,1.5532499551773071,1.5777499675750732,573304000,NVDA,-0.0009519255584483632,0.07218200121678242,0.18897451021442357,1.484543514251709,1.4001221537590027,1.2685765290260316,0.025358073194802124,0.01672810604501626,-0.597891346553098,426133000.0,80.26657979295098,0.008099254208006515,-0.00603344692037644,0
2016-08-16,1.532931208610535,1.565000057220459,1.5747499465942385,1.5602500438690186,1.5722500085830688,287652000,NVDA,-0.00603344692037644,0.06299878342330967,0.16965563850001453,1.5027133941650392,1.4112395465373992,1.2765889072418213,0.026611175705506716,0.017047235258515335,-0.4982557247114968,421383000.0,81.74739037100552,0.007944779360544815,-0.02316302333612963,0
2016-08-17,1.4974238872528076,1.528749942779541,1.56850004196167,1.5164999961853027,1.565000057220459,595212000,NVDA,-0.02316302333612963,0.04512039271154,0.12781223513525153,1.5156428813934326,1.4197245180606841,1.2838470649719238,0.030379821005061914,0.01835520830772007,1.0692086270910686,436320600.0,71.36696218533122,0.00459215649860302,0.0155355710737628,1
2016-08-18,1.520687222480774,1.5525000095367432,1.5549999475479126,1.5204999446868896,1.5264999866485596,331684000,NVDA,0.0155355710737628,0.040200507980950206,0.16685482407419605,1.527396845817566,1.4305970788002014,1.2916439485549926,0.03001436515187952,0.017508119552489522,-0.4427464500043682,434839400.0,71.44062538880138,0.003150886000749073,0.0025768142842885755,1
2016-08-19,1.5246057510375977,1.55649995803833,1.5682499408721924,1.5449999570846558,1.5517499446868896,291560000,NVDA,0.0025768142842885755,-0.012372792798386212,0.1388330943793774,1.5235768556594849,1.4398901760578156,1.2989315009117126,0.014078841615877266,0.01693213037619032,-0.1209705623424705,433629000.0,74.14844280124007,0.0017414460414292843,0.0041757497662111565,1
2016-08-22,1.5309721231460571,1.562999963760376,1.565250039100647,1.5427500009536743,1.5612499713897705,244748000,NVDA,0.0041757497662111565,-0.007303735773116493,0.12284470925366953,1.5213240385055542,1.448264968395233,1.306924295425415,0.014394564421204915,0.016707199731574706,-0.16055700370421178,430240000.0,79.40109766807375,0.0005780885677294234,0.008092285710392444,1
2016-08-23,1.5433611869812012,1.5727499723434448,1.5829999446868896,1.5682499408721924,1.5759999752044678,339764000,NVDA,0.008092285710392444,0.006803944177064647,0.11294231018029599,1.5234100341796875,1.4560960471630096,1.3148759174346925,0.014637480993258619,0.016512201399343902,0.3882197198751369,421502800.0,80.0455832945698,1.2992484844501218e-05,-0.015418889763932797,0
2016-08-24,1.5195642709732056,1.5484999418258667,1.5789999961853027,1.5412499904632568,1.5782500505447388,298448000,NVDA,-0.015418889763932797,0.014785648812519536,0.10692370649698568,1.527838110923767,1.4634351909160614,1.322307517528534,0.011444306376191636,0.016818222114979985,-0.12160205318986117,414091400.0,71.33118937838218,-0.002456835987128647,-0.006619032560449933,0
2016-08-25,1.5095062255859375,1.538249969482422,1.5497499704360962,1.5190000534057615,1.5490000247955322,406032000,NVDA,-0.006619032560449933,-0.00735259475422978,0.09724775094061022,1.5256019115447998,1.470124477148056,1.3293028855323792,0.00949694215250667,0.01701565782391073,0.3604782072588859,423297200.0,66.01807852081862,-0.00510865907739505,0.00812609929544017,1
2016-08-26,1.5217726230621338,1.5507500171661377,1.559499979019165,1.5299999713897705,1.5422500371932983,300024000,NVDA,0.00812609929544017,-0.0018582692433999348,0.08834144047866199,1.525035285949707,1.4763006448745728,1.3364505100250244,0.010367844640680565,0.016818770445838432,-0.26108287031564015,417819000.0,65.89405403439707,-0.006299202463274735,-0.0006449387155464947,0
2016-08-29,1.5207911729812622,1.5497499704360962,1.563249945640564,1.5472500324249268,1.5570000410079956,274652000,NVDA,-0.0006449387155464947,-0.006649990558857288,0.09473365440822379,1.522999095916748,1.4828807890415192,1.3439850044250488,0.010063925516843764,0.01667053060812895,-0.08456656800789275,416495600.0,65.16227762779707,-0.007342523313662218,-0.005807488892064394,0
2016-08-30,1.511959195137024,1.5407500267028809,1.555999994277954,1.5364999771118164,1.5477499961853027,285544000,NVDA,-0.005807488892064394,-0.02034649575813119,0.10177703128535831,1.5167186975479126,1.4898641765117646,1.350931465625763,0.008642765409991092,0.01639108636533866,0.03965745743704763,416635400.0,65.28133795477666,-0.00872314257371698,-0.004705424870772301,0
2016-08-31,1.5048447847366333,1.5334999561309814,1.5479999780654907,1.5290000438690186,1.5437500476837158,388544000,NVDA,-0.004705424870772301,-0.009686649336092312,0.09366520686417035,1.5137748003005982,1.4963081777095795,1.3578776764869689,0.006072508647491231,0.016528306420468736,0.36071498613173447,421071200.0,59.05424738820512,-0.010113306651266377,0.029507698822985873,1
2016-09-01,1.549249291419983,1.5787500143051147,1.5844999551773071,1.5334999561309814,1.534749984741211,428492000,NVDA,0.029507698822985873,0.026328520651591525,0.10547595738471283,1.5217234134674071,1.5036990463733673,1.3657315611839294,0.014601596971506602,0.017184902288839638,0.10281461044309004,428860200.0,51.38816831514701,-0.008125711335155085,-0.009817909987230866,0
2016-09-02,1.5340389013290403,1.563249945640564,1.5837500095367432,1.5455000400543213,1.5820000171661377,323148000,NVDA,-0.009817909987230866,0.008060519739292005,0.07637845304375723,1.5241766691207885,1.5091417193412782,1.3726641464233398,0.015880969390570192,0.01726090996689892,-0.2458482305387265,426438200.0,48.07947966869316,-0.007911158201058421,0.009435323645402338,1
2016-09-06,1.5485130548477173,1.5779999494552612,1.5779999494552612,1.5607500076293943,1.568750023841858,306812000,NVDA,0.009435323645402338,0.018228592037466074,0.07654574342034537,1.5297210454940795,1.5146469235420228,1.3812379407882691,0.016145480333972603,0.01726355340654736,-0.05055268793246437,426525600.0,53.56428807497351,-0.0069067314324726264,-0.01473371286500269,0
2016-09-07,1.5256977081298828,1.5547499656677246,1.5807499885559082,1.5457500219345093,1.5729999542236328,397988000,NVDA,-0.01473371286500269,0.009086563339173903,0.057982770853642895,1.5324687480926513,1.5188277184963226,1.389595398902893,0.01786463458406086,0.017756749196866352,0.2971722096919287,427807800.0,56.86621451210035,-0.007823867835129374,0.007235546721173103,1
2016-09-08,1.5367369651794434,1.565999984741211,1.56850004196167,1.5355000495910645,1.5532499551773071,315808000,NVDA,0.007235546721173103,0.021193003269364796,0.07255878192861309,1.5388471841812135,1.524025744199753,1.3978504157066345,0.017550010314854488,0.017637876295409114,-0.20648863784837734,424811200.0,54.143648109221054,-0.0077189711016232634,-0.049808224040740146,0
2016-09-09,1.4601948261260986,1.4880000352859497,1.5575000047683716,1.475000023841858,1.5487500429153442,697760000,NVDA,-0.049808224040740146,-0.057482334048550965,-0.0011782979213357248,1.5210362911224364,1.5239396154880525,1.404207274913788,0.023822823612627154,0.02083083947287884,1.2094437126355255,425646000.0,37.90588797773846,-0.0125506296551951,0.02066527542407126,1
2016-09-12,1.4903701543807983,1.5187499523162842,1.5217499732971191,1.4329999685287476,1.468250036239624,598260000,NVDA,0.02066527542407126,-0.028466518619839953,-0.03455033390370099,1.512302541732788,1.5212728381156921,1.4109913206100464,0.027921060777850813,0.016998068940248606,-0.14259917450126114,384271800.0,43.002058737718464,-0.013384077024570791,-0.014485610493123136,0
2016-09-13,1.4687812328338623,1.496749997138977,1.5325000286102295,1.4882500171661377,1.5149999856948853,471768000,NVDA,-0.014485610493123136,-0.051489279838003,-0.047628875302760276,1.4963561773300171,1.5176000893115997,1.4175150060653687,0.02676001086469573,0.017237863632502272,-0.2114331561528432,379195000.0,37.540904861743975,-0.014940800866360252,0.008852750135337706,1
2016-09-14,1.4817839860916138,1.5099999904632568,1.5149999856948853,1.4877500534057615,1.500249981880188,319048000,NVDA,0.008852750135337706,-0.028782714822385147,-0.03336563456443786,1.4875734329223633,1.5150427281856538,1.42396080493927,0.02782434551845232,0.017388641884044917,-0.3237184378762442,380764800.0,43.452405547411004,-0.014627641371751182,0.03791375857243362,1
2016-09-15,1.5379639863967896,1.5672500133514404,1.569000005722046,1.508999943733215,1.5125000476837158,515212000,NVDA,0.03791375857243362,0.0007984588417855321,0.02707322855544758,1.4878188371658325,1.5170697331428529,1.431383295059204,0.03402793202031011,0.018706438843741038,0.6148416539204131,376764800.0,54.252161072725684,-0.010370081175527783,0.0023926903306523695,1
2016-09-16,1.5416438579559326,1.5709999799728394,1.5812499523162842,1.5529999732971191,1.5727499723434448,902444000,NVDA,0.0023926903306523695,0.055779564735151554,0.013781029501235054,1.5041086435317994,1.5181175649166108,1.4382720828056335,0.01965933485454799,0.01841616640980028,0.751597400681661,405302800.0,53.04735677101424,-0.007190235430090782,0.013207914541681243,1
2016-09-19,1.5620057582855225,1.5917500257492063,1.631500005722046,1.5802500247955322,1.587499976158142,417128000,NVDA,0.013207914541681243,0.04806564576870942,0.024530936750351007,1.5184357643127442,1.519987565279007,1.4446081852912902,0.019021721080064044,0.018621019747097945,-0.5377796295393398,411581200.0,55.96584899025089,-0.003771576887181105,-0.009109174090254024,0
2016-09-20,1.5477771759033203,1.5772500038146973,1.6100000143051147,1.56850004196167,1.6100000143051147,331112000,NVDA,-0.009109174090254024,0.053783328179543455,0.010976720283273123,1.5342349529266357,1.5208278179168702,1.4500867080688478,0.017404695318159785,0.018752458417889074,-0.20621008419477949,415899400.0,55.10492984571868,-0.0025813344496270936,0.02805526253849444,1
2016-09-21,1.5912004709243774,1.621500015258789,1.624500036239624,1.5817500352859497,1.5820000171661377,336212000,NVDA,0.02805526253849444,0.07384104961301619,0.030996816783211534,1.5561182498931885,1.523219782114029,1.4560516929626466,0.01895783778315825,0.01967448370858009,0.015402643214380562,415721800.0,61.15342120530187,0.0008348769832641524,0.0024668943719252656,1
2016-09-22,1.5951257944107056,1.625499963760376,1.6360000371932983,1.6162500381469729,1.63100004196167,308732000,NVDA,0.0024668943719252656,0.03716719540867608,0.04972578316092324,1.5675506114959716,1.5269978582859038,1.462104971408844,0.013985110075874718,0.01925688512495172,-0.08173414393299461,416236000.0,56.617173701325484,0.002944628087507374,-0.0010768346039892185,0
2016-09-23,1.5934081077575684,1.6237499713897705,1.63224995136261,1.6165000200271606,1.627500057220459,276132000,NVDA,-0.0010768346039892185,0.03357730745301324,0.05558233596490347,1.5779034614562988,1.5311929523944854,1.4678594279289245,0.014376440159134746,0.01915675894237053,-0.10559320057525623,409741000.0,58.91015968423123,0.003758083401965158,-0.009391705038785059,0
2016-09-26,1.5784432888031006,1.6085000038146973,1.6150000095367432,1.5882500410079956,1.6052500009536743,230040000,NVDA,-0.009391705038785059,0.010523348220956796,0.03723990357175255,1.5811909675598144,1.5340264856815338,1.4736182379722595,0.015342489250117662,0.019304347486646774,-0.16692016861501024,406241800.0,54.48533828018175,0.002862436489043413,0.03419326208059825,1
2016-09-27,1.6324154138565063,1.66349995136261,1.6660000085830688,1.6015000343322754,1.6022499799728394,402752000,NVDA,0.03419326208059825,0.05468373566355833,0.07339879587571718,1.5981186151504516,1.539607697725296,1.4803242540359498,0.01912577716168598,0.020581921496430806,0.750791166753608,412646800.0,64.62679821879817,0.005335379347516,0.003607208077470503,1
2016-09-28,1.6383038759231567,1.6694999933242798,1.6707500219345093,1.6482499837875366,1.6660000085830688,319788000,NVDA,0.003607208077470503,0.02960243279177477,0.08356355197448484,1.6075392961502075,1.5459249317646027,1.4868786644935608,0.016583473648763537,0.020459133163689632,-0.20599276974416014,414359000.0,64.12019597125993,0.006709305814904504,0.009283575184589221,1
2016-09-29,1.6535131931304932,1.684999942779541,1.690250039100647,1.6512500047683716,1.6667499542236328,336684000,NVDA,0.009283575184589221,0.0366036327193604,0.09879318445448759,1.6192167758941651,1.5533583521842957,1.4933944392204284,0.016504548879042538,0.020376885079458572,0.052835003189613206,411766000.0,82.4013497032539,0.007901909938877093,0.016617577487582746,1
2016-09-30,1.6809905767440796,1.7130000591278076,1.7297500371932983,1.684249997138977,1.694249987602234,429932000,NVDA,0.016617577487582746,0.054965497263452345,0.08503556274235735,1.6367332696914674,1.5599454164505004,1.5009495306015015,0.01614628797141153,0.019752540598382596,0.27695999809910776,411838000.0,82.24073772382457,0.009683255738394986,-0.001021617282706555,0
2016-10-03,1.679273247718811,1.7112499475479126,1.7377500534057615,1.7082500457763672,1.7130000591278076,242596000,NVDA,-0.001021617282706555,0.06387936749515255,0.0946744872401506,1.6568992614746094,1.567207133769989,1.5077601194381713,0.013782297108745427,0.01951877132105502,-0.4357340230548087,407810400.0,88.16734244097549,0.009855023868988663,-0.002191418682713886,0
2016-10-04,1.6755932569503784,1.7074999809265137,1.7424999475479126,1.69474995136261,1.7137500047683716,281624000,NVDA,-0.002191418682713886,0.026450278971494434,0.08206595462971955,1.6655348300933839,1.573561143875122,1.514002459049225,0.007792589372147707,0.019543910799547305,0.16087651898629818,406551000.0,86.3720522751353,0.008861221449986384,-0.0010248369100651633,0
2016-10-05,1.6738760471343994,1.7057499885559082,1.7395000457763672,1.7005000114440918,1.722000002861023,305440000,NVDA,-0.0010248369100651633,0.021712804159239596,0.09712168945062216,1.6726492643356323,1.5809700608253479,1.5197451877593995,0.008297069058730035,0.01908231463625052,0.08456665625088777,401923600.0,82.06028197878945,0.00729402233518181,-0.013043914855189964,0
2016-10-06,1.6520421504974363,1.683500051498413,1.6957499980926514,1.656499981880188,1.6852500438690186,360212000,NVDA,-0.013043914855189964,-0.0008896467467984781,0.07503247981317918,1.672355055809021,1.5867353200912475,1.5253304028511048,0.010643022005795203,0.01948176712967382,0.1793216343635411,404143800.0,73.98739305125866,0.004149159938262571,-0.007276704400398959,0
2016-10-07,1.640020728111267,1.6712499856948853,1.6992499828338623,1.6664999723434448,1.69474995136261,286260000,NVDA,-0.007276704400398959,-0.024372443962278,0.12315199230108709,1.6641610860824585,1.595726615190506,1.530616407394409,0.005228922999464809,0.015164386227582743,-0.20530132255449574,383568800.0,67.58861943056301,0.0007970600521847379,0.003739562686248421,1
2016-10-10,1.646153688430786,1.6775000095367432,1.6890000104904177,1.6617499589920044,1.6799999475479126,287876000,NVDA,0.003739562686248421,-0.019722555178566692,0.10452674028131659,1.6575371742248535,1.6035157918930054,1.535574495792389,0.006413742346144597,0.014765923454126341,0.005645217634318467,368049600.0,73.01945675508006,-0.0013524560308887518,-0.014455854606632235,0
2016-10-11,1.6223571300506592,1.653249979019165,1.6744999885559082,1.6404999494552612,1.6720000505447388,388540000,NVDA,-0.014455854606632235,-0.03177150939161111,0.1045600895379688,1.6468899488449096,1.6111945867538453,1.5402378726005554,0.0077702856414424495,0.014763849069004518,0.3496783337270213,363888200.0,58.02781219610936,-0.004542484140907556,0.004536303729547608,1
2016-10-12,1.6297166347503662,1.6607500314712524,1.6694999933242798,1.6327500343322754,1.6464999914169312,419920000,NVDA,0.004536303729547608,-0.02638153073498606,0.09983415264794626,1.638058066368103,1.6185912191867828,1.5453863763809204,0.009030113727045591,0.014737427579534022,0.08076388531425338,368931800.0,58.757677367949285,-0.006218798086831373,-0.01625748826681539,0
2016-10-13,1.6032215356826782,1.6337499618530271,1.6449999809265137,1.5924999713897705,1.6412500143051147,390116000,NVDA,-0.01625748826681539,-0.029551676269311877,0.0424311296383324,1.6282939434051513,1.6218540966510773,1.5499315118789674,0.009800560645731198,0.013247675354010627,-0.07097542389026479,362677000.0,52.207585613967915,-0.009004817996328483,0.009793515360518867,1
2016-10-14,1.6189227104187012,1.649749994277954,1.6649999618530271,1.6399999856948853,1.653749942779541,330636000,NVDA,0.009793515360518867,-0.012864482339112526,0.05012756484836434,1.6240743398666382,1.6257180392742157,1.5542813277244567,0.01195595071958291,0.013357350471900653,-0.1524674712136903,334086600.0,59.07600444758058,-0.009626940920216695,-0.005758915645865503,0
2016-10-17,1.609599471092224,1.6402499675750732,1.6649999618530271,1.6380000114440918,1.649500012397766,195328000,NVDA,-0.005758915645865503,-0.022205835090287174,0.030469614183075144,1.6167634963989257,1.6280977249145507,1.5579696083068848,0.0114550887866243,0.013232250043789775,-0.4092355339406477,322996600.0,43.60373174132326,-0.010435220321684237,0.015241922875504521,1
2016-10-18,1.6341328620910645,1.665249943733215,1.6747499704360962,1.65625,1.662999987602234,269372000,NVDA,0.015241922875504521,0.0072584092751746265,0.055793358069997856,1.6191186428070068,1.632415509223938,1.5618840861320495,0.01259823018452793,0.013316572646908813,0.3790751965923984,319909600.0,48.9413588632792,-0.009133372624963373,-0.0021021148080332397,0
2016-10-19,1.6306977272033691,1.6617499589920044,1.6694999933242798,1.6454999446868896,1.6540000438690186,199060000,NVDA,-0.0021021148080332397,0.0006020018646697434,0.024822300521345708,1.6193148612976074,1.6343903720378876,1.5656564044952392,0.012549411625729973,0.011943128508951796,-0.26102193249483985,313052000.0,43.841124899760196,-0.008341252329315898,0.018956255312778003,1
2016-10-20,1.6616096496582031,1.6932499408721924,1.6987500190734863,1.6575000286102295,1.681249976158142,312084000,NVDA,0.018956255312778003,0.03641924255381346,0.04167938069866084,1.6309924840927124,1.6377145648002625,1.5702330684661865,0.01077111652162451,0.01258050976716522,0.5677886064503166,313219600.0,44.863498643042874,-0.005699183188482837,-0.0028053048686697,0
2016-10-21,1.6569483280181885,1.6885000467300415,1.691499948501587,1.6725000143051147,1.687250018119812,279508000,NVDA,-0.0028053048686697,0.023488222973691464,0.039876927920268646,1.6385976076126099,1.6408915758132934,1.574133687019348,0.01147126882894012,0.012609518586316357,-0.10438215352276947,313388400.0,44.17416742934185,-0.004293315322362816,0.04693524726446796,1
2016-10-24,1.734717607498169,1.7677500247955322,1.7697499990463257,1.6997499465942385,1.7000000476837158,339836000,NVDA,0.04693524726446796,0.07773246615261598,0.09900534267123895,1.6636212348937989,1.648705291748047,1.5779539251327515,0.020277950432434803,0.015808337943077302,0.21583639824262635,318878200.0,61.12647821438298,0.001534341341968705,0.016404975142019662,1
2016-10-25,1.7631756067276,1.7967499494552612,1.807500004768372,1.756250023841858,1.7647500038146973,397460000,NVDA,0.016404975142019662,0.07896710703890397,0.08010227774202328,1.6894297838211059,1.6552433013916015,1.5823727130889893,0.020284573090156258,0.014518185813812416,0.1695641427041279,318613600.0,65.26838435370684,0.006677566388912551,0.004035065811104799,1
2016-10-26,1.7702901363372805,1.8040000200271609,1.8237500190734863,1.7799999713897705,1.781749963760376,333792000,NVDA,0.004035065811104799,0.08560287219711227,0.0805627468467971,1.7173482656478882,1.6618426144123077,1.587119891643524,0.01910631599224527,0.014517955541941014,-0.16018718864791426,319313800.0,71.28956100324953,0.009744876708555651,-0.0205099301224827,0
2016-10-27,1.7339816093444824,1.7669999599456787,1.821249961853028,1.7597500085830688,1.8177499771118164,388664000,NVDA,-0.0205099301224827,0.043555331844134626,0.04866511894086756,1.731822657585144,1.6658660352230072,1.5918510460853577,0.02514255213904776,0.015444149156444547,0.16438979963570133,321912800.0,65.55640422915764,0.008556881845435287,-0.0016978910319288554,0
2016-10-28,1.7310374975204468,1.7640000581741333,1.8025000095367432,1.7607500553131104,1.7755000591278076,290856000,NVDA,-0.0016978910319288554,0.044714230522127085,0.02977227919581993,1.7466404914855957,1.6683683812618255,1.596058051586151,0.025019204886904893,0.015101608245926169,-0.251651812362349,314959000.0,64.20355738715361,0.006873756952620748,0.008503687247326974,1
2016-10-31,1.7457576990127563,1.7790000438690186,1.7907500267028809,1.7687499523162842,1.7697499990463257,252388000,NVDA,0.008503687247326974,0.006364200989756208,0.039591204935980784,1.7488485097885131,1.6716926038265227,1.6004810905456544,0.01389409263994445,0.015165479444904028,-0.13225788706438923,315448600.0,71.29538769550169,0.006080154863849281,-0.029651588103829174,0
2016-11-01,1.6939932107925415,1.7262500524520874,1.7952500581741333,1.7072499990463257,1.7855000495910645,473224000,NVDA,-0.029651588103829174,-0.03923738263567467,0.010981157727771862,1.7350120306015016,1.672612601518631,1.603741512298584,0.016447860018617602,0.01673194617746841,0.8749861324627162,325028600.0,59.618198248787955,0.0016289348886711144,-0.004199997959218882,0
2016-11-02,1.6868784427642822,1.718999981880188,1.7630000114440918,1.715999960899353,1.7395000457763672,295848000,NVDA,-0.004199997959218882,-0.04711752715607198,0.007767836604235079,1.7183296918869018,1.6732627213001252,1.6066118574142456,0.015332972020671937,0.016763987396897433,-0.37482460737409773,324549000.0,63.28899533744707,-0.0020357406508299605,-0.011634661577398675,0
2016-11-03,1.6672521829605105,1.6990000009536743,1.7285000085830688,1.6660000085830688,1.7269999980926514,309664000,NVDA,-0.011634661577398675,-0.03848335300926198,0.009206806532444878,1.7049838066101075,1.6740232229232788,1.6095656156539917,0.01421427166815744,0.016706841906717493,0.04669965658040609,322021600.0,57.58263585609682,-0.005809131339832303,-0.005738626512011291,0
2016-11-04,1.6576844453811646,1.6892499923706057,1.718250036239624,1.6644999980926514,1.687749981880188,328780000,NVDA,-0.005738626512011291,-0.04237519536367862,0.010770423182540956,1.690313196182251,1.6749064087867738,1.6125291800498962,0.013896461589963004,0.016672229600140375,0.061731425028418,324147600.0,57.53849178582751,-0.008797703628018821,0.054757827115783364,1
2016-11-07,1.7484556436538696,1.781749963760376,1.7929999828338623,1.7374999523162842,1.7387499809265137,487580000,NVDA,0.054757827115783364,0.0015454290378549285,0.06214605351982905,1.6908527851104735,1.6800215065479278,1.6170628404617309,0.03186329048966597,0.020606035284955474,0.48299774925482075,334132800.0,64.84065862812938,-0.004714252827116044,-0.0015430443722753706,0
2016-11-08,1.7457576990127563,1.7790000438690186,1.7942500114440918,1.7625000476837158,1.78849995136261,429884000,NVDA,-0.0015430443722753706,0.030557671595387692,0.07606251834221234,1.7012056827545166,1.6861915349960328,1.6215621709823609,0.027324443822705807,0.020221848874664078,-0.11833135075269696,336200000.0,64.96499820921069,-0.002366493804403392,-0.01686362715445555,0
2016-11-09,1.716317892074585,1.7489999532699585,1.7725000381469729,1.718000054359436,1.7307499647140503,456532000,NVDA,-0.01686362715445555,0.01745202770038401,0.05313884357416776,1.7070935726165772,1.6905215978622437,1.625649344921112,0.029075108901255566,0.020743792166825308,0.06198881558746083,338030600.0,57.14284824898847,-0.0029309156296402454,-0.031303589965992695,0
2016-11-10,1.6625909805297852,1.694249987602234,1.787500023841858,1.6690000295639038,1.78725004196167,869280000,NVDA,-0.031303589965992695,-0.002795739287891341,0.03703134191110169,1.706161332130432,1.693490070104599,1.628804268836975,0.032779313610699023,0.021720883019823486,0.904094346069936,361988800.0,50.65304885821993,-0.006834314194619072,0.2980670007737969,1
2016-11-11,2.158154487609864,2.1992499828338623,2.219249963760376,1.962499976158142,1.9877500534057613,2175344000,NVDA,0.2980670007737969,0.3019091140193588,0.33308061819189727,1.8062553405761719,1.7204516589641572,1.6409823727607726,0.1366870020885637,0.0697289386766661,1.502466408982146,454224200.0,74.91338642322191,0.02244411196805321,-0.0492212953752762,0
2016-11-14,2.051927328109741,2.0910000801086426,2.204750061035156,2.0905001163482666,2.2022500038146973,1348796000,NVDA,-0.0492212953752762,0.1735655608750164,0.27480616449095097,1.8669496774673462,1.742568051815033,1.6513401412963866,0.1454324289114135,0.07112102728533465,-0.3799619738303459,511897600.0,65.56466801565057,0.0325294104319193,0.030487519356219073,1
2016-11-15,2.114485502243042,2.154750108718872,2.1862499713897705,2.098249912261963,2.107249975204468,626092000,NVDA,0.030487519356219073,0.2112136199879313,0.2939495626673281,1.9406952381134033,1.766585683822632,1.662659590244293,0.1438514109712264,0.07121350429622993,-0.53581416314995,529733600.0,67.5068455275482,0.04075348484897792,0.0631165789715511,1
2016-11-16,2.247944593429565,2.290750026702881,2.313999891281128,2.158750057220459,2.183500051498413,987984000,NVDA,0.0631165789715511,0.3097483885764196,0.3785170334938581,2.0470205783843993,1.7974480271339417,1.677104527950287,0.13946091363134677,0.07187717487173444,0.5780172881940673,569179800.0,73.79058753470002,0.05181170597413233,0.008294477111729703,1
2016-11-17,2.266590118408203,2.3097500801086426,2.369750022888184,2.266249895095825,2.30774998664856,832988000,NVDA,0.008294477111729703,0.3632878711310905,0.3640930159947289,2.167820405960083,1.8276970505714416,1.691701591014862,0.13383231344551624,0.0719116175685483,-0.15688108309446303,595225000.0,74.43475862050957,0.05662140219684275,0.010498731009318751,1
2016-11-18,2.290386438369751,2.3340001106262207,2.35824990272522,2.2950000762939453,2.3097500801086426,576060000,NVDA,0.010498731009318751,0.061270845770792004,0.3822920121529638,2.1942667961120605,1.8593689560890199,1.708305423259735,0.040977760200864494,0.071772655961932,-0.30844141812367043,610052600.0,74.644751192326,0.057462171914778884,-0.004070232300225185,0
2016-11-21,2.281064033508301,2.32450008392334,2.358750104904175,2.309999942779541,2.352250099182129,436436000,NVDA,-0.004070232300225185,0.11166901588549094,0.3149483372098121,2.2400941371917726,1.8866862773895263,1.7241193008422853,0.02627655263343027,0.07161273782841279,-0.24237753011839047,614882600.0,77.62642520164559,0.05352669329246629,0.007205766703778593,1
2016-11-22,2.2975008487701416,2.341249942779541,2.3434998989105225,2.309499979019165,2.3324999809265137,330368000,NVDA,0.007205766703778593,0.08655313376845442,0.3030470929859521,2.276697206497192,1.9134025394916534,1.7406936931610106,0.02638499937239598,0.07163877091878944,-0.2430321971606375,611528000.0,78.48480453632844,0.04832575412292728,0.004919567096359545,1
2016-11-23,2.3088035583496094,2.349250078201294,2.3812499046325684,2.3192501068115234,2.3429999351501465,443236000,NVDA,0.004919567096359545,0.027073160565401322,0.3041950079022131,2.2888689994812013,1.94032821059227,1.7572340846061707,0.005646843424540033,0.07163164106567523,0.3416432584269662,617000200.0,80.16183086692651,0.04216649982446005,0.0020216187324346713,1
2016-11-25,2.3134710788726807,2.3540000915527344,2.377500057220459,2.335249900817871,2.3605000972747803,195564000,NVDA,0.0020216187324346713,0.02068347518315372,0.3341958567526384,2.2982451915740967,1.9693026840686798,1.7727442264556885,0.00553020030216742,0.07121192630885488,-0.5587813264265538,607345200.0,80.973799667061,0.03520992220976715,-0.0005307417471459575,0
2016-11-28,2.312243223190308,2.352750062942505,2.368499994277954,2.3399999141693115,2.346750020980835,278736000,NVDA,-0.0005307417471459575,0.009542837162498374,0.33575571095506906,2.302616548538208,1.9983629703521728,1.788156213760376,0.004439467683071763,0.07119662098427164,0.42529299871141935,606739200.0,79.0890525875788,0.027661793409236496,-0.009138451871373854,0
2016-11-29,2.291112899780273,2.331249952316284,2.361000061035156,2.313250064849853,2.3499999046325684,444568000,NVDA,-0.009138451871373854,0.004405341596884993,0.3123888275422875,2.3046263217926026,2.0256307303905485,1.802738356590271,0.0063244580979971024,0.07141190416482984,0.5949428850238219,616348200.0,77.61280622324206,0.018805401352917722,-0.011260170012895254,0
2016-11-30,2.2653145790100098,2.305000066757202,2.3540000915527344,2.302500009536743,2.3399999141693115,440500000,NVDA,-0.011260170012895254,-0.014009252609138878,0.3372630802635703,2.298189067840576,2.054196798801422,1.8170891046524047,0.007066464412884191,0.07091284628788806,-0.009150456173183885,614712000.0,77.90006782792398,0.009252519939366766,-0.04945767042350946,0
2016-12-01,2.1532773971557617,2.190999984741211,2.3042500019073486,2.119250059127808,2.302500009536743,1035524000,NVDA,-0.04945767042350946,-0.06736223210995984,0.2764864038615569,2.267083835601807,2.0775167465209963,1.8283306431770325,0.020772376619584084,0.072322743612127,1.3507922814982973,651695800.0,73.54150700381356,-0.005760780690180267,0.009242650722471435,1
2016-12-02,2.1731793880462646,2.211250066757202,2.220000028610229,2.128000020980835,2.15625,478292000,NVDA,0.009242650722471435,-0.060641212292473545,0.3034497181988318,2.2390254974365233,2.102813106775284,1.8398917150497436,0.022329045275177786,0.07207698368519883,-0.5381159683406662,660127200.0,51.32608987505258,-0.01497636451602577,0.038779042180587364,1
2016-12-05,2.257453203201294,2.296999931335449,2.3152499198913574,2.2249999046325684,2.2497498989105225,602284000,NVDA,0.038779042180587364,-0.023695612745019856,0.3618111755173161,2.228067493438721,2.1328015446662905,1.8531726169586182,0.03221123504941112,0.07207480733809114,0.25923912588962383,673802400.0,68.87088766318658,-0.015932762033187664,0.01643427194222502,1
2016-12-06,2.294552803039551,2.334749937057495,2.343250036239624,2.289249897003174,2.3052499294281006,498796000,NVDA,0.01643427194222502,0.0015014115016365182,0.3123311485583151,2.228755474090576,2.1601064026355745,1.8674948072433473,0.03327680827811202,0.0715452273132364,-0.17182591601304364,674363200.0,67.34419989151507,-0.01463655986728063,0.017988992578177987,1
2016-12-07,2.335829496383667,2.376749992370605,2.382499933242798,2.302500009536743,2.321000099182129,480804000,NVDA,0.017988992578177987,0.031128090565008204,0.3380032622537492,2.2428584575653074,2.1896099925041197,1.8815630888938903,0.03320903038356865,0.07142947758726627,-0.0360708586275752,676909200.0,60.2929711496577,-0.011696488889842094,-0.016724712287077725,0
2016-12-08,2.2967634201049805,2.336999893188477,2.415499925613404,2.3262500762939453,2.3797500133514404,381544000,NVDA,-0.016724712287077725,0.06663610695897693,0.3381923189816467,2.2715556621551514,2.2186322689056395,1.8947322797775268,0.019992596942358134,0.0714260425907958,-0.2064458698346936,673159800.0,53.37254233132758,-0.012980825365072945,-0.017757733467700265,0
2016-12-09,2.2559781074523926,2.2955000400543213,2.356750011444092,2.267750024795532,2.3550000190734863,382312000,NVDA,-0.017757733467700265,0.03810026906272368,0.3569050559467877,2.288115406036377,2.24830162525177,1.9067815780639648,0.02445767176853262,0.07100922848241217,0.0020128740066676087,648811400.0,46.29481388448016,-0.01692574327314275,-0.02428669774170178,0
2016-12-12,2.2011878490448,2.2397499084472656,2.2487499713897705,2.188499927520752,2.2462499141693115,601332000,NVDA,-0.02428669774170178,-0.024924261586775853,0.019939889234989128,2.2768623352050783,2.250453293323517,1.9171855235099793,0.020371803858626306,0.026755203701594312,0.5728828809977191,570110800.0,42.16584441452358,-0.0231866486912108,0.017635945211081916,1
2016-12-13,2.240007877349853,2.279249906539917,2.307250022888184,2.251250028610229,2.252249956130981,387796000,NVDA,0.017635945211081916,-0.0237714841939759,0.09166043390697154,2.2659533500671385,2.2598573207855224,1.9284002161026002,0.020690555527187876,0.024157732195166554,-0.35510500023281644,522060800.0,44.598329387150706,-0.024544126334894334,0.05791433011959013,1
2016-12-14,2.369736433029175,2.411250114440918,2.4277501106262207,2.289249897003174,2.313499927520752,983980000,NVDA,0.05791433011959013,0.014516015273376093,0.12071538467176213,2.2727347373962403,2.272619867324829,1.9422830796241761,0.034618173355024144,0.026376954436650328,1.5373650063435416,539955200.0,54.682796173743384,-0.01689955835675515,0.023431506646028222,1
2016-12-15,2.425262928009033,2.467750072479248,2.498500108718872,2.414999961853028,2.422499895095825,746548000,NVDA,0.023431506646028222,0.05594808188741496,0.07888020687776098,2.2984346389770507,2.2814857840538023,1.9573108172416687,0.033432544410420616,0.023153055516024826,-0.24129758734933637,527883400.0,57.96848355979494,-0.008710308119297586,0.01722217907668777,1
2016-12-16,2.467031240463257,2.5102500915527344,2.5174999237060547,2.4432499408721924,2.4957499504089355,1089528000,NVDA,0.01722217907668777,0.09355282851091151,0.08843289328192294,2.340645265579224,2.291507840156555,1.9736105990409851,0.029201122327730426,0.023324479699648088,0.4594212294453941,540710400.0,60.43041771924939,-0.0014671181365348979,0.012150109219839944,1
2016-12-19,2.4970059394836426,2.540750026702881,2.5612499713897705,2.4749999046325684,2.492500066757202,744656000,NVDA,0.012150109219839944,0.13439020689088954,0.09021163313425795,2.399808883666992,2.3018388152122498,1.9907503032684326,0.018462169668369062,0.023349729510068983,-0.31653339794846946,549140200.0,63.71071247350987,0.004054102620801969,0.03483232730544117,1
2016-12-20,2.583982467651367,2.6292500495910645,2.653249979019165,2.602999925613404,2.614500045776367,848056000,NVDA,0.03483232730544117,0.1535595449371676,0.13279698846383314,2.468603801727295,2.316984736919403,2.0095068788528443,0.018190917594632074,0.02419572457628142,0.13885606239659665,569721200.0,69.62178959811291,0.011835078361828177,0.006275322919119475,1
2016-12-21,2.6001977920532227,2.645750045776367,2.648750066757202,2.592750072479248,2.6410000324249268,576136000,NVDA,0.006275322919119475,0.09725189511031607,0.13175052511737495,2.5146960735321047,2.332119584083557,2.0290636920928957,0.010977965504633907,0.024195253601764666,-0.3206392030714953,582009600.0,81.20064874020298,0.01608174389126446,0.012095063093594094,1
2016-12-22,2.6316473484039307,2.6777501106262207,2.721750020980835,2.663249969482422,2.6705000400543213,718612000,NVDA,0.012095063093594094,0.08509775085059501,0.13983164088897104,2.555972957611084,2.348261773586273,2.049102306365967,0.010948329579908437,0.02422400880203818,0.24729577738589503,595778400.0,81.49894673389224,0.01882611457240989,0.024927502251554712,1
2016-12-23,2.6972477436065674,2.744499921798706,2.746000051498413,2.656749963760376,2.6594998836517334,647692000,NVDA,0.024927502251554712,0.09331722248481977,0.16588781603481095,2.602016258239746,2.3674506068229677,2.0709828305244447,0.011595897639085686,0.024523675482553926,-0.09869025287637834,618384800.0,81.01172527510954,0.02262152973067255,0.06868299402540967,1
2016-12-27,2.882502794265747,2.933000087738037,2.934000015258789,2.7804999351501465,2.801500082015991,1194272000,NVDA,0.06868299402540967,0.1543836354918009,0.24662611846197802,2.679115629196167,2.3959635853767396,2.0962544322013854,0.02463164422527586,0.027908212684303893,0.8438887619424047,664161600.0,84.29346485339858,0.034461278804877704,-0.06878640222205068,0
2016-12-28,2.6842257976531982,2.731250047683716,2.9982500076293945,2.717250108718872,2.990000009536743,2295764000,NVDA,-0.06878640222205068,0.03879412157658502,0.17158163524400138,2.699164295196533,2.415619230270386,2.1177469587326048,0.04970618868602823,0.032954930654982915,0.9223125050239811,756721400.0,67.17534821311875,0.026167737840938787,0.01995424062920148,1
2016-12-29,2.7377874851226807,2.785749912261963,2.78725004196167,2.569999933242798,2.622499942779541,2175368000,NVDA,0.01995424062920148,0.0529150872637314,0.20856834211482966,2.7266822338104246,2.4392428755760194,2.1398200511932375,0.0499195571966019,0.032709731137044715,-0.052442672678899016,843464800.0,71.4353818702731,0.021701916758792933,-0.04208902237572687,0
2016-12-30,2.622556686401367,2.6684999465942383,2.7980000972747803,2.657500028610229,2.783750057220459,1212932000,NVDA,-0.04208902237572687,-0.003454361773843617,0.2179372197309417,2.724864101409912,2.4627068400382996,2.1596572303771975,0.05531390921581919,0.03203906567903943,-0.4424244541613189,852335200.0,66.61471131714592,0.009047936867032175,-0.04431353297332674,0
2017-01-03,2.5063419342041016,2.5502500534057617,2.659250020980835,2.484499931335449,2.609999895095825,1501996000,NVDA,-0.04431353297332674,-0.07077800319046712,0.15330650934314138,2.686682939529419,2.4793649673461915,2.1765518760681153,0.05633924733817465,0.03429894323478275,0.2383183888297118,903520400.0,63.10124935435933,-0.008158295490432038,0.02333110738216737,1
2017-01-04,2.5648176670074463,2.6097500324249268,2.637500047683716,2.538249969482422,2.5850000381469727,1199220000,NVDA,0.02333110738216737,-0.11021155916666647,0.13615540883429111,2.623145914077759,2.494733190536499,2.1947092628479004,0.041547481464112336,0.03373190768508743,-0.20158242764960754,933367200.0,63.71367742909632,-0.016148879319894532,-0.02538543591173703,0
2017-01-05,2.499708652496338,2.5434999465942383,2.6454999446868896,2.526249885559082,2.6132500171661377,984296000,NVDA,-0.02538543591173703,-0.0687412904377056,0.08940994915655076,2.5862424850463865,2.504990983009338,2.2100090837478636,0.03310432460376678,0.034402288123307895,-0.17921982622037658,957642200.0,55.80422099997636,-0.02579447687518377,0.013367494113712963,1
2017-01-06,2.53312349319458,2.577500104904175,2.606250047683716,2.5299999713897705,2.571249961853028,822856000,NVDA,0.013367494113712963,-0.07475525147231421,0.08446421158580453,2.5453096866607665,2.514855682849884,2.2254080414772033,0.03152357270780271,0.03432485912964704,-0.16401570259352882,974744800.0,54.913814901675906,-0.02962541370818003,0.040542547594329736,1
2017-01-09,2.6358227729797363,2.681999921798706,2.700000047683716,2.587500095367432,2.587500095367432,916248000,NVDA,0.040542547594329736,0.005058455608283774,0.14762484890988814,2.5479629039764404,2.531808650493622,2.2427186942100525,0.035225918371827064,0.03483505515098722,0.1134973798574721,1001480000.0,57.28520238382633,-0.02512191645814149,-0.007549585082170407,0
2017-01-10,2.6159234046936035,2.661750078201294,2.729749917984009,2.640749931335449,2.6952500343322754,880920000,NVDA,-0.007549585082170407,0.043721676198303694,0.15955176872158838,2.5698791980743407,2.5498059153556825,2.260357530117035,0.02586280451711247,0.03451904765072907,-0.03855724650967862,1026410400.0,55.177621302099475,-0.023397339535064676,-0.012303980193908326,0
2017-01-11,2.583737134933472,2.628999948501587,2.6549999713897705,2.603749990463257,2.650000095367432,525664000,NVDA,-0.012303980193908326,0.007376535248254212,0.17379220317551658,2.573663091659546,2.568933379650116,2.2774115228652954,0.02578834618355677,0.03402972955126091,-0.4032783907732824,1022627000.0,49.988783139609055,-0.024235735286362886,-0.016356218831835356,0
2017-01-12,2.541476964950561,2.5859999656677246,2.617500066757202,2.540499925613404,2.60575008392334,625616000,NVDA,-0.016356218831835356,0.016709272263593977,0.1345839408196079,2.5820167541503904,2.584006834030151,2.2933259081840514,0.023641268464786036,0.0344013437872436,0.19014427466975103,1034518000.0,47.377677363165255,-0.027224257200908375,-9.662536385768306e-05,0
2017-01-13,2.541231393814087,2.585750102996826,2.625,2.576499938964844,2.5899999141693115,457820000,NVDA,-9.662536385768306e-05,0.003200752210182234,0.07236879105820826,2.583638334274292,2.592581582069397,2.3102706718444823,0.02300015536176137,0.03225187932715701,-0.2682092529602823,1008210000.0,45.84649630268601,-0.028660450148975433,-0.02243069673525755,0
2017-01-17,2.484229803085327,2.527750015258789,2.5799999237060547,2.5142500400543213,2.575000047683716,580612000,NVDA,-0.02243069673525755,-0.057512580681984504,0.024313600968906668,2.55331974029541,2.595529925823212,2.326217699050903,0.008500676757981565,0.03242725310891551,0.2682102136210738,999913200.0,40.13651598316678,-0.03260509938159552,0.01819808121509281,1
2017-01-18,2.529438018798828,2.5737500190734863,2.580749988555908,2.477750062942505,2.50600004196167,654424000,NVDA,0.01819808121509281,-0.033061130818891504,0.025296306472330166,2.536022663116455,2.59865026473999,2.3434614157676696,0.016090127768107455,0.03245255840150886,0.1271279270838357,978158000.0,31.2156481108221,-0.03131811070227669,0.02146686960941202,1
2017-01-19,2.583737134933472,2.628999948501587,2.6614999771118164,2.57450008392334,2.5767500400543213,644872000,NVDA,0.02146686960941202,0.0,0.034734076550801074,2.536022663116455,2.602986824512482,2.3619824695587157,0.019764525781176514,0.032675769847816755,-0.01459604170996176,973168800.0,43.686362555102804,-0.026167958470472513,-0.010935981328375921,0
2017-01-20,2.555481433868408,2.600250005722046,2.6700000762939453,2.578000068664551,2.6519999504089355,492024000,NVDA,-0.010935981328375921,0.00551036625984902,-0.011029886672901501,2.5388235569000246,2.6015617728233336,2.3781229853630066,0.018755304214780395,0.03186403526812845,-0.23702068007294474,955367200.0,38.169633256418514,-0.024075243156091136,0.010383668707816929,1
2017-01-23,2.582016706466675,2.627249956130981,2.6475000381469727,2.5924999713897705,2.595000028610229,369904000,NVDA,0.010383668707816929,0.016049428931134813,-0.006992193302414629,2.546980619430542,2.6006527185440063,2.394848165512085,0.019150010678737374,0.03192028957140922,-0.248199274832122,945055600.0,47.027010204227935,-0.020457069377419784,0.021314963217569982,1
2017-01-24,2.637052297592163,2.6832499504089355,2.689500093460083,2.622499942779541,2.637500047683716,428052000,NVDA,0.021314963217569982,0.061517052213541534,0.0020538273076406988,2.5775451183319094,2.600922966003418,2.4132628536224363,0.013633062462646842,0.032167725178605645,0.15719754314632994,930527600.0,60.53053041132222,-0.014206988888981822,0.004285934242801881,1
2017-01-25,2.6483545303344727,2.6947500705718994,2.7325000762939453,2.658250093460083,2.726249933242798,522760000,NVDA,0.004285934242801881,0.04701301658781709,-0.018127075419004046,2.601328420639038,2.598478305339813,2.4329781246185305,0.013492610413223997,0.03167331794191894,0.22125349256632365,924281000.0,57.28368104046468,-0.009393499971800404,0.017255845424614558,1
2017-01-26,2.694054126739502,2.7412500381469727,2.7487499713897705,2.6675000190734863,2.697499990463257,458800000,NVDA,0.017255845424614558,0.04269667773647967,-0.065376751030782,2.6233918190002443,2.589055871963501,2.443696117401123,0.012648561084831731,0.027591105505052418,-0.1223506006580457,887507400.0,67.53884975798508,-0.0035162007860430333,0.019334083914927858,1
2017-01-27,2.746141195297241,2.794250011444092,2.7972500324249268,2.721250057220459,2.7482500076293945,471996000,NVDA,0.019334083914927858,0.07460815754791783,0.023066389458806125,2.661523771286011,2.592151641845703,2.457580394744873,0.00704764123024479,0.023224426254327826,0.02876198779424577,796319000.0,68.59718059847441,0.003135424014865988,-0.015657287354541527,0
2017-01-30,2.703144073486328,2.750499963760376,2.77524995803833,2.6977500915527344,2.7730000019073486,496004000,NVDA,-0.015657287354541527,0.04691192226459617,-0.012653798669402638,2.6857492446899416,2.5904194712638855,2.4693535661697386,0.015462409903435993,0.023091687075530908,0.05086483783760887,712350800.0,56.561365448857,0.0038484947859375312,-0.0076344563252438435,0
2017-01-31,2.682507038116455,2.7295000553131104,2.751250028610229,2.7049999237060547,2.723750114440918,362756000,NVDA,-0.0076344563252438435,0.01723695072934106,0.0228595065364825,2.6948401927948,2.59341698884964,2.4780448150634764,0.015260533662166724,0.02100758396670553,-0.268642994814558,669842000.0,56.48015199371085,0.0022202115732439798,0.04368910121097658,1
2017-02-01,2.799703359603882,2.848750114440918,2.852999925613404,2.746500015258789,2.76449990272522,590004000,NVDA,0.04368910121097658,0.05714825093689191,0.11704764677008783,2.7251099586486816,2.608085060119629,2.4887070798873903,0.02363384207274541,0.02014014505546478,0.6264486321384071,624242400.0,68.03443838138645,0.008000912859211909,0.01263701259843586,1
2017-02-02,2.835083246231079,2.88474988937378,2.8935000896453857,2.801500082015991,2.8324999809265137,483240000,NVDA,0.01263701259843586,0.052348287323483955,0.1053741880758996,2.753315782546997,2.6215983390808106,2.4996010160446165,0.023437059477176555,0.019787433190413345,-0.1809547053918279,588443400.0,74.80284194405216,0.012882818745997782,-0.008752858521187235,0
2017-02-03,2.8102681636810303,2.859499931335449,2.8975000381469727,2.8475000858306885,2.8862500190734863,372744000,NVDA,-0.008752858521187235,0.02335166468993166,0.12423828307933071,2.766141176223755,2.637126314640045,2.5101850986480714,0.024137944163777004,0.01875672582324231,-0.228656568164887,557865800.0,71.82146506506473,0.013074594659268468,0.025616352901841388,1
2017-02-06,2.8822569847106934,2.93274998664856,2.9332499504089355,2.8499999046325684,2.8499999046325684,506768000,NVDA,0.025616352901841388,0.06626095626244499,0.13782726837206538,2.801963758468628,2.654582989215851,2.5218802213668825,0.0223608533854235,0.019203305303879117,0.35956044899448414,542061400.0,81.51756563016927,0.016464634086728533,0.015514272323196021,1
2017-02-07,2.9269731044769287,2.978250026702881,3.0230000019073486,2.947499990463257,2.9674999713897705,746224000,NVDA,0.015514272323196021,0.09113342961893123,0.11045899386021829,2.850856971740723,2.6691405057907103,2.5342436122894285,0.019158931875339586,0.01762942892008439,0.47251602311116714,533560200.0,81.50315053611068,0.01990356534349476,-0.004365046879779122,0
2017-02-08,2.914196729660034,2.965250015258789,2.982749938964844,2.9094998836517334,2.9600000381469727,449580000,NVDA,-0.004365046879779122,0.040894821825820715,0.11402219362816801,2.8737556457519533,2.684054172039032,2.546258125305176,0.014333268002040564,0.01752036812827065,-0.3975267480006004,511993200.0,78.03250201438703,0.019478465649792887,-0.018800907500245212,0
2017-02-09,2.8594071865081787,2.9094998836517334,2.9765000343322754,2.890000104904175,2.9714999198913574,842568000,NVDA,-0.018800907500245212,0.008579621183764319,0.10669431028702725,2.878620433807373,2.6978376746177672,2.557201404571533,0.01822813055307259,0.017924549753793432,0.8741225143467235,527838400.0,74.67105759728926,0.013928173027425605,-0.02371539326834826,0
2017-02-10,2.791595220565796,2.8405001163482666,3.0174999237060547,2.815000057220459,2.9982500076293945,1651092000,NVDA,-0.02371539326834826,-0.006644541384540181,0.0984145278767461,2.874885845184326,2.710343587398529,2.5672110509872437,0.02136131816508382,0.018458647835204796,0.9595949525735608,579112200.0,65.94400997738546,0.004593658556098348,-0.04611882055537875,0
2017-02-13,2.662850141525269,2.7095000743865967,2.8494999408721924,2.7049999237060547,2.834749937057495,1180724000,NVDA,-0.04611882055537875,-0.07612327573470945,0.04785819504954514,2.8310044765472413,2.716424524784088,2.5751617622375487,0.022922549367505488,0.021694740971800394,-0.28488297441935395,615257400.0,51.7646978237938,-0.01052248098856734,0.00369099535554529,1
2017-02-14,2.672678709030152,2.719500064849853,2.7537500858306885,2.657249927520752,2.6997499465942383,850632000,NVDA,0.00369099535554529,-0.08687964882828025,0.0758580811287175,2.780145597457886,2.7258469700813293,2.5855497884750367,0.019237275145765703,0.020881847658491395,-0.27956745183463705,628758400.0,51.66725334217109,-0.019602588855469186,0.002022029028118988,1
2017-02-15,2.6780829429626465,2.7249999046325684,2.744999885559082,2.694000005722046,2.7225000858306885,373020000,NVDA,0.002022029028118988,-0.0810219105300185,0.058765987962182464,2.7329228401184085,2.73327921628952,2.595647859573364,0.020526427027335085,0.020609180277847583,-0.5614789944417797,614688200.0,48.841279428990916,-0.02466110711290563,-0.016054830657721064,0
2017-02-16,2.63508677482605,2.681250095367432,2.736000061035156,2.6414999961853027,2.7347500324249268,647176000,NVDA,-0.016054830657721064,-0.0784499712879515,0.019874173420470598,2.6880587577819828,2.735846698284149,2.6032005310058595,0.020488998774347737,0.020553283646487966,0.7349632727467696,614803400.0,41.83522222128735,-0.029966387964753538,-0.00018656657336835192,0
2017-02-17,2.6345951557159424,2.680749893188477,2.6852500438690186,2.619750022888184,2.6675000190734863,563740000,NVDA,-0.00018656657336835192,-0.05624026853650832,0.030958441254560043,2.6566587448120123,2.739802384376526,2.6100013780593874,0.02098016413172145,0.02035925767474038,-0.12892319863530166,618389200.0,44.62426206654647,-0.032367382761135446,0.03581099614281724,1
2017-02-21,2.728942632675171,2.776750087738037,2.780750036239624,2.7054998874664307,2.705749988555908,551952000,NVDA,0.03581099614281724,0.02482020678491681,0.05690355366040789,2.6698772430419924,2.7471486806869505,2.617863640785217,0.018908263267954598,0.02167966521292317,-0.020910348742328,627491600.0,53.26419417065686,-0.026695981846354015,-0.0015325857951432598,0
2017-02-22,2.724760293960572,2.7690000534057617,2.7950000762939453,2.7497498989105225,2.7855000495910645,433772000,NVDA,-0.0015325857951432598,0.01948666136129762,0.033259862327528866,2.680293560028076,2.751534080505371,2.626423578262329,0.01914539256278573,0.021261398097998103,-0.21411282140475985,627777600.0,43.736719615516485,-0.022489361005626575,-0.0927227110743496,0
2017-02-23,2.472113132476806,2.5122499465942383,2.659749984741211,2.492000102996826,2.637500047683716,1592888000,NVDA,-0.0927227110743496,-0.07690942172910631,-0.06654750934551357,2.639099597930908,2.742722010612488,2.6307462787628175,0.04749862922123211,0.029962073695452108,2.6721780105677637,681284000.0,27.74665448565682,-0.035226540680529154,0.009652520823540511,1
2017-02-24,2.4959752559661865,2.5364999771118164,2.549999952316284,2.3924999237060547,2.4267499446868896,1029904000,NVDA,0.009652520823540511,-0.052792006771407496,-0.07352445847591105,2.6112772941589357,2.732818067073822,2.636642026901245,0.04872296094645301,0.02973896083983665,-0.3534360231227808,709839200.0,30.708464603111608,-0.04018959725422752,0.02907560589820557,1
2017-02-27,2.568547248840332,2.6102499961853027,2.625499963760376,2.5390000343322754,2.555000066757202,715400000,NVDA,0.02907560589820557,-0.0250694710085968,-0.06467036245661306,2.5980677127838137,2.7239383697509765,2.6432128143310547,0.05182444868509399,0.03020663633784521,-0.30537215119079064,722009400.0,30.75803565526806,-0.03681966216056683,-0.02806242265578096,0
2017-02-28,2.4964675903320312,2.5369999408721924,2.630000114440918,2.5195000171661377,2.619999885559082,625360000,NVDA,-0.02806242265578096,-0.08518868794073742,-0.07645781265655582,2.5515727043151855,2.713604545593262,2.645747437477112,0.0472452842755052,0.030607265349431385,-0.12585965893206597,728477200.0,24.451751562391678,-0.03755083789352339,0.012908673754725486,1
2017-03-01,2.528693675994873,2.5697500705718994,2.609250068664551,2.527750015258789,2.594749927520752,504804000,NVDA,0.012908673754725486,-0.07195738223295478,-0.05733940673258531,2.512359380722046,2.7059138774871827,2.647816052436829,0.04882084132478607,0.030805696093958574,-0.19277855954969936,735579600.0,27.638619326148003,-0.03407204612967402,-0.036871011143576715,0
2017-03-02,2.435458183288574,2.4749999046325684,2.571000099182129,2.472249984741211,2.556750059127808,754332000,NVDA,-0.036871011143576715,-0.014827375295526024,-0.13010134629650305,2.5050283908843993,2.6877016186714173,2.647184591293335,0.028358450289196705,0.029697354582934193,0.49430670121472886,743796000.0,26.458524252934524,-0.03606590005734139,-0.005757777836079558,0
2017-03-03,2.4214353561401367,2.460750102996826,2.469249963760376,2.4054999351501465,2.464250087738037,864692000,NVDA,-0.005757777836079558,-0.02986403797388426,-0.1459032607387597,2.4901204109191895,2.66701922416687,2.6456731796264648,0.027510589603619632,0.02935594912760996,0.14630162846067774,762868600.0,28.139498275026483,-0.03624801242182553,-0.007721364489757798,0
2017-03-06,2.402738571166992,2.4417500495910645,2.452500104904175,2.3792500495910645,2.424000024795532,883568000,NVDA,-0.007721364489757798,-0.06455348553475138,-0.14501448572802222,2.4569586753845214,2.646642744541168,2.6420483016967773,0.019673739579759042,0.029354413349301202,0.02182973821892653,788409800.0,32.34359165079836,-0.03550067815932724,0.010955548305307206,1
2017-03-07,2.429061889648437,2.4684998989105225,2.4882500171661377,2.4287500381469727,2.4417500495910645,603400000,NVDA,0.010955548305307206,-0.02700043090670734,-0.15723618590094102,2.4434775352478026,2.6239829897880553,2.6386255836486816,0.019991247598602064,0.02866192207882348,-0.31708708328051716,793241400.0,33.82545920333095,-0.03125597020048617,-0.001823281466916904,0
2017-03-08,2.424633026123047,2.46399998664856,2.532500028610229,2.461750030517578,2.5174999237060547,638712000,NVDA,-0.001823281466916904,-0.04115193977810905,-0.171624425788379,2.4226654052734373,2.5988659858703613,2.634485297203064,0.017577033995067402,0.02816760009018233,0.05852171030825315,787865800.0,33.15078428674951,-0.026932984503866712,-0.000202661881709143,0
2017-03-09,2.4241416454315186,2.463500022888184,2.4862499237060547,2.434999942779541,2.4477500915527344,478060000,NVDA,-0.000202661881709143,-0.00464657448635597,-0.1681612909797221,2.420402097702026,2.5743632316589355,2.629023175239563,0.007280475309938151,0.02821882966670343,-0.2515249439496988,789289800.0,35.13648453049886,-0.022474887215865894,0.005885958979254369,1
2017-03-10,2.4384100437164307,2.477999925613404,2.502249956130981,2.4595000743865967,2.4902501106262207,499740000,NVDA,0.005885958979254369,0.0070101758171039474,-0.1472323161171939,2.423797035217285,2.553313374519348,2.620141320228577,0.007203955777011202,0.02829690683396895,0.04534995607245951,772148400.0,36.43976517521552,-0.01717264599951803,0.02754210171799709,1
2017-03-13,2.5055689811706543,2.546250104904175,2.556250095367432,2.4877500534057617,2.4885001182556152,774136000,NVDA,0.02754210171799709,0.042797169545464975,-0.10245978259597766,2.4443631172180176,2.539012062549591,2.616568183898926,0.01180854540190809,0.02906540638961067,0.5490775203105616,728300600.0,33.95754532020801,-0.008204773387023113,-0.0006872127613373191,0
2017-03-14,2.503847122192383,2.5445001125335693,2.5687499046325684,2.5117499828338623,2.5592501163482666,522016000,NVDA,-0.0006872127613373191,0.0307877015660436,-0.05971159129586234,2.4593201637268067,2.5310619115829467,2.61188937664032,0.012332563560691168,0.027408769588280115,-0.32567920882118906,695365200.0,34.07798304656605,-0.0017865759035758516,0.00756549103133386,1
2017-03-15,2.52278995513916,2.563750028610229,2.5747499465942383,2.507999897003174,2.556250095367432,615036000,NVDA,0.00756549103133386,0.040483210431668804,-0.05608184529796423,2.4789515495300294,2.5235674738883973,2.6098940420150756,0.011503270021569392,0.02746997161956295,0.178193771838411,683585400.0,55.507984418826,0.004019926416788645,0.01228671432033046,1
2017-03-16,2.5537867546081543,2.595249891281128,2.595750093460083,2.5602500438690186,2.57450008392334,523100000,NVDA,0.01228671432033046,0.05348083080085764,-0.04641237444908586,2.5048805713653564,2.5173526644706725,2.610842938423157,0.010591013809379693,0.02765437659041203,-0.14948068080567645,691089400.0,56.187478724712726,0.009898737370746633,0.021770722255758823,1
2017-03-17,2.609384536743164,2.651750087738037,2.6530001163482666,2.595249891281128,2.61299991607666,1119688000,NVDA,0.021770722255758823,0.07011720340773686,-0.009753848840360235,2.539075469970703,2.516067552566528,2.611734275817871,0.011217861951136106,0.02793438294730743,1.1404855668132288,714715000.0,54.53555113285508,0.017062109007496128,0.03186553456002583,1
2017-03-20,2.6925339698791504,2.7362499237060547,2.7402501106262207,2.653249979019165,2.6695001125335693,748568000,NVDA,0.03186553456002583,0.07461977303899348,0.021991543572645433,2.5764684677124023,2.5189644932746886,2.6155907821655275,0.01262977159363298,0.028834417792137423,-0.3314494752109516,723956400.0,71.25331064554749,0.026374496619499574,-0.03234323058278954,0
2017-03-21,2.6054487228393555,2.647749900817871,2.749000072479248,2.6397500038146973,2.71875,913484000,NVDA,-0.03234323058278954,0.04057819654660455,-0.04525339168260745,2.596788787841797,2.512789797782898,2.617037286758423,0.02452078297979402,0.0285919590900575,0.2203086426350045,742033000.0,57.43577590905984,0.025621582662447774,0.020394134577057077,1
2017-03-22,2.6585845947265625,2.7017500400543213,2.7065000534057617,2.632499933242798,2.6364998817443848,616764000,NVDA,0.020394134577057077,0.05382716833431811,-0.024286796670036637,2.6239477157592774,2.5094810128211975,2.6174925231933592,0.02509835372830044,0.029024335554211137,-0.324822328579373,751182600.0,73.4366469762704,0.02748958913118716,-0.009068137207073335,0
2017-03-23,2.6344761848449707,2.6772499084472656,2.71399998664856,2.6675000190734863,2.6937499046325684,533940000,NVDA,-0.009068137207073335,0.0315959937106014,0.06567784064376259,2.6400856018066405,2.5175991654396057,2.6178635787963866,0.026555662777721038,0.019570273866731026,-0.1342879934626534,698235200.0,71.91300500864206,0.025910209821359685,0.0035484824422971073,1
2017-03-24,2.643824577331543,2.6867499351501465,2.732249975204468,2.6605000495910645,2.724250078201294,439500000,NVDA,0.0035484824422971073,0.013198530191094182,0.0592350909777446,2.6469736099243164,2.5249916315078735,2.619065327644348,0.025153463706952817,0.01951462983996605,-0.17687380604562308,668715000.0,75.28392241504335,0.024328949922375435,0.0072578204498798815,1
2017-03-27,2.663012981414795,2.706249952316284,2.710249900817871,2.5894999504089355,2.63949990272522,506644000,NVDA,0.0072578204498798815,-0.010964017091186551,0.03677788392528614,2.6410694122314453,2.5297149181365968,2.6214960479736327,0.019928945455093314,0.018570971856337253,0.152773606370876,658277200.0,74.9084143084875,0.023401919517278366,-0.0051731118155302624,0
2017-03-28,2.6492369174957275,2.6922500133514404,2.722249984741211,2.681750059127808,2.7074999809265137,432444000,NVDA,-0.0051731118155302624,0.016806392800029046,0.0611941960533835,2.6498270511627195,2.5373533844947813,2.6236561584472655,0.011539690140789163,0.017283273972376965,-0.14645392030696114,648631400.0,73.44656025924054,0.020776490904897783,-0.003250446263647233,0
2017-03-29,2.6406257152557373,2.683500051498413,2.712249994277954,2.681250095367432,2.6997499465942383,349992000,NVDA,-0.003250446263647233,-0.0067550528602503546,0.04426476813836544,2.6462352752685545,2.542949986457825,2.626784076690674,0.006631108320042859,0.017178812819561552,-0.19066514970724535,640890800.0,72.22220046774305,0.01750642408668386,0.019191578739799597,1
2017-03-30,2.6913034915924072,2.734999895095825,2.75,2.684999942779541,2.6907498836517334,525532000,NVDA,0.019191578739799597,0.021570628375515488,0.10505017497708291,2.657600736618042,2.555742251873016,2.6300213861465456,0.009718803672116265,0.014867750664033823,0.5015543212416285,629450800.0,74.15414758024042,0.017747516257130745,-0.004295922846490718,0
2017-03-31,2.679741859436035,2.723249912261963,2.7472500801086426,2.7100000381469727,2.725250005722046,440808000,NVDA,-0.004295922846490718,0.013585349955685722,0.10667495320116616,2.6647841930389404,2.5686575770378113,2.6319414806365966,0.010477022012160216,0.0148150008188749,-0.16121568239422146,608256600.0,68.61212256474067,0.016164272582332703,-0.005049088708440563,0
2017-04-03,2.666211605072021,2.7095000743865967,2.7412500381469727,2.685499906539917,2.723750114440918,445232000,NVDA,-0.005049088708440563,0.0012011295774934094,0.1096553062687391,2.6654239177703856,2.581831228733063,2.634156084060669,0.010597009486176706,0.014704110333021821,0.010036115496996345,586339800.0,66.92318779354383,0.013358092275471143,-0.0701241055318198,0
2017-04-04,2.479245901107788,2.5195000171661377,2.6105000972747803,2.508500099182129,2.5850000381469727,1271280000,NVDA,-0.0701241055318198,-0.06416603032567914,0.020659832371176856,2.631425714492798,2.5843404293060304,2.632100667953491,0.03366399989687938,0.02228892728830737,1.8553203723002838,619733800.0,46.63873418215401,-0.0011661874224826833,-0.0074415954054305455,0
2017-04-05,2.460796356201172,2.500750064849853,2.5592501163482666,2.487499952316284,2.500499963760376,747048000,NVDA,-0.0074415954054305455,-0.0681010406039878,0.014914970508320469,2.5954598426818847,2.5861485958099366,2.6285755491256713,0.03342101228267907,0.022365167344626253,-0.41236548989994337,625150600.0,42.680062248466875,-0.01151679249584688,0.007297801213177246,1
2017-04-06,2.478754758834839,2.5190000534057617,2.53125,2.460249900817871,2.50600004196167,635120000,NVDA,0.007297801213177246,-0.07897612938175402,0.02252884583136594,2.5529500961303713,2.5888792514801025,2.625183553695679,0.03083152016519758,0.02240707336568262,-0.1498270526124158,633003600.0,39.06948554657061,-0.01635910409440046,-0.004267720441900047,0
2017-04-07,2.4681761264801025,2.508249998092652,2.54325008392334,2.493000030517578,2.525500059127808,429068000,NVDA,-0.004267720441900047,-0.07895004222550661,0.012207168700102855,2.5106369495391845,2.590367555618286,2.6206659936904906,0.030834181433085906,0.022414124956369127,-0.3244300289709031,629470000.0,28.631590707509446,-0.019278963278688912,-0.025515729335399584,0
2017-04-10,2.405198812484741,2.4442501068115234,2.515749931335449,2.440000057220459,2.509000062942505,756332000,NVDA,-0.025515729335399584,-0.09789650307227926,-0.04005883272031008,2.4584343910217283,2.5853490471839904,2.6138471460342405,0.03038600333723315,0.02222788525738589,0.7627322475691498,628579800.0,30.009696347709024,-0.024140823482914592,0.0035798490008311923,1
2017-04-11,2.413809061050415,2.453000068664551,2.4725000858306885,2.408750057220459,2.413749933242798,618148000,NVDA,0.0035798490008311923,-0.02639384823753632,-0.035959887624101405,2.445347023010254,2.580847144126892,2.6080604457855223,0.01276596452049287,0.022259603593022783,-0.18270283420508449,633386400.0,23.18069086438767,-0.02534145273692571,-0.008255229597770697,0
2017-04-12,2.3938825130462646,2.43274998664856,2.4674999713897705,2.427500009536743,2.453000068664551,414092000,NVDA,-0.008255229597770697,-0.027191946617722063,-0.05109717589857177,2.4319642543792725,2.5744017720222474,2.6022879552841185,0.012805698120345384,0.02219820114078053,-0.3301086471201071,623339200.0,23.39508050895941,-0.025947747784822124,-0.018703032894913152,0
2017-04-13,2.349109649658203,2.3872499465942383,2.4302499294281006,2.3872499465942383,2.408250093460083,506892000,NVDA,-0.018703032894913152,-0.05230251549272935,-0.0801465136353392,2.406035232543945,2.5641679167747498,2.593276081085205,0.011562836093351228,0.022202156129382658,0.22410478830791236,622528800.0,19.778072034416297,-0.027676236314613783,0.03916672079635619,1
2017-04-17,2.441116571426392,2.48075008392334,2.4809999465942383,2.3949999809265137,2.40024995803833,497292000,NVDA,0.03916672079635619,-0.010963380920591126,-0.06448569114569491,2.400623321533203,2.555754518508911,2.5853967475891113,0.025480028883581102,0.023561136455971063,-0.018938945574205168,591409000.0,30.202071813626176,-0.02122543766639112,0.0006044662525874767,1
2017-04-18,2.442592144012451,2.482249975204468,2.4885001182556152,2.440000057220459,2.466249942779541,370116000,NVDA,0.0006044662525874767,0.015546877594322384,-0.09282773352639162,2.4081019878387453,2.5432574272155763,2.5780432271957396,0.02185989688024783,0.02211481290999023,-0.2557370719818537,572486400.0,31.149079846135706,-0.015715303939851696,0.003928072438251329,1
2017-04-19,2.452186822891236,2.492000102996826,2.524499893188477,2.4852499961853027,2.5,380828000,NVDA,0.003928072438251329,0.015899253366842503,-0.05882361015383886,2.4157775402069093,2.53559433221817,2.5694418239593504,0.021861651410497555,0.021189762125052122,0.028942277556225582,545853600.0,32.84067886101556,-0.01052965032507703,0.015850613555357995,1
2017-04-20,2.491055488586426,2.531500101089477,2.536250114440918,2.4852499961853027,2.5067501068115234,404016000,NVDA,0.015850613555357995,0.04059220743314862,-0.06301439738740655,2.4352121353149414,2.5272178769111635,2.5607234716415403,0.02131419521123485,0.02095092020040816,0.06088838005608821,535216200.0,31.364546663572227,-0.003927018437233892,0.004147395485786909,1
2017-04-21,2.501386880874634,2.5420000553131104,2.544749975204468,2.509000062942505,2.5209999084472656,341896000,NVDA,0.004147395485786909,0.06482338158995127,-0.05051831735505652,2.4656675815582276,2.5205634117126463,2.5524672746658323,0.015865068438813214,0.020959058292740435,-0.15375628687972753,525614000.0,33.36385951787605,0.0014053954556587922,0.01249040063281237,1
2017-04-24,2.532630205154419,2.5737500190734863,2.586999893188477,2.5527501106262207,2.5739998817443848,371820000,NVDA,0.01249040063281237,0.037488432465375254,-0.042058150578717424,2.483970308303833,2.5150036931037905,2.5459317350387574,0.00644472567938032,0.02118621424699367,0.0875236914149331,522230000.0,37.93868779322816,0.006993474834956916,0.017387046003053186,1
2017-04-25,2.576665163040161,2.618499994277954,2.633249998092652,2.5667500495910645,2.588500022888184,388440000,NVDA,0.017387046003053186,0.05488964637684779,-0.03242485822534713,2.510784912109375,2.5106863021850585,2.5416331338882445,0.006388038463164054,0.021535552897149177,0.04469904792641599,516319800.0,61.856422744033864,0.013249256662505166,-0.006874324126885489,0
2017-04-26,2.5589523315429688,2.6005001068115234,2.63474988937378,2.5985000133514404,2.6322500705718994,327004000,NVDA,-0.006874324126885489,0.04353889665137811,-0.034079468452411166,2.5321380138397216,2.506172072887421,2.5395551776885985,0.010052352776346767,0.02155450176435256,-0.15816084852229428,511047800.0,61.96754516723913,0.015624805628173692,0.015574361894653332,1
2017-04-27,2.598806381225586,2.6410000324249268,2.649499893188477,2.589750051498413,2.6080000400543213,319700000,NVDA,0.015574361894653332,0.04325511540503846,-0.015836903272034242,2.5536881923675536,2.504081106185913,2.5380777311325073,0.010003179173517656,0.02188286559253055,-0.02233611821262127,509533200.0,63.89524965381433,0.019081941383994567,-0.012685015225431084,0
2017-04-28,2.565840482711792,2.6075000762939453,2.6410000324249268,2.601749897003174,2.634000062942505,348248000,NVDA,-0.012685015225431084,0.025767146349876757,-0.046617934124694504,2.566578912734985,2.4978079557418824,2.5358328819274902,0.013919071238305821,0.021526086884573237,0.08929621520175157,500669000.0,60.747103035594726,0.01834507543958629,0.022435598125426504,1
2017-05-01,2.6234066486358643,2.66599988937378,2.671250104904175,2.6112499237060547,2.618499994277954,307732000,NVDA,0.022435598125426504,0.03584275481540766,-0.021022625967423214,2.5847342014312744,2.494991195201874,2.5355992794036863,0.01580762832758865,0.0222056044205431,-0.11634237669706649,494015200.0,74.3012555945222,0.020753850926469124,-0.02963266237191986,0
2017-05-02,2.545668125152588,2.586999893188477,2.640000104904175,2.563999891281128,2.6387500762939453,629972000,NVDA,-0.02963266237191986,-0.012029905294718368,-0.04521152022972197,2.57853479385376,2.488964021205902,2.5338207387924196,0.02125541003518663,0.023113704799681684,1.0471449183055386,503252200.0,62.72543909744749,0.016325850124063235,0.00744073458229999,1
2017-05-03,2.5646097660064697,2.606250047683716,2.615999937057495,2.565000057220459,2.5799999237060547,336904000,NVDA,0.00744073458229999,0.002210840113652912,0.03443138288966785,2.57966628074646,2.493232214450836,2.5305340814590456,0.021437831479666644,0.016711304563392326,-0.4652079774974126,456533400.0,66.50790767326939,0.013977505823577329,-0.0038368455611094143,0
2017-05-04,2.55476975440979,2.596250057220459,2.6237499713897705,2.588249921798706,2.612499952316284,209788000,NVDA,-0.0038368455611094143,-0.016944943314718408,0.038188206013799686,2.570858955383301,2.497930884361267,2.52713427066803,0.019744938413915142,0.016625302995713544,-0.3773062949682996,429670400.0,71.32630896064897,0.011187118634201772,9.658922450617169e-05,1
2017-05-05,2.55501651763916,2.5964999198913574,2.603749990463257,2.5687499046325684,2.5845000743865967,228428000,NVDA,9.658922450617169e-05,-0.004218487137279903,0.03076615729430565,2.5686941623687742,2.501743972301483,2.528792338371277,0.019033528076948573,0.016582603618872274,0.08885160257021374,409335800.0,64.58705466874538,0.008884160931792564,-0.01049482872978491,0
2017-05-08,2.5282020568847656,2.5692501068115234,2.609999895095825,2.55774998664856,2.6085000038146973,365240000,NVDA,-0.01049482872978491,-0.036290443877850076,0.024319954220717088,2.549653244018555,2.504745268821716,2.5294368743896483,0.01407964755112566,0.016757037690668736,0.5989283275255222,406144400.0,60.2957570725016,0.0052602065424172135,0.0016541796114086793,1
2017-05-09,2.532384157180786,2.573499917984009,2.6232500076293945,2.566499948501587,2.575000047683716,847672000,NVDA,0.0016541796114086793,-0.005218263857943217,0.05287934786756909,2.5469964504241944,2.5111045360565187,2.5287136125564573,0.006664996500309777,0.015521439477991214,1.3208629941955974,410711400.0,59.772040341782564,0.0029643897368810466,0.17825920396656292,1
2017-05-10,2.983804941177368,3.032249927520752,3.0455000400543213,2.8505001068115234,2.857249975204468,2129096000,NVDA,0.17825920396656292,0.16345378572883473,0.2361395892179261,2.630835485458374,2.539604330062866,2.538460359573364,0.08126206453943687,0.042223840920811884,1.5116979208939307,486258800.0,79.9400717898468,0.030156345868010064,0.04295474585067427,1
2017-05-11,3.111973524093628,3.1624999046325684,3.2607500553131104,2.9977500438690186,3.001250028610229,1939792000,NVDA,0.04295474585067427,0.2181033217267614,0.299969195285853,2.7422762393951414,2.575508880615234,2.5501259565353394,0.07859015560935693,0.042519109493462326,-0.08891285315457831,562543800.0,82.45280694871491,0.053707286820677054,0.010988186764545826,1
2017-05-12,3.1461684703826904,3.19724988937378,3.240000009536743,3.1445000171661377,3.165750026702881,962620000,NVDA,0.010988186764545826,0.23136913153491312,0.3393025186544443,2.8605066299438477,2.615361821651459,2.5643401622772215,0.07726092343827898,0.0418303751626736,-0.5037509176241577,585330200.0,82.50769058191733,0.06762194303631715,0.05019942805339239,1
2017-05-15,3.3041043281555176,3.357749938964844,3.3602499961853027,3.234499931335449,3.239000082015991,1087540000,NVDA,0.05019942805339239,0.30689883712333255,0.3535217313382395,3.015687084197998,2.658511209487915,2.5819935417175293,0.07093549879545429,0.0422301200329182,0.12977083376617982,614842600.0,84.39159993534457,0.08251006519581394,0.01861366860200042,1
2017-05-16,3.36560583114624,3.420249938964844,3.436000108718872,3.3340001106262207,3.4094998836517334,1120700000,NVDA,0.01861366860200042,0.3290265703182451,0.3778828526065561,3.182331418991089,2.7046618938446043,2.6012508869171143,0.06798273925381311,0.04207574140797747,0.03049083252110263,652371800.0,86.62041621080786,0.09088560462208495,-0.06644234560518147,0
2017-05-17,3.1419870853424072,3.193000078201294,3.371500015258789,3.188750028610229,3.352499961853028,1271368000,NVDA,-0.06644234560518147,0.05301356733547813,0.28130004452020785,3.2139678478240965,2.7391519069671633,2.6155093908309937,0.04640215719960033,0.04598086695893281,0.13444097439100555,696898800.0,71.13319954859247,0.07633726888183609,0.0418883132605361,1
2017-05-18,3.273599624633789,3.3267500400543213,3.335750102996826,3.1762499809265137,3.237499952316284,1156032000,NVDA,0.0418883132605361,0.05193684949078592,0.31414159163970523,3.246293067932129,2.778279113769531,2.6324887228012086,0.046222169494575936,0.04642022833768281,-0.09071802971287624,734499600.0,75.57334978174555,0.07067938274846283,0.02309483606972873,1
2017-05-19,3.349202871322632,3.400000095367432,3.4554998874664307,3.380500078201294,3.4257500171661377,1018372000,NVDA,0.02309483606972873,0.06453386169598385,0.3389383693223622,3.286899948120117,2.820669913291931,2.650989947319031,0.04653420566325111,0.046386686780034755,-0.11907974865747661,768323400.0,75.88764516575625,0.06715497911614637,0.021323751608373742,1
2017-05-22,3.420620441436768,3.4725000858306885,3.486999988555908,3.4332499504089355,3.4442501068115234,836608000,NVDA,0.021323751608373742,0.035264053949014995,0.35061977641864495,3.3102031707763673,2.8650694251060487,2.6706341552734374,0.0424489217426488,0.04639701566697733,-0.1784848758606874,791562800.0,81.34908987406092,0.06473237616331998,-0.013463048547297629,0
2017-05-23,3.374568462371826,3.4257500171661377,3.494750022888184,3.392750024795532,3.492500066757202,681248000,NVDA,-0.013463048547297629,0.0026630068033053345,0.30966510929585955,3.3119956970214846,2.9049645900726317,2.688014144897461,0.04280872496184241,0.046862361895952595,-0.18570226438188497,806203200.0,78.46736681216487,0.05548318700330812,0.011238334188452992,1
2017-05-24,3.4124929904937744,3.464250087738037,3.526750087738037,3.45199990272522,3.5239999294281006,815996000,NVDA,0.011238334188452992,0.08609389466089667,0.33355082407343906,3.3660968780517577,2.9476416230201723,2.706187062263489,0.020225575610266604,0.04660072798117535,0.19779581004274505,830652800.0,79.56252208426122,0.04767281073887125,-0.002237121929363206,0
2017-05-25,3.4048588275909424,3.4565000534057617,3.500750064849853,3.4110000133514404,3.5,608228000,NVDA,-0.002237121929363206,0.040096290935956125,0.3101625623934421,3.3923487186431887,2.98794424533844,2.7238284397125243,0.015663045564812458,0.046768328529927676,-0.2546188951906627,845079200.0,79.14249297088529,0.03815758214607512,0.025893191190288878,1
2017-05-26,3.4930214881896973,3.5460000038146973,3.631999969482422,3.4277501106262207,3.4482500553131104,779140000,NVDA,0.025893191190288878,0.042941148205295265,0.36135566950677456,3.4211124420166015,3.034303295612335,2.7426131343841553,0.01637160997102513,0.046379008409894,0.2809998881998199,866623800.0,81.74940388655298,0.03409914977717479,0.021361913900366014,1
2017-05-30,3.567639112472534,3.6217501163482666,3.657249927520752,3.5762500762939453,3.5924999713897705,989652000,NVDA,0.021361913900366014,0.042980118242529564,0.3599260771591235,3.450516176223755,3.0815149188041686,2.761778225898743,0.016379060493423272,0.04637239562326622,0.27018507585286344,900719800.0,82.55795713978935,0.032731549862822534,-0.0035891373045670028,0
2017-05-31,3.5548343658447266,3.608750104904175,3.674999952316284,3.5512499809265137,3.667249917984009,887316000,NVDA,-0.0035891373045670028,0.05341894985476148,0.3964249034353797,3.486569356918335,3.1319732308387755,2.7790242338180544,0.013381041823887285,0.04536511776408982,-0.10340604576154044,913587000.0,74.80043746881915,0.027468510148287745,6.914796295864889e-05,1
2017-06-01,3.5550801753997803,3.608999967575073,3.6257500648498535,3.562999963760376,3.6247498989105225,503340000,NVDA,6.914796295864889e-05,0.04178387627555957,0.38620706452960296,3.515086793899536,3.1814967513084413,2.7980168628692628,0.014144463756629748,0.04548305490151847,-0.4327387311848315,921908800.0,71.6503189551133,0.020810031188979977,-0.004987631015767047,0
2017-06-02,3.537348747253418,3.5910000801086426,3.632499933242798,3.5850000381469727,3.6059999465942383,487456000,NVDA,-0.004987631015767047,0.038912015555198964,0.38460569338884554,3.541584777832031,3.2306257009506227,2.8155921459198,0.014699305698345105,0.04551202521437345,-0.03155719791790834,935792200.0,69.42570683483433,0.012431270832345936,0.03042344410986897,1
2017-06-05,3.6449670791625977,3.7002499103546143,3.713249921798706,3.562750101089477,3.57450008392334,817376000,NVDA,0.03042344410986897,0.043499758443126035,0.42659237386478965,3.5719738960266114,3.2851232290267944,2.8358019638061522,0.016163910053760725,0.04541304471503844,0.6768200617081337,965239600.0,67.8173946421272,0.01138469535243175,-0.00452665798889329,0
2017-06-06,3.628467559814453,3.683500051498413,3.7422499656677246,3.670000076293945,3.695499897003174,758728000,NVDA,-0.00452665798889329,0.017050056192416285,0.43519682294912276,3.584139585494995,3.340136504173279,2.8554948234558104,0.015193445281149888,0.04522939568547848,-0.07175155619935014,984914000.0,64.41850574688594,0.007041795192353845,0.012080705459844188,1
2017-06-07,3.672302007675171,3.7279999256134033,3.746999979019165,3.692500114440918,3.708250045776367,612612000,NVDA,0.012080705459844188,0.033044476828256064,0.45013622726317126,3.607633113861084,3.397132396697998,2.875680603981018,0.014986007340861545,0.04507712555222378,-0.19258021319893293,973161000.0,86.23564699542355,0.004694807746333046,0.07255924607234099,1
2017-06-08,3.9387614727020255,3.998500108718872,4.0,3.794749975204468,3.8364999294281006,1161744000,NVDA,0.07255924607234099,0.10792479448346026,0.32004656817407273,3.684369373321533,3.444880223274231,2.901471095085144,0.03222428393233826,0.02873874438685444,0.8963781316722492,924793400.0,88.37742966820517,0.01791856076875603,-0.06464936636077523,0
2017-06-09,3.6841230392456055,3.740000009536743,4.212500095367432,3.5687499046325684,4.118500232696533,3692928000,NVDA,-0.06464936636077523,0.04149274003762016,0.18385423613737784,3.713724231719971,3.4734876990318297,2.9223410415649416,0.050287360790444754,0.03288008183545929,2.1787794901458497,1012450200.0,66.01506930993324,0.006912450750737015,0.002473089498724379,1
2017-06-12,3.693234205245972,3.7492499351501465,3.7925000190734863,3.5527501106262207,3.6470000743865967,1697532000,NVDA,0.002473089498724379,0.013242129499414723,0.1738831661474054,3.7233776569366457,3.500840985774994,2.9423796558380126,0.04886867016958884,0.03290799052307552,-0.5403289747322451,1049195800.0,63.86170313618724,-0.0018873811400293705,0.009535428284101366,1
2017-06-13,3.728450775146485,3.785000085830689,3.869250059127808,3.641249895095825,3.859999895095825,1672504000,NVDA,0.009535428284101366,0.027555218197167664,0.12843009930859361,3.743374300003052,3.5220583081245422,2.9633538341522216,0.04868927051234837,0.03142301844489355,-0.014743757407813196,1078444000.0,68.19448407876922,-0.007172771301277747,0.0021136628022970783,1
2017-06-14,3.7363314628601074,3.7929999828338623,3.8515000343322754,3.712500095367432,3.788000106811523,1184640000,NVDA,0.0021136628022970783,0.01743578143930269,0.11015123288742568,3.756180191040039,3.5405945897102358,2.9847562313079834,0.048602496231995695,0.03130553235099295,-0.2916967612633512,1081641000.0,67.18057912800668,-0.011706472529432743,0.004284134510771587,1
2017-06-15,3.752338409423828,3.8092501163482666,3.839999914169312,3.662499904632568,3.674000024795532,963824000,NVDA,0.004284134510771587,-0.047330376457224155,0.19425647130402068,3.7188955783843993,3.5711121559143066,3.0102180814743043,0.03111156760744539,0.026324828944779152,-0.18639924365207994,1066263800.0,68.27247627355753,-0.014986085312732267,-0.0049221498841561795,0
2017-06-16,3.733868837356568,3.7904999256134033,3.867500066757202,3.75600004196167,3.819000005722046,924960000,NVDA,-0.0049221498841561795,0.01350275155879399,0.140600337701428,3.728844738006592,3.5941256165504454,3.0356795310974123,0.005189531779667901,0.025331935940834792,-0.04032271452049341,1054710200.0,63.6668852061573,-0.019473791588917683,0.03759387742057774,1
2017-06-19,3.874239444732666,3.933000087738037,3.9382500648498535,3.8315000534057617,3.835249900817871,778176000,NVDA,0.03759387742057774,0.04900995426436516,0.15676463731284573,3.7650457859039306,3.620377445220947,3.0635892248153684,0.016422428692806215,0.026017861288408384,-0.15869226777374157,1042700400.0,66.18989886781816,-0.014302260600575156,-0.0014619928025916273,0
2017-06-20,3.86857533454895,3.9272499084472656,4.043499946594238,3.92300009727478,3.975749969482422,1095444000,NVDA,-0.0014619928025916273,0.037582515595089294,0.13095720521509446,3.7930706977844237,3.6427751898765566,3.0915972089767454,0.01717280326247607,0.02588515284543704,0.40770725388601026,1055642200.0,66.69284057048121,-0.012634603791288529,0.01515076345769173,1
2017-06-21,3.927187204360962,3.986749887466431,3.990499973297119,3.892499923706055,3.955250024795532,682652000,NVDA,0.01515076345769173,0.05108105193503287,0.1637598253380006,3.8312418460845947,3.670406126976013,3.12203697681427,0.017136133457533606,0.025512391272521626,-0.37682620015263213,1055712400.0,68.64052321928922,-0.009119789061050376,-0.006898024668438252,0
2017-06-22,3.900097370147705,3.959249973297119,4.008500099182129,3.934999942779541,3.994999885559082,469132000,NVDA,-0.006898024668438252,0.03937783445991627,0.14288802380320087,3.86079363822937,3.69478634595871,3.151762742996216,0.01874390311751821,0.025709798893954507,-0.3127801573861938,1038369200.0,68.0029212129187,-0.010079960619541944,-0.02866691763161633,0
2017-06-23,3.7882936000823975,3.845750093460083,3.983000040054321,3.830499887466431,3.9670000076293945,1088588000,NVDA,-0.02866691763161633,0.014575970687915385,0.11261400014130651,3.871678590774536,3.7139580845832825,3.1796509647369384,0.024824123004013713,0.02686365547590572,1.3204300708542585,1062387200.0,57.08375076622652,-0.019177904318872147,-0.010921091014021722,0
2017-06-26,3.7469213008880615,3.8037500381469727,3.9149999618530273,3.708250045776367,3.878999948501587,1063960000,NVDA,-0.010921091014021722,-0.032862745233184665,0.07268773282867813,3.8462149620056154,3.7266530752182008,3.2076071977615355,0.015852413920931487,0.02666714297505754,-0.02262380257728358,1076628200.0,55.71395744839417,-0.02836103444541671,-0.03660886957377152,0
2017-06-27,3.609750747680664,3.6644999980926514,3.794749975204468,3.658750057220459,3.78600001335144,999492000,NVDA,-0.03660886957377152,-0.06690436775440578,0.01180378224381129,3.794450044631958,3.728758656978607,3.230979881286621,0.02021830165963644,0.027790519304260495,-0.06059250347757439,1077120200.0,47.2319166001442,-0.043165143153143265,0.03527114753699889,1
2017-06-28,3.737070798873901,3.793750047683716,3.798500061035156,3.643749952316284,3.733000040054321,994948000,NVDA,0.03527114753699889,-0.0484103241312116,0.0512643949828222,3.756426763534546,3.737870478630066,3.25686945438385,0.027908269404584074,0.028796542973510662,-0.004546309525238823,1082501800.0,39.82107172147717,-0.04373876193078774,-0.033410314429039745,0
2017-06-29,3.612214088439941,3.6670000553131104,3.767999887466431,3.601999998092652,3.765000104904175,1064424000,NVDA,-0.033410314429039745,-0.07381438317701827,0.016071061754250326,3.6988501071929933,3.740727174282074,3.2800699996948244,0.029733840843244357,0.02992065256499571,0.06982877497115436,1110556000.0,45.823834747874834,-0.05135655757674523,-0.014453170686760441,0
2017-06-30,3.5600061416625977,3.614000082015991,3.6982500553131104,3.587500095367432,3.684499979019165,731060000,NVDA,-0.014453170686760441,-0.060261289783567595,0.006405191013968414,3.6531926155090333,3.741860044002533,3.301449012756348,0.028747776065132586,0.030098372110664504,-0.31318722614296557,1122736200.0,42.63152967238726,-0.058236843020918166,-0.036179019361966214,0
2017-07-03,3.431208610534668,3.48324990272522,3.641249895095825,3.4644999504089355,3.6262500286102295,709072000,NVDA,-0.036179019361966214,-0.0842592264424038,-0.05864482833053164,3.5900500774383546,3.7311721205711366,3.3200454473495484,0.03066093303885582,0.030325907535209966,-0.030076874675129317,1117321000.0,35.10247274833827,-0.06904923022711693,0.026699450760349963,1
2017-07-05,3.522819995880127,3.5762500762939453,3.6054999828338623,3.528249979019165,3.547499895095825,820188000,NVDA,0.026699450760349963,-0.02408220341983225,-0.029116303837019464,3.572663927078247,3.72588974237442,3.3398492431640623,0.033516956179429194,0.031016470045941325,0.1567062301148543,1120394000.0,40.12757952554102,-0.06753602013948655,0.0030057977319366547,1
2017-07-06,3.5334088802337646,3.586999893188477,3.634500026702881,3.49399995803833,3.546750068664551,746284000,NVDA,0.0030057977319366547,-0.05449774157383003,-0.03782181507705995,3.5319315433502196,3.71894508600235,3.3589841175079345,0.02629378590296954,0.030880805820532185,-0.09010617078035765,1127077600.0,39.82608133001269,-0.06339342790677129,0.022860366644397834,1
2017-07-07,3.61418390274048,3.6689999103546143,3.6875,3.621249914169312,3.6445000171661377,654972000,NVDA,0.022860366644397834,0.000545320474454325,-0.08240599797958381,3.532325506210327,3.7027162075042725,3.3800887489318847,0.026275272655131274,0.026264423283504416,-0.1223555643695966,1101739000.0,44.74254664779554,-0.05319634960057719,0.04728825529623126,1
2017-07-10,3.785092353820801,3.8424999713897705,3.849999904632568,3.7170000076293945,3.743499994277954,958492000,NVDA,0.04728825529623126,0.06322635501215257,0.027406607624014256,3.5773427486419678,3.707764673233032,3.403814468383789,0.03153844896788481,0.024519673650047067,0.4634091228327317,965017200.0,46.18631344380863,-0.03386563432839866,0.014183512192246006,1
2017-07-11,3.838778257369995,3.8970000743865967,3.904750108718872,3.8037500381469727,3.846250057220459,757956000,NVDA,0.014183512192246006,0.11878311495954708,0.03940829203771812,3.658856678009033,3.7150418758392334,3.429273223876953,0.016438811041979102,0.024679968282161867,-0.2092203169144865,918038400.0,48.77559697705359,-0.01722716289019703,0.04253231925986234,1
2017-07-12,4.002050399780273,4.062749862670898,4.074999809265137,3.9140000343322754,3.9574999809265137,1145208000,NVDA,0.04253231925986234,0.13603601786653807,0.07338158423803764,3.7547027587890627,3.728721857070923,3.4568460988998413,0.01873982421459981,0.026247636216997963,0.510916200940424,891673600.0,52.832593037897155,0.0038844480433396777,-0.011568397985537215,0
2017-07-13,3.955753087997437,4.015749931335449,4.15749979019165,3.96875,4.074999809265137,1369132000,NVDA,-0.011568397985537215,0.11952882388627795,0.0587264880855527,3.839171600341797,3.7396929383277895,3.4850477981567383,0.02368616371042395,0.026473237404635204,0.1955312921320842,900898200.0,52.07567120959731,0.01330994420603926,0.02689422155061183,1
2017-07-14,4.062139987945557,4.12375020980835,4.125249862670898,4.02524995803833,4.032249927520752,941948000,NVDA,0.02689422155061183,0.12394391023251772,0.08256227043479769,3.9287628173828124,3.755183017253876,3.51499840259552,0.023746319579966778,0.026999992020612363,-0.3120108214547611,899804400.0,60.25449030961626,0.024630323583641187,-0.004243845320859196,0
2017-07-17,4.044900894165039,4.106249809265137,4.1875,4.043749809265137,4.158249855041504,930792000,NVDA,-0.004243845320859196,0.06863994747234603,0.08330020961011297,3.9807245254516603,3.7707346200942995,3.544801025390625,0.022169792554730856,0.026988195874667612,-0.011843541257054557,900096000.0,61.36356982535911,0.028599286460793252,0.010411219351410095,1
2017-07-18,4.087013244628906,4.14900016784668,4.163750171661377,4.03249979019165,4.04449987411499,776640000,NVDA,0.010411219351410095,0.06466510191942709,0.054920147020216525,4.030371522903442,3.781373310089111,3.57544095993042,0.022207405950246072,0.025888134644278107,-0.16561379986076374,900019200.0,69.6233171336906,0.03147495126064373,-0.005182072567683327,0
2017-07-19,4.065834045410156,4.127500057220459,4.184999942779541,4.115250110626221,4.158249855041504,687044000,NVDA,-0.005182072567683327,0.015937741721939513,0.050990014101458536,4.043128252029419,3.7912362456321715,3.606193599700928,0.015469114489984689,0.02593515917338238,-0.1153636176349403,879599200.0,64.81023822765144,0.029403754284930916,0.014536621087336332,1
2017-07-20,4.124937534332275,4.1875,4.187749862670898,4.097750186920166,4.148250102996826,699596000,NVDA,0.014536621087336332,0.04276921298454606,0.0503541898261739,4.0769651412963865,3.801123762130737,3.6380446672439577,0.013491147439721596,0.02592013579936336,0.0182695722544699,880446400.0,74.55182589618843,0.029396972251260048,0.0035821705748060317,1
2017-07-21,4.139713764190674,4.202499866485596,4.232500076293945,4.152249813079834,4.166749954223633,648332000,NVDA,0.0035821705748060317,0.019096775708202562,0.061438567118106135,4.09247989654541,3.813104581832886,3.661162843704224,0.008723669116622625,0.025819978091812402,-0.07327657676716282,889406400.0,78.79150219251507,0.027788617271265456,-0.011600153842450167,0
2017-07-24,4.0916924476623535,4.153749942779541,4.2195000648498535,4.14300012588501,4.209750175476074,652524000,NVDA,-0.011600153842450167,0.011568034600010435,0.08008852523293264,4.101838207244873,3.8282745242118836,3.680757222175598,0.010797617141000825,0.024976059677839706,0.006465823065959997,867603200.0,85.66490410809355,0.021189811438169392,-0.00481534514848736,0
2017-07-25,4.0719895362854,4.133749961853027,4.148250102996826,4.089499950408936,4.130499839782715,496556000,NVDA,-0.00481534514848736,-0.003675962724918991,0.08675608834386095,4.098833465576172,3.8445279359817506,3.6992736434936524,0.010078813309542708,0.024818905442647518,-0.23902262598770319,839233000.0,82.1509309234531,0.013567926590504487,0.011551386420481258,1
2017-07-26,4.1190266609191895,4.18149995803833,4.2482500076293945,4.146249771118164,4.191999912261963,640404000,NVDA,0.011551386420481258,0.013082829971646559,0.14108340127521135,4.109471988677979,3.869991731643677,3.715572090148926,0.01095666054737843,0.02288556167606786,0.2896913943241044,821278600.0,82.88149692491362,0.009932616567228103,-0.033002671266376904,0
2017-07-27,3.983087778091431,4.043499946594238,4.218500137329102,3.938999891281128,4.20674991607666,782856000,NVDA,-0.033002671266376904,-0.03438834044399808,0.06583150078175204,4.08110203742981,3.8822925806045534,3.7279217290878295,0.017015485312951165,0.023509375486029938,0.22244083422339656,810674000.0,69.50507400808443,-0.0027131564036230738,0.016384436488288356,1
2017-07-28,4.048348426818848,4.109749794006348,4.134500026702881,3.982000112533569,4.00724983215332,513348000,NVDA,0.016384436488288356,-0.022070448001056064,0.12073878449637143,4.0628289699554445,3.9040992975234987,3.746048955917358,0.019726336878253797,0.021987215410148878,-0.3442625463686808,783120200.0,65.66975243466871,-0.007497332775738524,-0.011436275280029329,0
2017-07-31,4.002050399780273,4.062749862670898,4.159999847412109,4.015500068664551,4.123499870300293,559672000,NVDA,-0.011436275280029329,-0.021908305433193997,0.12416952121077851,4.044900560379029,3.926201510429382,3.760617971420288,0.01971129826326287,0.021849831950823437,0.09023898018498167,774550800.0,59.804655118353764,-0.014205544401327805,0.012183977234112353,1
2017-08-01,4.050811290740967,4.112249851226807,4.113999843597412,4.025000095367432,4.053249835968018,431384000,NVDA,0.012183977234112353,-0.0052009577519084305,0.18057855133143574,4.040664911270142,3.9571816444396974,3.7746501398086547,0.021015275910522324,0.019471858734167357,-0.2292199716977087,760666400.0,53.395064392644066,-0.01566923312990394,-0.0006079927563519272,0
2017-08-02,4.048348426818848,4.109749794006348,4.147749900817871,4.031750202178955,4.143750190734863,478444000,NVDA,-0.0006079927563519272,-0.017158964949396394,0.1491783376821174,4.026529264450073,3.983458065986633,3.7872046995162965,0.019892995358973303,0.01908304102878685,0.10909074050034318,743579200.0,56.866238705012286,-0.017002294544869095,0.012714366851739323,1
2017-08-03,4.099820613861084,4.162000179290772,4.165750026702881,4.0920000076293945,4.109250068664551,442420000,NVDA,0.012714366851739323,0.029307121076198817,0.16030178018623387,4.0498758316040036,4.011778652667999,3.8017097425460817,0.011605323230192307,0.019095608238744607,-0.07529407830383494,728386000.0,53.04187456646109,-0.014702839389271097,0.004384186131875412,1
2017-08-04,4.117794990539551,4.18025016784668,4.2517499923706055,4.162000179290772,4.184999942779541,589096000,NVDA,0.004384186131875412,0.017154295134441666,0.1393429613299988,4.063765144348144,4.0369592070579525,3.815815782546997,0.010013141672156526,0.01876422650274184,0.3315311242710546,725092200.0,55.877603435747005,-0.012351375715088792,0.03073957906082736,1
2017-08-07,4.24437427520752,4.308750152587891,4.309249877929688,4.199999809265137,4.209750175476074,717412000,NVDA,0.03073957906082736,0.060549930965524856,0.12133968697569686,4.112229919433593,4.059923303127289,3.8326060914993287,0.011922766471406165,0.017178542272339378,0.21781848798837533,713038200.0,61.167208654662915,-0.003131518929735025,-0.011894150586815422,0
2017-08-08,4.1938910484313965,4.257500171661377,4.363999843597412,4.217750072479248,4.347249984741211,755336000,NVDA,-0.011894150586815422,0.035321259723322784,0.09250672147567451,4.140845870971679,4.077678942680359,3.8466234827041625,0.015952366495215295,0.017501911800224337,0.05286223258044198,712907200.0,58.72475699137124,-0.0013825849979334365,0.010628605719897877,1
2017-08-09,4.238466262817383,4.302750110626221,4.30525016784668,4.1917500495910645,4.210750102996826,530784000,NVDA,0.010628605719897877,0.04696182639297386,0.05907368459180051,4.178869438171387,4.089499735832215,3.8600400257110596,0.015382090525718846,0.015157454250854404,-0.29728756473940077,682186000.0,57.89113810941737,0.0016615960503999494,-0.042821521417960806,0
2017-08-10,4.056968688964844,4.118500232696533,4.316500186920166,4.108250141143799,4.303999900817871,1328088000,NVDA,-0.042821521417960806,-0.010452146308880472,0.025586935967898405,4.170299053192139,4.094560515880585,3.870082712173462,0.027550841320464845,0.01806813516878468,1.502125158256466,680133800.0,45.330753433946185,-0.009073192414187498,-0.05329627836127537,0
2017-08-11,3.840747356414795,3.8989999294281006,3.974999904632568,3.8227500915527344,3.928499937057495,1497196000,NVDA,-0.05329627836127537,-0.06728057971833479,-0.05450147759253665,4.114889526367188,4.083490884304046,3.8757960557937623,0.03530317791644531,0.02080758473563304,0.1273319237881827,707896200.0,38.09857106867492,-0.030076946194978346,0.07976429956878217,1
2017-08-14,4.147101879119873,4.210000038146973,4.213749885559082,3.9800000190734863,3.9917500019073486,1279020000,NVDA,0.07976429956878217,-0.022917959110213326,0.025266622750204748,4.095435047149659,4.088600933551788,3.887991118431091,0.05298318459014386,0.027770342616437117,-0.14572307166196008,725307600.0,52.8007844657294,-0.022997915318581433,-0.008432693047328521,0
2017-08-15,4.112130641937256,4.174499988555908,4.2417497634887695,4.139750003814697,4.215250015258789,764532000,NVDA,-0.008432693047328521,-0.019495119341433664,0.00614566085425805,4.07908296585083,4.089856803417206,3.8973343896865846,0.05286896439313609,0.02777572982284462,-0.40225172397616926,724702200.0,49.74052686216203,-0.020418429264902033,-0.01095971677329255,0
2017-08-16,4.067062854766846,4.128749847412109,4.213500022888184,4.0960001945495605,4.1897501945495605,596632000,NVDA,-0.01095971677329255,-0.0404399604531952,0.00030222811432167873,4.044802284240722,4.08991824388504,3.9061062955856323,0.052374113730929,0.02786967357274281,-0.2196114747322545,720181600.0,53.39161911856437,-0.02139219215908661,-0.022282207964616996,0
2017-08-17,3.976439714431762,4.036749839782715,4.137499809265137,4.0345001220703125,4.120250225067139,525444000,NVDA,-0.022282207964616996,-0.019849543022632865,-0.036000016646204,4.028696489334107,4.0824933528900145,3.912189049720764,0.049609251033766566,0.028100431031258043,-0.11931642955791844,711474000.0,47.15402751432905,-0.027400495476173695,0.0001859890971540601,1
2017-08-18,3.977179288864136,4.037499904632568,4.109000205993652,3.990999937057495,4.091750144958496,601204000,NVDA,0.0001859890971540601,0.035522235593412166,-0.039262249659020476,4.055982875823974,4.074366629123688,3.9129574060440064,0.04110077607822282,0.028078605752360517,0.14418282443038644,709117600.0,48.97883668219667,-0.030356379718708637,-0.014551210295909334,0
2017-08-21,3.919306516647339,3.978749990463257,4.073750019073486,3.9342501163482666,4.062250137329102,623672000,NVDA,-0.014551210295909334,-0.05492880790304544,-0.04213071564396331,4.010423803329468,4.065747332572937,3.917661075592041,0.008237142980265287,0.02814143657327342,0.03737167417382459,707675000.0,44.64074904425232,-0.034915429188314834,0.022262563186779882,1
2017-08-22,4.006560325622559,4.06374979019165,4.06974983215332,3.9927499294281006,4.012249946594238,450456000,NVDA,0.022262563186779882,-0.02567289940597861,-0.016068118564599332,3.9893097400665285,4.062475872039795,3.923927597999573,0.017288266550188496,0.028634667906165815,-0.27773573288523457,705370000.0,48.40708447163649,-0.030899099961804607,0.01999341614016803,1
2017-08-23,4.086665153503418,4.144999980926514,4.15625,4.021249771118164,4.03000020980835,579520000,NVDA,0.01999341614016803,0.004819767836535149,-0.007856590908433159,3.993230199813843,4.060857796669007,3.9310918855667114,0.019983345230530667,0.028881647808333966,0.2865185500914629,702325800.0,49.5092413261175,-0.022104238089045034,-0.0036784927770812104,0
2017-08-24,4.071632385253906,4.129749774932861,4.182000160217285,4.103000164031982,4.177499771118164,469700000,NVDA,-0.0036784927770812104,0.0239391711325736,0.022230142064532332,4.012268733978272,4.06528502702713,3.9377979040145874,0.01583836538317505,0.027843858452732108,-0.18950165654334616,686668000.0,48.274136506692564,-0.01679640481780352,-0.008354069971162281,0
2017-08-25,4.0376176834106445,4.095250129699707,4.164500236511231,4.088749885559082,4.154250144958496,357200000,NVDA,-0.008354069971162281,0.015196296208152438,-0.002650647196549505,4.024356412887573,4.06474848985672,3.943503489494324,0.016891523864908373,0.027695245822851672,-0.23951458377687884,678860600.0,41.69527162935475,-0.015125519162433668,0.007081076369902961,1
2017-08-28,4.066208362579346,4.1242499351501465,4.127500057220459,4.058249950408936,4.114500045776367,389496000,NVDA,0.007081076369902961,0.03748159152851094,0.016031273070072904,4.053736782073974,4.067956387996674,3.950150279998779,0.013697598389126955,0.02759414844913193,0.09041433370660701,670351800.0,44.779597519972526,-0.011791989124022274,-0.0016362439587792599,0
2017-08-29,4.0595550537109375,4.117499828338623,4.139500141143799,4.05649995803833,4.0647501945495605,324096000,NVDA,-0.0016362439587792599,0.013226988683901597,0.002158521427536364,4.064335727691651,4.068393576145172,3.9538565921783446,0.011179612444390212,0.027476162550915895,-0.1679092981699427,664987400.0,42.450991319939774,-0.009813407601763597,0.0059500764902442604,1
2017-08-30,4.083709716796875,4.142000198364258,4.153250217437744,4.106750011444092,4.137499809265137,384400000,NVDA,0.0059500764902442604,-0.0007231903264717232,0.008734744703240427,4.063744640350341,4.0701616406440735,3.9581592798233034,0.006547190634104197,0.027501841730244458,0.18606832543443907,660285200.0,51.30107013482594,-0.006799342534503219,0.02269469510144595,1
2017-08-31,4.176388263702393,4.236000061035156,4.239999771118164,4.15500020980835,4.162499904632568,612684000,NVDA,0.02269469510144595,0.02572822606183145,0.018675853665997222,4.084695816040039,4.073990023136139,3.963143301010132,0.011625386827333856,0.02781832214225023,0.5938709677419354,668798400.0,68.56190280797922,0.001094272544862017,0.0060195094582748965,1
2017-09-01,4.201528072357178,4.261499881744385,4.297500133514404,4.239999771118164,4.24875020980835,445432000,NVDA,0.0060195094582748965,0.04059581708788129,0.02033444647195881,4.117477893829346,4.07817667722702,3.9691719150543214,0.008912881554633949,0.027830299713718643,-0.2729824836294077,661615200.0,54.368791199032984,0.007319840132348487,-0.02669248822214987,0
2017-09-05,4.089378833770752,4.147749900817871,4.214499950408936,4.089000225067139,4.209499835968018,695364000,NVDA,-0.02669248822214987,0.005698299035691523,-0.03651785431415333,4.122111988067627,4.070426905155182,3.9751936197280884,0.01798489279919023,0.027602508437187825,0.5611002352772141,660512800.0,48.37504640146034,0.0033954036681770536,-0.0006029583086570867,0
2017-09-06,4.086913108825684,4.145249843597412,4.195000171661377,4.110000133514404,4.181000232696533,397672000,NVDA,-0.0006029583086570867,0.006739175784729712,-0.02550803975838256,4.127583599090576,4.065078008174896,3.981993455886841,0.017949092121072843,0.027494003183313163,-0.42810959439947993,642629600.0,51.50958571882374,0.00030687353508131177,0.004644098305914612,1
2017-09-07,4.105893135070801,4.164500236511231,4.197249889373779,4.12375020980835,4.16225004196167,352868000,NVDA,0.004644098305914612,0.00543217314949751,-0.03127856151872688,4.132020282745361,4.0584493517875675,3.9919163036346434,0.01787702554792793,0.027393896849006987,-0.11266571445814644,633733800.0,61.048710478110664,-0.000727902537849795,-0.017348800013750387,0
2017-09-08,4.034660816192627,4.092249870300293,4.167749881744385,4.067749977111816,4.152750015258789,498856000,NVDA,-0.017348800013750387,-0.03393540987114152,-0.005498655395811958,4.103674793243409,4.0573339581489565,3.997868103981018,0.014497402603031765,0.025910666250661987,0.41371844429078286,592272200.0,54.379056523512766,-0.006176662758225572,0.03243911660351828,1
2017-09-11,4.165541648864746,4.224999904632568,4.235750198364258,4.132999897003174,4.138500213623047,567444000,NVDA,0.03243911660351828,-0.008565079864441327,0.08456538853238582,4.096477508544922,4.073573672771454,4.008934655189514,0.02278301693884537,0.023612713191672245,0.13749057844347878,545784600.0,66.8808844090477,-0.0011939226921338364,0.0036094111409017415,1
2017-09-12,4.180576801300049,4.240250110626221,4.25,4.17425012588501,4.25,411488000,NVDA,0.0036094111409017415,0.022301178549702705,0.008071883246639766,4.114717102050781,4.075247418880463,4.021346068382263,0.017922100822106286,0.015581803292900482,-0.2748394555233644,502408000.0,63.2409937121979,0.002675596709159022,0.004480852439831873,1
2017-09-13,4.199309349060059,4.259250164031982,4.28849983215332,4.182000160217285,4.214749813079834,580960000,NVDA,0.004480852439831873,0.027501499846340094,0.02120037389710272,4.137196350097656,4.079606354236603,4.036708083152771,0.01769963373856341,0.015458492876955155,0.4118516214324597,493229400.0,59.454135644066795,0.005874385269046607,-0.005693690747497038,0
2017-09-14,4.1753997802734375,4.235000133514404,4.314000129699707,4.195000171661377,4.219749927520752,513712000,NVDA,-0.005693690747497038,0.016928508101913486,0.02663763245744155,4.151097679138184,4.085023200511932,4.049759678840637,0.018423102950473714,0.0152850206484537,-0.11575323602313414,489083400.0,58.5812485114048,0.005750377779159703,0.06322323846381539,1
2017-09-15,4.439382076263428,4.502749919891357,4.502749919891357,4.316249847412109,4.321499824523926,1364792000,NVDA,0.06322323846381539,0.10031109887763079,0.11642132034631403,4.232041931152343,4.1081703186035154,4.067879142761231,0.028248395978209998,0.019641872923045593,1.6567259476126703,531050800.0,74.06971914314005,0.021909686744077422,0.041308223718023784,1
2017-09-18,4.622765064239502,4.68874979019165,4.78000020980835,4.621500015258789,4.628499984741211,1684460000,NVDA,0.041308223718023784,0.1097632562380848,0.16232252269415337,4.323486614227295,4.140449607372284,4.088050765991211,0.029505721037848934,0.021130101197764754,0.2342247023722297,585213600.0,78.12662359256514,0.04223436917393915,-0.0010662591838109803,0
2017-09-19,4.617835998535156,4.683750152587891,4.746250152587891,4.615499973297119,4.637750148773193,874280000,NVDA,-0.0010662591838109803,0.10459303058351455,0.17822782650981717,4.410938453674317,4.175376081466675,4.104705638885498,0.030274044465512424,0.020589001398203664,-0.48097313085499216,597744000.0,78.26301696843174,0.051990477551942915,-0.00805984611800703,0
2017-09-20,4.5806169509887695,4.645999908447266,4.735499858856201,4.605249881744385,4.6875,724920000,NVDA,-0.00805984611800703,0.0908024558881475,0.14327916684419595,4.487199974060059,4.204078912734985,4.119542412757873,0.032374475914511744,0.02063331017121087,-0.17083771789358104,611467200.0,74.8275563027004,0.052431809118358125,-0.027335328562134054,0
2017-09-21,4.455404281616211,4.519000053405762,4.567500114440918,4.440249919891357,4.540999889373779,1075600000,NVDA,-0.027335328562134054,0.06706052499826409,0.09022983637322968,4.543200874328614,4.222515869140625,4.1286094903945925,0.03738368525588401,0.021738913980870044,0.483749931026872,636271200.0,63.50184712155929,0.041276633631860904,-0.009736869706303497,0
2017-09-22,4.412022590637207,4.474999904632568,4.557750225067139,4.465000152587891,4.507500171661377,491232000,NVDA,-0.009736869706303497,-0.006162904015968085,0.08360042684994862,4.537728977203369,4.23953537940979,4.137734880447388,0.025542668311652625,0.021901198914692888,-0.5432949051692079,637347800.0,60.00931459711647,0.02856594898986793,-0.04469277124189508,0
2017-09-25,4.214837074279785,4.275000095367432,4.445000171661377,4.254000186920166,4.443749904632568,874580000,NVDA,-0.04469277124189508,-0.0882432882249069,0.043892068235504844,4.456143379211426,4.248396348953247,4.1407888221740725,0.01770120866317554,0.024369758949274126,0.7803807569539443,663216800.0,55.519357241003156,0.005666108038858267,0.005613998805767961,1
2017-09-26,4.238499164581299,4.298999786376953,4.4670000076293945,4.258749961853027,4.411250114440918,1125620000,NVDA,0.005613998805767961,-0.08214601689496737,0.04237136581280909,4.380276012420654,4.257010889053345,4.1446607875823975,0.019478554801434022,0.024357224585202557,0.28704063664844837,700023000.0,56.54671660227017,-0.008338587076698364,0.021923825966159383,1
2017-09-27,4.331423282623291,4.393249988555908,4.406750202178955,4.318749904632568,4.390500068664551,713720000,NVDA,0.021923825966159383,-0.05440176968119714,0.06696995737595235,4.330437278747558,4.270604300498962,4.149548988342286,0.026284620516793266,0.024720996991257287,-0.36593166432721524,719504200.0,59.15546231338069,-0.011594681722244218,-0.00028424687733008547,0
2017-09-28,4.3301920890808105,4.392000198364258,4.4045000076293945,4.343999862670898,4.4004998207092285,435244000,NVDA,-0.00028424687733008547,-0.02810344126391584,0.06035746646489559,4.305394840240479,4.282928419113159,4.154836149215698,0.02478303187773893,0.02472823143843704,-0.39017541893179397,722046400.0,62.720117757356135,-0.013925417362758208,0.017588784406596947,1
2017-09-29,4.406354904174805,4.469250202178955,4.493249893188477,4.431250095367432,4.477000236511231,619092000,NVDA,0.017588784406596947,-0.0012846005082634004,0.05506352042770701,4.304261302947998,4.29442675113678,4.160464496612549,0.0265473943474589,0.02454227307886123,0.4224021468417716,722366800.0,60.87732463070399,-0.010583131224812192,0.001286252829301615,1
2017-10-02,4.412022590637207,4.474999904632568,4.549499988555908,4.425000190734863,4.519999980926514,503480000,NVDA,0.001286252829301615,0.04678366278039725,0.050099514903856335,4.343698406219483,4.304951477050781,4.16591067314148,0.009971232124767939,0.024534107364895478,-0.18674445801270245,725269200.0,60.54342711939662,-0.008335026426024197,0.002066968258500612,1
2017-10-03,4.421142101287842,4.484250068664551,4.514500141143799,4.439499855041504,4.481249809265137,390332000,NVDA,0.002066968258500612,0.04309141741321665,0.0811280345996157,4.380226993560791,4.321539640426636,4.172499666213989,0.010408996267439227,0.023541580764879312,-0.22473186621117025,710017600.0,60.1947985636641,-0.006651298094345365,0.008362986848194698,1
2017-10-04,4.458116054534912,4.521749973297119,4.544250011444092,4.453499794006348,4.490499973297119,427848000,NVDA,0.008362986848194698,0.02924968622205193,0.09082721746826872,4.405565547943115,4.340099787712097,4.180222196578979,0.0073632831139154665,0.023531308762654995,0.09611305247840307,711526400.0,62.83866391053933,-0.0036168087126135506,-0.0005531937150262678,0
2017-10-05,4.4556498527526855,4.51924991607666,4.550000190734863,4.488999843597412,4.546500205993652,437364000,NVDA,-0.0005531937150262678,0.028972794068012453,0.08518407717298127,4.43065710067749,4.357587623596191,4.186954660415649,0.007419645012897338,0.02355966859341263,0.02224154372580922,715751200.0,50.96887534803516,-0.002403496536860089,0.002932094058597956,1
2017-10-06,4.468714237213135,4.53249979019165,4.546000003814697,4.474999904632568,4.491250038146973,318800000,NVDA,0.002932094058597956,0.014152135811676736,0.10758114270188135,4.443128967285157,4.379290294647217,4.196667189598084,0.0033554111714458293,0.023006222807636627,-0.27108769811872946,706748400.0,38.48992528220469,-0.0013986629943938678,0.02255917976629962,1
2017-10-09,4.569524765014648,4.634749889373779,4.66825008392334,4.550749778747559,4.56974983215332,563492000,NVDA,0.02255917976629962,0.03569840614861719,0.09698213346636475,4.4746294021606445,4.399489450454712,4.207090716362,0.009244621603555266,0.022494798257303248,0.7675407779171894,706550800.0,46.84273901022878,0.00502576685784796,0.019095088087348167,1
2017-10-10,4.656780242919922,4.723249912261963,4.823750019073486,4.68149995803833,4.785749912261963,974876000,NVDA,0.019095088087348167,0.05329802486182045,0.11390855000481914,4.521757030487061,4.423299622535706,4.220185313224793,0.010041293691067186,0.022714324087646315,0.730061828739361,734720200.0,54.671919112029414,0.013633809096719851,0.010638772816971898,1
2017-10-11,4.70632266998291,4.773499965667725,4.775000095367432,4.69350004196167,4.739999771118164,529508000,NVDA,0.010638772816971898,0.05567522523230761,0.12073731149059963,4.57139835357666,4.448650288581848,4.233295540809632,0.00997273081765844,0.02273935022952686,-0.45684579372145795,732147600.0,66.96661065018243,0.02072141646869312,0.00047163722657450613,1
2017-10-12,4.708542346954346,4.775750160217285,4.827250003814697,4.7482500076293945,4.776999950408936,528292000,NVDA,0.00047163722657450613,0.05675771269266683,0.12768659164081142,4.621976852416992,4.475307416915894,4.246499419212341,0.00968395585266921,0.02261451563987524,-0.002296471441413539,732876600.0,71.23198337078867,0.023417244975744322,0.018634914131094193,1
2017-10-13,4.796285629272461,4.864749908447266,4.875,4.791250228881836,4.838749885559082,628728000,NVDA,0.018634914131094193,0.07330327576811269,0.08039487182626881,4.687491130828858,4.493152594566345,4.260428719520569,0.008868830050075265,0.018533707000580442,0.19011455785815423,696073400.0,99.37209185565725,0.02862361584454151,0.017164916578350287,1
2017-10-16,4.878613471984863,4.948249816894531,4.951250076293945,4.830999851226807,4.894999980926514,576640000,NVDA,0.017164916578350287,0.06764132439694182,0.055345319130434945,4.7493088722229,4.505945014953613,4.275645089149475,0.007883241981236527,0.016671051228256684,-0.08284663638330092,640682400.0,99.42898171843069,0.034719779749675675,-0.0009093757776462708,0
2017-10-17,4.874176979064941,4.943749904632568,4.972499847412109,4.908750057220459,4.927249908447266,478596000,NVDA,-0.0009093757776462708,0.04668391566802943,0.055511062023662294,4.7927882194519045,4.518762063980103,4.288241143226624,0.009122929397246609,0.016669157977558628,-0.170026359600444,620898200.0,98.54497749398006,0.035437847102604,-0.0008597235931906422,0
2017-10-18,4.869986534118652,4.939499855041504,4.953499794006348,4.833000183105469,4.952750205993652,567316000,NVDA,-0.0008597235931906422,0.03477531729381744,0.06317262199089124,4.825520992279053,4.533230543136597,4.301763052940369,0.010069759544405449,0.016498274455511913,0.18537555683708185,613018000.0,98.02606403243283,0.03268231763544166,0.0011134716954750434,1
2017-10-19,4.875409126281738,4.945000171661377,4.949999809265137,4.81125020980835,4.861000061035156,570772000,NVDA,0.0011134716954750434,0.03543915866771985,0.09426862706905004,4.858894348144531,4.554230785369873,4.314501910209656,0.009970923886645113,0.014873572518273743,0.006091842994027985,587776600.0,97.74181086112874,0.028433046341834828,-0.004549867308577427,0
2017-10-20,4.853226661682129,4.922500133514404,4.989749908447266,4.91349983215332,4.962250232696533,451620000,NVDA,-0.004549867308577427,0.011871901886357339,0.10000041069173249,4.870282554626465,4.5762909889221195,4.330427069664001,0.008507878831869308,0.014653637721338722,-0.20875586048369577,585796000.0,93.44652717779196,0.021643785536621496,-0.0014220932812233356,0
2017-10-23,4.846324920654297,4.915500164031982,4.971250057220459,4.894999980926514,4.944499969482422,428696000,NVDA,-0.0014220932812233356,-0.006618386866674597,0.14982497193735966,4.863824844360352,4.6078653812408445,4.350538620948791,0.0020460061560222684,0.009085778236879548,-0.0507594880651876,563501800.0,92.05254912095862,0.014544262297907451,0.01047692325856886,1
2017-10-24,4.897099494934082,4.9670000076293945,4.96875,4.898499965667725,4.924749851226807,407244000,NVDA,0.01047692325856886,0.0047028484947500004,0.15538526841206624,4.86840934753418,4.640795397758484,4.365538573265075,0.005699549127450641,0.00911053855317682,-0.0500401216713009,527583000.0,92.26374054177137,0.011270059701001645,-0.025266695241910386,0
2017-10-25,4.7733659744262695,4.84149980545044,4.980500221252441,4.779250144958496,4.927000045776367,828160000,NVDA,-0.025266695241910386,-0.01984000551448517,0.10203174868084464,4.8490852355957035,4.662892532348633,4.378763279914856,0.01318070976230903,0.01102910696367969,1.0335720108829105,533305000.0,74.79811261627738,-0.0005972525882764201,0.010481821340328157,1
2017-10-26,4.823399543762207,4.892250061035156,4.90399980545044,4.845250129699707,4.869500160217285,322744000,NVDA,0.010481821340328157,-0.010667737039577796,0.1138996710850515,4.838683319091797,4.687552905082702,4.393890013694763,0.014659712777364662,0.011024086137387104,-0.6102878670788254,527680000.0,76.17315410453512,-0.006137684454843362,0.03153003706624813,1
2017-10-27,4.9754815101623535,5.046500205993652,5.046750068664551,4.918749809265137,4.945000171661377,572192000,NVDA,0.03153003706624813,0.02519042628803403,0.12916040999065448,4.863134288787842,4.71600923538208,4.413870849609375,0.02074293883167218,0.012208157710473165,0.7728974047542325,525335000.0,77.84927847610174,-0.000895632329547591,0.009808765115113749,1
2017-10-30,5.024284839630127,5.0960001945495605,5.152249813079834,5.0304999351501465,5.046500205993652,504056000,NVDA,0.009808765115113749,0.03672059176581244,0.13877133138261954,4.898726272583008,4.746622347831726,4.434812960624694,0.020458120058887818,0.01217768769421147,-0.11907891057547115,525363800.0,76.61557290375251,0.00424091483188116,0.014570041879379714,1
2017-10-31,5.097488880157471,5.170249938964844,5.197249889373779,5.122499942779541,5.1282501220703125,411908000,NVDA,0.014570041879379714,0.0409200150886635,0.15298010409405638,4.9388041496276855,4.780439686775208,4.458376607894897,0.02069226614931993,0.01225402534671789,-0.18281302077546935,526442600.0,77.39046119388334,0.010589597708544923,0.0018857442356834397,1
2017-11-01,5.107101440429688,5.179999828338623,5.2492499351501465,5.114999771118164,5.233749866485596,502576000,NVDA,0.0018857442356834397,0.06991616980374782,0.14557391013511456,5.0055512428283695,4.812888956069946,4.4803874301910405,0.01099695660404667,0.012307536882526721,0.2201171135302058,530179000.0,77.62214744740044,0.013282819777630267,-0.006081210281477012,0
2017-11-02,5.076044082641602,5.148499965667725,5.195250034332275,5.091249942779541,5.150000095367432,342308000,NVDA,-0.006081210281477012,0.052378936595895986,0.13923765340439354,5.056080150604248,4.843908667564392,4.5001750087738035,0.014215516940265387,0.012543311055116755,-0.3188930629397345,525426200.0,71.04198526943388,0.010917953287992999,0.013353579009427241,1
2017-11-03,5.143827438354492,5.217249870300293,5.217249870300293,5.133500099182129,5.179999828338623,353640000,NVDA,0.013353579009427241,0.033835102763078106,0.15107549180911262,5.089749336242676,4.87766432762146,4.521618909835816,0.008694944156889975,0.012598661815354519,0.03310468934409938,527168200.0,70.39423411161283,0.011789644292036494,0.004504148733687874,1
2017-11-06,5.166996002197266,5.240749835968018,5.249499797821045,5.167500019073486,5.179999828338623,389944000,NVDA,0.004504148733687874,0.02840427386629707,0.13075128550719262,5.118291568756104,4.907537889480591,4.5442064762115475,0.008544239364969997,0.012071080722872796,0.1026580703540323,518490800.0,71.88646294435054,0.011770168574743806,0.011448807195586275,1
2017-11-07,5.226151943206787,5.300749778747559,5.322500228881836,5.251500129699707,5.263750076293945,427700000,NVDA,0.011448807195586275,0.02524047939567886,0.12226724702170055,5.144024181365967,4.936006474494934,4.567405347824097,0.007811923706728263,0.011759301476330346,0.09682415936647315,491132000.0,74.59992714870157,0.0134629515132339,-0.013535814438548788,0
2017-11-08,5.155411720275879,5.229000091552734,5.300000190734863,5.181000232696533,5.296249866485596,522988000,NVDA,-0.013535814438548788,0.009459432206250895,0.09542249475525222,5.153686237335205,4.9584609270095825,4.589322481155396,0.01152283259147565,0.012462546325554767,0.22279167640869768,490806000.0,67.73890095230496,0.00781985201504995,-0.01835893804497768,0
2017-11-09,5.060763835906982,5.132999897003174,5.158249855041504,5.009250164031982,5.131750106811523,978564000,NVDA,-0.01835893804497768,-0.0030102667521885174,0.07480478309395822,5.150630187988281,4.976072001457214,4.608863563537597,0.014565453297273111,0.013465101569307986,0.8711022050219126,513319600.0,62.04232939500738,-0.0036689699991577784,0.05269772305049436,1
2017-11-10,5.327454566955566,5.403500080108643,5.466750144958496,5.290750026702881,5.327000141143799,1253256000,NVDA,0.05269772305049436,0.03569853981334492,0.11074589353922137,5.187355613708496,5.002630448341369,4.631884889602661,0.02818901296985318,0.01711357975740172,0.280709284216464,544546000.0,71.45051085704078,0.004848634006255181,-0.016238916294517236,0
2017-11-13,5.240942478179932,5.3157501220703125,5.4292497634887695,5.300250053405762,5.403500080108643,582376000,NVDA,-0.016238916294517236,0.014311308921319155,0.07426884877757178,5.202144908905029,5.020746898651123,4.652673177719116,0.03016957961052772,0.017530170738547637,-0.53530962548753,544832800.0,64.85635654382152,0.002907741542578668,0.0072892924818031,1
2017-11-14,5.279145240783691,5.354499816894531,5.369999885559082,5.280749797821045,5.324999809265137,529292000,NVDA,0.0072892924818031,0.010140022363067214,0.08308443937471455,5.21274356842041,5.040995311737061,4.676468505859375,0.029941838265256177,0.01751176293217623,-0.09115073423355358,547367600.0,73.59717838350595,0.002465794024192114,-0.019609309585165824,0
2017-11-15,5.175624847412109,5.249499797821045,5.300000190734863,5.195000171661377,5.298749923706055,501948000,NVDA,-0.019609309585165824,0.003920759045632272,0.06275958078162747,5.216786193847656,5.056277227401734,4.698242740631104,0.030857659072089146,0.018278716994038727,-0.051661464749136576,544099200.0,65.65193696083696,-0.006063536989253743,0.0077625245161447864,1
2017-11-16,5.215800762176514,5.290249824523926,5.355000019073486,5.28125,5.32450008392334,441768000,NVDA,0.0077625245161447864,0.030635084207944585,0.0698180659464731,5.247793579101563,5.0732968091964725,4.720440893173218,0.028875288925585,0.018299131562850894,-0.1198928972722274,537649000.0,61.85853876155767,-0.01003057896118209,-0.0011815335197055132,0
2017-11-17,5.2096381187438965,5.283999919891357,5.383749961853027,5.268750190734863,5.3480000495910645,515664000,NVDA,-0.0011815335197055132,-0.02211496066854257,0.07343804069069293,5.2242302894592285,5.0911173820495605,4.743940439224243,0.012907439982372539,0.0182361753614335,0.1672733199326344,540851200.0,59.54804752285356,-0.013864464463103937,0.012869182033834248,1
2017-11-20,5.276681900024414,5.352000236511231,5.364250183105469,5.262499809265137,5.299749851226807,396100000,NVDA,0.012869182033834248,0.006819273822080474,0.0888006863790749,5.231378173828125,5.112635231018066,4.766163244247436,0.012794135737962316,0.01830453721979025,-0.2318641596078066,539221400.0,59.28967408581517,-0.012710448535447672,0.009201966671980255,1
2017-11-21,5.32523775100708,5.401249885559082,5.413000106811523,5.360000133514404,5.392250061035156,399176000,NVDA,0.009201966671980255,0.00873105552529685,0.0874269057665451,5.240596675872803,5.134042143821716,4.789056463241577,0.013039510269520207,0.01828454332997384,0.007765715728351497,538818000.0,60.86966852459151,-0.009641494882449225,-0.004492814317692662,0
2017-11-22,5.301312446594238,5.3732500076293945,5.425000190734863,5.340250015258789,5.425000190734863,356640000,NVDA,-0.004492814317692662,0.024284526581360488,0.11060255488401438,5.2657341957092285,5.160439467430114,4.81109652519226,0.007338181400387333,0.017062366106825516,-0.10655951259594765,515242000.0,61.30541284851548,-0.010136778074446962,0.009444794937926604,1
2017-11-24,5.351382255554199,5.423999786376953,5.425000190734863,5.364999771118164,5.389750003814697,180752000,NVDA,0.009444794937926604,0.025994377385133882,0.10946277765332502,5.292850494384766,5.186838603019714,4.834616174697876,0.007541882647247921,0.017047664219017534,-0.4931807985643787,508142400.0,60.604985639899155,-0.008094793269739275,-0.01299762926122161,0
2017-11-27,5.281826972961426,5.353499889373779,5.434000015258789,5.350249767303467,5.432750225067139,422896000,NVDA,-0.01299762926122161,0.01385678862372397,0.061571018236801,5.307288265228271,5.202155876159668,4.851465072631836,0.011059803397477308,0.01634070201566798,1.339647694078074,500677600.0,55.601736966932684,-0.012185286463026829,-0.016017360257850832,0
2017-11-28,5.197226047515869,5.267749786376953,5.368249893188477,5.205999851226807,5.358749866485596,512752000,NVDA,-0.016017360257850832,-0.015057919733265979,0.034421059594717196,5.2913970947265625,5.210802936553955,4.862954292297363,0.01199364210085096,0.016798101291740968,0.2124777723128144,501112400.0,48.623105641040546,-0.020837472692025183,-0.0678183965261121,0
2017-11-29,4.8447585105896,4.9105000495910645,5.252999782562256,4.780749797821045,5.250249862670898,1396788000,NVDA,-0.0678183965261121,-0.09022681481716288,-0.04957938614670676,5.195301246643067,5.198166418075561,4.867492742538452,0.029350383740058758,0.022606286295646708,1.7241005398321216,550356400.0,38.33998942613706,-0.04894240638614411,0.021840820968495267,1
2017-11-30,4.9505720138549805,5.017749786376953,5.066999912261963,4.916250228881836,4.980000019073486,823768000,NVDA,0.021840820968495267,-0.06616105658224058,-0.030649367043224074,5.1251531600952145,5.1903399467468265,4.874891843795776,0.03439386820851732,0.02323216558094359,-0.4102412105487734,566416000.0,45.89845504077424,-0.05840866326246506,-0.015096653837537,0
2017-12-01,4.875834941864014,4.941999912261963,5.0032501220703125,4.8117499351501465,4.982749938964844,811548000,NVDA,-0.015096653837537,-0.08886438885889991,-0.03944196258307475,5.030043697357177,5.180329489707947,4.883300457000733,0.03204116901803096,0.023416631020425533,-0.014834273727554415,589878000.0,30.387266151206376,-0.06708551252822348,-0.05574636098635877,0
2017-12-04,4.604024887084961,4.666500091552734,5.007500171661377,4.612500190734863,5.00124979019165,1240844000,NVDA,-0.05574636098635877,-0.1283272037017209,-0.10494180797056707,4.894483280181885,5.15333936214447,4.887140502929688,0.035844433639964424,0.02602391086319564,0.5289841143099361,634238200.0,26.174692014916133,-0.08723655753078,0.005786124569409301,1
2017-12-05,4.630664348602295,4.69350004196167,4.817500114440918,4.514500141143799,4.559999942779541,981488000,NVDA,0.005786124569409301,-0.10901232575488518,-0.10379951007643429,4.78117094039917,5.126522779464722,4.895457048416137,0.03866416559994396,0.026050640432093007,-0.20901579892395816,663815400.0,25.53045479686307,-0.09427787439369369,0.008096109989211397,1
2017-12-06,4.668154716491699,4.731500148773193,4.753499984741211,4.620999813079834,4.642499923706055,467032000,NVDA,0.008096109989211397,-0.03645254840089196,-0.10677018823388795,4.7458501815795895,5.098622918128967,4.9040501594543455,0.03026933723745173,0.025948878339531745,-0.5241592357726228,665782000.0,29.847061862268575,-0.09182579232997365,0.014424458851685973,1
2017-12-07,4.735490322113037,4.799749851226807,4.840000152587891,4.752999782562256,4.798999786376953,542600000,NVDA,0.014424458851685973,-0.04344582628835658,-0.08145254364677024,4.702833843231201,5.0776268482208256,4.912131500244141,0.02863908710174745,0.026233739180102602,0.1618047585604412,666762600.0,31.328418920341733,-0.08143803102709019,-0.0026041574887955,0
2017-12-08,4.723158359527588,4.78725004196167,4.869500160217285,4.778749942779541,4.850249767303467,466876000,NVDA,-0.0026041574887955,-0.031312910333682886,-0.06671037956444958,4.672298526763916,5.060746574401856,4.919990825653076,0.028464905419641466,0.026012556005290868,-0.13955768521931444,641178200.0,31.178868837882007,-0.07151946766827391,0.016554265893778286,1
2017-12-11,4.801346778869629,4.866499900817871,4.869500160217285,4.7855000495910645,4.801499843597412,372748000,NVDA,0.016554265893778286,0.0428585632406524,-0.09875406377920326,4.71176290512085,5.034441184997559,4.9278906631469725,0.007595872945737178,0.02301325138275931,-0.2016124195717921,597152800.0,31.767264809879137,-0.05647512933562926,-0.019623892930826115,0
2017-12-12,4.707125663757324,4.770999908447266,4.8460001945495605,4.747250080108643,4.822500228881836,455016000,NVDA,-0.019623892930826115,0.016511953663432388,-0.10185511797641222,4.727055168151855,5.007750344276428,4.933792724609375,0.014855737200141508,0.023113055689163522,0.22070675094165493,590784800.0,27.09315488634006,-0.049880759092408855,-0.02441863786851073,0
2017-12-13,4.592184066772461,4.6545000076293945,4.81374979019165,4.646999835968018,4.8125,554280000,NVDA,-0.02441863786851073,-0.01627423560981145,-0.1301273487806619,4.711861038208008,4.973402285575867,4.937213563919068,0.018849140573720103,0.02330547404154248,0.21815496597921835,592034200.0,25.38095250708203,-0.050136997335853195,0.0015576540718309495,1
2017-12-14,4.599337100982666,4.661749839782715,4.733500003814697,4.614999771118164,4.6479997634887695,438164000,NVDA,0.0015576540718309495,-0.028751662841455805,-0.11134650663824597,4.684630393981934,4.944587898254395,4.940037984848022,0.016596476208715343,0.023167698991877473,-0.20948978855452116,588845000.0,23.08907454166284,-0.04676756534211534,0.027297056070343162,1
2017-12-15,4.7248854637146,4.789000034332275,4.809500217437744,4.640500068664551,4.706250190734863,670036000,NVDA,0.027297056070343162,0.00036566722001341034,-0.0941207919638899,4.684975814819336,4.9200421333312985,4.945422697067261,0.022375169776975467,0.02415256363704137,0.5291899836590865,600258400.0,30.838452141860856,-0.03363995866274862,0.03309663134891272,1
2017-12-18,4.881263256072998,4.947500228881836,4.950500011444092,4.800000190734863,4.829999923706055,477704000,NVDA,0.03309663134891272,0.01664459596109058,-0.06303218288606838,4.70095911026001,4.903623390197754,4.953673677444458,0.02626863391954449,0.025585102046165216,-0.28704726313213025,598360400.0,39.6409438340805,-0.01304015352611386,-0.009044861987949071,0
2017-12-19,4.837112903594971,4.902750015258789,4.943250179290772,4.874000072479248,4.938000202178955,373100000,NVDA,-0.009044861987949071,0.027614992486495016,-0.08330405447169542,4.726956558227539,4.881644940376281,4.959025440216064,0.024283278930651856,0.025340850071229142,-0.21897241806641765,597210400.0,49.68581557448683,-0.0016043115673434055,0.003518181543057164,1
2017-12-20,4.854130744934082,4.920000076293945,4.951749801635742,4.863749980926514,4.942500114440918,288820000,NVDA,0.003518181543057164,0.05704185075179824,-0.0884668493878803,4.779345893859864,4.858089590072632,4.9629724502563475,0.01803039945395084,0.025216235402933156,-0.22589118198874292,591692600.0,45.72490517732643,0.007395517854637407,-0.004624233166500513,0
2017-12-21,4.831684112548828,4.897250175476074,4.948750019073486,4.888750076293945,4.923500061035156,300904000,NVDA,-0.004624233166500513,0.05051749990591481,-0.08858718266023291,4.825815296173095,4.834608173370361,4.965479679107666,0.019047438639491442,0.025216302058784883,0.041839207811093404,588905800.0,47.94771893162846,0.011861329484116279,-0.0031647793260207724,0
2017-12-22,4.81639289855957,4.881750106811523,4.891250133514404,4.78125,4.860000133514404,466276000,NVDA,-0.0031647793260207724,0.01936712234565574,-0.09997218128818275,4.8441167831420895,4.80785870552063,4.967636690139771,0.016902044196408873,0.02501086179021512,0.5495839204530348,603182000.0,62.96296296296296,0.013680809091231219,0.01111278536118454,1
2017-12-26,4.8699164390563965,4.935999870300293,4.943749904632568,4.795499801635742,4.82574987411499,355080000,NVDA,0.01111278536118454,-0.0023245656751834654,-0.07798637403566411,4.8418474197387695,4.787263178825379,4.969109306335449,0.007875752796358371,0.025182982454666936,-0.23847678199178168,599791200.0,64.13989633801293,0.01810665446337293,-0.0013676746837717468,0
2017-12-27,4.863255977630615,4.9292497634887695,4.9992499351501465,4.907750129699707,4.922500133514404,329488000,NVDA,-0.0013676746837717468,0.005404685513173524,-0.06425929271344322,4.847076034545898,4.770564675331116,4.968802156448365,0.006386469031219169,0.025019722138282383,-0.07207389883969806,590628000.0,61.9666431325249,0.020052038145547728,0.001166880593141295,1
2017-12-28,4.868930816650391,4.934999942779541,4.984499931335449,4.928750038146973,4.953249931335449,240248000,NVDA,0.001166880593141295,0.0030489643757030116,0.004989372743338105,4.8500360488891605,4.7717732906341555,4.968697233200073,0.006248497901775775,0.019832574742206385,-0.27084446171028986,532801000.0,58.85439177452332,0.021082243673644953,-0.019756851705747813,0
2017-12-29,4.772736072540283,4.837500095367432,4.96150016784668,4.837500095367432,4.96150016784668,279964000,NVDA,-0.019756851705747813,-0.012200309174899338,-0.03592230166877575,4.838246440887451,4.76288149356842,4.966752223968506,0.011160520495361224,0.019650259394743522,0.16531251040591388,505610800.0,52.960252463650264,0.01493569868133758,0.030232228441307685,1
2018-01-02,4.917026519775391,4.983749866485596,4.987500190734863,4.862500190734863,4.894499778747559,355616000,NVDA,0.030232228441307685,0.020893980897180642,0.00844810753491787,4.858373165130615,4.764941072463989,4.967584571838379,0.018300020947034156,0.02060750409452381,0.27022045691588925,482814200.0,56.40181342228039,0.019926279160702963,0.06581403431734967,1
2018-01-03,5.240635871887207,5.3117499351501465,5.34250020980835,5.09375,5.102499961853027,914704000,NVDA,0.06581403431734967,0.07612439298910068,0.1382727071237264,4.932517051696777,4.796771621704101,4.97533275604248,0.033470675811403866,0.021028625780741904,1.5721677314856475,466507200.0,73.54662933502594,0.043034077215161365,0.0052711409310481905,1
2018-01-04,5.268260002136231,5.339749813079834,5.451250076293945,5.317249774932861,5.394000053405762,583268000,NVDA,0.0052711409310481905,0.08327836872426664,0.1376898875701036,5.0135178565979,4.828651404380798,4.983771457672119,0.032772659549728016,0.02103012224959537,-0.36234235337333165,446596200.0,82.33072042555676,0.05729887854830798,0.00847457473709623,1
2018-01-05,5.312906265258789,5.385000228881836,5.422749996185303,5.276999950408936,5.354750156402588,580124000,NVDA,0.00847457473709623,0.09118540914365147,0.13811700509610492,5.10231294631958,4.860888981819153,4.9920875930786135,0.03207080632728907,0.021031636787675553,-0.005390318001330385,452250800.0,82.94239550079183,0.06622899341510104,0.03064026727046154,1
2018-01-08,5.4756951332092285,5.550000190734863,5.625,5.464499950408936,5.510000228881836,881216000,NVDA,0.03064026727046154,0.14728638876836042,0.1563100673312965,5.242904758453369,4.897899222373963,5.006134176254273,0.02418502090877889,0.02164878121951759,0.5190131764933015,469181600.0,83.50941844667136,0.07873593454191054,-0.0002700427966889629,0
2018-01-09,5.474216461181641,5.548500061035156,5.5954999923706055,5.466000080108643,5.555500030517578,497000000,NVDA,-0.0002700427966889629,0.1133184739120956,0.15901607451696242,5.354342746734619,4.935452127456665,5.019150514602661,0.027171076080131706,0.02159763816674437,-0.43600660904931365,470687800.0,80.7103184109336,0.08216650078931595,0.007839802290260822,1
2018-01-10,5.5171332359313965,5.5920000076293945,5.5954999923706055,5.400000095367432,5.454999923706055,582664000,NVDA,0.007839802290260822,0.05276027009001494,0.14908034974934337,5.409642219543457,4.971241450309753,5.029983549118042,0.011833056566474744,0.021495639742414713,0.17236217303822943,481183600.0,85.26477276436475,0.0823742747710783,0.001788549909868209,1
2018-01-11,5.527000904083252,5.602000236511231,5.656750202178955,5.580249786376953,5.625,406032000,NVDA,0.001788549909868209,0.04911316105167618,0.17417747026355923,5.461390399932862,5.01223521232605,5.0400378704071045,0.012302941189810452,0.020604752523379025,-0.30314555215355676,478734400.0,85.15468088488159,0.0782543087320006,-0.004909342719727872,0
2018-01-12,5.499866962432861,5.57450008392334,5.624750137329102,5.5335001945495605,5.590000152587891,359916000,NVDA,-0.004909342719727872,0.03518991072675459,0.19765821283778595,5.498782539367676,5.05761935710907,5.048085432052613,0.013976865620458424,0.01940312108445793,-0.11357725499468019,469016200.0,84.73963882978909,0.06909806082391327,-0.012870839809444368,0
2018-01-16,5.429079055786133,5.502749919891357,5.687749862670898,5.417250156402588,5.601250171661377,702348000,NVDA,-0.012870839809444368,-0.008513271153533841,0.1804046836719555,5.4894593238830565,5.0991064548492435,5.054524984359741,0.007750950067466474,0.01996367502672145,0.9514219984663088,482225400.0,80.11637816669463,0.0543217721344859,0.02094425557045554,1
2018-01-17,5.542787075042725,5.618000030517578,5.627999782562256,5.422500133514404,5.517499923706055,538408000,NVDA,0.02094425557045554,0.012526105671437415,0.1731050662728888,5.503173446655273,5.140001535415649,5.063859844207764,0.012848678791608394,0.019697829244356216,-0.23341705251527733,475644000.0,81.22711263086242,0.048447836899525434,-0.0012461215166774675,0
2018-01-18,5.535880088806152,5.611000061035156,5.665999889373779,5.566999912261963,5.598499774932861,408632000,NVDA,-0.0012461215166774675,0.0033979336864049525,0.13410807784618384,5.506922817230224,5.1727323770523075,5.071700897216797,0.012554143775844795,0.01889322552223191,-0.24103653734714192,472190400.0,81.20853062743396,0.04065385544159905,0.025262666648980137,1
2018-01-19,5.675731182098389,5.752749919891357,5.777249813079834,5.675000190734863,5.702250003814697,609380000,NVDA,0.025262666648980137,0.02690976183941962,0.1733716568575756,5.536668872833252,5.214663290977478,5.081875600814819,0.01673633733028848,0.018967036366750224,0.491268427338045,484004400.0,83.2892030539806,0.041338099017479285,0.015558011172262631,1
2018-01-22,5.764034271240234,5.842249870300293,5.843999862670898,5.702499866485596,5.760749816894531,550944000,NVDA,0.015558011172262631,0.04803158160220633,0.18744932390948787,5.589502334594727,5.2601584672927855,5.092633247375488,0.016062855965679,0.019001894544090455,-0.09589418753487156,497110600.0,91.16983637048482,0.04391656952628728,0.022337173156709467,1
2018-01-23,5.892786502838135,5.972750186920166,5.995749950408936,5.877500057220459,5.896249771118164,475228000,NVDA,0.022337173156709467,0.0854118059964144,0.21961336162962652,5.682243824005127,5.313213586807251,5.1073807430267335,0.010564032748029624,0.018956111822780838,-0.1374295754196434,505826800.0,91.0543804015965,0.05002841212420353,-0.013017648631028056,0
2018-01-24,5.816076278686523,5.894999980926514,6.012249946594238,5.838749885559082,5.97599983215332,579972000,NVDA,-0.013017648631028056,0.04930537650892752,0.2075585196602059,5.736901664733887,5.363197755813599,5.122486991882324,0.01637138593060192,0.01944196600708608,0.22040788842408277,511511600.0,80.56054999498586,0.04480835220734403,0.002332749264666978,1
2018-01-25,5.829643726348877,5.908750057220459,5.993750095367432,5.893750190734863,5.949999809265137,409884000,NVDA,0.002332749264666978,0.05306539029570567,0.19707263960332733,5.795654392242431,5.4111841201782225,5.13253077507019,0.01583841932874602,0.01950622322671808,-0.29326933024352897,514251800.0,80.26591065323898,0.03841850230782606,0.029532338119636847,1
2018-01-26,6.001806735992432,6.083250045776367,6.083499908447266,5.940000057220459,5.953000068664551,516356000,NVDA,0.029532338119636847,0.05745084526245803,0.23411285846329632,5.86086950302124,5.468111658096314,5.147748060226441,0.016912390807064446,0.019845002356074514,0.25976129831854866,523595200.0,82.65129425080265,0.041664051919699185,0.014465903337181008,1
2018-01-29,6.08862829208374,6.171249866485596,6.202750205993652,6.015250205993652,6.06850004196167,455116000,NVDA,0.014465903337181008,0.05631368683268834,0.2505062243362184,5.925788307189942,5.529096531867981,5.1639377212524415,0.01685137668236427,0.019729249106758065,-0.1186003454980672,534338600.0,81.30504625809651,0.04523749320832987,-0.016730808795421992,0
2018-01-30,5.98676061630249,6.067999839782715,6.1605000495910645,5.960249900817871,6.027750015258789,570832000,NVDA,-0.016730808795421992,0.015947313451640355,0.2543665782709086,5.944583129882813,5.589797759056092,5.180160436630249,0.019243480259809414,0.019487687514892743,0.25425605779625404,548882000.0,73.74301824059884,0.036684313587171447,0.012689696106306103,1
2018-01-31,6.06273078918457,6.144999980926514,6.231750011444092,6.111249923706055,6.14424991607666,478576000,NVDA,0.012689696106306103,0.04240909140100735,0.2330075432380454,5.993914031982422,5.64708297252655,5.19709903717041,0.01710354251848028,0.01899210781079333,-0.16161672786388992,555030000.0,74.5231997153751,0.03224435978955778,-0.021562286365422456,0
2018-02-01,5.932004451751709,6.012499809265137,6.172500133514404,5.951499938964844,5.9629998207092285,519224000,NVDA,-0.021562286365422456,0.017558658849113007,0.1319245596843066,6.014386177062988,5.681651401519775,5.211546363830567,0.021906778929683606,0.015345241145412688,0.0849353080806392,535256000.0,66.41991003551718,0.017350866140575627,-0.029022737768296114,0
2018-02-02,5.759841442108154,5.8379998207092285,5.949250221252441,5.779250144958496,5.925000190734863,718464000,NVDA,-0.029022737768296114,-0.040315409097268606,0.0933100188245437,5.965993118286133,5.706230473518372,5.2212095546722415,0.020216907155443838,0.017265273242363998,0.38372648413786736,542015800.0,59.43099157170623,-0.005997899971630777,-0.0848749629840827,0
2018-02-05,5.270975112915039,5.34250020980835,5.830749988555908,5.125,5.675000190734863,1165204000,NVDA,-0.0848749629840827,-0.13429185359069962,-0.007892319241154078,5.802462482452393,5.704133915901184,5.2201243019104,0.035566303656595515,0.026378777294543364,0.6217987261713878,571269800.0,45.599366757306875,-0.0536198817059958,0.05559182184678968,1
2018-02-06,5.563998222351074,5.639500141143799,5.642499923706055,5.099999904632568,5.110000133514404,1114800000,NVDA,0.05559182184678968,-0.07061621819322383,0.01612637062394162,5.7179100036621096,5.708549070358276,5.2253780174255375,0.05210542328317203,0.028418148080462523,-0.04325766131939124,582949000.0,50.53680291224902,-0.063938853874278,0.014274010052662822,1
2018-02-07,5.643418788909912,5.71999979019165,5.8742499351501465,5.667500019073486,5.739500045776367,802932000,NVDA,0.014274010052662822,-0.06916223313472492,0.030908958191205427,5.634047603607177,5.71700918674469,5.231218748092651,0.052308436752325424,0.02856447855119841,-0.2797524219590958,598245600.0,52.62519267709472,-0.06382197044402727,-0.049300272485918395,0
2018-02-08,5.365196704864502,5.438000202178955,5.880499839782715,5.437749862670898,5.8470001220703125,1144000000,NVDA,-0.049300272485918395,-0.09555079594045646,-0.027539036048174204,5.520686054229737,5.709412360191346,5.232886142730713,0.05483752322578123,0.030717542190227803,0.4247781879411956,626312400.0,42.89907239732169,-0.07984867738591106,0.0669360616365644,1
2018-02-09,5.724321842193604,5.802000045776367,5.972249984741211,5.438000202178955,5.956250190734863,1674604000,NVDA,0.0669360616365644,-0.006166766962520609,0.035701267565303896,5.5135821342468265,5.719278407096863,5.243428058624268,0.06596880078654362,0.03427060332036683,0.4638146853146854,689741000.0,49.19198244158046,-0.06429772556266969,-0.017450975541145275,0
2018-02-12,5.62442684173584,5.70074987411499,5.88700008392334,5.6257500648498535,5.883999824523926,1093172000,NVDA,-0.017450975541145275,0.06705623176910236,0.022647798602001057,5.584272480010986,5.725506401062011,5.259021425247193,0.04880642681533319,0.03452364656912399,-0.3472056677280121,726403800.0,44.47488042951325,-0.05891676089383352,0.020173157427913146,1
2018-02-13,5.737889289855957,5.8157501220703125,5.862500190734863,5.631249904632568,5.664000034332275,625524000,NVDA,0.020173157427913146,0.031252897746506525,0.05688077681254322,5.619050693511963,5.740946912765503,5.274767770767212,0.04354973760738285,0.03458065805647853,-0.42778995437131573,722562600.0,48.414246079763316,-0.04644196906549804,0.03778521237779464,1
2018-02-14,5.9546966552734375,6.0355000495910645,6.0647501945495605,5.763750076293945,5.775000095367432,744988000,NVDA,0.03778521237779464,0.055157676225487506,0.07431452347960477,5.681306266784668,5.761542391777039,5.2963450050354,0.04575489690036707,0.035230700788751956,0.1909822804560657,732891600.0,52.34310183422287,-0.02347377117402323,0.02104220211814578,1
2018-02-15,6.079996585845947,6.162499904632568,6.209249973297119,6.038000106811523,6.119750022888184,698900000,NVDA,0.02104220211814578,0.1332290166236314,0.09828906846086283,5.824266242980957,5.7887482166290285,5.32586443901062,0.030662325647485514,0.03540190262091902,-0.061864083716784646,747405000.0,51.491221784046026,-0.0009188297808427476,-0.010790956433136878,0
2018-02-16,6.014387607574463,6.0960001945495605,6.25,6.086750030517578,6.135000228881836,637656000,NVDA,-0.010790956433136878,0.050672511675147636,0.05966745333961865,5.882279396057129,5.805681037902832,5.353538904190064,0.023362075074791384,0.035249556876304766,-0.08762913149234508,748818800.0,48.57254605985526,0.008013456781740952,0.021489587995323856,1
2018-02-20,6.14363431930542,6.227000236511231,6.296750068664551,6.114999771118164,6.118750095367432,686240000,NVDA,0.021489587995323856,0.092312957778528,0.06585666049197658,5.986120891571045,5.824661040306092,5.383048496246338,0.01765297805450893,0.03538107103828916,0.07619155155757973,755583600.0,52.98484442133096,0.02035605261824608,-0.030392339105419164,0
2018-02-21,5.956914901733398,6.037749767303467,6.29925012588501,6.033999919891357,6.292250156402588,892292000,NVDA,-0.030392339105419164,0.03817180862388847,0.01088252541719914,6.029926013946533,5.827867460250855,5.407476987838745,0.02768640708765428,0.03588763281079104,0.30026229890417344,776436800.0,48.06805645323052,0.013978529190903394,0.003273229273496936,1
2018-02-22,5.976413249969482,6.053750038146973,6.140749931335449,5.987500190734863,6.068250179290772,534364000,NVDA,0.003273229273496936,0.0036469690990577064,0.027567893473221305,6.034269332885742,5.835884308815002,5.432542085647583,0.02208595505542482,0.035733488085930264,-0.4011332613090782,774156400.0,50.84512256872542,0.009330394150358523,0.015610230768917654,1
2018-02-23,6.069706439971924,6.148250102996826,6.148250102996826,6.063000202178955,6.114250183105469,415300000,NVDA,0.015610230768917654,-0.0016924591533453714,0.041179654348002304,6.0322113037109375,5.847887444496155,5.457909278869629,0.02095354053365816,0.03586362361423822,-0.22281441115045175,774427200.0,56.079387520188725,0.010698017714050406,0.002642999735173568,1
2018-02-26,6.085748672485352,6.164500236511231,6.19950008392334,6.101500034332275,6.195000171661377,469312000,NVDA,0.002642999735173568,0.011865059182587068,0.013986111213732721,6.046483516693115,5.852084541320801,5.4854817390441895,0.02009355522635965,0.03530191167910653,0.13005538165181796,772075000.0,69.62681232000851,0.010810150558184323,-0.0021087948199211004,0
2018-02-27,6.072915077209473,6.151500225067139,6.222750186920166,6.1282501220703125,6.137499809265137,455436000,NVDA,-0.0021087948199211004,-0.011510978424240315,-0.00258074793212415,6.032339668273925,5.851298880577088,5.515096359252929,0.017069207505749195,0.03517068649526726,-0.029566684849311353,772091000.0,64.17220660628503,0.008262061563110351,-0.01650014690841406,0
2018-02-28,5.972711086273193,6.050000190734863,6.202499866485596,6.038249969482422,6.162499904632568,523116000,NVDA,-0.01650014690841406,0.0026517391637068677,-0.0023467666288574662,6.035498905181885,5.850596404075622,5.54256383895874,0.011579920805148863,0.03516478867579956,0.14860485337127494,769705200.0,59.065127842960166,-0.001414433355494571,-0.04045440077000195,0
2018-03-01,5.731088638305664,5.80525016784668,6.102250099182129,5.703000068664551,6.047749996185303,1040120000,NVDA,-0.04045440077000195,-0.04104880325420457,-0.05470177753406591,5.986433982849121,5.834014296531677,5.562687902450562,0.0213941119780309,0.03618629600917844,0.9883161669687028,797782400.0,60.27983382522174,-0.02407338892222019,0.018646948272746267,1
2018-03-02,5.837955951690674,5.91349983215332,5.920000076293945,5.546249866485596,5.696499824523926,913428000,NVDA,0.018646948272746267,-0.03818149865618903,-0.01585442169269835,5.9400838851928714,5.829311871528626,5.581821756362915,0.022263134698827527,0.03616986259585035,-0.12180517632580856,817492600.0,53.71985194768216,-0.03138700886137967,-0.003762696661077425,0
2018-03-05,5.8159894943237305,5.891250133514404,5.931250095367432,5.73799991607666,5.862750053405762,620776000,NVDA,-0.003762696661077425,-0.044326375057393674,0.009748194074423289,5.886132049560547,5.832119274139404,5.6013992881774906,0.02170696061743184,0.03554501952620357,-0.320388689639468,812608200.0,56.60801299048216,-0.03684941060341557,0.02762569592852815,1
2018-03-06,5.976660251617432,6.053999900817871,6.073500156402588,5.934000015258789,5.977499961853027,636808000,NVDA,0.02762569592852815,-0.01584985536077521,0.1338813262413836,5.866881084442139,5.867403531074524,5.623849878311157,0.02735018161097751,0.029635089158606756,0.025825740685851306,786188400.0,57.97668320076004,-0.029125688891599708,-0.0013213695745917242,0
2018-03-07,5.968762874603272,6.046000003814697,6.098750114440918,5.948750019073486,5.949999809265137,581208000,NVDA,-0.0013213695745917242,-0.0006610417970819293,0.07274708511340333,5.8660914421081545,5.887641763687133,5.646591453552246,0.026283276039940868,0.027338414888758402,-0.08731046092385775,759508800.0,50.54614609588581,-0.02423329190067447,-0.002728920687462222,0
2018-03-08,5.952474594116211,6.0295000076293945,6.073750019073486,5.984749794006348,6.073750019073486,411912000,NVDA,-0.002728920687462222,0.038628953377346065,0.054763932425790474,5.910368633270264,5.903094553947449,5.669313087463379,0.014477651913085797,0.027262145093640347,-0.2912829830284511,739957800.0,44.59083743487658,-0.021852237210324088,0.017206985620084048,1
2018-03-09,6.054898738861084,6.133250236511231,6.146249771118164,6.06125020980835,6.077499866485596,505524000,NVDA,0.017206985620084048,0.037160744097012754,0.12855111786884632,5.953757190704346,5.937579655647278,5.693012733459472,0.014217232356078354,0.024456050059821356,0.22726213365961656,708034000.0,51.666337157212105,-0.013544306729275368,0.018057428219450777,1
2018-03-12,6.164234638214111,6.24399995803833,6.324999809265137,6.166749954223633,6.175000190734863,605060000,NVDA,0.018057428219450777,0.05987719617276821,0.07684976633877194,6.023406219482422,5.959575295448303,5.719032306671142,0.013248568765502991,0.02014477026173339,0.19689668541948557,654556800.0,50.86145975573961,-0.0014850785225633406,-0.008207877616248416,0
2018-03-13,6.1136393547058105,6.192749977111816,6.362500190734863,6.151000022888184,6.28725004196167,619772000,NVDA,-0.008207877616248416,0.02291900448102413,0.08697997622438414,6.0508020401000975,5.984035921096802,5.743926477432251,0.012174315976873816,0.019730884944541435,0.02431494397249856,630886800.0,57.39587716554569,0.0020901760869037056,0.004157869084489674,1
2018-03-14,6.139059066772461,6.218500137329102,6.263750076293945,6.1554999351501465,6.236249923706055,505496000,NVDA,0.004157869084489674,0.028531237669666698,0.06991591448544221,6.0848612785339355,6.004094409942627,5.771252937316895,0.011747027705180107,0.019377343038274614,-0.18438393473729053,624885400.0,57.632652220943754,0.005006755151645989,0.002412202688406806,1
2018-03-15,6.153867721557617,6.233500003814697,6.315499782562256,6.190999984741211,6.232250213623047,401952000,NVDA,0.002412202688406806,0.03383351314770433,0.033447726696169244,6.125139904022217,6.014052963256836,5.795989761352539,0.011028113699332391,0.017624426194295276,-0.20483643787487937,607733600.0,54.26359248231384,0.006669012957533513,0.00457243508939853,1
2018-03-16,6.182005882263184,6.26200008392334,6.28125,6.211999893188477,6.25,399456000,NVDA,0.00457243508939853,0.020992447418866078,0.016777854226877498,6.150561332702637,6.019153428077698,5.814817161560058,0.00934505796286781,0.017053292279089714,-0.00620969668020066,592761400.0,54.81733061092799,0.008293406095829597,-0.03784773713910006,0
2018-03-19,5.948030948638916,6.025000095367432,6.233749866485596,5.925000190734863,6.204500198364258,713772000,NVDA,-0.03784773713910006,-0.03507389031476471,-0.011032986775241782,6.1073205947875975,6.015835595130921,5.828412580490112,0.018028097519870084,0.01899785303896925,0.7868601297764961,596567200.0,44.88269317417573,-0.006937434664679221,0.03560162498972863,1
2018-03-20,6.159790515899658,6.239500045776367,6.278749942779541,6.027999877929688,6.027999877929688,554696000,NVDA,0.03560162498972863,0.007548885126553051,0.00262974580753772,6.1165508270263675,6.016643404960632,5.84535026550293,0.02611566340561978,0.020083944124324037,-0.22286668572037005,589990000.0,57.02371924457611,-0.003472837306063875,-0.004087004994652088,0
2018-03-21,6.134615421295166,6.214000225067139,6.300000190734863,6.183249950408936,6.232999801635742,438688000,NVDA,-0.004087004994652088,-0.0007238316864136563,0.029830964936238935,6.115662097930908,6.025528430938721,5.858528671264648,0.026188124727228215,0.01878589548134398,-0.2091379782799948,567309800.0,68.09015309540534,-0.00358462274268298,-0.026995338828613824,0
2018-03-22,5.969009399414063,6.046249866485596,6.197000026702881,6.008500099182129,6.150000095367432,551196000,NVDA,-0.026995338828613824,-0.030039372067744763,-0.0012388451477074458,6.078690433502198,6.025158238410951,5.868424530029297,0.028726748214847393,0.01983717826779068,0.2564647311984827,568151400.0,55.58120578364813,-0.014885959278219993,-0.03671712233342295,0
2018-03-23,5.749844551086426,5.824250221252441,6.0625,5.813000202178955,6.059999942779541,735620000,NVDA,-0.03671712233342295,-0.06990632804421515,-0.052698082197032536,5.992258167266845,6.009165143966675,5.873078756332397,0.03087170752144714,0.021098149769672718,0.3345887851145508,584167400.0,47.58816693314898,-0.03599232599748205,0.04940556287462794,1
2018-03-26,6.033918857574463,6.111999988555908,6.113249778747559,5.897500038146973,5.949999809265137,611424000,NVDA,0.04940556287462794,0.014439721258545424,-0.008516588130761837,6.009435749053955,6.006573653221131,5.883217115402221,0.037890510712907666,0.02407773071408686,-0.1688317337755907,591273000.0,51.91543623390271,-0.02994028406750246,-0.07755251384043604,0
2018-03-27,5.565973281860352,5.638000011444092,6.25,5.496250152587891,6.193749904632568,1409000000,NVDA,-0.07755251384043604,-0.09640217999403466,-0.08347585778888622,5.890672302246093,5.981226563453675,5.884539241790772,0.046657684401785596,0.02966248102611241,1.3044564819176219,638951200.0,39.69695010763966,-0.055107047843370595,-0.018490250578015788,0
2018-03-28,5.463057041168213,5.533750057220459,5.734749794006348,5.425000190734863,5.603250026702881,945904000,NVDA,-0.018490250578015788,-0.10947033090220526,-0.08533043667159712,5.756360626220703,5.955743861198426,5.8852188014984135,0.045931136474692755,0.02971018726937585,-0.3286699787083037,660090600.0,38.01233684583287,-0.07510095138859396,0.046261537082452175,1
2018-03-29,5.715786457061768,5.789750099182129,5.887499809265137,5.517499923706055,5.602749824523926,916628000,NVDA,0.046261537082452175,-0.042422942469675595,-0.0026700304618600956,5.7057160377502445,5.954978752136231,5.888678789138794,0.05479574192308528,0.030432560982373045,-0.030950286709856445,653916000.0,42.263517115188385,-0.06793684768423161,-0.045511619252160296,0
2018-04-02,5.455651760101318,5.526249885559082,5.866250038146973,5.4375,5.718500137329102,922092000,NVDA,-0.045511619252160296,-0.051165346883946694,-0.06548596713523336,5.646877479553223,5.935863542556763,5.8870742225646975,0.05609701451777782,0.03175106790009591,0.00596097871764778,654349200.0,34.875127685570035,-0.07670113304834196,0.019452806670832157,1
2018-04-03,5.561779499053955,5.633749961853027,5.758749961853027,5.533750057220459,5.695000171661377,667432000,NVDA,0.019452806670832157,-0.07824754851116777,-0.0437088126651326,5.5524496078491214,5.923153042793275,5.884795188903809,0.04948683770972319,0.03213970207231717,-0.27617634682873293,656682000.0,38.49321066678757,-0.07144075537391283,0.003949280416313705,1
2018-04-04,5.583744525909424,5.656000137329102,5.666500091552734,5.349999904632568,5.375249862670898,789168000,NVDA,0.003949280416313705,0.0031928367509397315,-0.06574168668892888,5.556003856658935,5.903507256507874,5.881189393997192,0.035145853515606784,0.031429509439132614,0.1823946109865875,664300000.0,38.4044719757738,-0.06287398803397945,-0.02148145497666476,0
2018-04-05,5.463797569274902,5.5345001220703125,5.728250026702881,5.462250232696533,5.715000152587891,701240000,NVDA,-0.02148145497666476,0.00013555196314252171,-0.0846013346378639,5.556151962280273,5.878258991241455,5.872609615325928,0.035586065896223276,0.03169771201367091,-0.11141860795166558,670301600.0,36.19671189226434,-0.061597112524223056,-0.03220716235248611,0
2018-04-06,5.2878241539001465,5.356249809265137,5.539999961853027,5.326749801635742,5.430749893188477,662988000,NVDA,-0.03220716235248611,-0.07487373896428207,-0.11165951734981705,5.47055950164795,5.8450264692306515,5.8620445728302,0.026528278833628415,0.03231834384649036,-0.05454908447892304,682855400.0,33.11267593711102,-0.06839142133862905,0.0054139229357554886,1
2018-04-09,5.316452026367188,5.385250091552734,5.54925012588501,5.364999771118164,5.420000076293945,499524000,NVDA,0.0054139229357554886,-0.025514776209166423,-0.12195855692093638,5.442719554901123,5.808104133605957,5.851780738830566,0.021203442884384527,0.03199006338057324,-0.2465564987601585,682555400.0,37.06918585046375,-0.06667536913993934,0.05802944873844407,1
2018-04-10,5.62496280670166,5.697750091552734,5.724999904632568,5.56024980545044,5.618000030517578,761676000,NVDA,0.05802944873844407,0.011360268356279235,-0.08748398838832783,5.455356216430664,5.781140542030334,5.844243860244751,0.03490529472449136,0.03470499391356459,0.5248036130396136,690386200.0,39.46732576385752,-0.04170170584732366,-0.007327742815139704,0
2018-04-11,5.583744525909424,5.656000137329102,5.724500179290772,5.623000144958496,5.682750225067139,460244000,NVDA,-0.007327742815139704,0.0,-0.08667420468440201,5.455356216430664,5.754645800590515,5.834146184921265,0.0351710087818342,0.034699924461405345,-0.39574832343411104,682409800.0,39.2194994494317,-0.02568362821989624,0.03695187370820441,1
2018-04-12,5.790074348449707,5.864999771118164,5.882999897003174,5.705249786376953,5.75,593920000,NVDA,0.03695187370820441,0.05971611778034891,-0.056846613548911296,5.520611572265625,5.737196564674377,5.830212459564209,0.0357504173833733,0.03585859416505288,0.29044593737235025,686831000.0,46.553194413010424,-0.00026195246557901564,-0.013213819765774626,0
2018-04-13,5.713565349578857,5.787499904632568,5.937749862670898,5.738749980926514,5.9292497634887695,503036000,NVDA,-0.013213819765774626,0.08051349350652992,-0.07154888468537213,5.605759811401367,5.715181446075439,5.823229150772095,0.030476003548546602,0.03592050679880818,-0.1530239762931035,691885200.0,49.26051637792499,0.011671554389590291,-4.331419524683522e-05,0
2018-04-16,5.71331787109375,5.78725004196167,5.821000099182129,5.691999912261963,5.794250011444092,350792000,NVDA,-4.331419524683522e-05,0.07464862708405673,-0.07581487628702333,5.68513298034668,5.691747045516967,5.818855419158935,0.031041079191295607,0.03588349612960475,-0.3026503073338688,689452000.0,42.61009583203729,0.019365594376330605,0.026135114761716594,1
2018-04-17,5.862636089324951,5.938499927520752,5.960000038146973,5.783750057220459,5.840000152587891,447224000,NVDA,0.026135114761716594,0.0422533074067839,-0.014356828343925376,5.732667636871338,5.68747730255127,5.820911312103272,0.021883224272008665,0.03549328121587555,0.2748979452210998,676124600.0,58.01550930906402,0.033499879617013784,-0.004925318664197209,0
2018-04-18,5.833760738372803,5.909249782562256,5.981249809265137,5.819250106811523,5.887499809265137,391364000,NVDA,-0.004925318664197209,0.04477572555536269,-0.052928711891306546,5.782670879364014,5.671175813674926,5.832167024612427,0.02147130293633406,0.03448914099833252,-0.12490385131388293,667958000.0,60.43345805530355,0.03948159293188022,-0.031010889645106343,0
2018-04-19,5.65285062789917,5.72599983215332,5.827499866485596,5.670000076293945,5.793749809265137,471996000,NVDA,-0.031010889645106343,-0.023699820121874438,-0.07853219155737778,5.755226135253906,5.647087574005127,5.833944072723389,0.020840158360045328,0.03508905700260707,0.2060281477090382,669623400.0,48.15404402344725,0.030247371100593307,-0.0014408403892841593,0
2018-04-20,5.644705772399902,5.717750072479248,5.802499771118164,5.68625020980835,5.717249870300293,386200000,NVDA,-0.0014408403892841593,-0.012051945320627255,-0.05433123074760038,5.741454219818115,5.630872392654419,5.833969812393189,0.020282904107888126,0.034650768774974694,-0.181772726887516,661373600.0,56.50696543590555,0.022916704152744875,-0.02111835588452793,0
2018-04-23,5.525498867034912,5.5970001220703125,5.787499904632568,5.570750236511231,5.735750198364258,427508000,NVDA,-0.02111835588452793,-0.03287389364577431,-0.039017695532155505,5.703890419006347,5.619655108451843,5.8371758556365965,0.021838049185772708,0.034002824340463256,0.10696012428793367,645968000.0,48.76241553273745,0.010023481837040604,-0.011970768249499386,0
2018-04-24,5.459354400634766,5.53000020980835,5.71999979019165,5.464000225067139,5.623000144958496,414596000,NVDA,-0.011970768249499386,-0.06878845668495537,-0.09522243677812114,5.62323408126831,5.590926885604858,5.83187650680542,0.012085094192494244,0.0318759027940306,-0.03020294357064668,636126600.0,45.88102214883174,-0.002316883051246242,-0.020524153173316018,0
2018-04-25,5.347305774688721,5.416500091552734,5.539500236511231,5.257500171661377,5.5,588492000,NVDA,-0.020524153173316018,-0.08338616983112124,-0.03928648164450843,5.525943088531494,5.579993510246277,5.826334085464477,0.011099992242028098,0.027206281271568496,0.4194348232978611,595101200.0,46.122278979536574,-0.016588040872327806,0.03950869765624798,1
2018-04-26,5.558570861816406,5.630499839782715,5.638750076293945,5.51324987411499,5.579999923706055,375824000,NVDA,0.03950869765624798,-0.016678269476545826,0.017483584727090662,5.507087135314942,5.584769201278687,5.822747716903686,0.02512571544207428,0.028382833405570695,-0.36137789468675874,566597200.0,58.80559081980515,-0.010650331273913953,0.0049282981938665316,1
2018-04-27,5.585965156555176,5.658249855041504,5.757500171661377,5.615499973297119,5.737500190734863,400848000,NVDA,0.0049282981938665316,-0.01040632022521737,-0.022712762536150954,5.495339012145996,5.578278136253357,5.815373086929322,0.025391482806910594,0.026365735594950368,0.06658435863595735,540808200.0,58.772509812248,-0.004067289791780691,-0.006318003711260567,0
2018-04-30,5.550673007965088,5.622499942779541,5.724999904632568,5.603000164031982,5.674749851226807,327844000,NVDA,-0.006318003711260567,0.004555994225311499,0.017417029539657625,5.500373840332031,5.583029198646545,5.804786615371704,0.023363200798248555,0.024240019102673586,-0.18212389733764422,511095800.0,47.058772446170536,-0.0014160928896656544,0.009960049327333076,1
2018-05-01,5.605957984924316,5.678500175476074,5.681250095367432,5.554999828338623,5.614250183105469,253788000,NVDA,0.009960049327333076,0.026853648532600305,0.00794322857960772,5.529694557189941,5.585238122940064,5.796618022918701,0.02232561061199723,0.023953803129531482,-0.2258879223045107,490413600.0,50.86977124372153,0.004415367989696467,-0.0036542195301239033,0
2018-05-02,5.585472583770752,5.657750129699707,5.71999979019165,5.631249904632568,5.675000190734863,268248000,NVDA,-0.0036542195301239033,0.04453959042502964,0.00030948010843068197,5.577327919006348,5.58532452583313,5.785454788208008,0.018323382784321177,0.023959267622561252,0.0569766892051633,464367600.0,40.62429121878249,0.0070889098681918145,0.029517009523557514,1
2018-05-03,5.750339031219482,5.824749946594238,5.851250171661377,5.64424991607666,5.690000057220459,443144000,NVDA,0.029517009523557514,0.03449954568725433,0.05244364534219126,5.615681552886963,5.599651598930359,5.78132327079773,0.01423803802732307,0.024233097524794602,0.6519936774924697,451462800.0,51.55888804709653,0.01945554271546749,0.026052348657699564,1
2018-05-04,5.900148868560791,5.976500034332275,5.979750156402588,5.778250217437744,5.795750141143799,400660000,NVDA,0.026052348657699564,0.05624519723989296,0.11579899346861056,5.678518295288086,5.630267834663391,5.779797983169556,0.01647066825396595,0.023282091799864447,-0.09586951419854495,438346400.0,57.02875955300151,0.036244117067482436,0.04024153536397801,1
2018-05-07,6.137579917907715,6.2170000076293945,6.274750232696533,6.072249889373779,6.082250118255615,687616000,NVDA,0.04024153536397801,0.10573617092926013,0.1544503528797223,5.795899677276611,5.671324229240417,5.781155452728272,0.017294151872700975,0.02452511232125284,0.716208256376978,447751000.0,59.70052479829232,0.06043336725492923,0.006916243546369882,1
2018-05-08,6.180028915405273,6.260000228881836,6.262750148773193,6.167749881744385,6.217249870300293,506616000,NVDA,0.006916243546369882,0.10240371619351474,0.0986790718051147,5.910713863372803,5.699077534675598,5.7830410575866695,0.017800695468047287,0.021451891177890172,-0.2632283134772897,434998000.0,62.10107433347831,0.07541213831165544,0.021485579987130077,1
2018-05-09,6.31281042098999,6.394499778747559,6.396749973297119,6.252749919891357,6.280250072479248,596760000,NVDA,0.021485579987130077,0.13021956984134242,0.1305693503163674,6.05618143081665,5.735530829429626,5.7878389644622805,0.012176459313015538,0.02155242078061511,0.17793358283196747,441823800.0,73.866541221135,0.08942567767123104,0.017006745941493984,1
2018-05-10,6.420170783996582,6.5032501220703125,6.512499809265137,6.429999828338623,6.447999954223633,994080000,NVDA,0.017006745941493984,0.11648561052495854,0.10882354830479568,6.190147781372071,5.76703565120697,5.796788158416748,0.012260835975699122,0.02049875819008475,0.6657952945907903,461831800.0,76.16596333764748,0.10027347847389517,-0.02152765945879387,0
2018-05-11,6.281959533691406,6.363249778747559,6.494750022888184,6.263500213623047,6.319499969482422,1214456000,NVDA,-0.02152765945879387,0.06471203924448599,0.0994815232409032,6.266509914398194,5.795455360412598,5.807805576324463,0.022689081457894437,0.020974372938022918,0.22168839530017714,497402800.0,75.20150394429535,0.0926680458342449,0.003260913128545484,1
2018-05-14,6.3024444580078125,6.383999824523926,6.462250232696533,6.360000133514404,6.401750087738037,523140000,NVDA,0.003260913128545484,0.026861489757399326,0.1031146174965547,6.299482822418213,5.8249116897583,5.817095346450806,0.016773729036622713,0.020945875048501716,-0.5692392313924918,506020200.0,78.96888359348324,0.08381158321771831,-0.03837716112600087,0
2018-05-15,6.060574531555176,6.138999938964844,6.322500228881836,6.037499904632568,6.31974983215332,963528000,NVDA,-0.03837716112600087,-0.01932909788695769,0.03376270319603214,6.275591945648193,5.834808611869812,5.821987047195434,0.025650749232760305,0.022453377898195747,0.8418167221011583,531835400.0,72.50078746506047,0.05770137243432734,0.0018326592418251852,1
2018-05-16,6.071681499481201,6.15024995803833,6.2129998207092285,6.062749862670898,6.099999904632568,553828000,NVDA,0.0018326592418251852,-0.03819676268228167,0.04078342801126955,6.227366161346436,5.846704649925232,5.82388747215271,0.022099955550244358,0.022396027203628828,-0.4252081932232379,539958600.0,68.52614924273335,0.03815846825446535,0.006910417687125747,1
2018-05-17,6.1136393547058105,6.192749977111816,6.287499904632568,6.135749816894531,6.151999950408936,519784000,NVDA,0.006910417687125747,-0.04774505844219212,0.08151439992637632,6.166059875488282,5.869744086265564,5.826785001754761,0.019615649184789478,0.02099432223244402,-0.061470348194746394,542348000.0,68.8536996671252,0.025638156640331117,-0.0071457257107371275,0
2018-05-18,6.069952964782715,6.148499965667725,6.309249877929688,6.143499851226807,6.245250225067139,483716000,NVDA,-0.0071457257107371275,-0.03374847732967046,0.07533558161030851,6.123658561706543,5.891006445884704,5.829134569168091,0.0184452613881162,0.021112482166531176,-0.0693903621504317,547223800.0,68.44314393222191,0.012651755230013176,-0.0069123070031816836,0
2018-05-21,6.027995586395264,6.105999946594238,6.2507500648498535,6.012249946594238,6.247000217437744,640624000,NVDA,-0.0069123070031816836,-0.04354641654379632,0.09094142111913972,6.068768787384033,5.9161312818527225,5.828596506118775,0.01761363233837057,0.020457068158289106,0.3243804215696813,557879600.0,65.13267206744925,0.00013549195361015065,-0.006305044850649311,0
2018-05-22,5.989988803863525,6.067500114440918,6.144999980926514,6.006249904632568,6.119500160217285,518264000,NVDA,-0.006305044850649311,-0.011646705658702294,0.09719728090322599,6.0546516418457035,5.94266300201416,5.825111589431763,0.006377746548759294,0.02025433595801523,-0.19100127375808584,563063000.0,64.32443494658807,-0.011178165660822553,0.020572895044601802,1
2018-05-23,6.11322021484375,6.188499927520752,6.1897501945495605,6.006249904632568,6.006999969482422,442956000,NVDA,0.020572895044601802,0.006841385762098806,0.14323370916629785,6.062959384918213,5.980958724021912,5.825103206634521,0.012241867790166014,0.019620114096189117,-0.1453081827022521,555786200.0,63.240508020506496,-0.010829650588827316,0.0006059896015335742,1
2018-05-24,6.11692476272583,6.192249774932861,6.235000133514404,6.13100004196167,6.184750080108643,437372000,NVDA,0.0006059896015335742,0.0005373898964928792,0.10044918285470361,6.063616466522217,6.0088764190673825,5.824660520553589,0.011854040453390847,0.018085270613684624,-0.012606218224834986,558863600.0,58.85349316199634,-0.0107930235488502,0.006419412476698749,1
2018-05-25,6.156191825866699,6.23199987411499,6.248499870300293,6.169000148773193,6.204999923706055,292112000,NVDA,0.006419412476698749,0.01420750071447574,0.10208203118531056,6.0808642387390135,6.037387752532959,5.82470700263977,0.011302558911240707,0.01808823875158636,-0.33212002597331336,553426800.0,50.906946440156226,-0.008659685807856976,-0.0027680634399832593,0
2018-05-29,6.139151096343994,6.214749813079834,6.2835001945495605,6.167500019073486,6.213749885559082,352684000,NVDA,-0.0027680634399832593,0.018439879119951597,0.10601923181827755,6.10309534072876,6.066811656951904,5.823849906921387,0.010530898964263118,0.017988192687153542,0.20735882127403182,554668800.0,47.95747160779033,-0.00889769811594801,0.017699862202967598,1
2018-05-30,6.2478132247924805,6.324749946594238,6.333499908447266,6.223750114440918,6.24875020980835,390996000,NVDA,0.017699862202967598,0.04304255473109708,0.11449519272071917,6.154660224914551,6.098904418945312,5.829845552444458,0.010295697844971169,0.018178137224708676,0.10862982159667012,561529200.0,46.672093181097964,-0.0025672073108826965,-0.0031623460784236945,0
2018-05-31,6.228055477142334,6.304749965667725,6.380000114440918,6.281750202178955,6.292500019073486,493868000,NVDA,-0.0031623460784236945,0.01878474163579913,0.11504539387386536,6.177627277374268,6.131033563613892,5.8312108516693115,0.008687267935947738,0.018165298193049555,0.2631024358305456,572810200.0,39.19419735411449,-0.0006411660917994416,0.02153151717773727,1
2018-06-01,6.362154960632324,6.440499782562256,6.446750164031982,6.341249942779541,6.349999904632568,421968000,NVDA,0.02153151717773727,0.04009043881017327,0.10639649698760345,6.226673316955567,6.1616243600845335,5.835761642456054,0.011404177565934901,0.017693951948840114,-0.1455854600824512,571751400.0,54.53166848994682,0.008243555591858145,0.02806480330459138,1
2018-06-04,6.540707588195801,6.621250152587891,6.643499851226807,6.442500114440918,6.474999904632568,642024000,NVDA,0.02806480330459138,0.062460003392595276,0.10856653516799475,6.303576469421387,6.1936522960662845,5.84719560623169,0.014396488488153046,0.01782392106354193,0.5214992606074393,583819600.0,61.423093910627756,0.02384219866012889,0.000830510893967018,1
2018-06-05,6.546139717102051,6.6267499923706055,6.664750099182129,6.579249858856201,6.624499797821045,391712000,NVDA,0.000830510893967018,0.06629395731934795,0.06656692127173369,6.384974193572998,6.214080286026001,5.863121509552002,0.01351981351875251,0.015826253196528736,-0.38987950606207866,569024400.0,80.10460740884398,0.03172880396005015,0.0003017136197256409,1
2018-06-06,6.548114776611328,6.628749847412109,6.631999969482422,6.51924991607666,6.535749912261963,371356000,NVDA,0.0003017136197256409,0.04806506548998546,0.059560540289465,6.445034503936768,6.232484579086304,5.873405427932739,0.0142259619426942,0.01581684924859479,-0.051966751082427876,562261400.0,79.87674366449876,0.0340752860570762,-0.008485703000613465,0
2018-06-07,6.492549419403076,6.572500228881836,6.63700008392334,6.481249809265137,6.625,369448000,NVDA,-0.008485703000613465,0.0424681416585746,0.028472104566209744,6.497933292388916,6.241471529006958,5.8919369506835935,0.015549403617170722,0.015388898432083535,-0.005137926948803884,550895800.0,73.36243180596732,0.029076560351993574,-0.002358352166146216,0
2018-06-08,6.477237701416016,6.557000160217285,6.599999904632568,6.480000019073486,6.499000072479248,360456000,NVDA,-0.002358352166146216,0.018088641583834386,0.008888691491149014,6.520949840545654,6.24432487487793,5.91222056388855,0.01412990289513146,0.014966466876609021,-0.024339013880167126,519214600.0,76.02245002912582,0.022238664010963666,-0.0063292527719881475,0
2018-06-11,6.436241626739502,6.515500068664551,6.586249828338623,6.502500057220459,6.544250011444092,265372000,NVDA,-0.0063292527719881475,-0.015971660565415213,0.024559549010249038,6.500056648254395,6.252038979530335,5.926629667282104,0.004091024595663615,0.01415009152291099,-0.26378809064074393,471760400.0,76.11595104750052,0.012916662916982624,0.007520719893357342,1
2018-06-12,6.484646797180176,6.564499855041504,6.576749801635742,6.491499900817871,6.542250156402588,319160000,NVDA,0.007520719893357342,-0.009393768324440499,0.028909788953531912,6.48775806427002,6.2611490964889525,5.947209568023681,0.0062608487708066965,0.014212933404326174,0.20268905536379123,461561400.0,81.22835948407746,0.008202286708389517,-0.0006854034291495781,0
2018-06-13,6.4802021980285645,6.559999942779541,6.641749858856201,6.550749778747559,6.565999984741211,338208000,NVDA,-0.0006854034291495781,-0.01037131768449373,0.06923892516931218,6.474175548553466,6.282130479812622,5.965578022003174,0.006190408165771198,0.010711561671353719,0.0596816643689686,430295400.0,77.25595024340697,0.00323157240518146,0.017187456424661463,1
2018-06-14,6.591580390930176,6.672749996185303,6.730000019073486,6.590499877929688,6.605500221252441,430016000,NVDA,0.017187456424661463,0.015253017748489306,0.08562683854437969,6.493981742858887,6.308125424385071,5.985734739303589,0.009367863340971708,0.011134701712139173,0.27145425300406845,424104800.0,80.39203952514623,0.005744938006335326,-0.0061818436456173576,0
2018-06-15,6.550832271575928,6.631499767303467,6.686999797821045,6.583749771118164,6.614999771118164,432260000,NVDA,-0.0061818436456173576,0.0113620301666284,0.07151107409265145,6.508700656890869,6.3299850702285765,6.007475433349609,0.010052494173082363,0.011348202647769307,0.005218410477749735,419728600.0,75.22085976692324,0.003095985393707368,-0.0006409187419125217,0
2018-06-18,6.546633720397949,6.6272501945495605,6.644999980926514,6.559500217437744,6.586999893188477,356268000,NVDA,-0.0006409187419125217,0.017151639118056172,0.07853121076569947,6.530779075622559,6.353819108009338,6.032651624679565,0.009109027930685127,0.011117297409325943,-0.17580160088835428,413356200.0,76.4761760176972,-0.0003242941138678346,-0.01855988723667057,0
2018-06-19,6.425128936767578,6.5042500495910645,6.591000080108643,6.375500202178955,6.5229997634887695,594932000,NVDA,-0.01855988723667057,-0.00917827327750198,0.06588149322282422,6.518875503540039,6.373675775527954,6.054825162887573,0.012876342831376222,0.011981947648504942,0.6699001874992982,411071600.0,61.33196566444085,-0.011534200247060089,0.008225257360733762,1
2018-06-20,6.477977275848389,6.557750225067139,6.611249923706055,6.506999969482422,6.545750141143799,369780000,NVDA,0.008225257360733762,-0.0003433414748775787,0.08146734292226254,6.518430519104004,6.398075199127197,6.071885452270508,0.013657952977658178,0.011810559865778676,-0.3784499741146887,403647400.0,65.32397271808689,-0.01588575388981478,-0.019823775737648264,0
2018-06-21,6.349559307098389,6.427750110626221,6.608500003814697,6.420000076293945,6.590000152587891,359516000,NVDA,-0.019823775737648264,-0.03671670062081034,0.03866032695514132,6.470026302337646,6.409892153739929,6.087201747894287,0.011939545298419483,0.012270544807019846,-0.02775704472929852,399475400.0,49.22227803199686,-0.027242294875520184,-0.023958487205345658,0
2018-06-22,6.197433471679688,6.273749828338623,6.462250232696533,6.258250236511231,6.448750019073486,434160000,NVDA,-0.023958487205345658,-0.05394716048976511,0.013161631387792694,6.3993465423583995,6.413917589187622,6.095348930358886,0.013962831535908727,0.013574344956782107,0.2076235828168982,399314800.0,28.089405456998037,-0.04384498753869187,-0.047140792923883845,0
2018-06-25,5.9052815437316895,5.978000164031982,6.170000076293945,5.888500213623047,6.166250228881836,665816000,NVDA,-0.047140792923883845,-0.09796671145170988,-0.04075738528496642,6.271076107025147,6.401372075080872,6.099183254241943,0.019689756471626792,0.017195500626722825,0.533572876358946,418000000.0,20.055362877728882,-0.07170173235760528,0.012001996403018467,1
2018-06-26,5.976156711578369,6.049749851226807,6.141250133514404,5.99774980545044,6.09250020980835,478884000,NVDA,0.012001996403018467,-0.06987754325364293,-0.02654998748323556,6.181281661987304,6.393222355842591,6.104440031051635,0.024501882787172084,0.017472845781991136,-0.28075624496857987,424310000.0,24.891473948933196,-0.08182103853808127,-0.025910026155938737,0
2018-06-27,5.821314334869385,5.89300012588501,6.160749912261963,5.887499809265137,6.09375,453892000,NVDA,-0.025910026155938737,-0.1013685156672619,-0.06826370676874094,6.049949073791504,6.371897411346436,6.103613595962525,0.0212527152487169,0.017709880707350845,-0.052188003775444525,427454800.0,22.895791583166343,-0.09451067073861272,0.021805787446958824,1
2018-06-28,5.9482526779174805,6.021500110626221,6.0335001945495605,5.875249862670898,5.882999897003174,338012000,NVDA,0.021805787446958824,-0.06320228062635369,-0.044926189281993656,5.969687747955322,6.3579072713851925,6.105903434753418,0.028671618014499314,0.018584367896138033,-0.2553030236267658,419662000.0,30.40615438091288,-0.08994812582453589,-0.016441204740271886,0
2018-06-29,5.850456237792969,5.922500133514404,6.099999904632568,5.921249866485596,6.087250232696533,392300000,NVDA,-0.016441204740271886,-0.055987246248353606,-0.08042852241192477,5.900292301177979,6.332322335243225,6.109855546951294,0.02812156820767444,0.017969308489548266,0.16060968249647933,418178600.0,29.17837989188523,-0.08894846553613617,0.022541228119363987,1
2018-07-02,5.982332706451416,6.056000232696533,6.059750080108643,5.831500053405762,5.852250099182129,357572000,NVDA,0.022541228119363987,0.013047838980939863,-0.08536918585874409,5.915702533721924,6.304403591156006,6.116608085632325,0.022528328514827233,0.017486033007845445,-0.08852408870762174,403956000.0,33.14548657387925,-0.07537443612462487,-0.022291973424542144,0
2018-07-03,5.848974704742432,5.921000003814697,6.0970001220703125,5.912499904632568,6.091000080108643,222732000,NVDA,-0.022291973424542144,-0.02128157158086763,-0.10650017300092873,5.8902661323547365,6.269545340538025,6.123077602386474,0.02418567253351406,0.017888380046421622,-0.3770988779882094,395507000.0,30.506365052176236,-0.07138545948068714,0.024869174932817373,1
2018-07-05,5.994433879852295,6.068250179290772,6.073249816894531,5.9375,5.976749897003174,306216000,NVDA,0.024869174932817373,0.029738910325789014,-0.08455577149268678,5.924890041351318,6.241861295700073,6.1337791919708256,0.02336384855619522,0.019106942542990408,0.374818167124616,392250000.0,31.939038140534635,-0.05565715420651398,0.018951115319659317,1
2018-07-06,6.108035087585449,6.183249950408936,6.1917500495910645,6.021999835968018,6.043499946594238,296352000,NVDA,0.018951115319659317,0.026862075019299603,-0.0592239360810255,5.956846523284912,6.222635579109192,6.14899377822876,0.022914557898747884,0.019759338379563972,-0.032212555842934365,388595200.0,37.17269488155422,-0.035301616067003494,0.007762689471030759,1
2018-07-09,6.155449867248535,6.231249809265137,6.26800012588501,6.151750087738037,6.258250236511231,303880000,NVDA,0.007762689471030759,0.05213159744454776,-0.04967979391849908,6.017845249176025,6.206546187400818,6.160931358337402,0.01940104971935863,0.019901977066673727,0.025402224381816163,385766400.0,38.94467946561791,-0.017256292649170252,0.01604829035192279,1
2018-07-10,6.254234313964844,6.331250190734863,6.353499889373779,6.203000068664551,6.243750095367432,360016000,NVDA,0.01604829035192279,0.04545076659146785,-0.028278508379565026,6.072225570678711,6.197445821762085,6.174296741485596,0.018582446823160802,0.020291986569976894,0.18473081479531395,390498600.0,45.10748484160129,0.0017126899893314118,-0.022586397765185895,0
2018-07-11,6.112973690032959,6.1882500648498535,6.272500038146973,6.177499771118164,6.237500190734863,367508000,NVDA,-0.022586397765185895,0.04513594238601737,-0.05731585987209631,6.125025367736816,6.178862166404724,6.185542755126953,0.01870671580248187,0.020720400925771022,0.020810186213946036,392916000.0,40.05387116138739,0.004943199731786432,0.014947774288826654,1
2018-07-12,6.204349040985107,6.280749797821045,6.329249858856201,6.223999977111816,6.234000205993652,345508000,NVDA,0.014947774288826654,0.03501834624256217,-0.042568603357373336,6.167008399963379,6.165069508552551,6.197510576248169,0.01705726685844742,0.02109355699028021,-0.05986264244587869,393281000.0,45.961580591483205,0.012974808793970873,-0.0076029113713038665,0
2018-07-13,6.157177925109863,6.232999801635742,6.299499988555908,6.190499782562256,6.299499988555908,246988000,NVDA,-0.0076029113713038665,0.00804560498093676,-0.06590262729982599,6.176836967468262,6.143349385261535,6.208944683074951,0.016541655563479342,0.0206325338008503,-0.285145351193026,384129600.0,48.81105152269677,0.01472333962147706,-0.004492377873350661,0
2018-07-16,6.129517555236816,6.204999923706055,6.258500099182129,6.192500114440918,6.204999923706055,197036000,NVDA,-0.004492377873350661,-0.00421290280499198,-0.06431468535184404,6.171650505065918,6.12228364944458,6.216528253555298,0.01632787418223714,0.020623136156838556,-0.2022446434644598,372368400.0,57.84912610190743,0.013653670619629805,0.022119750780464242,1
2018-07-17,6.265100955963135,6.342249870300293,6.357500076293945,6.129499912261963,6.155250072479248,362136000,NVDA,0.022119750780464242,0.001737485590206811,-0.043004202840555616,6.173823833465576,6.10820701122284,6.223827295303344,0.01802575914084078,0.021380906310989344,0.8379179439290283,372661800.0,59.67584111922701,0.021260398974209997,-0.007844434707431791,0
2018-07-18,6.215954780578613,6.292500019073486,6.348750114440918,6.241000175476074,6.334750175476074,277640000,NVDA,-0.007844434707431791,0.016846316664762107,-0.032555635575182484,6.194420051574707,6.0977483034133915,6.225394792556763,0.014085168553424085,0.02107556321215098,-0.23332670598891025,356797200.0,64.22203686156686,0.022069101096959583,0.0013112350126214256,1
2018-07-19,6.224105358123779,6.300749778747559,6.334750175476074,6.258250236511231,6.273499965667725,235752000,NVDA,0.0013112350126214256,0.003184269132533446,-0.03918999819142788,6.198371315002442,6.085054707527161,6.226276321411133,0.012530820066497078,0.020965079339297404,-0.15087163232963552,350095800.0,60.87200017139461,0.022180783546449763,-0.00452321113438825,0
2018-07-20,6.195952415466309,6.272250175476074,6.337500095367432,6.261250019073486,6.298250198364258,222352000,NVDA,-0.00452321113438825,0.006297445165311499,-0.024191740592194755,6.2061262130737305,6.077374362945557,6.22393916130066,0.01208866470215652,0.020547252986258806,-0.056839390545997515,343237600.0,64.40774492001111,0.019482372649606245,-0.005899019644210246,0
2018-07-23,6.159402370452881,6.235249996185303,6.247250080108643,6.081999778747559,6.245500087738037,301584000,NVDA,-0.005899019644210246,0.004875557488293936,-0.006136588863857484,6.212103176116943,6.075472807884216,6.218723793029785,0.012272547602368202,0.01987193883682426,0.35633589983449676,336608800.0,58.02187024747685,0.014583817118616308,-0.0028068769996105747,0
2018-07-24,6.14211368560791,6.217750072479248,6.371250152587891,6.199999809265137,6.283750057220459,354620000,NVDA,-0.0028068769996105747,-0.019630532886810936,0.040105139801100975,6.187505722045898,6.087314414978027,6.2159268760681154,0.003474232434143175,0.016544765919859573,0.1758581357101172,321049000.0,64.84099374983403,0.009759019468928164,0.012705588549164037,1
2018-07-25,6.220152854919434,6.296750068664551,6.309500217437744,6.168749809265137,6.227250099182129,319112000,NVDA,0.012705588549164037,0.00067537079805291,0.04082827059543792,6.188345336914063,6.09951422214508,6.214281044006348,0.007519369132909191,0.016567665564202062,-0.1001297163160566,313060400.0,62.26495073208775,0.011294733865311156,0.01179207712367858,1
2018-07-26,6.293501377105713,6.370999813079834,6.408249855041504,6.259500026702881,6.276500225067139,325124000,NVDA,0.01179207712367858,0.0111495572438145,0.08111347628283028,6.202224540710449,6.123123574256897,6.218939580917358,0.009195452872023852,0.01530576343357387,0.01883978039058376,306622000.0,60.53874112019526,0.016411500177774527,-0.011066013993028978,0
2018-07-27,6.223857402801514,6.30049991607666,6.414999961853027,6.245999813079834,6.4079999923706055,295420000,NVDA,-0.011066013993028978,0.004503744616493277,0.046333728543038966,6.207805538177491,6.1369038105010985,6.221983098983765,0.010737226924199348,0.015058091970957943,-0.0913620649352247,304492400.0,53.791338809497255,0.014341718911490666,-0.031306716210651286,0
2018-07-30,6.029008865356445,6.103250026702881,6.320750236511231,6.067999839782715,6.3147501945495605,340340000,NVDA,-0.031306716210651286,-0.021169830651418864,0.030519436486005302,6.1817268371582035,6.145831441879272,6.220290489196778,0.018202899674617433,0.016347424783829185,0.15205470178051583,301894400.0,38.71864099764118,-0.00014690019385139484,0.002990173483369052,1
2018-07-31,6.047036647796631,6.121500015258789,6.197000026702881,6.053500175476074,6.092750072479248,283988000,NVDA,0.002990173483369052,-0.015479530773593764,0.01081583798832142,6.162711429595947,6.149066638946533,6.219832162857056,0.018491088056285545,0.015598655049805961,-0.16557560086971856,298215200.0,46.23211152165146,-0.00807428467660035,0.006574903472011062,1
2018-08-01,6.086795330047607,6.161749839782715,6.209000110626221,6.097249984741211,6.153250217437744,283556000,NVDA,0.006574903472011062,-0.021439589666410797,0.04066022462233376,6.136039924621582,6.160957670211792,6.221008157730102,0.017359866313107715,0.014671711552842259,-0.001521191036240932,301256400.0,42.86142840927254,-0.01006842962956054,0.0168377668981472,1
2018-08-02,6.18928337097168,6.265500068664551,6.269499778747559,6.030250072479248,6.089749813079834,269668000,NVDA,0.0168377668981472,-0.016559622361115856,0.03250506970713074,6.115196323394775,6.170700144767761,6.224994049072266,0.018622839329866154,0.014114979399123779,-0.048977979658339055,299429000.0,51.82689907420471,-0.004213009506540094,0.005905375925240541,1
2018-08-03,6.225833415985107,6.302499771118164,6.326499938964844,6.273250102996826,6.290249824523926,214288000,NVDA,0.005905375925240541,0.0003174901119527007,0.019285797594562393,6.115591526031494,6.176590061187744,6.227246313095093,0.01837433148495821,0.013566370761025109,-0.20536363231825805,295325800.0,55.42577749984823,0.0020570085813200615,0.007655715891808468,1
2018-08-06,6.273496627807617,6.350749969482422,6.354249954223633,6.24275016784668,6.289750099182129,207508000,NVDA,0.007655715891808468,0.04055189964241612,0.019177600842332776,6.164489078521728,6.182492399215699,6.230377750396729,0.005237869486282947,0.01356360298275069,-0.03163966251026651,290507200.0,50.52495496424867,0.00896273193729068,0.01149449138203873,1
2018-08-07,6.345607280731201,6.423749923706055,6.442500114440918,6.373000144958496,6.400000095367432,258132000,NVDA,0.01149449138203873,0.04937470207715067,0.014609776701575372,6.224203205108642,6.187061047554016,6.234166059494019,0.004541811635743551,0.01333465616962285,0.2439616785858858,285413000.0,57.88045289686006,0.017444644308499582,0.00572127285978663,1
2018-08-08,6.3819122314453125,6.4604997634887695,6.50600004196167,6.389750003814697,6.425000190734863,262100000,NVDA,0.00572127285978663,0.04848477489309588,0.04399471600063487,6.283226585388183,6.200507974624633,6.239021282196045,0.0047015868637846755,0.012172210578979445,0.015371980227170567,280142600.0,59.274298637208176,0.024145049416981403,-0.007584669272794664,0
2018-08-09,6.333507537841797,6.411499977111816,6.481249809265137,6.403749942779541,6.478499889373779,204280000,NVDA,-0.007584669272794664,0.023302240053596934,0.02081741307645424,6.312071418762207,6.206965899467468,6.240735168457031,0.007216152858275103,0.011973873725401306,-0.22060282334986647,273081200.0,57.89614578611642,0.023916590924198938,-0.0065117349910347455,0
2018-08-10,6.29226541519165,6.369750022888184,6.402500152587891,6.317500114440918,6.328750133514404,256396000,NVDA,-0.0065117349910347455,0.01067037852891728,0.02193983862816129,6.325357818603516,6.213720273971558,6.242019367218018,0.008662790105605373,0.011934557625899135,0.2551204229488937,273551600.0,57.585939899244,0.01975981892886603,0.005219979604173641,1
2018-08-13,6.325110912322998,6.402999877929688,6.525000095367432,6.3767499923706055,6.378499984741211,375208000,NVDA,0.005219979604173641,0.008227355106336987,0.031910073724982446,6.335680675506592,6.2234999418258665,6.241278486251831,0.008338547025316487,0.011890244280800488,0.4633925646265933,282460200.0,60.266025944538164,0.018041823178875933,0.02073259147065243,1
2018-08-14,6.456246852874756,6.535749912261963,6.550000190734863,6.42549991607666,6.509500026702881,466220000,NVDA,0.02073259147065243,0.017435616048840252,0.03050962757905573,6.357808589935303,6.233057236671447,6.23958927154541,0.01148866966611243,0.011767906688058428,0.2425641244323149,287664400.0,62.500044180918586,0.024174010818769534,-0.008988952587019594,0
2018-08-15,6.39821195602417,6.477000236511231,6.591000080108643,6.397500038146973,6.5567498207092285,591136000,NVDA,-0.008988952587019594,0.0025540502576242297,0.029320865720421363,6.361068534851074,6.242170095443726,6.236630716323853,0.012611260066489518,0.01181876999364662,0.26793359358242896,303339200.0,55.63530280058592,0.022777543549071452,-0.006330217201148014,0
2018-08-16,6.357709884643555,6.435999870300293,6.550000190734863,6.375249862670898,6.547500133514404,801260000,NVDA,-0.006330217201148014,0.0038213180701456295,0.021465659533766335,6.365909004211426,6.248850321769714,6.232822618484497,0.012419405385980709,0.011948429348179334,0.3554579656796406,331614600.0,57.43693380307885,0.017802455690597692,-0.04902114169534966,0
2018-08-17,6.046047687530518,6.120500087738037,6.324250221252441,6.093249797821045,6.323500156402588,1143188000,NVDA,-0.04902114169534966,-0.03913021962911489,-0.024193976629258707,6.316665458679199,6.241355085372925,6.223892583847046,0.025914812680014075,0.01637836341011409,0.426737887826673,377656400.0,50.837922015308784,-0.006500221039365865,0.012335678408288198,1
2018-08-20,6.120629787445068,6.196000099182129,6.329999923706055,5.9679999351501465,6.079500198364258,854388000,NVDA,0.012335678408288198,-0.032328464704001636,-0.006294861201763258,6.275769233703613,6.239416456222534,6.216760425567627,0.02697390611868686,0.016602817876169566,-0.25262686452272065,405296600.0,53.42840590321312,-0.016979045546101544,0.022110892029232776,1
2018-08-21,6.255962371826172,6.333000183105469,6.337500095367432,6.192500114440918,6.212500095367432,673988000,NVDA,0.022110892029232776,-0.0310218127671813,0.01853575040218325,6.235712337493896,6.245108890533447,6.21315484046936,0.02732342680245748,0.017315163181298342,-0.21114528762108087,421265000.0,57.236417782582535,-0.014328377322006532,0.03750206559538238,1
2018-08-22,6.490573883056641,6.570499897003174,6.575500011444092,6.296500205993652,6.300000190734863,749856000,NVDA,0.03750206559538238,0.014435584139332658,0.04347498115312942,6.254184722900391,6.258629941940308,6.213273382186889,0.033299832932396856,0.018998583748315232,0.112565802358499,442802200.0,61.57934552577044,0.0027810566250024323,0.01529564228473701,1
2018-08-23,6.589851379394531,6.671000003814697,6.736999988555908,6.517499923706055,6.531499862670898,720684000,NVDA,0.01529564228473701,0.0365133828002584,0.04708825573104192,6.300613021850586,6.273447442054748,6.215466365814209,0.03313718758211975,0.019106527797701466,-0.03890346946613754,462580200.0,63.3466053266767,0.01941302075868471,0.02016198357154031,1
2018-08-24,6.722715854644775,6.805500030517578,6.820250034332275,6.675000190734863,6.679500102996826,531512000,NVDA,0.02016198357154031,0.11191909195652405,0.08015261590323597,6.435946655273438,6.298390364646911,6.218089075088501,0.009755852959655599,0.01921708405391753,-0.2624895238412397,474384800.0,65.50195864064449,0.03697303734831652,0.013518333826646245,1
2018-08-27,6.813595771789551,6.897500038146973,6.972499847412109,6.803750038146973,6.8354997634887695,505776000,NVDA,0.013518333826646245,0.11321808513331866,0.13013530481626168,6.574539852142334,6.337619709968567,6.223344345092773,0.009489381983754009,0.017406345245098574,-0.04842035551408064,482656600.0,65.94313291090918,0.0514305887060924,-0.005509146592805436,0
2018-08-28,6.776058673858643,6.859499931335449,6.914500236511231,6.738249778747559,6.891499996185303,475384000,NVDA,-0.005509146592805436,0.08313609819245915,0.12055855926185699,6.678559112548828,6.374070811271667,6.2279328441619874,0.015401066203953607,0.017593662831544375,-0.060089842143557615,492226400.0,63.416265951379195,0.05487319161756668,0.015534299642691929,1
2018-08-29,6.881319999694824,6.962250232696533,6.987500190734863,6.827000141143799,6.8480000495910645,420108000,NVDA,0.015534299642691929,0.06020209055137782,0.1305325095662453,6.756708335876465,6.413797044754029,6.237056665420532,0.009983066972608309,0.01772649049948434,-0.11627652592430537,499054000.0,67.95200905065052,0.06021936600292063,-0.002441727887142142,0
2018-08-30,6.864517688751221,6.945250034332275,7.043000221252441,6.9079999923706055,6.930749893188477,346608000,NVDA,-0.002441727887142142,0.04168019785932198,0.1090973344258972,6.811641597747803,6.447558760643005,6.244787473678588,0.011471037851972466,0.01764754917549958,-0.17495501156845383,502901000.0,69.0581848718571,0.05855133856175898,0.01033076207543826,1
2018-08-31,6.935433387756348,7.017000198364258,7.03000020980835,6.914999961853027,6.925000190734863,306592000,NVDA,0.01033076207543826,0.03164160700985219,0.11397670389787651,6.854185104370117,6.483038759231567,6.256504955291748,0.009611146069207443,0.017682718855163305,-0.11545030697502656,507516200.0,69.82339302833796,0.05803889418352054,0.010759826735011524,1
2018-09-04,7.01005744934082,7.09250020980835,7.130499839782715,6.974999904632568,7.003749847412109,391720000,NVDA,0.010759826735011524,0.028833773550917652,0.11740833943679152,6.893477439880371,6.519866800308227,6.272757434844971,0.00916086646563226,0.017715661620556728,0.2776589082559231,516726800.0,68.67338233691048,0.05838198671933814,-0.018611597618581777,0
2018-09-05,6.879589080810547,6.9604997634887695,7.110499858856201,6.878749847412109,7.074749946594238,393156000,NVDA,-0.018611597618581777,0.015278853377010293,0.08414983412238763,6.914183521270752,6.546565890312195,6.292243585586548,0.013853446035927934,0.018462197046963273,0.003665883794547131,523478000.0,65.47516743338305,0.04602174362691408,-0.020472507309629462,0
2018-09-06,6.738746643066406,6.817999839782715,6.946499824523926,6.784749984741211,6.943999767303467,322796000,NVDA,-0.020472507309629462,-0.02071889646677394,0.055913400040646044,6.885668849945068,6.56440761089325,6.307495384216309,0.01508688033899365,0.019261225604733583,-0.17896204051318054,526512800.0,61.50708461039107,0.02558029850997534,-0.0031533714270187696,0
2018-09-07,6.717496871948242,6.796500205993652,6.923250198364258,6.679749965667725,6.724999904632568,295420000,NVDA,-0.0031533714270187696,-0.02141750134082976,0.06062822722040906,6.856264686584472,6.583607077598572,6.325419034957886,0.015070826276916744,0.019159470883965243,-0.08480898152393457,531069800.0,74.59071961329103,0.008719108773014572,0.010556863718279574,1
2018-09-10,6.788412570953369,6.868249893188477,6.898250102996826,6.775000095367432,6.819250106811523,220140000,NVDA,0.010556863718279574,-0.021198504633110016,0.07885032226451427,6.826860523223877,6.608414435386658,6.342222232818603,0.015125675680762115,0.019087727794794316,-0.254823640918015,529257000.0,74.52229879325331,0.0008477575502942591,-0.007024912946332451,0
2018-09-11,6.740724563598633,6.820000171661377,6.909999847412109,6.80049991607666,6.821499824523926,243112000,NVDA,-0.007024912946332451,-0.038420924177663296,0.06570851595122362,6.77299394607544,6.62919511795044,6.360027599334717,0.012615784796731777,0.019241503914391368,0.10435177614245483,522652200.0,69.02612700354314,-0.008547251486870938,-0.016862233774494695,0
2018-09-12,6.627060890197754,6.704999923706055,6.799499988555908,6.547999858856201,6.779749870300293,419092000,NVDA,-0.016862233774494695,-0.036706871245722805,0.026457172598185252,6.722488307952881,6.637735819816589,6.372922163009644,0.012258134341493596,0.019291746489710757,0.7238638981210306,520295800.0,55.91882699557816,-0.02259568978653695,0.011707694528273693,1
2018-09-13,6.704648494720459,6.7835001945495605,6.875,6.754000186920166,6.771500110626221,305536000,NVDA,0.011707694528273693,-0.0050600134048712775,0.047894089911755255,6.715668678283691,6.653057646751404,6.390035638809204,0.012120061935319526,0.01925542984498492,-0.2709572122588835,506015800.0,55.073679383302654,-0.026567655139533602,0.01875856956145827,1
2018-09-14,6.830418109893799,6.910749912261963,6.977499961853027,6.837500095367432,6.874750137329102,386936000,NVDA,0.01875856956145827,0.016810017198088723,0.0743519653817526,6.738252925872803,6.676693058013916,6.406755323410034,0.014793219518844927,0.019464657008193307,0.2664170506912442,485299600.0,54.79014942972391,-0.020880249058204375,-0.009043783607369904,0
2018-09-17,6.768645286560059,6.848249912261963,6.934500217437744,6.828750133514404,6.885000228881836,205528000,NVDA,-0.009043783607369904,-0.0029119155894991033,0.11951569626548597,6.7342994689941404,6.712822937965393,6.4199675273895265,0.015026755129869236,0.015382251919959967,-0.468832054913474,438416600.0,47.94765103710374,-0.021357609300683644,-0.010623198029599101,0
2018-09-18,6.696740627288818,6.7754998207092285,6.955999851226807,6.768750190734863,6.852250099182129,299520000,NVDA,-0.010623198029599101,-0.006525105112191842,0.09412607196493017,6.725502681732178,6.741628479957581,6.430793342590332,0.015496608125588344,0.015719675164584772,0.45731968393600875,410673200.0,46.48869277254416,-0.026271813418762863,0.003542203503069663,1
2018-09-19,6.720461845397949,6.799499988555908,6.817500114440918,6.706250190734863,6.756750106811523,224860000,NVDA,0.003542203503069663,0.01409387309815524,0.07424908366835115,6.744182872772217,6.764853453636169,6.440117893218994,0.01279656167926878,0.015171339807158032,-0.24926549145299148,388216800.0,42.32492742280426,-0.027546835749960447,-0.02095725576369234,0
2018-09-20,6.579619407653809,6.6570000648498535,6.718999862670898,6.602499961853027,6.676249980926514,430584000,NVDA,-0.02095725576369234,-0.018648119609119496,0.013719206683652008,6.7191770553588865,6.769305729866028,6.449450807571411,0.015257213015910912,0.013893037866667837,0.9148981588543983,372253200.0,37.845284647880966,-0.03691333391735409,-0.010627996076664203,0
2018-09-21,6.50969123840332,6.586249828338623,6.715000152587891,6.552750110626221,6.669000148773193,435128000,NVDA,-0.010627996076664203,-0.0469556718681553,-0.012164180400465407,6.655031681060791,6.7652977228164675,6.455557651519776,0.008719246551332263,0.013674417239401871,0.010553109265555527,357975400.0,31.821095238870882,-0.04625068916820016,0.008540331495921594,1
2018-09-24,6.565286159515381,6.642499923706055,6.645999908447266,6.4670000076293945,6.554999828338623,293912000,NVDA,0.008540331495921594,-0.03004428780578461,-0.023417573869439212,6.6143598556518555,6.757426238059997,6.4637198162078855,0.011926687768208492,0.012978382032999275,-0.3245389862293394,346095400.0,30.694842688569025,-0.046964293553770436,0.010199585238752862,1
2018-09-25,6.632249355316162,6.710249900817871,6.735499858856201,6.62274980545044,6.709249973297119,280388000,NVDA,0.010199585238752862,-0.009630247841742268,-0.026615376454268147,6.601461601257324,6.748358917236328,6.473774452209472,0.013457035566825782,0.012801598738148633,-0.04601377282996266,334826000.0,38.63792383620144,-0.04140275178855489,-0.005551075988751042,0
2018-09-26,6.595433235168457,6.672999858856201,6.75600004196167,6.6570000648498535,6.715250015258789,268548000,NVDA,-0.005551075988751042,-0.018604169342187338,-0.026656415976299086,6.576455879211426,6.7393276453018185,6.480381097793579,0.013155403141437882,0.012802332938646752,-0.04222719945218767,324484200.0,42.720906148491096,-0.038728203445340795,0.0017981978402250576,1
2018-09-27,6.607293128967285,6.684999942779541,6.730000019073486,6.653250217437744,6.708499908447266,214428000,NVDA,0.0017981978402250576,0.004205975999354239,-0.039821846788071436,6.5819906234741214,6.725626301765442,6.488207864761352,0.008946658754724678,0.012207926418095615,-0.20152821841905355,314200200.0,44.34868851545055,-0.03480871198872705,0.05093480329589761,1
2018-09-28,6.94383430480957,7.0254998207092285,7.047999858856201,6.789999961853027,6.818250179290772,709396000,NVDA,0.05093480329589761,0.0666918061866073,0.011554579601174897,6.668819236755371,6.729592132568359,6.502602443695069,0.022001324395225393,0.01699331328195975,2.308317943552148,332339600.0,56.26370424918683,-0.009514643524962112,0.02967764105006654,1
2018-10-01,7.149910926818848,7.234000205993652,7.301499843597412,7.065000057220459,7.104000091552734,622060000,NVDA,0.02967764105006654,0.08904787287240201,0.03092489352448169,6.7857441902160645,6.740316009521484,6.521681613922119,0.02289834543410556,0.018085367095650902,-0.12311318360971868,348113000.0,64.62380419385931,0.01954638160775231,-0.009952682492522236,0
2018-10-02,7.078750133514404,7.162000179290772,7.318999767303467,7.139500141143799,7.206250190734863,383964000,NVDA,-0.009952682492522236,0.06732267655774193,0.009799161372071596,6.875044345855713,6.743750643730164,6.54006856918335,0.026042821451266396,0.01813087952065161,-0.3827540751695978,347725200.0,66.64858733389832,0.03170784091828174,0.0008726044048537052,1
2018-10-03,7.084927082061768,7.16825008392334,7.240499973297119,7.0632500648498535,7.232999801635742,320552000,NVDA,0.0008726044048537052,0.07421708770899382,0.029847422402593304,6.972943115234375,6.754017543792725,6.558924837112427,0.025013461783626758,0.017556265500662253,-0.1651508995635007,344095000.0,64.79535158119705,0.03750270140417139,-0.025947813623603322,0
2018-10-04,6.901088714599609,6.982250213623047,7.15625,6.9045000076293945,7.131750106811523,391220000,NVDA,-0.025947813623603322,0.044465347593598326,0.024090840646196376,7.03170223236084,6.762134647369384,6.57254355430603,0.03095412991991914,0.01795695018557183,0.22045721131048945,347516200.0,52.630685838171125,0.026791515126250193,-0.03376428005631593,0
2018-10-05,6.668078422546387,6.746500015258789,7.019999980926514,6.688499927520752,6.957250118255615,426636000,NVDA,-0.03376428005631593,-0.03971233617602088,-0.007356676206016988,6.976551055908203,6.759663724899292,6.580035095214844,0.024939456902953547,0.019590536189526324,0.09052706916824294,354077000.0,46.679722921914355,0.003097055960962672,-0.0151558491169963,0
2018-10-08,6.567018032073975,6.64424991607666,6.77899980545044,6.501999855041504,6.662499904632568,408612000,NVDA,-0.0151558491169963,-0.08152449739737033,-0.032613595088004765,6.8599724769592285,6.748593997955322,6.586898307800293,0.0135404827017018,0.01969170672610877,-0.0422467864877788,363500600.0,45.79802443141238,-0.019079288776797473,-0.0008655220524780294,0
2018-10-09,6.561334133148193,6.638500213623047,6.718999862670898,6.570000171661377,6.623499870300293,273500000,NVDA,-0.0008655220524780294,-0.07309425966548821,-0.0266129299243566,6.756489276885986,6.7396244764328,6.597544813156128,0.015196186064232103,0.01964844085095658,-0.3306608714379411,365020000.0,44.78458996091978,-0.033011397734224915,-0.07475337233736778,0
2018-10-10,6.070852279663086,6.142250061035156,6.577750205993652,6.139999866485596,6.531499862670898,684940000,NVDA,-0.07475337233736778,-0.14313129699897742,-0.0839299079562359,6.55367431640625,6.711814045906067,6.598021125793457,0.027850375100531555,0.02548097680603613,1.5043510054844607,378312400.0,36.43427036406782,-0.07190926847926395,-0.042980795664297244,0
2018-10-11,5.809922218322754,5.8782501220703125,6.189000129699707,5.856500148773193,6.0542497634887695,725436000,NVDA,-0.042980795664297244,-0.15811512377292536,-0.13344864791976085,6.335441017150879,6.667077732086182,6.59248366355896,0.028254703164018357,0.026609187922319807,0.05912342686950689,399307400.0,33.066235815083985,-0.10960274951700805,0.048526093847076845,1
2018-10-12,6.091855049133301,6.16349983215332,6.238500118255615,5.991250038146973,6.137750148773193,608236000,NVDA,0.048526093847076845,-0.08641520643559553,-0.1081285287193029,6.220196342468261,6.630149579048156,6.590535097122192,0.04628129880586628,0.028851763660698325,-0.16155801476629228,410372400.0,39.67449486655924,-0.10967133947072712,-0.04526655847037775,0
2018-10-15,5.816097736358643,5.884500026702881,6.150000095367432,5.883500099182129,6.150000095367432,449760000,NVDA,-0.04526655847037775,-0.11434722609984649,-0.14072942366957997,6.0700122833251955,6.582522201538086,6.582340383529663,0.04790442945013702,0.03020394513660445,-0.26055018117967366,422584000.0,33.68562442643082,-0.12149429994039625,0.04439635160115318,1
2018-10-16,6.074311256408691,6.145750045776367,6.1570000648498535,5.948500156402588,5.9982500076293945,408712000,NVDA,0.04439635160115318,-0.07422619651071227,-0.09294512144367129,5.972607707977295,6.55140073299408,6.578356676101684,0.05663060460739263,0.032300679766886074,-0.09126645321949489,428043600.0,40.43013566105297,-0.10571121182214749,-0.011267978014176228,0
2018-10-17,6.005866050720215,6.076499938964844,6.247000217437744,6.026999950408936,6.208499908447266,329668000,NVDA,-0.011267978014176228,-0.010704630247810543,-0.10633135208811229,5.959610462188721,6.515670943260193,6.571561851501465,0.04566317451939588,0.03227957811858158,-0.1933977960030535,433284000.0,39.180277917604705,-0.09405822233386923,-0.014522976743388427,0
2018-10-18,5.918642997741699,5.988249778747559,6.18524980545044,5.927249908447266,6.146500110626221,524020000,NVDA,-0.014522976743388427,0.018712949215752506,-0.10045815251004064,5.98135461807251,6.482622122764587,6.562296466827393,0.0406729279285314,0.032145078778752896,0.5895385660725336,437955800.0,29.739231358428995,-0.08658874824903022,-0.04325163422651768,0
2018-10-19,5.662652015686035,5.729249954223633,6.06374979019165,5.692500114440918,6.044000148773193,613608000,NVDA,-0.04325163422651768,-0.07045522751043287,-0.13011972330119992,5.895514011383057,6.440270161628723,6.548879356384277,0.03623232531773778,0.03326536457294291,0.1709629403457884,446879800.0,21.176097236941672,-0.09270600443383936,0.008945351255136513,1
2018-10-22,5.713306427001953,5.7804999351501465,5.882999897003174,5.676750183105469,5.7820000648498535,368844000,NVDA,0.008945351255136513,-0.01767358700217536,-0.12977038803992014,5.874955749511718,6.397671175003052,6.537300176620484,0.03244356571345397,0.033275071107091436,-0.3988931043923808,450626400.0,23.32491654787964,-0.08723779489344041,-0.043940611961335474,0
2018-10-23,5.462260246276856,5.526500225067139,5.604750156402588,5.417749881744385,5.510749816894531,626436000,NVDA,-0.043940611961335474,-0.10076056104074216,-0.1764090953699572,5.752545547485352,6.339171719551087,6.520043163299561,0.022663902467692634,0.034047141871247764,0.6983765494355336,467928800.0,21.06791099506087,-0.09384968683965444,-0.09793744145666738,0
2018-10-24,4.927300453186035,4.985249996185303,5.534749984741211,4.971250057220459,5.487750053405762,884288000,NVDA,-0.09793744145666738,-0.17958535678710974,-0.2529223968317247,5.536832427978515,6.255765080451965,6.489464235305786,0.04003218701239598,0.03938810663522087,0.41161746770619834,498715800.0,18.723542962632067,-0.12559134711283546,0.04227469293927255,1
2018-10-25,5.135600566864014,5.196000099182129,5.243750095367432,4.8420000076293945,4.886750221252441,951720000,NVDA,0.04227469293927255,-0.13230100737220696,-0.22273759213908162,5.380223941802979,6.182180452346802,6.464212007522583,0.054023222164823775,0.04122463390078197,0.07625569950061517,535580400.0,25.524837289892588,-0.12370055010281011,-0.04594872766218805,0
2018-10-26,4.8996262550354,4.957250118255615,5.120999813079834,4.828000068664551,4.957749843597412,664784000,NVDA,-0.04594872766218805,-0.1347470687827872,-0.29439182446480205,5.227618789672851,6.079970049858093,6.43505033493042,0.05424180641364192,0.03911566396481533,-0.30149203547261805,533349800.0,24.47031049087633,-0.1288993164943365,-0.06389638180480284,0
2018-10-29,4.586557865142822,4.640500068664551,5.103250026702881,4.40024995803833,5.09975004196167,758016000,NVDA,-0.06389638180480284,-0.1972147960651902,-0.3585153840254227,5.002269077301025,5.951802396774292,6.405860538482666,0.05179278509291353,0.03889176991093466,0.1402440491949264,540147600.0,22.365121516151305,-0.14289533229376755,0.09363241990167293,1
2018-10-30,5.016008377075195,5.074999809265137,5.085000038146973,4.640500068664551,4.663750171661377,807192000,NVDA,0.09363241990167293,-0.08169729179524754,-0.29139914780621234,4.913018703460693,5.848665308952332,6.383768110275269,0.07954046080523075,0.04660406949854708,0.06487462006079037,561309000.0,34.982062667021125,-0.1139600902935276,0.0385710803689816,1
2018-10-31,5.209481239318848,5.270750045776367,5.3147501945495605,5.100249767303467,5.241250038146973,745772000,NVDA,0.0385710803689816,0.057268840983778935,-0.2647092653206462,4.9694548606872555,5.754893016815186,6.3628384876251225,0.06595539030147228,0.04806372928877241,-0.07609094242757608,582570000.0,41.284035229991396,-0.07443300503878358,0.034530383958955246,1
2018-11-01,5.389366626739502,5.452750205993652,5.462250232696533,5.179749965667725,5.307499885559082,566528000,NVDA,0.034530383958955246,0.049413122491036576,-0.21905559403431252,5.020208072662354,5.67930691242218,6.3408143424987795,0.065180273773104,0.04917260749450678,-0.24034691567932287,591335400.0,39.491389605326056,-0.031036705780338236,-0.01462531457034355,0
2018-11-02,5.310545444488525,5.373000144958496,5.550000190734863,5.255249977111816,5.443250179290772,452960000,NVDA,-0.01462531457034355,0.0838674560188788,-0.20358683447208925,5.102391910552979,5.611430263519287,6.315228223800659,0.05955559405009512,0.048894460889172986,-0.20046317216448262,592651600.0,41.96389536191653,-0.003929473819789364,-0.014657330717074202,0
2018-11-05,5.2327070236206055,5.294250011444092,5.383250236511231,5.131999969482422,5.359749794006348,379332000,NVDA,-0.014657330717074202,0.1408788850977818,-0.2031836979792747,5.231621742248535,5.544714713096619,6.285428047180176,0.04499242788100283,0.048891916050113324,-0.16254856941010243,591187600.0,35.80831187794794,0.011618754039407708,-0.00335226269302602,0
2018-11-06,5.215165615081787,5.276500225067139,5.371250152587891,5.238999843597412,5.286250114440918,299012000,NVDA,-0.00335226269302602,0.039704327232946035,-0.20516688995695165,5.271453189849853,5.477406287193299,6.253459444046021,0.02642225414235399,0.04887021406722685,-0.21174063880716631,592463200.0,36.433787875044366,0.022928491237730664,0.012934540063335387,1
2018-11-07,5.282621383666992,5.344749927520752,5.43524980545044,5.2795000076293945,5.34375,483812000,NVDA,0.012934540063335387,0.014039813368769805,-0.12983858932568826,5.286081218719483,5.437994742393494,6.223590698242187,0.020950171258469704,0.04666489817789738,0.6180353965727128,582406800.0,39.01312032937724,0.03636081209630143,-0.03648413227109171,0
2018-11-08,5.089889526367188,5.149750232696533,5.285749912261963,5.095749855041504,5.284999847412109,511352000,NVDA,-0.03648413227109171,-0.055568143923712454,-0.12393155448532478,5.2261857986450195,5.4019931077957155,6.187762088775635,0.018076431182199648,0.04641507768547109,0.05692293700859019,571702600.0,39.884812658885345,0.03373194273252267,-0.001554016985889195,0
2018-11-09,5.081979751586914,5.141749858856201,5.232999801635742,5.026000022888184,5.059999942779541,413240000,NVDA,-0.001554016985889195,-0.043039965534769076,-0.16577467608820784,5.180472660064697,5.351499342918396,6.152111330032349,0.018406076199039362,0.04466098465888006,-0.19186783272579355,561952800.0,38.679636979002076,0.0328920717779404,-0.07842604453275215,0
2018-11-12,4.683420181274414,4.738500118255615,5.071750164031982,4.71649980545044,5.049499988555908,617116000,NVDA,-0.07842604453275215,-0.10497183195365101,-0.19474871407394512,5.070615291595459,5.294865465164184,6.10707106590271,0.03666722827585793,0.046684163207528835,0.4933597909205305,570320600.0,36.7362364617274,0.00821221278416645,0.05154581970554606,1
2018-11-13,4.924830913543701,4.982749938964844,5.105249881744385,4.830999851226807,4.837250232696533,644712000,NVDA,0.05154581970554606,-0.055671233277513665,-0.18923632562493942,5.012548351287842,5.237391448020935,6.065366535186768,0.04941649874608012,0.047145522149724735,0.0447176867882213,582120600.0,49.953271255713865,0.010706362464089292,-0.010636980460817735,0
2018-11-14,4.872445583343506,4.929749965667725,5.171999931335449,4.820750236511231,5.15749979019165,526580000,NVDA,-0.010636980460817735,-0.07764626130346641,-0.18871890545091174,4.930513191223144,5.180720424652099,6.0252236652374265,0.047729827937507685,0.047144397365605384,-0.18323220290610376,591966200.0,44.708337008924985,0.011328126573684871,0.026370637111468698,1
2018-11-15,5.000935077667236,5.059750080108643,5.132500171661377,4.887499809265137,4.923749923706055,840708000,NVDA,0.026370637111468698,-0.01747669536620411,-0.15505377168797319,4.9127223014831545,5.134835028648377,5.990467433929443,0.04895489209787206,0.04779014436030288,0.5965437350450074,607800600.0,52.129212726450575,0.022260911432536,-0.187558288402218,0
2018-11-16,4.062968254089356,4.110750198364258,4.266499996185303,4.040249824523926,4.083000183105469,1963520000,NVDA,-0.187558288402218,-0.20051467091724606,-0.28249727462775687,4.708920001983643,5.054850840568543,5.9373768615722655,0.09604368717923355,0.06221978328963483,1.3355552700818834,675296200.0,41.28489168092006,-0.0290261582006599,-0.11999073546163452,0
2018-11-19,3.5754497051239014,3.617500066757202,4.045499801635742,3.6157500743865967,4.044750213623047,1697820000,NVDA,-0.11999073546163452,-0.2365729388493647,-0.37418905308040484,4.48732590675354,4.94795800447464,5.873117604255676,0.10185225137078717,0.0662131212081316,-0.135318204041721,741745000.0,26.47673559837125,-0.08781016125015612,0.030269483132856934,1
2018-11-20,3.6836767196655273,3.7269999980926514,3.8564999103546143,3.332750082015991,3.3515000343322754,1692032000,NVDA,0.030269483132856934,-0.2520196562413737,-0.3256131063736176,4.239095067977905,4.859028828144074,5.811976647377014,0.09697865192045954,0.06693279612777821,-0.003409077522941173,795024800.0,24.371227481022174,-0.1099923151370209,-0.02931317255279131,0
2018-11-21,3.5756964683532715,3.6177499294281006,3.882499933242798,3.590250015258789,3.865499973297119,1025496000,NVDA,-0.02931317255279131,-0.26613927088753575,-0.2743092282831677,3.9797452449798585,4.791448628902435,5.750949358940124,0.09531778420897306,0.06428520162326129,-0.3939263560027233,802085200.0,18.781885666550068,-0.12161746177522542,0.002004059594235219,1
2018-11-23,3.582862377166748,3.625,3.7397499084472656,3.5697500705718994,3.582750082015991,411968000,NVDA,0.002004059594235219,-0.28356150969309724,-0.30234792785791453,3.696130704879761,4.713811719417572,5.68851363658905,0.09055462233205998,0.06305478023219357,-0.5982743959995944,775097600.0,19.50983495890256,-0.11839072166389975,0.05551752926312847,1
2018-11-26,3.781774044036865,3.826250076293945,3.836750030517578,3.6640000343322754,3.7472500801086426,814832000,NVDA,0.05551752926312847,-0.06920905910831843,-0.22815050634723544,3.6398918628692627,4.657919108867645,5.627540755271911,0.06801236432086334,0.06456763505767019,0.9779011962094144,782600000.0,25.443328405041044,-0.09351765498662468,0.004442844525029077,1
2018-11-27,3.798575878143311,3.843250036239624,3.9252500534057617,3.763750076293945,3.799999952316284,738060000,NVDA,0.004442844525029077,0.06240506549418168,-0.17180247369995283,3.6845170974731447,4.6185200095176695,5.568139367103576,0.03197518908425448,0.06340521056613493,-0.09421819467080328,781602200.0,26.0185754885115,-0.06778965586567509,0.041241228085040715,1
2018-11-28,3.955233812332153,4.0017499923706055,4.006999969482422,3.828249931335449,3.961999893188477,804524000,NVDA,0.041241228085040715,0.07371903490252052,-0.21147782958081374,3.73882851600647,4.565481281280517,5.513309230804444,0.033815795766494586,0.06000516013144373,0.09005229927106195,781468800.0,28.187460679408105,-0.033794709963183345,-0.015946457065220798,0
2018-11-29,3.8921618461608887,3.934000015258789,4.037499904632568,3.9035000801086426,4.0,549172000,NVDA,-0.015946457065220798,0.08850454187275014,-0.25286959154693145,3.8021215915679933,4.49961531162262,5.456743230819702,0.02974157785881148,0.058912910434802436,-0.31739513053681434,771638800.0,29.442081948587372,-0.010345897145485283,0.03857381143295746,1
2018-11-30,4.04229736328125,4.085750102996826,4.096499919891357,3.892999887466431,3.943749904632568,729564000,NVDA,0.03857381143295746,0.1282312681174802,-0.24994945728403928,3.8940085887908937,4.432261848449707,5.405996789932251,0.029488472991885513,0.05909013647178643,0.3284799662036666,779790600.0,32.98549550269439,0.018893562136454156,0.040445485550136606,1
2018-12-03,4.205790042877197,4.250999927520752,4.367000102996826,4.183499813079834,4.315000057220459,890804000,NVDA,0.040445485550136606,0.11212092364664805,-0.20803049576722532,3.97881178855896,4.377024078369141,5.359918766021728,0.026139196045873198,0.06025662311450555,0.22100871205267802,801682800.0,41.53202824080328,0.05103906632178201,-0.07604084315276516,0
2018-12-04,3.885978221893311,3.9277501106262207,4.210999965667725,3.912499904632568,4.205999851226807,812112000,NVDA,-0.07604084315276516,0.02300923992407422,-0.2573675146818115,3.99629225730896,4.309687638282776,5.306332607269287,0.05172339749920954,0.06205725887786463,-0.08833817540109834,823321800.0,32.08019951174896,0.0523612102099299,0.007510656805759686,1
2018-12-06,3.915164470672608,3.9572501182556152,3.962249994277954,3.770250082015991,3.78600001335144,692308000,NVDA,0.007510656805759686,-0.01013071377338337,-0.2492732235865518,3.988278388977051,4.244687581062317,5.251990909576416,0.047986271447707826,0.06219167355217881,-0.14752152412475128,842986600.0,33.35405131647637,0.056447459743677875,-0.06747120676142526,0
2018-12-07,3.65100359916687,3.690249919891357,3.971750020980835,3.640500068664551,3.9614999294281006,681676000,NVDA,-0.06747120676142526,-0.06195997405192433,-0.3088651762068013,3.9400467395782472,4.163106691837311,5.193102316856384,0.056712802586727624,0.06307029782825781,-0.01535732650785493,852879800.0,27.583999680745492,0.04320260611056398,0.02879219852862347,1
2018-12-10,3.7561240196228014,3.796499967575073,3.821500062942505,3.641249895095825,3.6449999809265137,629472000,NVDA,0.02879219852862347,-0.07079472832898004,-0.2620421327093786,3.8828120708465574,4.096418416500091,5.136078934669495,0.05469079667480302,0.06365572797952601,-0.07658183653231154,858785800.0,42.95661046394277,0.04325747175150246,-0.024166949446138952,0
2018-12-11,3.665349960327149,3.704750061035156,3.897249937057495,3.625,3.888999938964844,671912000,NVDA,-0.024166949446138952,-0.12849906368134612,-0.27875549697288826,3.7747240543365477,4.025586926937104,5.070509247779846,0.0456948504557652,0.06364233896663248,0.06742158507447504,871719400.0,52.523164365787885,0.0390453470467485,0.004791072899553939,1
2018-12-12,3.682910919189453,3.722500085830689,3.819499969482422,3.620500087738037,3.7105000019073486,654136000,NVDA,0.004791072899553939,-0.05225641810337278,-0.21362790938239296,3.7341105937957764,3.975561463832855,5.001169247627258,0.037194812919208314,0.06191519740029398,-0.02645584540832724,873570400.0,49.977354331667954,0.03920425752038709,-6.700222589806071e-05,0
2018-12-13,3.682664155960083,3.722249984741211,3.8345000743865967,3.686000108718872,3.7697501182556152,471384000,NVDA,-6.700222589806071e-05,-0.05938455879800686,-0.252225259991679,3.6876105308532714,3.9134531259536742,4.933247528076172,0.03644421765693075,0.060269520249270514,-0.27937921166240665,864904000.0,53.37842773121736,0.040868716158303564,-0.016388029868550924,0
2018-12-14,3.622312545776367,3.661250114440918,3.764750003814697,3.637500047683716,3.6802499294281006,471820000,NVDA,-0.016388029868550924,-0.007858401836977058,-0.25657198550163973,3.681872320175171,3.850946474075317,4.863995237350464,0.0205830624873596,0.060273573534457794,0.0009249359333367568,862166000.0,51.205480226499084,0.039460670558326916,-0.01959740882033134,0
2018-12-17,3.5513246059417725,3.5894999504089355,3.703749895095825,3.5309998989105225,3.63100004196167,662868000,NVDA,-0.01959740882033134,-0.054524135148656616,-0.2898678845480348,3.6409124374389648,3.778465950489044,4.7969999551773075,0.012700064906167452,0.05957165556250122,0.40491712941375946,853274000.0,42.36093032460326,0.035431926343184594,0.02340182345680719,1
2018-12-18,3.634432077407837,3.673500061035156,3.7582499980926514,3.606250047683716,3.6337499618530273,564372000,NVDA,0.02340182345680719,-0.008435178974438906,-0.10547367094246918,3.6347288608551027,3.7570391416549684,4.736327028274536,0.017398819480364345,0.04410648543591501,-0.14859066963558354,783316600.0,44.7879812779794,0.039725025063319375,-0.057370309053849766,0
2018-12-19,3.425923585891724,3.46274995803833,3.69350004196167,3.410749912261963,3.63949990272522,745364000,NVDA,-0.057370309053849766,-0.06977831908958787,-0.04182022726201251,3.5833313941955565,3.7495628356933595,4.673505139350891,0.029627023630736837,0.03715955948710737,0.32069627834123593,735693800.0,33.72871954789325,0.030308251528351482,-0.024619250746292676,0
2018-12-20,3.3415799140930176,3.377500057220459,3.5450000762939453,3.3172500133514404,3.4542500972747803,749588000,NVDA,-0.024619250746292676,-0.09261888334700552,-0.09286830295020343,3.5151145458221436,3.732457995414734,4.609110054969787,0.028761580613969412,0.03671643607838615,0.005667029800205059,688571600.0,33.293307246684606,0.020646868584176137,-0.04093266917824856,0
2018-12-21,3.204800128936768,3.2392499446868896,3.4375,3.2114999294281006,3.404249906539917,863740000,NVDA,-0.04093266917824856,-0.11526129000834573,-0.10372702009220425,3.4316120624542235,3.713913178443909,4.551789011955261,0.030277203921245617,0.03722294269061779,0.1522863226198925,680483800.0,24.379575651451347,0.007945226215701817,-0.019217289571880736,0
2018-12-24,3.1432125568389893,3.177000045776367,3.249500036239624,3.112499952316284,3.16225004196167,463840000,NVDA,-0.019217289571880736,-0.1149182613214137,-0.1227091007261698,3.349989652633667,3.691930687427521,4.498454818725586,0.030290942485627456,0.03732129589064721,-0.4629865468775326,683077400.0,15.332519068863462,-0.0012156681819147641,0.04737169825303256,1
2018-12-26,3.292111873626709,3.327500104904175,3.3285000324249268,3.111500024795532,3.2235000133514404,695100000,NVDA,0.04737169825303256,-0.09418808674649348,-0.1294794889140084,3.2815256118774414,3.667447578907013,4.442459955215454,0.039969167289883915,0.03665477574928366,0.4985770955501898,677090800.0,28.192577588483132,0.005758491141509947,-0.014500383035544795,0
2018-12-27,3.244374990463257,3.279249906539917,3.309499979019165,3.129499912261963,3.274749994277954,637044000,NVDA,-0.014500383035544795,-0.05299259918583754,-0.14589701652897868,3.245215892791748,3.63973753452301,4.3910255002975465,0.03378814788239606,0.03660831196166354,-0.08352179542511873,672040000.0,25.698953243614582,0.00991820492436174,0.01890637751099633,1
2018-12-28,3.3057143688201904,3.341249942779541,3.4347500801086426,3.2577500343322754,3.299999952316284,628728000,NVDA,0.01890637751099633,-0.010733110143966718,-0.16421771109632122,3.238042783737183,3.607261562347412,4.335653562545776,0.03479424762450031,0.03537232467915423,-0.01305404336278182,663250200.0,35.33609820701717,0.019034206290081068,-0.0011218036907009177,0
2018-12-31,3.3020060062408447,3.337500095367432,3.4177498817443848,3.30649995803833,3.384999990463257,465140000,NVDA,-0.0011218036907009177,0.03033133842774971,-0.15162674709998403,3.257483959197998,3.5777537703514097,4.281576361656189,0.027316092184263212,0.03535956150143813,-0.26018882569250934,659048600.0,28.896533339597028,0.026584259168896618,0.02037406521783236,1
2019-01-02,3.36928129196167,3.4054999351501465,3.461999893188477,3.251250028610229,3.2660000324249268,508752000,NVDA,0.02037406521783236,0.0719228276913062,-0.16649345924745962,3.302697706222534,3.544102966785431,4.230589127540588,0.023553662723938253,0.03432827979524826,0.09376101818807236,648008000.0,35.93409127670398,0.03722643932548941,-0.06041669172836561,0
2019-01-03,3.1657204627990723,3.1997499465942383,3.378999948501587,3.1922500133514404,3.344749927520752,705552000,NVDA,-0.06041669172836561,-0.03839219798092686,-0.24729469837410367,3.277419424057007,3.4920994877815246,4.1806504964828495,0.03303033952211897,0.034168483040794354,0.38682894612699315,638745400.0,29.119164879794766,0.031879849571485985,0.06406750899269875,1
2019-01-04,3.3685402870178223,3.404750108718872,3.4432499408721924,3.242500066757202,3.2734999656677246,585620000,NVDA,0.06406750899269875,0.038270944918372685,-0.13315512988731693,3.30225248336792,3.4662275910377502,4.133755173683166,0.04521899022611423,0.03503136848840392,-0.1699832188130712,627420800.0,39.10053889638666,0.0426536889548817,0.05294074847179653,1
2019-01-07,3.5468733310699463,3.5850000381469727,3.6222500801086426,3.410749912261963,3.462500095367432,709160000,NVDA,0.05294074847179653,0.07295214750687173,-0.0940678590545625,3.350484275817871,3.447813034057617,4.095447435379028,0.04955665683567894,0.037383797134095946,0.2109559099757521,628263400.0,47.580506659484996,0.06130681306385388,-0.02489543187266774,0
2019-01-08,3.4585723876953125,3.4957499504089355,3.669500112533569,3.422499895095825,3.667249917984009,786016000,NVDA,-0.02489543187266774,0.047415535028874745,-0.05270638777662906,3.3817975521087646,3.4381914734840393,4.066072874069214,0.05255989234158947,0.034711629394747784,0.10837610694342592,633480400.0,47.05791512799318,0.06676500380305744,0.01966676005135426,1
2019-01-09,3.5265913009643555,3.564500093460083,3.6122500896453857,3.496500015258789,3.547499895095825,617260000,NVDA,0.01966676005135426,0.0466894851961428,-0.06110892969968973,3.4132595539093016,3.426714837551117,4.03389268875122,0.05252732574924015,0.03434174706884328,-0.21469791963522367,632869800.0,46.54624882353148,0.07349053566711977,0.018585959216300907,1
2019-01-10,3.5921363830566406,3.630749940872192,3.63949990272522,3.483999967575073,3.5450000762939453,523156000,NVDA,0.018585959216300907,0.13469790692780848,-0.01997451213743684,3.4985427379608156,3.4230541586875916,4.007742891311645,0.034858052724642256,0.03425838925637101,-0.15245439523053494,625432000.0,55.85978942491526,0.08033247497926488,0.02478835180962924,1
2019-01-11,3.6811795234680176,3.720750093460083,3.743750095367432,3.580250024795532,3.60824990272522,874764000,NVDA,0.02478835180962924,0.09281148800716155,-0.00047011610093916634,3.5610705852508544,3.42296758890152,3.9896353244781495,0.027882974595793066,0.03470830247941569,0.6720901604875027,636463400.0,61.932956206128466,0.08820520768627971,0.01081769115593767,1
2019-01-14,3.721001386642456,3.760999917984009,3.786499977111816,3.64424991607666,3.6679999828338623,730168000,NVDA,0.01081769115593767,0.04909339559639214,0.01041018921595871,3.5958961963653566,3.4248844504356386,3.9637351846694946,0.02002501649448761,0.03478339359600014,-0.1652971544325098,649402600.0,69.46474283422037,0.0929690956320571,-0.003788874115613794,0
2019-01-15,3.7069029808044434,3.7467501163482666,3.833750009536743,3.728250026702881,3.7939999103546143,617012000,NVDA,-0.003788874115613794,0.07180147334565712,0.02335260526502858,3.6455623149871825,3.429113972187042,3.9336836194992064,0.01113667231707769,0.03456352817762874,-0.15497255426148504,656662200.0,72.0449692238005,0.0918817280562984,-0.006872706359028591,0
2019-01-16,3.681426525115967,3.720999956130981,3.807499885559082,3.7155001163482666,3.774250030517578,470104000,NVDA,-0.006872706359028591,0.04390506609293543,0.036634758466325135,3.676529359817505,3.435619068145752,3.8995248174667356,0.013779811721616509,0.03426624965620976,-0.23809585551010348,647024000.0,66.85230404045616,0.08624837087814805,0.01934962595092471,1
2019-01-17,3.752660751342773,3.7929999828338623,3.833250045776367,3.660249948501587,3.6877501010894775,493436000,NVDA,0.01934962595092471,0.04468771537831695,0.03253016466310177,3.7086342334747315,3.441530501842499,3.8683671236038206,0.013920212439169181,0.034147053228402266,0.0496315708864421,643477200.0,71.5635591977432,0.08403625768219597,0.03433963582764732,1
2019-01-18,3.881525754928589,3.923249959945679,3.94950008392334,3.791249990463257,3.843250036239624,651336000,NVDA,0.03433963582764732,0.05442446644705501,0.1329866699050375,3.7487034797668457,3.464310610294342,3.8413434982299806,0.016973257553092133,0.0318104171968717,0.3200009727705315,638775800.0,73.1045160381806,0.08757080250785462,-0.051997816502018734,0
2019-01-22,3.679694890975952,3.719249963760376,3.9045000076293945,3.6887500286102295,3.892750024795532,661552000,NVDA,-0.051997816502018734,-0.011100908431473488,0.10118416604581104,3.740442180633545,3.4812163591384886,3.8106340837478636,0.03279820318577195,0.03376039255143723,0.015684685016642774,634374000.0,63.07584266416883,0.07321812529674564,0.0034953895548064384,1
2019-01-23,3.692556858062744,3.732249975204468,3.864500045776367,3.700750112533569,3.775000095367432,591020000,NVDA,0.0034953895548064384,-0.0038701101204936528,0.15219567820218338,3.737572956085205,3.5056041955947874,3.778832793235779,0.032849181658259945,0.03196718273672051,-0.10661595762691367,620738000.0,61.63020252216051,0.06194079089942939,0.057271167208365226,1
2019-01-24,3.904033899307251,3.946000099182129,3.963749885559082,3.8127501010894775,3.817500114440918,708972000,NVDA,0.057271167208365226,0.06046769443110689,0.24205214528456542,3.782094430923462,3.5436452627182007,3.7551156806945802,0.04113816801944164,0.03314439552659013,0.19957361849006805,632994600.0,76.41122178268589,0.06571617274245015,0.01463519495465726,1
2019-01-25,3.961170196533203,4.003749847412109,4.021999835968018,3.7825000286102295,3.885999917984009,1154572000,NVDA,0.01463519495465726,0.0555630948296677,0.20323073716490536,3.8237963199615477,3.577098178863525,3.732699489593506,0.04099546555197313,0.03206624374581403,0.6285156536506378,655968200.0,73.6665111540622,0.06872894758476769,-0.1382455963374316,0
2019-01-28,3.413555860519409,3.4502499103546143,3.54099988937378,3.275000095367432,3.413749933242798,2511528000,NVDA,-0.1382455963374316,-0.12056338768716712,0.05214590500588079,3.730202341079712,3.585557222366333,3.707302203178406,0.07530652308190873,0.04593679069142442,1.1752891980751308,749692400.0,45.88862478398101,0.03235538071799235,-0.04644584725075074,0
2019-01-29,3.25501036643982,3.289999961853028,3.452500104904175,3.27524995803833,3.403749942779541,1153932000,NVDA,-0.04644584725075074,-0.11541297230311798,-0.015338289012086337,3.6452654361724854,3.5830220222473144,3.673905792236328,0.07481077388421065,0.047099941660288316,-0.5405458350454384,775952600.0,43.983041471017096,-0.0020422995131701635,0.04399691397247807,1
2019-01-30,3.3982207775115967,3.4347500801086426,3.4492499828338623,3.2864999771118164,3.3667500019073486,974228000,NVDA,0.04399691397247807,-0.07971064275109563,0.0291382786975265,3.586398220062256,3.5878327608108522,3.64442129611969,0.0802380882142382,0.0480968485285426,-0.15573188021477868,801407000.0,46.367065114905124,-0.014136337319576968,0.04629152347923138,1
2019-01-31,3.5555295944213867,3.59375,3.62975001335144,3.4094998836517334,3.43149995803833,842852000,NVDA,0.04629152347923138,-0.08926774558686701,0.05527834761201511,3.516697359085083,3.597145175933838,3.615513186454773,0.07792512978794976,0.048943114963749625,-0.1348513900236905,818112000.0,49.015165198757806,-0.010684947804869165,0.006817487486733054,1
2019-02-01,3.5797693729400635,3.618249893188477,3.669749975204468,3.564500093460083,3.612499952316284,625048000,NVDA,0.006817487486733054,-0.0962848867051812,0.13079136803345448,3.440417194366455,3.6178476214408875,3.605849208831787,0.07723329712446726,0.04654471249316451,-0.2584131021816404,814086800.0,47.17319045842371,-0.006138715150965618,0.030746988889045035,1
2019-02-04,3.6898365020751953,3.7295000553131104,3.766999959945679,3.611999988555908,3.6342499256134033,528592000,NVDA,0.030746988889045035,0.08093631768303533,0.09538143756084261,3.495673322677612,3.633912432193756,3.608136944770813,0.03841316075129355,0.04497341541360374,-0.15431774839692314,811235400.0,49.164016919328,0.004346715325503615,0.005161506344929068,1
2019-02-05,3.7088816165924072,3.7487499713897705,3.785749912261963,3.7074999809265137,3.741499900817871,542424000,NVDA,0.005161506344929068,0.13943772801221854,0.045676366309250094,3.58644757270813,3.6420128464698793,3.6086410427093507,0.019739319893885436,0.04357211462955814,0.026167630232769357,802898600.0,50.05293547255832,0.012186336971475902,0.02034008741350779,1
2019-02-06,3.784320592880249,3.825000047683716,3.890000104904175,3.776750087738037,3.782249927520752,702464000,NVDA,0.02034008741350779,0.1136182257267524,0.09418574159206927,3.6636675357818604,3.658300256729126,3.6128135251998903,0.017199594871363758,0.043210285675232135,0.295045941919974,798721000.0,52.681103337120035,0.02152780036414302,-0.03647060520868961,0
2019-02-07,3.646304130554199,3.685499906539917,3.7804999351501465,3.642250061035156,3.778249979019165,637120000,NVDA,-0.03647060520868961,0.025530524700240864,0.03394576217468348,3.6818224430084228,3.664285898208618,3.614082360267639,0.025597153447599417,0.04405309971782582,-0.09302113702623904,799714000.0,47.32187926399769,0.01764960048787837,0.0050875170364177436,1
2019-02-08,3.6648547649383545,3.70425009727478,3.714999914169312,3.603250026702881,3.6177499294281006,461604000,NVDA,0.0050875170364177436,0.02376840045659434,0.020243769759052288,3.698839521408081,3.667921817302704,3.6117439746856688,0.02558352468027769,0.04389908542962013,-0.27548342541436466,796636400.0,44.22316470372856,0.01564039276112033,-0.011608159638135884,0
2019-02-11,3.622312545776367,3.661250114440918,3.714499950408936,3.612499952316284,3.659749984741211,495180000,NVDA,-0.011608159638135884,-0.018299985991480083,-0.01599133574343914,3.6853347301483153,3.6649784684181212,3.60821870803833,0.02162128550777402,0.04365692715783249,0.07273767125068242,777657200.0,48.32807351838897,0.010973508286274433,0.03222934388550591,1
2019-02-12,3.739057302474976,3.779249906539917,3.795000076293945,3.685499906539917,3.700000047683716,591060000,NVDA,0.03222934388550591,0.008136060678661794,0.0048524345885321285,3.691369867324829,3.665881264209747,3.6038951778411867,0.027040888888678446,0.04419165740580123,0.19362656003877388,770701800.0,51.2775286305356,0.015025801140221976,0.011311605374136446,1
2019-02-13,3.781352043151856,3.822000026702881,3.895750045776367,3.795249938964844,3.809000015258789,605372000,NVDA,0.011311605374136446,-0.0007844339969447223,0.020083898265731204,3.69077615737915,3.669603717327118,3.601678981781006,0.025774793079489943,0.04423061637111795,0.02421412377761989,770119800.0,46.28406869148871,0.019545204603920906,0.010792842938334823,1
2019-02-14,3.822163581848145,3.8632500171661377,3.89175009727478,3.777499914169312,3.821000099182129,827264000,NVDA,0.010792842938334823,0.04822950719341579,0.038228946244620365,3.72594804763794,3.676640570163727,3.597276306152344,0.0157049452963021,0.04422108799054242,0.366538260771889,787977800.0,45.747551747568096,0.02398126739059668,0.01818440856633341,1
2019-02-15,3.891667366027832,3.933500051498413,4.096749782562256,3.910500049591065,4.073750019073486,1516748000,NVDA,0.01818440856633341,0.061888564660022016,0.03704214793072347,3.771310567855836,3.68359090089798,3.5909938526153566,0.015863353564231426,0.044198974681031226,0.8334509902522049,839143400.0,70.673843087681,0.029908962031106413,-0.0044489817823323285,0
2019-02-19,3.874353408813477,3.9159998893737793,3.9972500801086426,3.9035000801086426,3.922749996185303,551892000,NVDA,-0.0044489817823323285,0.069580098307914,-0.0018478161856854136,3.8217187404632575,3.683232283592224,3.59076135635376,0.013294274344294709,0.04358883944385631,-0.6361346776128929,834171200.0,80.50685493597436,0.030852169063658,0.01219349945871473,1
2019-02-20,3.921595335006714,3.963749885559082,4.031499862670898,3.9342501163482666,3.945499897003174,540988000,NVDA,0.01219349945871473,0.04881926586439622,0.0657392667593164,3.8582263469696043,3.695327305793762,3.590889973640442,0.008398577907248529,0.041819523262343464,-0.01975748878403749,828143000.0,78.4715081549794,0.03267123868860148,-0.017533902917877042,0
2019-02-21,3.852834463119507,3.89424991607666,4.00124979019165,3.879499912261963,3.9765000343322754,448548000,NVDA,-0.017533902917877042,0.018903931491146775,0.04340558892324009,3.8725228309631348,3.7033411860466003,3.5949265909194947,0.014572542251911028,0.042098087776064594,-0.17087255170170135,821019400.0,67.89759997428003,0.027466431451077994,0.02195531560445163,1
2019-02-22,3.937424659729004,3.979749917984009,3.9987499713897705,3.93274998664856,3.946500062942505,401740000,NVDA,0.02195531560445163,0.03015597721359864,0.008552886906970203,3.8955750465393066,3.705010724067688,3.5985526037216187,0.016616201454127302,0.04040935209590846,-0.10435449494814375,805657800.0,70.07219280459026,0.027855944249432718,-0.0031407669601658528,0
2019-02-25,3.925058126449585,3.967250108718872,4.131999969482422,3.9584999084472656,4.064000129699707,656020000,NVDA,-0.0031407669601658528,0.008580065375894286,-0.009116515648639245,3.902253198623657,3.7032051205635073,3.6037467670440675,0.015423376778306708,0.0402947687628418,0.6329466819335889,780730200.0,64.82697843380836,0.025480408237223612,-0.010019688527291737,0
2019-02-26,3.885730266571045,3.927500009536743,4.019000053405762,3.893749952316284,3.962500095367432,488464000,NVDA,-0.010019688527291737,0.002936453275451667,0.1383233277394762,3.904528570175171,3.7268138408660887,3.607803153991699,0.016171170218912016,0.02397766194878707,-0.2554129447272949,679577000.0,60.86955629768896,0.01971763884008737,-0.010757253035875602,0
2019-02-27,3.84393048286438,3.8852500915527344,3.939749956130981,3.827749967575073,3.913000106811523,500256000,NVDA,-0.010757253035875602,-0.01980440241986392,0.1809272629348624,3.8889955997467043,3.7562598466873167,3.611028480529785,0.015325057852366918,0.020944896316800993,0.024140980706868875,646893200.0,53.82180696253615,0.011931218181986739,-0.006377068034815414,0
2019-02-28,3.8194174766540527,3.8564999103546143,3.8975000381469727,3.8340001106262207,3.875,324944000,NVDA,-0.006377068034815414,-0.008673351213329239,0.12394624326053472,3.882312202453613,3.77731968164444,3.614970579147339,0.013553326403248153,0.01943300903275341,-0.350444572378942,614429000.0,62.989440857783634,0.004360597250578302,0.014197120338221403,1
2019-03-01,3.8736422061920166,3.911250114440918,3.953749895095825,3.848000049591065,3.906749963760376,357188000,NVDA,0.014197120338221403,-0.016199028311408292,0.08946982533059145,3.869555711746216,3.793225312232971,3.6214169311523436,0.010202639163758706,0.01712170631933746,0.09922940568220984,590145800.0,64.87013983791084,0.0023370195327638843,0.002109097592186915,1
2019-03-04,3.88181209564209,3.919500112533569,3.973000049591065,3.862499952316284,3.950000047683716,409992000,NVDA,0.002109097592186915,-0.011017933853278539,0.08437491112841133,3.8609065055847167,3.8083274483680727,3.6263645315170288,0.010479160862410736,0.017119565021944103,0.14783251397023411,579393000.0,69.43340627571078,0.0009518614827657076,-0.001658323864508704,0
2019-03-05,3.875374794006348,3.913000106811523,3.951499938964844,3.848999977111816,3.903749942779541,362924000,NVDA,-0.001658323864508704,-0.0026650003613953865,0.05028360791238429,3.8588354110717775,3.81760436296463,3.6353535556793215,0.009538154726405016,0.015969428266000694,-0.1148022400437082,571109600.0,62.22894006598739,-0.0008949015087395748,-0.02855861453751274,0
2019-03-06,3.764699459075928,3.8012499809265137,3.912499904632568,3.798500061035156,3.9040000438690186,403524000,NVDA,-0.02855861453751274,-0.02061198144494303,0.015049777332824199,3.842989206314087,3.820395255088806,3.6438159465789797,0.015674016277883798,0.01739835177418435,0.11186915166811784,564164600.0,48.66936175238995,-0.009584367271416892,-0.018349563345685715,0
2019-03-07,3.6956188678741455,3.7314999103546143,3.78725004196167,3.684999942779541,3.777499914169312,450104000,NVDA,-0.018349563345685715,-0.032412955519164455,-0.02343927339903107,3.8182294845581053,3.815960168838501,3.653632321357727,0.01697728124197094,0.01727253216898118,0.11543303496198498,551546600.0,40.32541297269981,-0.019430866328357,0.009245995093464021,1
2019-03-08,3.7297885417938232,3.766000032424927,3.776750087738037,3.619999885559082,3.641499996185303,422416000,NVDA,0.009245995093464021,-0.03713653888018964,0.022895624788965563,3.789458751678467,3.820134389400482,3.665363841056824,0.015556750161619014,0.015243160274390268,-0.061514672164655226,540811400.0,36.91722638702036,-0.0228529241041195,0.0697025230398598,1
2019-03-11,3.989764213562012,4.028500080108643,4.051499843597412,3.7422499656677246,3.789750099182129,859728000,NVDA,0.0697025230398598,0.027809722691398253,0.08865547735535517,3.811049175262452,3.836379861831665,3.6793168878555305,0.038452463304639244,0.021616187691099308,1.0352638157645542,560717600.0,56.699543332482634,-0.0076063789282490996,0.008563856093275257,1
2019-03-12,4.023931980133057,4.063000202178955,4.109749794006348,3.979749917984009,4.05649995803833,579576000,NVDA,0.008563856093275257,0.038333630686886666,0.11087376621461886,3.840760612487793,3.8564608335494994,3.6949080276489257,0.038209392044750365,0.021294549231253367,-0.3258612026129194,564937400.0,56.032156435742074,0.004148839309871477,0.03753402291819552,1
2019-03-13,4.174966335296631,4.215499877929688,4.244999885559082,4.093249797821045,4.100749969482422,768900000,NVDA,0.03753402291819552,0.10897732493137857,0.11658260292858191,3.9228139877319337,3.878256285190582,3.7122930669784546,0.03348856617349747,0.021674873560009463,0.3266594890057559,573829400.0,67.30900345047846,0.020548230115337282,-0.018147369339568953,0
2019-03-14,4.099201679229736,4.138999938964844,4.23675012588501,4.131249904632568,4.22475004196167,519384000,NVDA,-0.018147369339568953,0.1092057449061965,0.0840571394703955,4.003530550003052,3.8941487669944763,3.7282369804382323,0.03342872730080642,0.02226964569391912,-0.32451033944596175,569530000.0,58.77594466517672,0.024478198522913566,0.02567035131945028,1
2019-03-15,4.204429626464844,4.245250225067139,4.288249969482422,4.178999900817871,4.182499885559082,661484000,NVDA,0.02567035131945028,0.12725683489894157,0.10001299955661769,4.098458766937256,3.9132620692253113,3.744939947128296,0.03273815345571925,0.022742304834703596,0.2735933336413905,561241000.0,63.767995038784754,0.03188129345160472,-0.0050644594371447305,0
2019-03-18,4.183136463165283,4.223750114440918,4.331250190734863,4.196499824523926,4.276999950408936,486992000,NVDA,-0.0050644594371447305,0.048467087088996275,0.07489568601926777,4.13713321685791,3.927835524082184,3.7652882671356203,0.02249744641860747,0.022627792835902945,-0.2637886933017276,509753200.0,64.92203152042484,0.03292624871425438,0.04001209209553358,1
2019-03-19,4.350512504577637,4.392749786376953,4.4375,4.302000045776367,4.318999767303467,854972000,NVDA,0.04001209209553358,0.08115955390323992,0.12290027406404924,4.202449321746826,3.951643478870392,3.7849277114868163,0.026189524071553817,0.023916293501469663,0.7556181621053324,524907200.0,72.57274080728428,0.04189664922822485,-0.007455648955915439,0
2019-03-20,4.3180766105651855,4.360000133514404,4.475749969482422,4.324999809265137,4.421999931335449,719148000,NVDA,-0.007455648955915439,0.034278186642764163,0.10110203671939866,4.2310713768005375,3.9714675426483153,3.8003517770767212,0.02462360326530825,0.024055070377351294,-0.15886368208549517,533815200.0,72.06391878645536,0.04251730020639957,0.05470157182306812,1
2019-03-21,4.554282188415527,4.598499774932861,4.625,4.3782501220703125,4.383250236511231,824312000,NVDA,0.05470157182306812,0.11101686250072551,0.18206017725663792,4.3220874786376955,4.006539928913116,3.8222659730911257,0.027415813782427793,0.025835438874505692,0.14623415486102997,552603400.0,75.93874960589571,0.05491911999849866,-0.03501101766910386,0
2019-03-22,4.394832134246826,4.4375,4.619999885559082,4.423500061035156,4.571000099182129,747644000,NVDA,-0.03501101766910386,0.04528616832673116,0.11616920044110857,4.360167980194092,4.029410302639008,3.8396307897567747,0.03692897882094599,0.027391459757603803,-0.0930084725201138,569898600.0,67.52962932790224,0.04868003438223206,-0.020957983454040874,0
2019-03-25,4.302725315093994,4.3445000648498535,4.461249828338623,4.277750015258789,4.396500110626221,525212000,NVDA,-0.020957983454040874,0.028588321940188566,0.09621951483965119,4.384085750579834,4.048293662071228,3.853842568397522,0.0391088996470289,0.02798294730276104,-0.2975105799016644,563358200.0,63.794724930212034,0.03527098985527799,0.017781077321814998,1
2019-03-26,4.379232406616211,4.421750068664551,4.543749809265137,4.364999771118164,4.487249851226807,703508000,NVDA,0.017781077321814998,0.006601498560998342,0.1270037048867667,4.3898297309875485,4.072968769073486,3.867803626060486,0.0353999093616895,0.02788954422849638,0.33947434559758727,574110400.0,70.28435611674297,0.028751034405764125,-0.0020915914300609906,0
2019-03-27,4.370072841644287,4.412499904632568,4.4942498207092285,4.34250020980835,4.447500228881836,474372000,NVDA,-0.0020915914300609906,0.01204152583858309,0.13687613788162012,4.400228977203369,4.099275887012482,3.8807850551605223,0.03512909303827943,0.027676132800831782,-0.3257048960352974,572816200.0,73.17911534966574,0.021358238056860213,0.004249453910528667,1
2019-03-28,4.388643264770508,4.431250095367432,4.497499942779541,4.377749919891357,4.43874979019165,480264000,NVDA,0.004249453910528667,-0.03636992983578091,0.14903471317178907,4.367101192474365,4.127737176418305,3.894419860839844,0.020880461494549696,0.0275115151019981,0.012420631909134672,580582200.0,72.8884233703626,0.015526887855840582,0.013032000775344388,1
2019-03-29,4.445836067199707,4.488999843597412,4.513500213623047,4.447750091552734,4.498499870300293,456896000,NVDA,0.013032000775344388,0.011605433699146683,0.1477146908645921,4.377301979064941,4.156346869468689,3.9097080516815184,0.015155916426186137,0.02749742433107369,-0.04865657221861308,585567600.0,68.44216524392311,0.013409311963468284,0.015148235755439332,1
2019-04-01,4.513182640075684,4.557000160217285,4.587500095367432,4.509250164031982,4.581500053405762,483824000,NVDA,0.015148235755439332,0.048912563449821755,0.16264840463102304,4.41939344406128,4.187915396690369,3.924918489456177,0.008288702981901796,0.027523301068065685,0.05893682588597837,589259200.0,69.26682873316601,0.014347892061863099,0.003949569088932403,1
2019-04-02,4.531007766723633,4.574999809265137,4.619750022888184,4.538000106811523,4.581250190734863,440920000,NVDA,0.003949569088932403,0.03465798249896879,0.16917924267126017,4.449748516082764,4.220697045326233,3.9379081296920777,0.007109939577758606,0.027449079635592247,-0.08867687423525905,593159000.0,65.6644707223036,0.013959764852567724,0.030710743982558908,1
2019-04-03,4.670158386230469,4.715499877929688,4.775000095367432,4.619999885559082,4.625,783504000,NVDA,0.030710743982558908,0.0686683164011681,0.24051293788450034,4.509765625,4.26596999168396,3.957717399597168,0.010907510336111948,0.026453287689620127,0.7769754150412773,612158000.0,73.79288254049756,0.020471321862976954,-0.0019085091819180944,0
2019-04-04,4.661245346069336,4.706500053405762,4.7492499351501465,4.643249988555908,4.699999809265137,457376000,NVDA,-0.0019085091819180944,0.06211534290953202,0.26128951948734214,4.5642860412597654,4.31425131559372,3.9770911693573,0.012441369297642788,0.02573362445560069,-0.4162429292001062,612521600.0,70.69787700343433,0.021470385555126453,0.014288914758975091,1
2019-04-05,4.72784948348999,4.773749828338623,4.791250228881836,4.713250160217285,4.75,481744000,NVDA,0.014288914758975091,0.0634331567848192,0.26759183007628495,4.620688724517822,4.364154362678528,3.9935674810409547,0.012475377957875117,0.025730098228309867,0.053277828307563224,615488000.0,73.70701033495206,0.02373234716019615,0.004398982997410261,1
2019-04-08,4.748647212982178,4.794750213623047,4.820000171661377,4.71875,4.743000030517578,424192000,NVDA,0.004398982997410261,0.052172622223537024,0.19020748064273296,4.667781639099121,4.402098512649536,4.0093170213699345,0.012813146125792874,0.021914224697706427,-0.11946594041648673,593711200.0,69.86173957599375,0.023689944184021983,-0.013191767747286698,0
2019-04-09,4.686004161834717,4.731500148773193,4.772250175476074,4.689000129699707,4.761000156402588,439972000,NVDA,-0.013191767747286698,0.03420792969047626,0.1645336414657208,4.698780918121338,4.435202121734619,4.0347659873962405,0.016651302578435407,0.022468404268177842,0.03720013578756798,586731000.0,67.81778749078629,0.016826443103041044,0.015005704029697808,1
2019-04-10,4.756320953369141,4.802499771118164,4.828499794006348,4.726250171661377,4.73075008392334,444772000,NVDA,0.015005704029697808,0.018449602778508378,0.13924773791767708,4.716013431549072,4.464269852638244,4.064792199134827,0.011802733661918776,0.021445036950269735,0.010909785168147001,570524600.0,61.65719687590447,0.014494241618708964,-0.0029153677172951697,0
2019-04-11,4.742454528808594,4.78849983215332,4.836750030517578,4.738749980926514,4.804999828338623,374600000,NVDA,-0.0029153677172951697,0.01742220730941324,0.15692149347961037,4.732255268096924,4.496432495117188,4.0916768741607665,0.011930639500018074,0.020774046190605487,-0.15777072297716588,563285400.0,74.10695567002878,0.009719017298914334,-0.007987614281140809,0
2019-04-12,4.704573631286621,4.750249862670898,4.831500053405762,4.741499900817871,4.827499866485596,471708000,NVDA,-0.007987614281140809,-0.004923137313201265,0.11895644576225362,4.72760009765625,4.521439695358277,4.114657754898071,0.01102777124249441,0.0205885845352457,0.2592311799252536,553796600.0,80.1337598430124,0.0021081795760064526,-0.02794589936597691,0
2019-04-15,4.573100090026856,4.617499828338623,4.747499942779541,4.577499866485596,4.742499828338623,440092000,NVDA,-0.02794589936597691,-0.03696781737657806,0.09322278397929584,4.692490673065185,4.540937876701355,4.1345243692398075,0.01563770363963713,0.02182474035211538,-0.06702451516616215,551451600.0,63.430562896406,-0.012858661844824454,0.019004042130919885,1
2019-04-16,4.660007476806641,4.705249786376953,4.724249839782715,4.624000072479248,4.6570000648498535,394964000,NVDA,0.019004042130919885,-0.005547729820602143,0.07113988797948556,4.6872913360595705,4.556412625312805,4.153927788734436,0.018940142337382004,0.02050066550887824,-0.1025421957227125,528451200.0,68.13250716160631,-0.017685649174023627,-0.004888186982079934,0
2019-04-17,4.637228488922119,4.682250022888184,4.761499881744385,4.659749984741211,4.740499973297119,351004000,NVDA,-0.004888186982079934,-0.025038777999760953,0.07391065679012132,4.663472843170166,4.572370219230652,4.172494726181031,0.016703129305119194,0.020435462130175323,-0.1113012831549205,510044000.0,65.465106275679,-0.022863752759991862,-0.0052858758579584775,0
2019-04-18,4.612716674804688,4.65749979019165,4.723249912261963,4.629499912261963,4.689000129699707,380988000,NVDA,-0.0052858758579584775,-0.027356689076468266,0.012830668801726341,4.637525272369385,4.57529194355011,4.18906264781952,0.016664658946622158,0.01661078836082756,0.08542352793700347,487877800.0,60.822121812957676,-0.028048958271646746,0.011647925563762929,1
2019-04-22,4.666445255279541,4.711750030517578,4.727499961853027,4.602000236511231,4.633749961853027,279936000,NVDA,0.011647925563762929,-0.008104533799517255,0.061802843143009545,4.629899597167968,4.588872599601745,4.209465470314027,0.018155451975779134,0.014458130298294587,-0.26523670036851554,464492400.0,60.11770490544138,-0.027909749642994613,0.011672710012880394,1
2019-04-23,4.7209153175354,4.766749858856201,4.798250198364258,4.715250015258789,4.724999904632568,346856000,NVDA,0.011672710012880394,0.03232276237095788,0.09719188928337874,4.659462642669678,4.609782099723816,4.230586681365967,0.010933690989129153,0.013402742618772067,0.23905464106081387,455574600.0,61.95826519956119,-0.024329667328560317,0.0026224999058126475,1
2019-04-24,4.733295917510986,4.779250144958496,4.820250034332275,4.716000080108643,4.777249813079834,318204000,NVDA,0.0026224999058126475,0.015727107964764064,0.08085058704805226,4.674120330810547,4.627485275268555,4.25280634880066,0.00838012469920464,0.01305004840104979,-0.08260488502433283,436309400.0,54.73101167451426,-0.02141118480024895,-0.022284119756517007,0
2019-04-25,4.627818584442139,4.672749996185303,4.761250019073486,4.59250020980835,4.738749980926514,499296000,NVDA,-0.022284119756517007,-0.0020292087186257746,0.058979736067939825,4.672238349914551,4.640372562408447,4.270581574440003,0.014166836069412537,0.014268394737087756,0.5691066108534149,437555600.0,47.81191884800574,-0.026532989405336965,-0.047188636982561705,0
2019-04-26,4.409438133239746,4.452250003814697,4.522250175476074,4.332499980926514,4.517749786376953,868988000,NVDA,-0.047188636982561705,-0.044069158349845816,0.004738336477737359,4.631582641601563,4.641412305831909,4.283143296241761,0.02560853228411139,0.018136498358390367,0.7404265205409215,456991800.0,32.61213396028805,-0.04357053594569835,0.006963034031046256,1
2019-04-29,4.440141201019287,4.483250141143799,4.511250019073486,4.387499809265137,4.460249900817871,391920000,NVDA,0.006963034031046256,-0.04849602682131915,-0.0012809438077204804,4.586321830749512,4.641127562522888,4.295502848625183,0.024748914686357346,0.01796387259795073,-0.5489926213020202,453743000.0,33.33335050701865,-0.0511882680002074,0.009312526854797332,1
2019-04-30,4.481490135192871,4.525000095367432,4.550749778747559,4.43149995803833,4.45074987411499,362920000,NVDA,0.009312526854797332,-0.050715839246937344,-0.007022207477577536,4.538436794281006,4.639542937278748,4.307299304008485,0.024258369610583527,0.017752575765142057,-0.07399469279444781,447697800.0,38.69119657943873,-0.051706445985437305,-0.0029282749788633877,0
2019-05-01,4.468367099761963,4.511750221252441,4.620250225067139,4.511499881744385,4.577750205993652,354280000,NVDA,-0.0029282749788633877,-0.05597131942858469,-0.01382488624753897,4.485451030731201,4.636410903930664,4.319179577827454,0.02364908852398162,0.017734550002941423,-0.023806899592196618,443365800.0,33.00216792495628,-0.051106021669192384,0.015071746464699887,1
2019-05-02,4.535713195800781,4.579750061035156,4.621749877929688,4.478000164031982,4.521500110626221,394684000,NVDA,0.015071746464699887,-0.019902549540511072,-0.028788143636859664,4.46702995300293,4.62968864440918,4.331461935043335,0.02513586672470765,0.016591861934239147,0.11404538782883589,423924800.0,38.52088527027681,-0.04458412139521914,-0.0009826452258602236,0
2019-05-03,4.531256198883057,4.575250148773193,4.598249912261963,4.51324987411499,4.588250160217285,336824000,NVDA,-0.0009826452258602236,0.027626663979024357,-0.027887214153164974,4.491393566131592,4.623189187049865,4.345030369758606,0.00743898277494444,0.01659144512846106,-0.1465982912912609,417897200.0,40.005763267200535,-0.03917333291455341,-0.017266822081605127,0
2019-05-06,4.453015804290772,4.496250152587891,4.508500099182129,4.349999904632568,4.387499809265137,422176000,NVDA,-0.017266822081605127,0.0028995932085515985,-0.058130801363063256,4.49396848678589,4.609447503089905,4.355342192649842,0.01244495741709977,0.016533238635045196,0.25340237037740776,414918800.0,42.62248978336333,-0.03936201037163925,-0.0374755411675628,0
2019-05-07,4.286136627197266,4.327750205993652,4.447500228881836,4.279250144958496,4.447500228881836,555220000,NVDA,-0.0374755411675628,-0.04359119446933646,-0.09739838843375626,4.454897785186768,4.5863219738006595,4.362563762664795,0.0197445383892569,0.018139260840708153,0.3151387099219283,421470200.0,29.085915727387913,-0.04861743985386656,0.004678996248614897,1
2019-05-08,4.306191444396973,4.3480000495910645,4.428750038146973,4.288000106811523,4.300000190734863,419168000,NVDA,0.004678996248614897,-0.036294165574182524,-0.08105257791513265,4.42246265411377,4.567331337928772,4.3709729862213145,0.020577572197730546,0.018152160963734912,-0.24504160512949824,420430000.0,31.425398991317806,-0.051030049162326376,-0.02144664145942443,0
2019-05-09,4.21383810043335,4.254749774932861,4.288249969482422,4.135000228881836,4.278500080108643,660248000,NVDA,-0.02144664145942443,-0.07096460500752733,-0.11405514015018758,4.358087635040283,4.540207195281982,4.378371138572693,0.016839977659872947,0.01796631885542914,0.5751393236124895,431203800.0,29.20217259748513,-0.05608455682185166,-0.008050076388536054,0
2019-05-10,4.1799163818359375,4.2204999923706055,4.289750099182129,4.099999904632568,4.223750114440918,569500000,NVDA,-0.008050076388536054,-0.0775369569996337,-0.11861750988975284,4.287819671630859,4.512080287933349,4.385581116676331,0.01567843324461874,0.017958393735693634,-0.13744532357538375,440948800.0,24.096996665669806,-0.058673191668380746,-0.0614261252669428,0
2019-05-13,3.923160314559937,3.961250066757202,4.110750198364258,3.9452500343322754,4.087500095367432,656912000,NVDA,-0.0614261252669428,-0.11898801015264415,-0.16609652180382195,4.181848573684692,4.473009622097015,4.386571478843689,0.025801854689453108,0.021810382632440915,0.15348902546093068,450209000.0,15.054336621569092,-0.07366760417026746,0.02265710446482072,1
2019-05-14,4.01204776763916,4.051000118255615,4.08650016784668,3.962249994277954,4.00124979019165,524880000,NVDA,0.02265710446482072,-0.06394776541160663,-0.12268533628014278,4.1270308017730715,4.44495700597763,4.389176192283631,0.03171952731299256,0.02240077816069491,-0.2009888691331564,454448400.0,20.390383300798433,-0.07342562053212692,-0.015181413460672255,0
2019-05-15,3.951139211654663,3.989500045776367,4.026249885559082,3.9352500438690186,3.994999885559082,502320000,NVDA,-0.015181413460672255,-0.08245156708122858,-0.15211740939903884,4.056020355224609,4.409513592720032,4.3906914806365975,0.030203746801411427,0.02166205584400566,-0.04298125285779608,459816200.0,21.164889303492913,-0.07303872365962188,0.003822226261095407,1
2019-05-16,3.966241359710693,4.004749774932861,4.047749996185303,3.941250085830689,3.983999967575073,781088000,NVDA,0.003822226261095407,-0.058758009876362816,-0.14469572306267597,4.006501007080078,4.375964236259461,4.394722318649292,0.03130279201300527,0.021814701901002934,0.5549609810479377,481320400.0,27.15673200423312,-0.06756398417018832,-0.02284765787537124,0
2019-05-17,3.875622034072876,3.913249969482422,4.092750072479248,3.873500108718872,3.962500095367432,1022068000,NVDA,-0.02284765787537124,-0.07279914715169655,-0.1597962096302007,3.9456421375274657,4.33910950422287,4.398322381973267,0.03157735757858469,0.022070575862519523,0.3085183743701094,513374400.0,22.596105436763935,-0.06578018386675775,-0.030537102526972837,0
2019-05-20,3.7572717666625977,3.793750047683716,3.869250059127808,3.768749952316284,3.8137500286102295,572064000,NVDA,-0.030537102526972837,-0.04228441730552812,-0.19483213428643975,3.912464427947998,4.293650829792023,4.398872046470642,0.02155631426675344,0.022066400989895495,-0.440287730366277,527980800.0,17.289125436239416,-0.06802310007362297,0.021812294325705528,1
2019-05-21,3.839226484298706,3.876499891281128,3.892499923706055,3.815999984741211,3.8550000190734863,361848000,NVDA,0.021812294325705528,-0.04307557969135267,-0.18676226408081142,3.877900171279907,4.249566388130188,4.395861291885376,0.021253032974925593,0.022710692259405,-0.3674693740560496,528730400.0,23.246981371683646,-0.0597342722034537,-0.018444523257108658,0
2019-05-22,3.768413782119751,3.805000066757202,3.8637499809265137,3.7939999103546143,3.837500095367432,325868000,NVDA,-0.018444523257108658,-0.04624626462057513,-0.20384994984607274,3.841355085372925,4.201322281360627,4.39075092792511,0.021554146408460418,0.022580971926057385,-0.09943401649311312,529113600.0,17.467950499895522,-0.054891978583876594,-0.03206301860074412,0
2019-05-23,3.6475870609283447,3.683000087738037,3.7422499656677246,3.6227500438690186,3.7422499656677246,591844000,NVDA,-0.03206301860074412,-0.080341630748763,-0.21181286725654047,3.777624225616455,4.152310705184936,4.380203342437744,0.02208573263643579,0.02293921082992235,0.8162077896571618,533741000.0,15.899075210008434,-0.05553041482396456,-0.014729831299105434,0
2019-05-24,3.5938587188720703,3.628750085830689,3.737499952316284,3.621999979019165,3.70199990272522,357584000,NVDA,-0.014729831299105434,-0.07270144320670546,-0.18496220827310828,3.7212715625762938,4.111531734466553,4.370096483230591,0.021791142066872125,0.021382420594886667,-0.3958137617345111,508170800.0,16.205661627290155,-0.0551619716276498,-0.0125389618074776,0
2019-05-28,3.548795461654663,3.583250045776367,3.679500102996826,3.581249952316284,3.6465001106262207,428356000,NVDA,-0.0125389618074776,-0.05548608616967676,-0.200747160734439,3.679576301574707,4.0669644474983215,4.356983799934387,0.01994876254377489,0.021011858175181166,0.1979171327576177,509992600.0,17.923263507070217,-0.0535030395456107,-0.02086098052050267,0
2019-05-29,3.474764108657837,3.508500099182129,3.570499897003174,3.4735000133514404,3.535249948501587,559800000,NVDA,-0.02086098052050267,-0.09493119958705531,-0.22464091098388805,3.6066838264465333,4.01662814617157,4.342816352844238,0.0076116292662097825,0.02056045944034633,0.3068569134084733,519836600.0,15.452659392879738,-0.052848949940132284,-0.00763300011245871,0
2019-05-30,3.448241233825684,3.477750062942505,3.543750047683716,3.439249992370605,3.5077500343322754,394300000,NVDA,-0.00763300011245871,-0.08496215299211873,-0.22829947566094622,3.5426493167877195,3.9656218528747558,4.324770927429199,0.009394145704304592,0.020472670475662383,-0.2956413004644516,521837600.0,16.34696161778757,-0.04970663105471965,-0.026238175666799424,0
2019-05-31,3.3577656745910645,3.3864998817443848,3.4962499141693115,3.38474988937378,3.428499937057495,389720000,NVDA,-0.026238175666799424,-0.07945564601918453,-0.2597050277121302,3.4846850395202638,3.90672447681427,4.305564708709717,0.00726717644475012,0.019591172167544236,-0.011615521176769006,521589400.0,15.572712874418599,-0.04913748325670825,-0.012402039551275945,0
2019-06-03,3.316122531890869,3.344500064849853,3.4367499351501465,3.315000057220459,3.397749900817871,478644000,NVDA,-0.012402039551275945,-0.07728077498504682,-0.26816706309647975,3.4291378021240235,3.8459677934646606,4.280801515579224,0.007472596591889702,0.01933391152725322,0.22817407369393417,528680400.0,18.994718595002524,-0.04698261990808439,0.06891861326038606,1
2019-06-04,3.544665098190308,3.575000047683716,3.580250024795532,3.3867499828338623,3.4089999198913574,641836000,NVDA,0.06891861326038606,-0.0011638775773312737,-0.20398551139773835,3.4283117294311523,3.8005502581596375,4.263798174858093,0.03900267321281743,0.026970928597851794,0.3409465072162192,539663400.0,29.108243097182225,-0.026597118630576677,-0.012027588140309464,0
2019-06-05,3.5020313262939453,3.532000064849853,3.654750108718872,3.495500087738037,3.649250030517578,511616000,NVDA,-0.012027588140309464,0.007847214021857951,-0.18293987548783586,3.433765172958374,3.7613449931144713,4.247784295082092,0.03798817477627809,0.026246678529842804,-0.20288671872565578,537483200.0,29.59169633247606,-0.013098868520684814,0.017695442937181616,1
2019-06-06,3.5640013217926025,3.594500064849853,3.619250059127808,3.533750057220459,3.536250114440918,408140000,NVDA,0.017695442937181616,0.03357076263440173,-0.17235418633560184,3.4569171905517577,3.724235486984253,4.23147967338562,0.03805060005988127,0.026778681687973982,-0.20225325243932946,536931800.0,32.468229376554476,0.002080408442675874,0.011962333357081523,1
2019-06-07,3.606635093688965,3.637500047683716,3.671999931335449,3.581249952316284,3.6005001068115234,348856000,NVDA,0.011962333357081523,0.07411756602944308,-0.1440973744771875,3.506691074371338,3.6938753366470336,4.216210918426514,0.033184809688969065,0.027007439176265777,-0.14525407948253055,521362200.0,37.764300322774965,0.01627886340088472,0.020137533908839433,1
2019-06-10,3.679263830184937,3.710750102996826,3.779750108718872,3.694000005722046,3.694000005722046,402780000,NVDA,0.020137533908839433,0.10950780461269716,-0.11977573375070716,3.5793193340301515,3.6688427090644837,4.202023329734803,0.029494871135878172,0.02769867639433003,0.1545738069575986,513026200.0,46.29756325755684,0.030995357401675194,0.01563042806447479,1
2019-06-11,3.736772298812866,3.768749952316284,3.809000015258789,3.7290000915527344,3.7709999084472656,383872000,NVDA,0.01563042806447479,0.05419614979159437,-0.047509660784274654,3.617740774154663,3.65952330827713,4.187842054367065,0.013042690122894652,0.02478908111961738,-0.04694374100004961,499374200.0,45.02176538243034,0.04422950044402646,-0.030182556050123655,0
2019-06-12,3.6239869594573975,3.6549999713897705,3.731250047683716,3.639750003814697,3.724999904632568,358892000,NVDA,-0.030182556050123655,0.0348242553536815,-0.09672387535159188,3.6421319007873536,3.640120267868042,4.1700581407546995,0.021027523538529668,0.024822526277847375,-0.06507377459153052,491074800.0,43.257346161260934,0.0448722180105397,0.01409036504555261,1
2019-06-13,3.6750502586364746,3.7065000534057617,3.724999904632568,3.659499883651733,3.6772499084472656,308080000,NVDA,0.01409036504555261,0.031158500465431116,-0.06987578473666778,3.664341688156128,3.6263158202171324,4.152938990592957,0.020629221510540165,0.02503931003837963,-0.14158019682801515,481362800.0,51.37147231849771,0.04794334617778556,-0.02441658311858652,0
2019-06-14,3.585318088531494,3.615999937057495,3.6372499465942383,3.571000099182129,3.6127500534057617,394428000,NVDA,-0.02441658311858652,-0.005910496793748887,-0.09604137434716886,3.660078287124634,3.607269656658173,4.131242184638977,0.02424371104772826,0.025408716472457786,0.28027784990911453,462029800.0,49.58829792418117,0.043281050940412014,0.002696517615408567,1
2019-06-17,3.5949859619140625,3.6257500648498535,3.663000106811523,3.591249942779541,3.6142499446868896,276040000,NVDA,0.002696517615408567,-0.02290617693122543,-0.07241058846594861,3.643222713470459,3.593237853050232,4.109916996955872,0.021557303832658237,0.025090283897939963,-0.3001511048911335,424728400.0,52.305285771095164,0.040260833243552174,0.05412653437379289,1
2019-06-18,3.7895700931549072,3.822000026702881,3.877749919891357,3.676500082015991,3.6875,581920000,NVDA,0.05412653437379289,0.014129251161173029,0.008596217813916285,3.653782272338867,3.5948527693748473,4.09115140914917,0.033872615805884035,0.02732357943000173,1.1081002753224172,425221200.0,64.02389131567074,0.05013732373462951,0.0015700291841085345,1
2019-06-19,3.7955198287963854,3.828000068664551,3.86899995803833,3.8017499446868896,3.857500076293945,331644000,NVDA,0.0015700291841085345,0.04733263978540103,-0.011384234736103171,3.688088846206665,3.5926674365997315,4.0720888614654545,0.028600879247193425,0.02687458702029003,-0.4300866098432774,423711000.0,65.75933674964213,0.05542699957014169,0.0064000496496015025,1
2019-06-20,3.819811344146729,3.8524999618530273,3.933249950408936,3.838000059127808,3.919250011444092,350168000,NVDA,0.0064000496496015025,0.039390232873703246,0.013639044170480341,3.7170410633087156,3.5952373147010803,4.054765005111694,0.028506556123139473,0.026560975660852523,0.05585507351256158,424926000.0,72.30737106925189,0.05860865548036834,-0.015184955169476044,0
2019-06-21,3.761807680130005,3.7939999103546143,3.88700008392334,3.787499904632568,3.837500095367432,434428000,NVDA,-0.015184955169476044,0.04922564392907147,0.03131402137735129,3.752338981628418,3.6009483456611635,4.034874739646912,0.02607089949968384,0.02570945066136427,0.24062735601197138,417055200.0,71.18285408782137,0.05491679060849333,0.005930537549835524,1
2019-06-24,3.7841172218322754,3.816499948501587,3.846250057220459,3.767999887466431,3.815500020980835,282948000,NVDA,0.005930537549835524,0.05260973531521507,0.052939894927176656,3.7901652336120604,3.6104612708091737,4.015707993507386,0.025886299285015138,0.025421635449474362,-0.3486883902510888,413323400.0,64.15599894344643,0.05211050441809635,-0.007729525273161619,0
2019-06-25,3.7548677921295166,3.786999940872192,3.8970000743865967,3.784250020980835,3.821500062942505,311868000,NVDA,-0.007729525273161619,-0.009157318685851235,0.05806824673371569,3.7832247734069826,3.6207648873329163,3.996713876724243,0.009389826651469466,0.025290477891883097,0.10220959328215784,407499000.0,65.18760499477978,0.046597248463657925,0.05135970998136585,1
2019-06-26,3.94771671295166,3.9814999103546143,4.043000221252441,3.902250051498413,3.915250062942505,584072000,NVDA,0.05135970998136585,0.0400990881408565,0.1361107083831674,3.8136641502380373,3.6444125175476074,3.984206209182739,0.025844470873050945,0.02679665008181435,0.8728179870971051,408712600.0,69.91761033079871,0.05374392360454547,0.024927762683292887,1
2019-06-27,4.046124458312988,4.080749988555908,4.099999904632568,4.031499862670898,4.067749977111816,445440000,NVDA,0.024927762683292887,0.05924719672688794,0.1733878762954113,3.858926773071289,3.6743066787719725,3.9719285488128664,0.02683901606412626,0.026866790030047886,-0.2373542987850813,411269600.0,71.56409126174157,0.06230144931287878,0.006126685819704436,1
2019-06-28,4.070913791656494,4.10575008392334,4.134250164031982,4.058750152587891,4.125,397668000,NVDA,0.006126685819704436,0.08216956788067553,0.21238769651556533,3.920747995376587,3.709964084625244,3.960602254867554,0.02286867467798551,0.025618696813312768,-0.10724676724137927,411667000.0,70.16338154856138,0.06645451651168285,0.011812599379782407,1
2019-07-01,4.119001865386963,4.154250144958496,4.348750114440918,4.116499900817871,4.3142499923706055,709756000,NVDA,0.011812599379782407,0.0884974285739848,0.24211389228681135,3.9877249240875243,3.7501080513000487,3.9507279586791992,0.02235888110334374,0.025071528464527666,0.7847953569309072,423222600.0,69.87113651874,0.06896465169596862,-0.02371080088347388,0
2019-07-02,4.021337032318115,4.055749893188477,4.158750057220459,4.042500019073486,4.137499809265137,400228000,NVDA,-0.02371080088347388,0.07096634420714842,0.13447587315686516,4.041018772125244,3.7739416480064394,3.937825794219971,0.027404328972631845,0.022242584706852878,-0.4361048022137185,411142200.0,70.98716320378668,0.060854649090379506,0.0032050115286266223,1
2019-07-03,4.034225463867188,4.068749904632568,4.085000038146973,4.008500099182129,4.079249858856201,246636000,NVDA,0.0032050115286266223,0.021913616707022188,0.1519672692752414,4.05832052230835,3.8005513548851013,3.9240919971466064,0.01782509562722538,0.021829546256340187,-0.3837612560840321,397893200.0,69.7680204449796,0.053429840622509314,-0.015483457961246394,0
2019-07-05,3.971761703491211,4.005750179290772,4.014500141143799,3.941999912261963,4.010000228881836,396552000,NVDA,-0.015483457961246394,-0.01837876110533254,0.11441083907721872,4.043447971343994,3.820939373970032,3.908861312866211,0.015199713851175382,0.022256300056531085,0.607843137254902,397313800.0,71.92694904019149,0.04189314102782404,-0.018848203493461946,0
2019-07-08,3.8969011306762695,3.9302499294281006,3.964750051498413,3.900000095367432,3.9457499980926514,329788000,NVDA,-0.018848203493461946,-0.04274535642019017,0.0804811214461989,4.00864543914795,3.835452675819397,3.8942429637908935,0.015303401246123456,0.02285560315283286,-0.16836127418346147,396360400.0,65.95072210824162,0.027497342040511078,0.000636227279301238,1
2019-07-09,3.899380445480346,3.93274998664856,3.9609999656677246,3.875,3.8877499103546143,342860000,NVDA,0.000636227279301238,-0.05331908726532819,0.0598262656484585,3.964721155166626,3.8464585065841677,3.8840418100357055,0.012044881501270517,0.02255037172644548,0.03963758535786632,393364400.0,57.279006948101255,0.01693714545781986,0.017481609962637812,1
2019-07-10,3.96754789352417,4.001500129699707,4.059249877929688,3.962500095367432,3.9765000343322754,452076000,NVDA,0.017481609962637812,-0.013375934014398738,0.061758002965451864,3.9539633274078367,3.8579972863197325,3.874589943885803,0.014810722254617966,0.022608029228458813,0.31854401213323214,396774600.0,60.53431802241482,0.013488073132513878,0.038860527385746524,1
2019-07-11,4.121728897094727,4.1570000648498535,4.197999954223633,4.037499904632568,4.074999809265137,682560000,NVDA,0.038860527385746524,0.021690268432259963,0.13734650350724587,3.971464014053345,3.882884383201599,3.8673947191238405,0.024023788591637164,0.022506948509087518,0.509834629575558,412958000.0,65.95080788553105,0.020135363920322558,0.007998248936937236,1
2019-07-12,4.154695510864258,4.190249919891357,4.261750221252441,4.184999942779541,4.184999942779541,506392000,NVDA,0.007998248936937236,0.04605860598641831,0.13051393000697153,4.008050775527954,3.9068666458129884,3.8611212873458864,0.02127094719673168,0.022442690947783683,-0.2580989217065166,422873600.0,71.32096514800804,0.024980885795624984,-0.0020285714679213473,0
2019-07-15,4.146267414093018,4.1817498207092285,4.227749824523926,4.153250217437744,4.21150016784668,289840000,NVDA,-0.0020285714679213473,0.06399091869530515,0.15645733843138077,4.057924032211304,3.9349141120910645,3.853332371711731,0.016520804673434628,0.021357448651004387,-0.42763708747373574,417644200.0,69.95353971954633,0.025744433346121837,-0.0011357790764788822,0
2019-07-16,4.141558170318604,4.177000045776367,4.204249858856201,4.120999813079834,4.166749954223633,341444000,NVDA,-0.0011357790764788822,0.062106718804255,0.15203736932355993,4.106359577178955,3.9622427225112915,3.845538411140442,0.016856919114695015,0.021419981712145934,0.17804305823902844,420914400.0,71.89780125092723,0.024088103785694925,0.015740989239853898,1
2019-07-17,4.206750392913818,4.24275016784668,4.249750137329102,4.149250030517578,4.178750038146973,348204000,NVDA,0.015740989239853898,0.0602897572528549,0.11008644503302967,4.154200077056885,3.9831017374992372,3.840613102912903,0.01673904643072694,0.018529572974055282,0.019798268530125007,409228600.0,67.14803677639017,0.02540791628555246,0.0027691521214392445,1
2019-07-18,4.218399524688721,4.254499912261963,4.317749977111816,4.196249961853027,4.2532501220703125,442192000,NVDA,0.0027691521214392445,0.023453902478189237,0.11141548851463567,4.173534202575683,4.004245722293854,3.8392583608627318,0.00734566521295744,0.018518476913967817,0.2699222294976509,414756000.0,62.88465447698118,0.02504902546877595,-0.010224351094343942,0
2019-07-19,4.17526912689209,4.210999965667725,4.299499988555908,4.204999923706055,4.293000221252441,344896000,NVDA,-0.010224351094343942,0.004951895024324582,0.09305637130222277,4.17764892578125,4.022018611431122,3.8366399145126344,0.009488724471259915,0.018844128500639178,-0.22003111770452655,414492400.0,57.59644948971481,0.020103776186449346,0.01709822120940041,1
2019-07-22,4.246658802032471,4.2829999923706055,4.296000003814697,4.224999904632568,4.232500076293945,315940000,NVDA,0.01709822120940041,0.024212473030134518,0.12888780159162994,4.197727203369141,4.046261167526245,3.8372963285446167,0.011576140427121906,0.018436160287924986,-0.08395574318055299,408568000.0,58.987763674550266,0.019805707352025526,0.025332900511111145,1
2019-07-23,4.354238986968994,4.391499996185303,4.393499851226807,4.3067498207092285,4.322500228881836,428176000,NVDA,0.025332900511111145,0.0513528502809919,0.15066176117574526,4.240263366699219,4.074767255783081,3.840782780647278,0.013961091339361086,0.018923105657420478,0.3552446667088687,415829400.0,73.11542714865607,0.024700479026558364,0.017078353274012636,1
2019-07-24,4.42860221862793,4.46649980545044,4.472249984741211,4.358500003814697,4.434999942779541,366236000,NVDA,0.017078353274012636,0.05273710227443407,0.179429600134154,4.284633731842041,4.1084539771080015,3.8508916187286375,0.01410718961849323,0.018704130505870734,-0.14466013975561454,418547800.0,75.2300720172392,0.030417304765250633,-0.029553638608307176,0
2019-07-25,4.297720909118652,4.334499835968018,4.4375,4.310999870300293,4.424749851226807,392700000,NVDA,-0.029553638608307176,0.018803668065505263,0.08865990688204639,4.300498008728027,4.125954186916351,3.8566050815582273,0.023053545146623087,0.01765563081951419,0.07225941742482989,408979200.0,69.17455711924714,0.023182138294663715,0.009747614938198979,1
2019-07-26,4.339613437652588,4.3767499923706055,4.423749923706055,4.36175012588501,4.36175012588501,274160000,NVDA,0.009747614938198979,0.03936136947484137,0.07253582591524355,4.333366870880127,4.140628635883331,3.864374566078186,0.021673347168487667,0.017042543558072165,-0.30185892538833714,400415200.0,77.09343146209724,0.01918137934131159,-0.0014282215389389563,0
2019-07-29,4.333415508270264,4.370500087738037,4.386750221252441,4.281750202178955,4.369500160217285,248160000,NVDA,-0.0014282215389389563,0.020429403510418886,0.06448225878714942,4.350718212127686,4.15375372171402,3.8717180490493774,0.021296749923108444,0.017068353343398908,-0.09483513276918587,392939800.0,76.44204443021667,0.014304871834501923,0.0036038302208745154,1
2019-07-30,4.349032402038574,4.386250019073486,4.398499965667725,4.309249877929688,4.323750019073486,197772000,NVDA,0.0036038302208745154,-0.0011957508409624618,0.05584618414102138,4.349676895141601,4.1652552485466,3.881186256408691,0.017854062262715648,0.01695034380007016,-0.2030464216634429,367340600.0,74.8304610775879,0.010494664035587228,-0.038358407391107296,0
2019-07-31,4.182210445404053,4.2179999351501465,4.355500221252441,4.17549991607666,4.354499816894531,359416000,NVDA,-0.038358407391107296,-0.05563646520057386,0.04000495650900504,4.300398540496826,4.173298919200898,3.8896850299835206,0.02137684923168883,0.018412099273234867,0.8173250005056327,365300000.0,53.87295366037313,-0.0041142110596671805,-0.02252241004769162,0
2019-08-01,4.088016986846924,4.123000144958496,4.319499969482422,4.070499897003174,4.228499889373779,421212000,NVDA,-0.02252241004769162,-0.04879421598242706,0.01333379194135853,4.25845775604248,4.175988495349884,3.8946608400344847,0.020058044392739314,0.01921391428583638,0.17193447147594987,374028800.0,46.04068522605199,-0.020081302045692112,-0.022617010954961603,0
2019-08-02,3.995558261871338,4.029749870300293,4.099500179290772,3.982000112533569,4.029749870300293,428348000,NVDA,-0.022617010954961603,-0.07928244778580062,0.005991436585737198,4.1896467208862305,4.17717832326889,3.899203729629517,0.01719391085332869,0.019595276038480373,0.016941587609089925,375618600.0,41.86303243253261,-0.03590619915127202,-0.0645202405501275,0
2019-08-05,3.7377638816833496,3.7697501182556152,3.846250057220459,3.722500085830689,3.8450000286102295,589156000,NVDA,-0.0645202405501275,-0.13745546104455508,-0.04083687105638811,4.0705163955688475,4.169221460819244,3.901007266044617,0.024974537634323907,0.02410811071798206,0.37541438269817995,388587000.0,32.877913301160305,-0.06128190240213974,0.010345583345314546,1
2019-08-06,3.776433229446411,3.808749914169312,3.890749931335449,3.7607500553131104,3.8450000286102295,361272000,NVDA,0.010345583345314546,-0.13166127994902077,-0.03152993603802856,3.955996561050415,4.163074100017548,3.9046587562561035,0.027245666782529973,0.024257093615117728,-0.3867973847334153,389507600.0,31.33339635235687,-0.0722543332430987,0.01010820474296259,1
2019-08-07,3.814606189727783,3.847249984741211,3.859250068664551,3.7300000190734863,3.747499942779541,372560000,NVDA,0.01010820474296259,-0.0878971205478768,-0.03854816826433727,3.882475709915161,4.155427014827728,3.909974970817566,0.030819307687337025,0.024011138454816002,0.031245156004340302,385531800.0,32.8779675876426,-0.07349087506793789,0.02839686547516318,1
2019-08-08,3.922929048538208,3.9565000534057617,3.957750082015991,3.847500085830689,3.905250072479248,309300000,NVDA,0.02839686547516318,-0.040383378748151344,-0.04823215051738272,3.849458122253418,4.1454870223999025,3.9189382696151736,0.03673148096486537,0.023180822177441773,-0.1697981533175864,366868800.0,39.86061095511673,-0.06391602549611419,-0.025780485508744233,0
2019-08-09,3.821794033050537,3.8545000553131104,3.918750047683716,3.8037500381469727,3.915250062942505,341816000,NVDA,-0.025780485508744233,-0.043489349280422585,-0.08012656449629219,3.8147052764892577,4.1288419485092165,3.9264093255996704,0.03707917892305794,0.023624335084172318,0.10512770772712576,358640000.0,33.32687745393589,-0.06128816933949342,-0.017706372008175153,0
2019-08-12,3.75412392616272,3.786250114440918,3.8545000553131104,3.764250040054321,3.802000045776367,279200000,NVDA,-0.017706372008175153,0.004376960395904517,-0.09457747143790474,3.817977285385132,4.109234774112702,3.9343364906311034,0.022293406244042854,0.023818371293489595,-0.18318627565707868,358108000.0,25.68791194016272,-0.06087697020999031,0.03037291461282976,1
2019-08-13,3.868147611618042,3.901249885559082,3.947499990463257,3.745500087738037,3.784749984741211,351956000,NVDA,0.03037291461282976,0.0242859800767814,-0.06601635120327898,3.836320161819458,4.095564246177673,3.945376992225647,0.025885704971669834,0.02507417023833766,0.2605873925501432,358633600.0,28.001566185075973,-0.050142660212379855,-0.03832068750193762,0
2019-08-14,3.719917535781861,3.7517499923706055,3.8237500190734863,3.707750082015991,3.8125,419880000,NVDA,-0.03832068750193762,-0.024822655140891325,-0.11572658505054567,3.8173824310302735,4.071222603321075,3.948882040977478,0.0318958160331038,0.02583787213803112,0.1929900328450147,362217400.0,27.625332714144193,-0.05012287168978974,-0.008663182388167545,0
2019-08-15,3.68769121170044,3.719249963760376,3.790750026702881,3.6847500801086426,3.770750045776367,477200000,NVDA,-0.008663182388167545,-0.059964846146127515,-0.1258079776185832,3.7703348636627205,4.044687187671662,3.952595238685608,0.026085625275327796,0.025764465452209773,0.1365151948175669,363967800.0,24.564764986673836,-0.04930244640555234,0.07252844032616412,1
2019-08-16,3.955153703689575,3.989000082015991,4.03849983215332,3.921999931335449,3.983750104904175,1007960000,NVDA,0.07252844032616412,0.03489452060622722,-0.05271885871614701,3.797006797790528,4.033681416511536,3.9604182863235473,0.04401111278889071,0.031188556154913526,1.1122380553227158,397121000.0,37.74104789625657,-0.028785395196991706,0.07031857090404503,1
2019-08-19,4.233274459838867,4.269499778747559,4.2855000495910645,4.086750030517578,4.103000164031982,815112000,NVDA,0.07031857090404503,0.12763311576821357,-0.003151734767859793,3.892836904525757,4.033012199401855,3.9729510736465454,0.048692934465414874,0.03496709808869416,-0.1913250525814516,422079600.0,46.793945472165426,0.0037473750841001546,-0.01703976877206337,0
2019-08-20,4.161140441894531,4.196750164031982,4.264500141143799,4.17549991607666,4.263999938964844,463188000,NVDA,-0.01703976877206337,0.07574499726858419,-0.04434725462987954,3.9514354705810546,4.023357272148132,3.9825886058807374,0.05195269674677703,0.03466039860944216,-0.43174925654388596,423830200.0,49.384139233287,0.01974496127123348,0.02001548379289675,1
2019-08-21,4.244427680969238,4.280749797821045,4.336249828338623,4.241499900817871,4.26324987411499,427244000,NVDA,0.02001548379289675,0.14100047652726655,-0.0415875096851106,4.056337499618531,4.014148545265198,3.9927417135238645,0.04245159601227762,0.03475025838790433,-0.0776013195505928,426880600.0,54.60110488123875,0.03441361327516219,0.0014600262211541537,1
2019-08-22,4.250624656677246,4.287000179290772,4.333250045776367,4.247499942779541,4.290500164031982,303488000,NVDA,0.0014600262211541537,0.15265200166182868,-0.010958425043720355,4.168924188613891,4.011793732643127,4.005274467468261,0.0404961085254232,0.03412131526804266,-0.28966117721957474,422420000.0,57.904397096383136,0.042482204004984106,-0.05271742654365408,0
2019-08-23,4.026542663574219,4.060999870300293,4.264750003814697,4.040999889373779,4.210000038146973,568056000,NVDA,-0.05271742654365408,0.018049604448506784,-0.07214254877220527,4.1832019805908205,3.996140193939209,4.012304315567016,0.0456064924045849,0.03598952028201353,0.871757697174188,437114800.0,59.14010870096731,0.031198343981806403,0.018529838925131825,1
2019-08-26,4.10115385055542,4.136250019073486,4.164500236511231,4.097750186920166,4.140250205993652,318208000,NVDA,0.018529838925131825,-0.03121002678585505,-0.053597827688477095,4.156777858734131,3.984527111053467,4.022621030807495,0.030160207671905387,0.03631430854762867,-0.4398298759277255,440617200.0,60.0490656498395,0.02736705494856364,-0.02206111727789095,0
2019-08-27,4.010677814483643,4.045000076293945,4.177499771118164,4.015500068664551,4.174749851226807,290968000,NVDA,-0.02206111727789095,-0.036158988025500105,-0.07779996934406164,4.126685333251953,3.9676093816757203,4.030934867858886,0.030700533949308398,0.03655376423381405,-0.08560438455349961,445277000.0,55.87752161589249,0.017809879578147853,-0.0025982638689494575,0
2019-08-28,4.000257015228272,4.0304999351501465,4.083499908447266,3.974999904632568,4.014500141143799,255612000,NVDA,-0.0025982638689494575,-0.05752734740557719,-0.04350652186231663,4.07785120010376,3.958511710166932,4.035148606300354,0.027200208199159144,0.03561697980559303,-0.12151164389211189,440086800.0,52.46255378771673,0.01023317837770962,0.03585167836491587,1
2019-08-29,4.143672943115234,4.175000190734863,4.207499980926514,4.11899995803833,4.122499942779541,357976000,NVDA,0.03585167836491587,-0.02516141089851409,0.013614414139516029,4.056460857391357,3.961294507980347,4.042111668586731,0.03462481779056613,0.036201242821941114,0.4004663317841104,436925000.0,59.98162277356533,0.014089160267782726,0.003054001007144924,1
2019-08-30,4.156327724456787,4.187749862670898,4.271500110626221,4.16949987411499,4.221499919891357,290616000,NVDA,0.003054001007144924,0.03223238190337785,0.04023704625199276,4.0824178695678714,3.96933298110962,4.048841996192932,0.021889572470163342,0.035761212151242026,-0.18816903926520212,430038400.0,62.91314698926067,0.016531806551883486,-0.01993942259297965,0
2019-09-03,4.073452949523926,4.104249954223633,4.147749900817871,4.081250190734863,4.114500045776367,296140000,NVDA,-0.01993942259297965,-0.006754416449834655,0.08981013206468091,4.076877689361572,3.9861174345016486,4.05507490158081,0.023341014731276217,0.03260920669921097,0.019007900459713234,415387600.0,56.72605911375454,0.011826401466384265,0.027958654515870318,1
2019-09-04,4.187341213226318,4.218999862670898,4.226500034332275,4.165249824523926,4.165249824523926,227728000,NVDA,0.027958654515870318,0.04404826488547564,0.10880848642467389,4.112210369110107,4.006662833690644,4.063139381408692,0.022845772804498683,0.03300209949188328,-0.23101235901938277,408710400.0,65.6658908768492,0.015417404063270732,0.06506321079188027,1
2019-09-05,4.45978307723999,4.493500232696533,4.499750137329102,4.320000171661377,4.321750164031982,695676000,NVDA,0.06506321079188027,0.11487413440246041,0.16913328805725247,4.204115581512451,4.038921678066254,4.077237687110901,0.032399422063726056,0.035576799030688104,2.054854914635003,424866200.0,72.28816256323631,0.034103568956637964,-0.006064145415463518,0
2019-09-06,4.432738304138184,4.466249942779541,4.527249813079834,4.427999973297119,4.46999979019165,376976000,NVDA,-0.006064145415463518,0.0697606604071479,0.1299562773866494,4.261928653717041,4.064412140846253,4.086938118934631,0.03345356377880271,0.035393215343223414,-0.4581155595420857,428250000.0,66.00860778293568,0.04208126303700062,0.010355281329018196,1
2019-09-09,4.478640556335449,4.512499809265137,4.599500179290772,4.495999813079834,4.497499942779541,417524000,NVDA,0.010355281329018196,0.07754750184450065,0.17186863488836956,4.326391220092773,4.097254467010499,4.095588440895081,0.03301196719108127,0.034559679158388916,0.10756122405670387,432035400.0,59.741149727133475,0.04748828818952756,0.014847445644825319,1
2019-09-10,4.54513692855835,4.579500198364258,4.606249809265137,4.469749927520752,4.479499816894531,352812000,NVDA,0.014847445644825319,0.11579463047180916,0.21070508538170807,4.420728015899658,4.13680511713028,4.1050729036331175,0.026755218864005934,0.03402188994642182,-0.1549898927965817,435716000.0,65.31338958201414,0.05220665588078059,0.006277904493391162,1
2019-09-11,4.573670864105225,4.608250141143799,4.656750202178955,4.565000057220459,4.594250202178955,361512000,NVDA,0.006277904493391162,0.09226132555394062,0.1823930530386515,4.4979939460754395,4.172081279754639,4.114166283607483,0.027385081378334394,0.03369302012992035,0.024659025203224383,436193800.0,63.72945025568997,0.05370437823514662,-0.0003252818092507326,0
2019-09-12,4.572183132171631,4.606750011444092,4.710000038146973,4.598750114440918,4.65500020980835,327840000,NVDA,-0.0003252818092507326,0.02520303184817707,0.22910873378020713,4.520473957061768,4.214694559574127,4.125183205604554,0.008337513721347226,0.031911924901720755,-0.09314213636061874,431591800.0,63.461869378802135,0.051066633582145915,-0.012644439005093933,0
2019-09-13,4.514370441436768,4.548500061035156,4.577000141143799,4.504499912261963,4.539750099182129,324592000,NVDA,-0.012644439005093933,0.018415735759175433,0.22417257364537724,4.536800384521484,4.256028521060943,4.1347861051559445,0.010706860671742051,0.032052112971947176,-0.009907271839921905,423961400.0,73.72561515509506,0.04226421478663872,-0.009508497704894592,0
2019-09-16,4.471445560455322,4.505249977111816,4.539999961853027,4.462500095367432,4.4730000495910645,231832000,NVDA,-0.009508497704894592,-0.0016065133581548707,0.130536483647683,4.535361385345459,4.281843113899231,4.1447797822952275,0.011290392498113616,0.02879992753147501,-0.28577414107556565,385155000.0,68.58194348065376,0.030913111549914996,0.004771842132400339,1
2019-09-17,4.4927825927734375,4.526750087738037,4.531000137329102,4.465250015258789,4.51200008392334,223048000,NVDA,0.004771842132400339,-0.01151875875420949,0.06130198629843808,4.524890518188476,4.2948185205459595,4.15669741153717,0.008462560824209169,0.024580804869242454,-0.037889506194140554,355551800.0,75.99687332063124,0.022590173815066755,-0.006019604230417808,0
2019-09-18,4.465737819671631,4.499499797821045,4.5355000495910645,4.412499904632568,4.519750118255615,258152000,NVDA,-0.006019604230417808,-0.023598778233183904,0.07320045598807501,4.503303909301758,4.310048389434814,4.168024559020996,0.00701464282394797,0.0242226142200697,0.15738316416197407,345300000.0,74.6583591742623,0.013462432331716442,-0.016890700392757085,0
2019-09-19,4.390308380126953,4.423500061035156,4.52400016784668,4.412749767303467,4.505499839782715,245476000,NVDA,-0.016890700392757085,-0.03977853615812921,0.03436993397526855,4.466928958892822,4.3173424243927006,4.176479768753052,0.008214558244844216,0.024329059127653457,-0.04910285413244908,336211600.0,64.07939722567016,0.0011902667584434284,-0.02401971773223055,0
2019-09-20,4.284854412078857,4.317249774932861,4.446249961853027,4.307000160217285,4.422500133514404,350244000,NVDA,-0.02401971773223055,-0.0508412041801477,0.008052876498478856,4.42102575302124,4.319053912162781,4.179742279052735,0.010928988049039917,0.025014633862628137,0.42679528752301654,338549400.0,56.63416449498734,-0.014328243843655511,0.012450379707702908,1
2019-09-23,4.338202476501465,4.370999813079834,4.416749954223633,4.31374979019165,4.317500114440918,249712000,NVDA,0.012450379707702908,-0.02979865955033334,0.07740134377480978,4.394377136230469,4.334636902809143,4.183412418365479,0.014997916394418668,0.021717961656830057,-0.28703418188462904,322632200.0,64.09522668329329,-0.020900962960980346,-0.013212323324030772,0
2019-09-24,4.280884742736816,4.3132500648498535,4.432250022888184,4.277500152587891,4.402500152587891,317268000,NVDA,-0.013212323324030772,-0.047164056052357184,0.0438244695836163,4.351997566223145,4.343623447418213,4.186104764938355,0.013902796064278494,0.021756554198998454,0.2705356570769526,322585200.0,55.29946323265231,-0.028536875669806186,0.03303820837175264,1
2019-09-25,4.4223175048828125,4.455749988555908,4.475500106811523,4.267749786376953,4.312749862670898,308432000,NVDA,0.03303820837175264,-0.009722987900801394,0.10263594071621207,4.343313503265381,4.364205431938172,4.191719951629639,0.02381403752890361,0.021987748685274925,-0.027850271694592532,323458400.0,47.507500877137886,-0.023690056718670388,-0.004993815147970593,0
2019-09-26,4.400233268737793,4.433499813079834,4.454750061035156,4.38224983215332,4.446000099182129,234564000,NVDA,-0.004993815147970593,0.0022606358714494235,0.09998763879092798,4.345298480987549,4.384204244613647,4.1955896091461184,0.022476969328126963,0.02203848613221838,-0.23949525341080047,322406000.0,47.823146282985874,-0.02165466004631786,-0.03146514104203768,0
2019-09-27,4.261779308319092,4.294000148773193,4.442500114440918,4.232999801635742,4.391499996185303,362056000,NVDA,-0.03146514104203768,-0.005385271362947086,0.02850282028172435,4.340683460235596,4.390109562873841,4.196457204818725,0.0246606719489761,0.02221882359128335,0.5435275660374141,322610000.0,37.07863380839519,-0.028865195840624816,0.013449025851349994,1
2019-09-30,4.319096088409424,4.351749897003174,4.361999988555908,4.28849983215332,4.320000171661377,186184000,NVDA,0.013449025851349994,-0.004404217690514356,0.0391615807855743,4.336862182617187,4.3982479810714725,4.199333744049072,0.024798844015542377,0.0223747578091783,-0.48575910908809683,317388400.0,36.38272080156729,-0.028933493857082174,-0.00040219474903457897,0
2019-10-01,4.31735897064209,4.349999904632568,4.525000095367432,4.345250129699707,4.375,366008000,NVDA,-0.00040219474903457897,0.008520254596239063,0.059876970260984486,4.344157028198242,4.41044328212738,4.200747747421264,0.023817127576761053,0.021777825675537807,0.9658402440596399,320881800.0,34.043955300217945,-0.028224331823101398,-0.005517133674937003,0
2019-10-02,4.293539524078369,4.326000213623047,4.340000152587891,4.2532501220703125,4.328000068664551,293372000,NVDA,-0.005517133674937003,-0.029120021496026882,0.02536175234934479,4.318401432037353,4.415753197669983,4.199533758163452,0.016271829253113473,0.021043439779150023,-0.19845467858626042,324164000.0,33.12300069430566,-0.028409962011085227,0.047792448083978645,1
2019-10-03,4.4987382888793945,4.532750129699707,4.539000034332275,4.300000190734863,4.33050012588501,450588000,NVDA,0.047792448083978645,0.02238631775307165,0.008734777222284107,4.3381024360656735,4.417700958251953,4.200936479568481,0.02903368166095554,0.018496226374245438,0.5358929959232646,311909600.0,49.19661993699999,-0.014466540316430604,0.0036402418433207906,1
2019-10-04,4.515114784240723,4.54925012588501,4.578750133514404,4.4695000648498535,4.534999847412109,265524000,NVDA,0.0036402418433207906,0.05944359329614146,0.018583655169906343,4.38876953125,4.42181978225708,4.205284357070923,0.021292801899812138,0.018439515594102587,-0.41071666355961545,306337000.0,52.307243476276064,-0.004415463773335862,0.012968901714056624,1
2019-10-07,4.573670864105225,4.608250141143799,4.708499908447266,4.60575008392334,4.614500045776367,480984000,NVDA,0.012968901714056624,0.05894167911174031,0.021218560983945478,4.43968448638916,4.426571297645569,4.209965505599976,0.02128454467803035,0.018517795576398863,0.811452072129073,309510000.0,54.11197486783068,0.00537093847390023,-0.038517640751888904,0
2019-10-08,4.397503852844238,4.430749893188477,4.515999794006348,4.412499904632568,4.515999794006348,444436000,NVDA,-0.038517640751888904,0.018563404791478222,-0.032481546328448796,4.45571346282959,4.4191896438598635,4.211247272491455,0.0312115676897011,0.02021643492647225,-0.07598589558072621,314091200.0,46.9879731096767,-0.0005132921518773981,0.01963569781465102,1
2019-10-09,4.483851909637451,4.517749786376953,4.567500114440918,4.479000091552734,4.507999897003174,292412000,NVDA,0.01963569781465102,0.0443252902393938,-0.019638263691575286,4.493775939941406,4.414698696136474,4.213943662643433,0.03130624322853627,0.02070026132013917,-0.3420604991494839,310636200.0,54.0898335296509,0.0008431574775778355,0.012837807586874472,1
2019-10-10,4.541414737701416,4.57574987411499,4.626999855041504,4.510250091552734,4.515500068664551,309124000,NVDA,0.012837807586874472,0.009486315069163975,-0.006729475522035955,4.5023112297058105,4.413160276412964,4.22112774848938,0.02341526464756122,0.02092381363050859,0.05715223725428498,309700400.0,61.70739243392852,0.004827890108320465,0.016172448721062382,1
2019-10-11,4.614860534667969,4.649750232696533,4.733500003814697,4.641250133514404,4.660250186920166,446404000,NVDA,0.016172448721062382,0.02209152041392004,0.02226004589894015,4.52226037979126,4.418184781074524,4.231664619445801,0.024274589706972455,0.02100873344268288,0.4440936323287743,315791000.0,62.397106371776864,0.011253703568719284,0.0029030599508330646,1
2019-10-14,4.628257751464844,4.663249969482422,4.684249877929688,4.609749794006348,4.640999794006348,200040000,NVDA,0.0029030599508330646,0.01193502746076991,0.035069685829643316,4.533177757263184,4.426025390625,4.244318609237671,0.023822211788486116,0.02085508097228404,-0.551885735790898,314201400.0,66.20366292544696,0.015014877872983265,0.05275320002967199,1
2019-10-15,4.872413158416748,4.909249782562256,4.982250213623047,4.739999771118164,4.754000186920166,664124000,NVDA,0.05275320002967199,0.10799519942781766,0.08449787137573495,4.628159618377685,4.445006918907166,4.267011594772339,0.018890841213591428,0.023756949287161905,2.3199560087982403,336255200.0,69.15921578497618,0.03160096766336283,-0.010999696521625024,0
2019-10-16,4.818818092346191,4.855249881744385,4.980500221252441,4.84375,4.875,428944000,NVDA,-0.010999696521625024,0.07470500575381944,0.0790642637190293,4.695152854919433,4.462660932540894,4.287859292030334,0.023734566187199463,0.02389682531109083,-0.3541206160295367,344794800.0,67.35239211239809,0.03628223120009151,0.00041233771438453637,1
2019-10-17,4.820805072784424,4.857250213623047,4.945250034332275,4.802499771118164,4.900000095367432,263436000,NVDA,0.00041233771438453637,0.0615205505816494,0.09805613988442019,4.751030921936035,4.484185767173767,4.3079832696914675,0.024616756115838866,0.023405778368698355,-0.385849901152598,345692800.0,76.130928128257,0.036720802520175205,-0.019558631333988385,0
2019-10-18,4.7265167236328125,4.762249946594238,4.890500068664551,4.6875,4.857749938964844,307440000,NVDA,-0.019558631333988385,0.02419492162895387,0.10307522008423997,4.773362159729004,4.506268882751465,4.32405502319336,0.02812861755673206,0.0231348963228846,0.16703867352981372,343552600.0,68.40809193112146,0.028249385165672186,0.028977856029080762,1
2019-10-21,4.863481044769287,4.90024995803833,4.913750171661377,4.804999828338623,4.823999881744385,261868000,NVDA,0.028977856029080762,0.05082329160038568,0.12108207745329391,4.820406818389893,4.532532811164856,4.3448887634277344,0.029975472698053746,0.023697011273583694,-0.14823054905022115,344160400.0,71.98803704384895,0.029331064327506137,-0.0020407945166502905,0
2019-10-22,4.853555679321289,4.890250205993652,5.0632500648498535,4.882500171661377,4.957499980926514,328720000,NVDA,-0.0020407945166502905,-0.0038702545293975987,0.13377396753231863,4.816635322570801,4.56116635799408,4.366877398490906,0.018340698891602933,0.02334953478614363,0.2552889241908136,344733000.0,72.80255976639025,0.026902727837095713,-0.0026580161365303834,0
2019-10-23,4.840654850006104,4.8772501945495605,4.891499996185303,4.775750160217285,4.807750225067139,279916000,NVDA,-0.0026580161365303834,0.004531558826550652,0.09459685892326664,4.821002674102783,4.582083225250244,4.386327543258667,0.017524176771068153,0.02256986081558066,-0.1484667802385009,343307200.0,66.50702569157681,0.022150475036244566,0.009072569821335197,1
2019-10-24,4.8845720291137695,4.921500205993652,4.955249786376953,4.884500026702881,4.918749809265137,232020000,NVDA,0.009072569821335197,0.013227449641002531,0.11007115550374191,4.833756065368652,4.606300163269043,4.409620633125305,0.01787280290088037,0.02246854492462485,-0.17110847539976282,343180000.0,67.37460499418313,0.0197662646054252,0.03901240666205252,1
2019-10-25,5.075130939483643,5.113500118255615,5.134500026702881,4.994750022888184,5.002500057220459,423092000,NVDA,0.03901240666205252,0.07375711041235555,0.1908478999785066,4.903478908538818,4.64696774482727,4.437369427680969,0.018761097361837734,0.021889689663939026,0.8235152142056719,346231800.0,70.97784838406989,0.028304562898035263,0.011000325932103427,1
2019-10-28,5.1309590339660645,5.169750213623047,5.222499847412109,5.127999782562256,5.15749979019165,330792000,NVDA,0.011000325932103427,0.05499723073547336,0.18797056813237556,4.956974506378174,4.687560892105102,4.460885534286499,0.01691846891816542,0.02187031542259203,-0.21815586208200577,353462200.0,84.11818070912868,0.03457856861051034,-0.018714637121794997,0
2019-10-29,5.034934997558594,5.072999954223633,5.16225004196167,5.053500175476074,5.155749797821045,211236000,NVDA,-0.018714637121794997,0.03737040022226923,0.16620717243944716,4.993250370025635,4.723439693450928,4.476918745040893,0.021202243268302258,0.022648609322714564,-0.3614234927084089,345723600.0,75.40606216753204,0.029334806062128294,0.0003937863954093235,1
2019-10-30,5.036917686462402,5.074999809265137,5.10575008392334,5.006499767303467,5.099999904632568,205960000,NVDA,0.0003937863954093235,0.040544687142081814,0.17313877238468023,5.032502937316894,4.760608601570129,4.494434289932251,0.02087660876054729,0.022501595492421166,-0.024976803196424813,341353000.0,74.07761316868618,0.023334516492733354,-0.009753216407707432,0
2019-10-31,4.987791538238525,5.0254998207092285,5.074999809265137,4.945250034332275,5.053999900817871,209732000,NVDA,-0.009753216407707432,0.021131740613001826,0.10870897970838644,5.053146839141846,4.785061264038086,4.509301567077637,0.022317212955280632,0.02079414279303825,0.01831423577393676,329310200.0,68.56023408744109,0.013859764868066643,0.0078100166182974995,1
2019-11-01,5.026746273040772,5.0647501945495605,5.097249984741211,4.964749813079834,4.989999771118164,283640000,NVDA,0.0078100166182974995,-0.009533678444913818,0.11331527840351185,5.043469905853272,4.810642838478088,4.524823999404907,0.012352713792718958,0.02079671765117792,0.35239257719375194,330216000.0,69.34019531562794,0.008293496849168414,0.03904418683208455,1
2019-11-04,5.223011493682861,5.262499809265137,5.275000095367432,5.123000144958496,5.146249771118164,376716000,NVDA,0.03904418683208455,0.017940595336549237,0.1419736244410914,5.061880397796631,4.843109869956971,4.54875337600708,0.02213833847404969,0.022062762982632125,0.32814835707234513,325002600.0,67.84546156198579,0.015489068745227486,-0.004227983350267084,0
2019-11-05,5.200928688049316,5.240250110626221,5.28849983215332,5.191999912261963,5.262249946594238,300868000,NVDA,-0.004227983350267084,0.03296838798737456,0.18270020040697288,5.095079135894776,4.883281111717224,4.570748872756958,0.019217603659394736,0.01953616005554838,-0.20134000148653097,317824200.0,70.09404288098604,0.01633654723625183,-0.009446199360455543,0
2019-11-06,5.15179967880249,5.1907501220703125,5.2417497634887695,5.102749824523926,5.216000080108643,269012000,NVDA,-0.009446199360455543,0.02280799478793427,0.14896740182907764,5.118055534362793,4.916678500175476,4.593571310043335,0.020481171893830016,0.019752910231713796,-0.10588031960859912,316654200.0,66.58376528061285,0.01139747771568339,0.0034198106331231326,1
2019-11-07,5.169417858123779,5.208499908447266,5.292500019073486,5.16349983215332,5.277750015258789,280340000,NVDA,0.0034198106331231326,0.036414176192575365,0.13828358709652222,5.154380798339844,4.948078656196595,4.616954526901245,0.0189495183579134,0.01972240427246055,0.042109645666364326,315215000.0,74.0373352987668,0.00732409867483369,-0.0026879302798482607,0
2019-11-08,5.15552282333374,5.194499969482422,5.226250171661377,5.153749942779541,5.191500186920166,189100000,NVDA,-0.0026879302798482607,0.025618271402242154,0.11715679912842081,5.180136108398438,4.975111770629883,4.6371915245056154,0.01945644784047564,0.019695452284471584,-0.3254619390739816,302349800.0,68.2935833745529,0.0019790581093576676,0.0019250983752647777,1
2019-11-11,5.16544771194458,5.204500198364258,5.227749824523926,5.10699987411499,5.193749904632568,243436000,NVDA,0.0019250983752647777,-0.01102118611224645,0.11606742522274516,5.168623352050782,5.00197126865387,4.657373924255371,0.005134609200337725,0.019704066954407327,0.2873400317292438,304519600.0,69.53702083020956,-0.002367218214866601,0.0068689062562166114,1
2019-11-12,5.200928688049316,5.240250110626221,5.296500205993652,5.207749843597412,5.243000030517578,283504000,NVDA,0.0068689062562166114,0.0,0.06742357820479183,5.168623352050782,5.018397045135498,4.679923439025879,0.006305500837851596,0.016315363845097883,0.16459356874085995,285488600.0,71.946829084939,-0.004223324305825921,-0.004961154796061074,0
2019-11-13,5.175126075744629,5.214250087738037,5.236499786376953,5.147500038146973,5.208749771118164,300188000,NVDA,-0.004961154796061074,0.004527815209530939,0.07394094912284976,5.173288631439209,5.03621244430542,4.699679136276245,0.00475009619476871,0.016089316102841745,0.05884925785879558,279050800.0,68.09914645274124,-0.0083226894210999,0.005849152116653933,1
2019-11-14,5.2053961753845215,5.244750022888184,5.247000217437744,5.163000106811523,5.223249912261963,518080000,NVDA,0.005849152116653933,0.006959839240738175,0.07977736016983639,5.180484294891357,5.055441999435425,4.714591398239135,0.005175786794861002,0.016076868698067213,0.7258517995389555,291783000.0,60.13919467212202,-0.010015791767520793,-0.026693428584802836,0
2019-11-15,5.066446304321289,5.104750156402588,5.29449987411499,5.015999794006348,5.242499828338623,1053628000,NVDA,-0.026693428584802836,-0.017277882780247555,0.07191968220250078,5.162668991088867,5.072438478469849,4.727265558242798,0.013823665547722679,0.016693678936432702,1.0337168004941324,329092400.0,45.55395114154021,-0.020888335190905716,0.03962020903693397,1
2019-11-18,5.2671799659729,5.307000160217285,5.333749771118164,5.094250202178955,5.097249984741211,574588000,NVDA,0.03962020903693397,0.019694760203084583,0.08300616728789234,5.183015441894531,5.0926234245300295,4.743036346435547,0.023993460813789492,0.017685041705597697,-0.4546576210958706,344728400.0,63.987021915594205,-0.015218999517357362,-0.020209437250890083,0
2019-11-19,5.160733222961426,5.199749946594238,5.299499988555908,5.141250133514404,5.275750160217285,414564000,NVDA,-0.020209437250890083,-0.007728516866661095,0.0632891768294479,5.174976348876953,5.1079823017120365,4.755348272323609,0.026179041002134945,0.018468609713231554,-0.2785021615487967,349020600.0,56.623418628830414,-0.019047579057219793,0.015337376264016322,1
2019-11-20,5.239885330200195,5.2795000076293945,5.363749980926514,5.164000034332275,5.176750183105469,472588000,NVDA,0.015337376264016322,0.012513560734121576,0.08247447764088922,5.187928199768066,5.127943825721741,4.7686725616455075,0.02702547691482273,0.018604347908125284,0.13996391389508012,358654200.0,63.06583594273245,-0.01674066906593147,-0.004735533408633974,0
2019-11-21,5.215071678161621,5.254499912261963,5.330999851226807,5.232749938964844,5.275000095367432,288388000,NVDA,-0.004735533408633974,0.0018587447431674953,0.0676619460370238,5.189863300323486,5.144468808174134,4.781530332565308,0.02713935535275551,0.018667494424014653,-0.389768678002827,361472600.0,59.905973426356596,-0.01730578163745053,0.0033783196873526933,1
2019-11-22,5.23268985748291,5.272250175476074,5.323999881744385,5.248499870300293,5.277249813079834,224100000,NVDA,0.0033783196873526933,0.03281265470430972,0.03104529122066313,5.223112010955811,5.152346754074097,4.795896720886231,0.022495915464237463,0.016689634849844173,-0.2229218968889135,351523000.0,50.6269037680941,-0.016894054450370066,0.048935523020124494,1
2019-11-25,5.4887542724609375,5.530250072479248,5.535250186920166,5.388000011444092,5.401000022888184,506476000,NVDA,0.048935523020124494,0.042066970925515035,0.06973262427673466,5.267426872253418,5.17023651599884,4.816242895126343,0.02601641534451042,0.01969243339065875,1.260044622936189,360307200.0,64.30687681202016,-0.0006360597734853535,-0.01903159758806372,0
2019-11-26,5.384294509887695,5.425000190734863,5.517250061035156,5.418499946594238,5.512499809265137,385244000,NVDA,-0.01903159758806372,0.04331967518328361,0.06938709486785899,5.3121391296386715,5.187704491615295,4.834073133468628,0.02569434721767335,0.019711419385377047,-0.23936376057305775,369007600.0,60.95402462570111,0.0016954363745451673,0.006456167211197128,1
2019-11-27,5.419056415557861,5.455999851226807,5.50124979019165,5.429500102996826,5.466750144958496,215784000,NVDA,0.006456167211197128,0.034193703500534633,0.07586757475162309,5.347973346710205,5.206811428070068,4.853139505386353,0.02543308489485188,0.01970707461953659,-0.4398770649250865,369498800.0,61.574768053613646,0.004056789542750017,-0.00687319422574606,0
2019-11-29,5.381810188293457,5.418499946594238,5.453499794006348,5.394499778747559,5.425000190734863,141556000,NVDA,-0.00687319422574606,0.03197242922471455,0.07899661544277015,5.381321048736572,5.226512360572815,4.872969541549683,0.025696296161240636,0.019612779100235376,-0.3439921402884366,366090000.0,60.269683637850925,0.0017084334140174684,-0.03455729397861551,0
2019-12-02,5.195829391479492,5.231249809265137,5.425000190734863,5.216000080108643,5.411499977111816,372036000,NVDA,-0.03455729397861551,-0.007044267290312711,0.03363669245562262,5.373948955535889,5.234966516494751,4.891189041137696,0.0317603321724841,0.02138619939399549,1.6281895504252732,370509800.0,51.188845322668456,-0.01296455917397163,-0.007598625753502675,0
2019-12-03,5.15634822845459,5.191500186920166,5.195499897003174,5.009250164031982,5.046750068664551,465232000,NVDA,-0.007598625753502675,-0.060561290869614814,-0.012763377087892547,5.307467746734619,5.231633353233337,4.907551956176758,0.015362668262756495,0.01958655468735387,0.2505026395295078,374935600.0,48.260995725589545,-0.025214399377924468,0.008475032380383052,1
2019-12-04,5.200048446655273,5.235499858856201,5.297999858856201,5.20674991607666,5.2754998207092285,273424000,NVDA,0.008475032380383052,-0.034219165183864475,-0.00016924696469411415,5.270618534088134,5.231589341163636,4.925935230255127,0.017176737142225573,0.019663803985543547,-0.4122846235856519,373563400.0,50.958789620285124,-0.029937387606958688,-0.003246955698205989,0
2019-12-05,5.183164119720459,5.218500137329102,5.273250102996826,5.187749862670898,5.257500171661377,184884000,NVDA,-0.003246955698205989,-0.04353014210373718,0.006088055218260946,5.223440074920655,5.2331575632095335,4.94115216255188,0.01579437559070065,0.019552731917072477,-0.32381941599859554,369357000.0,49.13580905947318,-0.033493234762071694,0.016431823599205364,1
2019-12-06,5.268332958221436,5.3042497634887695,5.337250232696533,5.277999877929688,5.288000106811523,232236000,NVDA,0.016431823599205364,-0.021085327445932056,0.019134669088940237,5.20074462890625,5.238103318214416,4.958514156341553,0.019495525382451837,0.019869492732435524,0.2561173492568314,366951800.0,58.19004822488701,-0.02954200465938303,0.0,0
2019-12-09,5.268332958221436,5.3042497634887695,5.359250068664551,5.272500038146973,5.28125,211880000,NVDA,0.0,0.013954185420491427,0.021881415086966838,5.215245342254638,5.243743824958801,4.9786452293396,0.009625083727196183,0.019851362121712332,-0.08765221584939453,368090800.0,50.055874028790186,-0.026460558077684992,0.00853102617143775,1
2019-12-10,5.313277244567871,5.349500179290772,5.401500225067139,5.281499862670898,5.334499835968018,256388000,NVDA,0.00853102617143775,0.03043413849500909,0.02861891957234408,5.246631145477295,5.251135301589966,4.998528852462768,0.007791882337918564,0.01991770698477413,0.21006229941476318,368738400.0,57.86085818078883,-0.021157261157236734,0.015702407394942997,1
2019-12-11,5.396708488464356,5.433499813079834,5.439000129699707,5.357500076293945,5.360000133514404,233796000,NVDA,0.015702407394942997,0.037818886463562906,0.03764323876712683,5.285963153839111,5.260924291610718,5.020115842819214,0.00894239476727654,0.020137451213045773,-0.08811644850773048,366253000.0,58.04588534047044,-0.012234989680561553,0.030965164532284595,1
2019-12-12,5.563818454742432,5.601749897003174,5.619999885559082,5.395500183105469,5.4045000076293945,404348000,NVDA,0.030965164532284595,0.07344053289258046,0.07510780864249278,5.3620940208435055,5.280358910560608,5.045521421432495,0.01142373389394196,0.021061189769568243,0.7294906670772809,371461000.0,65.61294539722579,0.0038559313126123596,-0.000356953912150626,0
2019-12-13,5.561832427978516,5.59975004196167,5.724500179290772,5.545499801635742,5.604750156402588,454704000,NVDA,-0.000356953912150626,0.05571012160479749,0.06847437554888214,5.420793914794922,5.298180723190308,5.066783304214478,0.013007609779714446,0.02107569426046874,0.12453629052202553,368292200.0,64.94446234212514,0.012796410591156465,0.005179008793546824,1
2019-12-16,5.59063720703125,5.628749847412109,5.701499938964844,5.6192498207092285,5.647500038146973,320976000,NVDA,0.005179008793546824,0.06117765360802507,0.1034632306796317,5.485254764556885,5.324390268325805,5.088293752670288,0.012089656854046659,0.019839098662373003,-0.29409901826243,331659600.0,55.82881299152238,0.01872228851892005,0.013946280991735449,1
2019-12-17,5.668605804443359,5.707250118255615,5.730000019073486,5.638000011444092,5.647500038146973,321196000,NVDA,0.013946280991735449,0.06687559175248481,0.07621266808116589,5.556320476531982,5.344461560249329,5.110192451477051,0.011942400389539011,0.018256786040956093,0.0006854095010218053,318990000.0,66.77415361762704,0.02554287655891216,0.005343992662135921,1
2019-12-18,5.698898792266846,5.737750053405762,5.798500061035156,5.733749866485596,5.742249965667725,343548000,NVDA,0.005343992662135921,0.05599529869890718,0.10428083492302664,5.616758537292481,5.3713698387146,5.136220350265503,0.012269290171426177,0.017357411243614344,0.06958990771989693,315439200.0,66.59801640139872,0.029465941660790543,0.02592470524723467,1
2019-12-19,5.8466410636901855,5.886499881744385,5.900000095367432,5.767499923706055,5.772500038146973,445360000,NVDA,0.02592470524723467,0.05083246537397068,0.11579561292934026,5.673323059082032,5.401707625389099,5.163476133346558,0.010263478351150724,0.017840338896182962,0.2963545123243332,314077800.0,74.37509533037445,0.03879542201921868,0.016605831602616306,1
2019-12-20,5.943729400634766,5.984250068664551,6.009749889373779,5.934000015258789,5.953249931335449,603044000,NVDA,0.016605831602616306,0.06866387608787639,0.13972151629754892,5.749702453613281,5.438140511512756,5.191522426605225,0.008659214331481212,0.017825105496626126,0.35405963714747624,329810600.0,93.2510627596233,0.04770343356826215,-0.002297570843706409,0
2019-12-23,5.930073261260986,5.9704999923706055,6.045249938964844,5.959750175476074,6.013000011444092,355060000,NVDA,-0.002297570843706409,0.060715092333810006,0.13327436228248768,5.817589664459229,5.47300968170166,5.217826681137085,0.010811759989716506,0.017925848489345756,-0.4112204084610741,336358600.0,96.12215719324975,0.04870412441373562,-0.0008377917324855488,0
2019-12-24,5.925105094909668,5.965499877929688,5.982749938964844,5.920499801635742,5.954999923706055,138864000,NVDA,-0.0008377917324855488,0.045249096394258004,0.079499063136796,5.86888952255249,5.494827222824097,5.243763628005982,0.012063004995548082,0.014916067529313298,-0.6088999042415366,317978000.0,95.31343685667933,0.045139641555022425,0.002388972147248536,1
2019-12-26,5.939260005950928,5.979750156402588,6.007999897003174,5.949999809265137,5.968999862670898,182852000,NVDA,0.002388972147248536,0.04217678229524657,0.10307116281327033,5.916961765289306,5.522575497627258,5.265100564956665,0.012352620386327508,0.01391542925018014,0.3167703652494527,307858400.0,97.41503767132708,0.04001816009240228,-0.009699385758824786,0
2019-12-27,5.88165283203125,5.921750068664551,6.008500099182129,5.895249843597412,5.994999885559082,254644000,NVDA,-0.009699385758824786,0.005988356042326615,0.08536475375035701,5.923964118957519,5.545705318450928,5.286357259750366,0.009668639840475508,0.014290850498227288,0.39262354253713383,309801400.0,89.83864763088236,0.029518360495462248,-0.01920870518341722,0
2019-12-30,5.768673896789551,5.808000087738037,5.90500020980835,5.776500225067139,5.899750232696533,258056000,NVDA,-0.01920870518341722,-0.02945213216242981,0.07188356611639746,5.888953018188476,5.565048503875732,5.305314636230468,0.008643822946652627,0.015040499736810736,0.013399098349067717,315626400.0,78.34041962438964,0.012596977368674739,0.012826727138337546,1
2019-12-31,5.842667102813721,5.882500171661377,5.892000198364258,5.7532501220703125,5.772500038146973,231004000,NVDA,0.012826727138337546,-0.014739473628135102,0.12449171491176392,5.871471786499024,5.5973903894424435,5.327637643814087,0.012163071210083094,0.01217519370764945,-0.1048299593886598,308574800.0,79.0304824890555,0.004441131151937255,0.01959240709245713,1
2020-01-02,5.957139015197754,5.99774980545044,5.99774980545044,5.918000221252441,5.96875,237536000,NVDA,0.01959240709245713,0.005406472927477202,0.15530192129463094,5.877878570556641,5.637429928779602,5.349510803222656,0.01589170330055616,0.012100130499566009,0.028276566639538814,297190000.0,79.7208639904837,0.004780030827330278,-0.016006210184786318,0
2020-01-03,5.861787796020508,5.901750087738037,5.945750236511231,5.852499961853027,5.877500057220459,205384000,NVDA,-0.016006210184786318,-0.013044084591817051,0.12725638158061248,5.8623841285705565,5.670516896247864,5.3696754455566404,0.017581330360686945,0.013167610613250445,-0.1353563249360097,293788000.0,67.10374407077029,-0.002975809751956854,0.004193748342560699,1
2020-01-06,5.886370658874512,5.926499843597412,5.9317498207092285,5.781750202178955,5.808000087738037,262636000,NVDA,0.004193748342560699,0.0008021260312354173,0.13567128551429675,5.863327693939209,5.705677223205567,5.390589761734009,0.017253674440248216,0.012993912684022705,0.27875589140341983,297675600.0,68.15778296651698,-0.007738007322894869,0.012106656392820492,1
2020-01-07,5.957634925842285,5.9982500076293945,6.044250011444092,5.909749984741211,5.954999923706055,314856000,NVDA,0.012106656392820492,0.032756406833448715,0.13083872509332695,5.901119899749756,5.7401423215866085,5.412051019668579,0.013736014591395838,0.012854482524787526,0.1988303202912014,301806600.0,69.60204524477534,-0.007377470548679044,0.0018755303517685729,1
2020-01-08,5.968808650970459,6.009500026702881,6.051000118255615,5.953750133514404,5.99399995803833,277108000,NVDA,0.0018755303517685729,0.02158972023170569,0.13295964744519484,5.9263482093811035,5.77516610622406,5.429924573898315,0.013351211280620359,0.012813301065307457,-0.11988972736743142,305068000.0,67.26641138845784,-0.0076430263142902855,0.01098262520332538,1
2020-01-09,6.034361839294434,6.075500011444092,6.148250102996826,6.021500110626221,6.096250057220459,255112000,NVDA,0.01098262520332538,0.01296307235732952,0.13571371519597952,5.941792774200439,5.811220335960388,5.447992630004883,0.011290440939691936,0.012847059418968822,-0.07937699380746854,305004200.0,68.54234589930181,-0.004799293578586494,0.005349201033522544,1
2020-01-10,6.066640853881836,6.107999801635742,6.213749885559082,6.09375,6.183249950408936,316296000,NVDA,0.005349201033522544,0.03494719784984368,0.1241372156471825,5.982763385772705,5.844716954231262,5.468626747131347,0.0044370924604376985,0.012662361390841557,0.23983191696196182,309129200.0,63.93951094651012,-0.0022683336887048267,0.031352150350854036,1
2020-01-13,6.256843090057373,6.299499988555908,6.324749946594238,6.168749809265137,6.191500186920166,319840000,NVDA,0.031352150350854036,0.06293732635139504,0.12455917477397693,6.056857872009277,5.879368185997009,5.493025255203247,0.01142075898053143,0.012702839899618072,0.01120469433695015,304903800.0,67.74544167204901,0.010017370196820419,-0.018652063311722866,0
2020-01-14,6.140140056610107,6.182000160217285,6.2820000648498535,6.168749809265137,6.256499767303467,359088000,NVDA,-0.018652063311722866,0.03063382248821167,0.10397789507688948,6.093358898162842,5.9082835674285885,5.516072225570679,0.017976042426245644,0.01379379512164551,0.12271135567783897,300123000.0,60.6602171040851,0.008164312805534146,-0.006915145967474667,0
2020-01-15,6.09768009185791,6.139249801635742,6.217249870300293,6.113249778747559,6.19474983215332,263104000,NVDA,-0.006915145967474667,0.021590814586843532,0.09069500775134554,6.119133186340332,5.933635711669922,5.537490901947021,0.018908184537235348,0.014050473961664107,-0.26729938065321035,297229400.0,58.43660078063663,0.002265905168170629,0.013682378511580051,1
2020-01-16,6.181110858917236,6.223249912261963,6.229249954223633,6.16949987411499,6.192999839782715,284192000,NVDA,0.013682378511580051,0.02431889626956174,0.09041112967709775,6.148482990264893,5.959260964393616,5.556652889251709,0.019178930728049683,0.014041200937087375,0.0801508148868888,295379200.0,61.07323471595033,0.0021700425873131535,0.001406031091138349,1
2020-01-17,6.189801692962647,6.23199987411499,6.25,6.184249877929688,6.242499828338623,253792000,NVDA,0.001406031091138349,0.020301323590303788,0.08613995766373939,6.173115158081055,5.983806109428405,5.576430349349976,0.019240069468734015,0.014055319185919918,-0.10696993581803849,290891400.0,64.77032272161486,0.0009414542239414847,-0.005375567514100621,0
2020-01-21,6.156527996063232,6.198500156402588,6.232250213623047,6.164249897003174,6.195250034332275,217916000,NVDA,-0.005375567514100621,-0.01603286074946475,0.05300255804953724,6.153052139282226,5.999300456047058,5.59652491569519,0.011869368654179549,0.013231399410969543,-0.14135985373849447,279519200.0,70.12881726379992,-0.0036129241759260133,0.008752185606654805,1
2020-01-22,6.210411071777344,6.252749919891357,6.339749813079834,6.224999904632568,6.24399995803833,239240000,NVDA,0.008752185606654805,0.011444529688144023,0.04486773424007118,6.167106342315674,6.012634539604187,5.617344779968262,0.008885679128823234,0.012908598858552021,0.0978542190568843,261329000.0,69.49200949307098,-0.0044427190988369225,0.010995090975429056,1
2020-01-23,6.278695106506348,6.321499824523926,6.329999923706055,6.203750133514404,6.293000221252441,244516000,NVDA,0.010995090975429056,0.02968588248670878,0.05878879229414946,6.203309345245361,6.030065631866455,5.639808225631714,0.007778081243066291,0.013002594694512992,0.022053168366493958,255801800.0,67.9213382218343,-0.0019653566179730353,-0.009412200363656309,0
2020-01-24,6.219598770141602,6.26200008392334,6.487500190734863,6.207499980926514,6.4375,373512000,NVDA,-0.009412200363656309,0.00622669809729115,0.04970269227543933,6.211006927490234,6.044790315628052,5.6608912467956545,0.008787091730021625,0.013272287316099902,0.5275564789216247,267534200.0,70.78177014384698,-0.005669637635750291,-0.041041154468099084,0
2020-01-27,5.964339256286621,6.005000114440918,6.056250095367432,5.805749893188477,5.955999851226807,470536000,NVDA,-0.041041154468099084,-0.036424823905483183,0.004222622062439507,6.16591444015503,6.046044278144836,5.6761594581604005,0.020850529658173217,0.016462793340144343,0.2597613999014756,281918400.0,53.57145041355889,-0.025560021971609864,0.03234777136079403,1
2020-01-28,6.157272338867188,6.199250221252441,6.231750011444092,6.017749786376953,6.071249961853027,310976000,NVDA,0.03234777136079403,0.00012090301618572497,0.04686089347792266,6.16606330871582,6.0598252534866335,5.695802383422851,0.02746041667094311,0.017747853301068053,-0.3391026403930837,284735000.0,58.22756800266636,-0.025891994570899607,-0.00979939495394333,0
2020-01-29,6.096934795379639,6.138500213623047,6.2210001945495605,6.098499774932861,6.184750080108643,258848000,NVDA,-0.00979939495394333,-0.018271942885292658,0.056904048393648266,6.143368053436279,6.076238298416138,5.7136331558227536,0.027290453899123365,0.017261763066203403,-0.167627083762091,284774600.0,55.074759690203564,-0.030051857627163225,0.001099701326406688,1
2020-01-30,6.103639602661133,6.145249843597412,6.158750057220459,5.985000133514404,6.040249824523926,290504000,NVDA,0.001099701326406688,-0.027880873473822954,0.04466667281484038,6.108356952667236,6.089286923408508,5.734377021789551,0.02632905759885542,0.017105757152743477,0.12229571022376073,287749600.0,52.87808805222816,-0.03204592090271338,-0.038159615507809996,0
2020-01-31,5.870727062225342,5.910749912261963,6.111249923706055,5.868750095367432,6.099249839782715,370420000,NVDA,-0.038159615507809996,-0.05609231733582021,-0.014505612971589144,6.038582611083984,6.084966325759888,5.7464479637145995,0.03027758283440805,0.018825797568037983,0.2750943188389834,294393800.0,43.02386509465455,-0.047796750947832645,0.01649522283771998,1
2020-02-03,5.967566013336182,6.008250236511231,6.027750015258789,5.886250019073486,5.892499923706055,255564000,NVDA,0.01649522283771998,0.0005410083013235312,0.018045384957040778,6.0392279624938965,6.090255236625671,5.762584619522094,0.026791217905149534,0.018825151016593152,-0.3100696506668107,296902800.0,38.96569762281357,-0.050191463058683106,0.028294448861847954,1
2020-02-04,6.136415004730225,6.178249835968018,6.197500228881836,6.100500106811523,6.150750160217285,271544000,NVDA,0.028294448861847954,-0.0033874308279826515,0.042478525452476656,6.035056495666504,6.102757453918457,5.780515213012695,0.025618378526036704,0.01978302321444056,0.0625283686278193,297348200.0,49.86334639694198,-0.03937937539412341,0.014688637302291196,1
2020-02-05,6.226550579071045,6.269000053405762,6.309999942779541,6.18524980545044,6.299749851226807,208220000,NVDA,0.014688637302291196,0.02125917170536762,0.045137987905618626,6.060979652404785,6.116203236579895,5.800744791030883,0.02571610872637048,0.0198588780678665,-0.23319977609521847,292016400.0,54.56783529757749,-0.02578986181535986,0.013917573893077018,1
2020-02-06,6.313209056854248,6.356249809265137,6.356249809265137,6.2220001220703125,6.303500175476074,218284000,NVDA,0.013917573893077018,0.03433516194202313,0.05770002458158774,6.102893543243408,6.133423256874084,5.822355175018311,0.025932414511368528,0.02002405890802745,0.0483334934204207,289075200.0,54.671552885358,-0.011335016106005347,-0.010461670790231192,0
2020-02-07,6.247162342071533,6.289750099182129,6.338250160217285,6.264249801635742,6.315999984741211,189752000,NVDA,-0.010461670790231192,0.06412072573912186,0.03526478995531712,6.178180599212647,6.144063282012939,5.837523336410523,0.01413706729492049,0.02014789272223567,-0.13071045060563302,285807200.0,51.94943342069216,-0.006814997726889566,0.04523194696933097,1
2020-02-10,6.529733657836914,6.574250221252441,6.574999809265137,6.307499885559082,6.3125,529608000,NVDA,0.04523194696933097,0.09420384177475594,0.07633430346527947,6.290614128112793,6.1672179222106935,5.860432119369507,0.02052251347626692,0.022356907914101328,1.7910535857329566,296472800.0,60.84577984481342,0.0135046375514572,0.018709355824412688,1
2020-02-11,6.651900768280029,6.697249889373779,6.8125,6.620749950408936,6.683000087738037,638556000,NVDA,0.018709355824412688,0.0840043841807383,0.0631400967766691,6.393711280822754,6.186970806121826,5.88508900642395,0.019794275535222814,0.021709886212149858,0.20571441519010292,312408600.0,62.34042184532337,0.032394576304019346,0.01735793434961197,1
2020-02-12,6.767364025115967,6.813499927520752,6.820000171661377,6.711249828338623,6.750249862670898,374644000,NVDA,0.01735793434961197,0.08685602713366336,0.10215141067191569,6.501873970031738,6.218332004547119,5.9128000831604,0.019771985016988368,0.02128338609272041,-0.41329499683661264,313186400.0,63.30816397714784,0.04889650910056009,-0.006457847135794559,0
2020-02-13,6.723661422729492,6.769499778747559,6.836999893188477,6.727749824523926,6.755249977111816,528016000,NVDA,-0.006457847135794559,0.06501485412234476,0.10265893281404526,6.583964443206787,6.249631071090699,5.9433567237854,0.022469243439301033,0.021270050747012378,0.4093806386863261,326432000.0,63.8434597491798,0.05276758911179166,0.07020489995418622,1
2020-02-14,7.195695400238037,7.244750022888184,7.374249935150146,7.150000095367432,7.18149995803833,1041924000,NVDA,0.07020489995418622,0.15183422588182238,0.16414275111359644,6.773671054840088,6.300360298156738,5.984143667221069,0.02941093940933968,0.025751449967663008,0.9732811126935548,364318600.0,80.21948007357504,0.08131180255146764,0.023395962497383183,1
2020-02-18,7.3640456199646,7.414249897003174,7.432750225067139,7.121500015258789,7.140999794006348,620164000,NVDA,0.023395962497383183,0.12777120872707481,0.1897062273153245,6.940533447265625,6.359072494506836,6.027423610687256,0.02798653619536322,0.02592665477670825,-0.4047896007770241,382637200.0,79.97789196105552,0.10425860918376645,0.06113242425319654,1
2020-02-19,7.81422758102417,7.867499828338623,7.885250091552734,7.53725004196167,7.53725004196167,694332000,NVDA,0.06113242425319654,0.17473604210795846,0.26925883972605136,7.1729988098144535,6.441957473754883,6.08004487991333,0.03189588961454565,0.028150343322407477,0.11959417186421661,406458000.0,85.7379711875319,0.1402423770093834,-0.019065730277051163,0
2020-02-20,7.665243625640869,7.71750020980835,7.907999992370605,7.408750057220459,7.819250106811523,810052000,NVDA,-0.019065730277051163,0.13267789307514244,0.23425704628070143,7.352574729919434,6.514699101448059,6.127983093261719,0.03962148533117825,0.029012263316932567,0.16666378620026157,434998600.0,80.68110127855684,0.14395412120141338,-0.047392312410043824,0
2020-02-21,7.3019700050354,7.351749897003174,7.630000114440918,7.266499996185303,7.604750156402588,768180000,NVDA,-0.047392312410043824,0.08601096128233388,0.1629757268303531,7.468236446380615,6.565862846374512,6.168655834197998,0.05065644563903402,0.031812484954958274,-0.051690508757462506,461181800.0,76.74963728205731,0.11324024405310035,-0.07069757017753342,0
2020-02-24,6.785738468170166,6.831999778747559,7.046750068664551,6.699999809265137,6.754749774932861,856916000,NVDA,-0.07069757017753342,-0.05697252444208656,0.09102511575930405,7.386245059967041,6.59416983127594,6.198105058670044,0.0532407248873821,0.036228538540036735,0.11551459293394784,485352000.0,63.21914652655259,0.052539612275706304,-0.04109333853334951,0
2020-02-25,6.506889820098877,6.551249980926514,6.969749927520752,6.448999881744385,6.90749979019165,1055496000,NVDA,-0.04109333853334951,-0.11639740491855388,0.09096574498849797,7.214813899993897,6.621297359466553,6.220308685302735,0.05072045779656893,0.03623202993121455,0.23173799999066413,514600000.0,55.78027139098145,-0.00874463595334074,0.02136995063072611,1
2020-02-26,6.645941734313965,6.691249847412109,6.886250019073486,6.550000190734863,6.551499843597412,747732000,NVDA,0.02136995063072611,-0.14950752772381937,0.07936459012249597,6.981156730651856,6.645730829238891,6.241951150894165,0.034752024620896424,0.03587713882953685,-0.291582346119739,536437800.0,56.44510122125606,-0.04049269372076836,-0.05566566577339638,0
2020-02-27,6.275990962982178,6.315000057220459,6.675000190734863,6.222249984741211,6.372499942779541,906416000,NVDA,-0.05566566577339638,-0.18124050982691886,0.029368227414574122,6.703306198120117,6.654683637619018,6.256234321594238,0.03536015256192853,0.03822428459775979,0.21222042122043727,568816200.0,49.473853657273885,-0.08445482509730201,0.06916093786315103,1
2020-02-28,6.7100443840026855,6.7517499923706055,6.811500072479248,6.044750213623047,6.061500072479248,1133252000,NVDA,0.06916093786315103,-0.08106382532720979,0.09935134130087975,6.584921073913574,6.685003876686096,6.278622465133667,0.058825745065130074,0.04105145685483821,0.2502559531164499,610953600.0,55.92699265633048,-0.08226577472997892,0.02354920411714545,1
2020-03-02,6.86806058883667,6.910749912261963,6.9397501945495605,6.525000095367432,6.922500133514404,890744000,NVDA,0.02354920411714545,0.012131637706441545,0.1698824551099607,6.601385498046875,6.734870553016663,6.302611560821533,0.05128791263159454,0.03989623029826622,-0.21399300420383105,636969800.0,54.4748579160414,-0.06869336130255277,-0.03812886250832881,0
2020-03-03,6.606189250946045,6.647250175476074,7.026750087738037,6.561500072479248,6.966750144958496,652792000,NVDA,-0.03812886250832881,0.015260659638103302,0.10701569721770698,6.621245384216309,6.766801714897156,6.320757369995118,0.0506573065035148,0.04117882747619804,-0.26713848198809087,656831200.0,49.41694692917922,-0.07533724075783743,0.0700288858606819,1
2020-03-04,7.068813323974609,7.112750053405762,7.122250080108643,6.679999828338623,6.755000114440918,597408000,NVDA,0.0700288858606819,0.0636285430366168,0.15194512081168732,6.705819702148437,6.813421630859375,6.345200815200806,0.05882952679953612,0.04337227193186322,-0.08484172600154416,673124400.0,53.532188769742206,-0.04789670441546684,-0.03943633108064715,0
2020-03-05,6.790045261383057,6.832250118255615,7.079999923706055,6.787499904632568,6.912499904632568,540328000,NVDA,-0.03943633108064715,0.08190806861146505,0.09049869187701698,6.808630561828613,6.841596364974976,6.362127132415772,0.05431381765396802,0.0446033703476055,-0.09554609245272916,689729800.0,50.737231278386155,-0.047735942624589606,-0.026528472360869637,0
2020-03-06,6.609915733337402,6.651000022888184,6.709750175476074,6.449999809265137,6.651999950408936,515412000,NVDA,-0.026528472360869637,-0.014922203928188327,0.046997758796062605,6.788604831695556,6.856431698799133,6.3757239818573,0.04782595689820957,0.04510535680310021,-0.04611273152603601,704586200.0,43.04355079264751,-0.05827836171790629,-0.07743205560987676,0
2020-03-09,6.0980963706970215,6.136000156402588,6.485000133514404,5.954500198364258,5.997499942779541,614160000,NVDA,-0.07743205560987676,-0.11210795364722703,-0.023861389093513097,6.634611988067627,6.848978400230408,6.379183807373047,0.05505963455146284,0.048533295548651156,0.19159041698679902,725806600.0,36.100091936980235,-0.09601151838601996,0.06372243793024035,1
2020-03-10,6.486681938171387,6.526999950408936,6.526999950408936,6.149750232696533,6.41349983215332,580648000,NVDA,0.06372243793024035,-0.018090204236511087,-0.006593181578525398,6.610710525512696,6.846825814247131,6.390132246017456,0.06557570810034082,0.04960629634797791,-0.05456558551517521,728358600.0,35.22390724481875,-0.09112869936889947,-0.05595999223144421,0
2020-03-11,6.123687267303467,6.161749839782715,6.414999961853027,6.0642499923706055,6.386499881744385,499964000,NVDA,-0.05595999223144421,-0.13370363784620687,-0.07940790450383428,6.421685314178466,6.820415139198303,6.3949729347229,0.05423891200072797,0.050981195458479234,-0.13895509844174092,721429000.0,33.62213434794485,-0.10754737208549828,-0.12236761583961986,0
2020-03-12,5.374346256256104,5.407750129699707,5.902999877929688,5.394999980926514,5.636499881744385,816540000,NVDA,-0.12236761583961986,-0.20849625453580412,-0.20584348110873074,6.138545513153076,6.75076425075531,6.387086381912232,0.06948236005664005,0.057248042963824124,0.6331975902264964,743523800.0,31.073100497804262,-0.16086731182712238,0.11340194294630335,1
2020-03-13,5.983807563781738,6.020999908447266,6.0254998207092285,5.490250110626221,5.762499809265137,634836000,NVDA,0.11340194294630335,-0.09472256452496963,-0.11003734608745486,6.013323879241943,6.713771557807922,6.389909191131592,0.09973079463261533,0.06355212122694977,-0.22252920861194803,748864800.0,42.267588000347594,-0.1474388927902939,-0.1845207975102945,0
2020-03-16,4.8796706199646,4.909999847412109,5.652500152587891,4.849999904632568,5.31024980545044,726972000,NVDA,-0.1845207975102945,-0.1998042793464666,-0.32186253745493765,5.769638729095459,6.597970318794251,6.368359823226928,0.12467472271867121,0.07277640912070338,0.14513354630172204,733117200.0,36.4642138356298,-0.2018996295792871,0.10626280914545494,1
2020-03-17,5.398198127746582,5.4317498207092285,5.521500110626221,4.775000095367432,5.022749900817871,833632000,NVDA,0.10626280914545494,-0.16780286451529813,-0.26695210671813674,5.551941967010498,6.499677944183349,6.35908802986145,0.13435471000006402,0.07738771933546244,0.14671816796245252,743790600.0,40.23717543287307,-0.19204222763688436,-0.0665070672305117,0
2020-03-18,5.039179801940918,5.070499897003174,5.248499870300293,4.517000198364258,5.002500057220459,874268000,NVDA,-0.0665070672305117,-0.17710040013851103,-0.3551275862277281,5.335040473937989,6.360925555229187,6.342144212722778,0.13497231753850528,0.07625203990479432,0.04874572953053624,752787400.0,40.30613087708669,-0.19795342559501428,0.05004416192921868,1
2020-03-19,5.291361331939697,5.324250221252441,5.41825008392334,4.834750175476074,5.048999786376953,765512000,NVDA,0.05004416192921868,-0.015440933717251082,-0.30969430453069235,5.318443489074707,6.242231440544129,6.328818740844727,0.12753188013167055,0.07779281497786517,-0.12439663810181778,750560400.0,38.55434711020533,-0.17398167889557062,-0.033901428602454264,0
2020-03-20,5.111976623535156,5.143750190734863,5.757999897003174,5.1282501220703125,5.474999904632568,804636000,NVDA,-0.033901428602454264,-0.14569835860423108,-0.2999181563317894,5.144077301025391,6.132731771469116,6.311682100296021,0.11192395181579164,0.07755903346951405,0.051108277858479045,752383200.0,35.880945211730136,-0.15968152966542012,0.03373004028135784,1
2020-03-23,5.284403800964356,5.317249774932861,5.412000179290772,4.9629998207092285,5.142749786376953,643876000,NVDA,0.03373004028135784,0.08294272554869564,-0.2212485309075959,5.225023937225342,6.0576650381088255,6.296682939529419,0.06873820091837703,0.07710705221614088,-0.19979220417679544,741731200.0,39.21765998150189,-0.12937722864800716,0.17156425106283058,1
2020-03-24,6.191018581390381,6.229499816894531,6.316500186920166,5.701250076293945,5.724999904632568,1101644000,NVDA,0.17156425106283058,0.14686760931739884,-0.04854411976253448,5.383588027954102,6.041871476173401,6.29917049407959,0.09198948922801119,0.08660107646631955,0.7109567680733557,744038600.0,43.32312035364373,-0.04348142237553826,-0.014286663842057457,0
2020-03-25,6.102569580078125,6.140500068664551,6.545499801635742,6.09149980545044,6.34499979019165,793432000,NVDA,-0.014286663842057457,0.21102437696857446,-0.0817599936861213,5.596265983581543,6.014702868461609,6.296085023880005,0.08038592418770335,0.08652923716657814,-0.27977459142881,746323600.0,44.61485203758387,0.009351719360354394,0.04730889537878369,1
2020-03-26,6.391275405883789,6.431000232696533,6.555500030517578,6.25,6.348499774932861,696108000,NVDA,0.04730889537878369,0.20786977205748447,0.018369121877580108,5.816248798370362,6.020467090606689,6.301107730865478,0.0803219286890908,0.08614699682354748,-0.1226620554754535,735808200.0,48.31598742820978,0.06274004840669065,-0.017532392343598047,0
2020-03-27,6.279221057891846,6.318250179290772,6.578000068664551,6.2170000076293945,6.25,638828000,NVDA,-0.017532392343598047,0.22833524491931034,-0.06420573418828035,6.049697685241699,5.9989259243011475,6.3047385501861575,0.0767667026250553,0.08489338056978575,-0.0822860820447402,711087000.0,51.48660681718062,0.08795907837055858,0.050884456605131634,1
2020-03-30,6.598735809326172,6.639750003814697,6.64900016784668,6.339749813079834,6.383999824523926,602252000,NVDA,0.050884456605131634,0.24871907179424135,-0.039214094871011795,6.312564086914063,5.985459685325623,6.313091049194336,0.0765672823033156,0.08550774259443361,-0.057254847940290676,696662400.0,50.93024548340432,0.1215413693457485,-0.007492835955669297,0
2020-03-31,6.54929256439209,6.590000152587891,6.885000228881836,6.443749904632568,6.679999828338623,949960000,NVDA,-0.007492835955669297,0.05786995763163216,-0.00861263345518104,6.3842188835144045,5.9826148509979244,6.320280866622925,0.034284072026983824,0.08503322640117959,0.5773463599954836,711520800.0,53.72732422871204,0.13478209637341024,-0.07788312689272014,0
2020-04-01,6.039213180541992,6.076749801635742,6.538249969482422,6.0320000648498535,6.391250133514404,656912000,NVDA,-0.07788312689272014,-0.010381921697863117,-0.14565388789383105,6.371547603607178,5.931134843826294,6.3179345703125,0.05303824582658666,0.08533284093292752,-0.30848456777127453,714496000.0,56.0773954817621,0.10487510649343162,0.051014168961941886,1
2020-04-02,6.347298622131348,6.386750221252441,6.400000095367432,6.057750225067139,6.105999946594238,675764000,NVDA,0.051014168961941886,-0.006880752425714065,-0.06520525596047744,6.362752246856689,5.908997511863708,6.32067232131958,0.05389985685192017,0.08577099924401287,0.028697907786735533,721267800.0,53.516323984343025,0.10146607358997453,-0.0452499953047234,0
2020-04-03,6.060083389282227,6.097750186920166,6.390749931335449,5.959750175476074,6.348999977111816,663212000,NVDA,-0.0452499953047234,-0.03489886191125613,-0.0831829581853929,6.3189247131347654,5.8815058946609495,6.316300086975097,0.05743715598743308,0.08617897249006559,-0.018574531937185168,728657800.0,63.56265858909846,0.07662219388869586,0.10040604564543498,1
2020-04-06,6.668552398681641,6.710000038146973,6.747000217437744,6.323249816894531,6.38100004196167,727884000,NVDA,0.10040604564543498,0.01058029770744806,0.09354657475172301,6.33288803100586,5.910028696060181,6.325279159545898,0.07205349633615493,0.0870221236874221,0.09751331399311236,734344000.0,64.30050027912569,0.09663156308268495,-0.034910698401312,0
2020-04-07,6.43574857711792,6.475749969482422,6.956250190734863,6.432499885559082,6.932499885559082,784520000,NVDA,-0.034910698401312,-0.01733683236132988,-0.007851989898525091,6.310179233551025,5.907482028007507,6.334707345962524,0.07417402745957864,0.08649918643936315,0.07780910145023112,744537600.0,66.18111450370378,0.08979684595117385,0.030575672960506006,1
2020-04-08,6.63252592086792,6.673749923706055,6.698750019073486,6.514999866485596,6.585249900817871,542444000,NVDA,0.030575672960506006,0.09824338412784428,0.08309350744955957,6.428841781616211,5.93292396068573,6.344212417602539,0.06085007972506561,0.08554319979145383,-0.3085657472084842,746661600.0,65.74127946999289,0.09370526394751486,-0.014984239092729612,0
2020-04-09,6.533142566680908,6.573750019073486,6.822999954223633,6.510499954223633,6.800000190734863,525564000,NVDA,-0.014984239092729612,0.029279218705981824,0.21561623594235035,6.466010570526123,5.99086377620697,6.352936573028565,0.05968717847007853,0.08016191793807105,-0.031118419597230274,732112800.0,66.99950023630689,0.08502852807504445,0.02624065277604326,1
2020-04-13,6.70457649230957,6.746250152587891,6.755000114440918,6.425000190734863,6.513750076293945,398408000,NVDA,0.02624065277604326,0.10635053375126557,0.12045322661952551,6.594909191131592,6.026902222633362,6.364955310821533,0.05206790352106359,0.07670501843769845,-0.24194198993842808,720291400.0,66.99165683484594,0.0860076393089187,0.05225156743891901,1
2020-04-14,7.054901123046875,7.098750114440918,7.132999897003174,6.847249984741211,6.875,530948000,NVDA,0.05225156743891901,0.05793592091165323,0.44577404347387195,6.672178936004639,6.135663747787476,6.3886387920379635,0.03569547058859427,0.06224975630711288,0.33267404268990575,710490200.0,61.92305692644952,0.1042078798866062,-0.01095294419811832,0
2020-04-15,6.9776291847229,7.020999908447266,7.104249954223633,6.884500026702881,6.929999828338623,366148000,NVDA,-0.01095294419811832,0.08419853589862392,0.2925848625040435,6.780555057525635,6.214635300636291,6.408840055465698,0.02879245281986042,0.05918026008162623,-0.3103882112749271,687116000.0,62.114696405265654,0.10472217909143727,0.049351920082273404,1
2020-04-16,7.321988582611084,7.367499828338623,7.474999904632568,7.163750171661377,7.177000045776367,745620000,NVDA,0.049351920082273404,0.1039517477909746,0.4530119722639996,6.918447589874267,6.3287757396697994,6.432551527023316,0.03210100856779529,0.05643879604176396,1.0363896566415765,680683600.0,62.68964278846073,0.12079315630333895,-0.008075896547405703,0
2020-04-17,7.262856960296631,7.308000087738037,7.471499919891357,7.173500061035156,7.449999809265137,539120000,NVDA,-0.008075896547405703,0.11169423997224137,0.3725876016927059,7.064390468597412,6.4273505210876465,6.453277654647827,0.030296218336987143,0.05632332751773946,-0.276950725570666,669364000.0,63.60758349712562,0.11974712440776317,-0.01802825297750066,0
2020-04-20,7.131920337677002,7.176249980926514,7.337500095367432,7.131750106811523,7.181000232696533,449388000,NVDA,-0.01802825297750066,0.06373912593250486,0.3951394661787335,7.149859237670898,6.528347706794738,6.469651880264283,0.03479509995040105,0.05567039404363145,-0.1664416085472622,651601600.0,57.78209122879301,0.10317196224686259,-0.06110416848719713,0
2020-04-21,6.696130275726318,6.737750053405762,7.1192498207092285,6.677750110626221,7.057750225067139,735160000,NVDA,-0.06110416848719713,-0.050854128365956486,0.2671496214018192,7.078105068206787,6.598934030532837,6.478631238937378,0.03937977286500798,0.058256374130977145,0.6359137315638157,656165800.0,51.925961848892356,0.058042155398144724,0.06174159104845378,1
2020-04-22,7.109560012817383,7.153749942779541,7.196750164031982,6.885000228881836,6.930749893188477,483356000,NVDA,0.06174159104845378,0.01890768692370992,0.14836677024166112,7.104491233825684,6.644861102104187,6.490227766036988,0.05063964111226432,0.046573239905595795,-0.34251591490287825,625251400.0,64.40414672685998,0.051443563332655096,-0.007478691236411317,0
2020-04-23,7.056389808654785,7.100249767303467,7.328499794006348,7.074999809265137,7.196000099182129,424160000,NVDA,-0.007478691236411317,-0.03627413112703648,0.15629813246053148,7.051371479034424,6.69255211353302,6.498317546844483,0.044087504433528574,0.04642670416210501,-0.12246873939704894,606787800.0,60.24551107123035,0.03944693084428008,0.019647295146030697,1
2020-04-24,7.195028781890869,7.239749908447266,7.2417497634887695,7.014999866485596,7.090000152587891,352328000,NVDA,0.019647295146030697,-0.009339049189121207,0.12575790041329582,7.037805843353271,6.732739782333374,6.50687084197998,0.045572069506317495,0.0456083864556142,-0.16935118823085626,589598800.0,67.13424799380212,0.036846700560480866,0.025864087439722017,1
2020-04-27,7.381121635437012,7.427000045776367,7.587500095367432,7.349999904632568,7.374750137329102,479388000,NVDA,0.025864087439722017,0.0349416827391511,0.17548364158326235,7.087646102905273,6.787834811210632,6.520020046234131,0.045709862114178726,0.04541567215444873,0.36062986762335103,581626800.0,62.33013092481056,0.0432166762046744,-0.019253929141912707,0
2020-04-28,7.239006042480469,7.283999919891357,7.605000019073486,7.278500080108643,7.574999809265137,442904000,NVDA,-0.019253929141912707,0.0810730592745621,0.09702922675725034,7.196221256256104,6.8198483228683475,6.52088625907898,0.03161064078423693,0.044721259997202445,-0.07610536767712162,573659400.0,64.34974488157425,0.033831082645682437,0.024368341148212957,1
2020-04-29,7.415408611297607,7.46150016784668,7.514500141143799,7.34375,7.419250011444092,379160000,NVDA,0.024368341148212957,0.043019342677863115,0.1322457408017641,7.257390975952148,6.863154125213623,6.52191351890564,0.020634275976971966,0.044798336190521135,-0.1439228365514874,545119400.0,64.08831937679362,0.03531218895677024,-0.020706131517881032,0
2020-04-30,7.261864185333252,7.307000160217285,7.46150016784668,7.293000221252441,7.407249927520752,375916000,NVDA,-0.020706131517881032,0.029118909562854567,0.202452036091485,7.298485851287841,6.924286675453186,6.510866250991821,0.023818079782508033,0.04072353154477775,-0.00855575482645854,531069600.0,62.86292930438977,0.022389760171055956,-0.032503212735664366,0
2020-05-01,7.025830268859863,7.069499969482422,7.222499847412109,7.020999908447266,7.108749866485596,342096000,NVDA,-0.032503212735664366,-0.023516030047977088,0.10690085454033249,7.26464614868164,6.958213257789612,6.498077983856201,0.02747654220062744,0.04058214602421983,-0.08996690750061187,514386200.0,55.54412983104886,-0.004198427666446791,0.030093997421243524,1
2020-05-04,7.237265586853027,7.282249927520752,7.296000003814697,7.021999835968018,7.021999835968018,317556000,NVDA,0.030093997421243524,-0.019489727400416545,0.19425181502497924,7.235874938964844,7.017072367668152,6.496783895492554,0.028681764712796667,0.039056320682776056,-0.07173425003507783,497103400.0,53.30567640145032,-0.009392241546684221,0.008410988107114825,1
2020-05-05,7.29813814163208,7.343500137329102,7.506750106811523,7.282249927520752,7.386750221252441,368896000,NVDA,0.008410988107114825,0.008168538443621642,0.09441115632155905,7.247701358795166,7.0485516548156735,6.507031888961792,0.027553283204387026,0.032702844079681416,0.1616722719772261,479154000.0,55.844535948944525,-0.01049136499035172,0.013787572348280541,1
2020-05-06,7.398761749267578,7.44474983215332,7.550000190734863,7.385250091552734,7.423250198364258,323464000,NVDA,0.013787572348280541,-0.0022449015155641128,0.14963498971566702,7.24437198638916,7.096702313423156,6.524869327545166,0.025746481187292083,0.031357998468691986,-0.12315666204024978,456101200.0,51.53655855547368,-0.0064056666579915544,0.023775277243430315,1
2020-05-07,7.574669361114502,7.621749877929687,7.685249805450439,7.532999992370605,7.584499835968018,373732000,NVDA,0.023775277243430315,0.04307505177706594,0.14204896467608452,7.30693302154541,7.143809485435486,6.543443880081177,0.02453893811083493,0.031130227642768793,0.15540523829545183,447665600.0,55.9620097592286,0.005534647540672483,0.025027080181952543,1
2020-05-08,7.7642412185668945,7.8125,7.818749904632568,7.659749984741211,7.693749904632568,339216000,NVDA,0.025027080181952543,0.1050994574947024,0.18843896935061566,7.454615211486816,7.205364418029785,6.573208885192871,0.008861048519195433,0.030919733003427347,-0.09235494953603118,438348200.0,61.82514129195844,0.022631557445495692,0.03238399994497265,1
2020-05-11,8.015678405761719,8.065500259399414,8.112500190734863,7.778749942779541,7.807499885559082,469060000,NVDA,0.03238399994497265,0.1075562046973555,0.1955532784145333,7.610297775268554,7.270919513702393,6.599321565628052,0.009532780658095742,0.03112854730750942,0.382776755813405,441880800.0,76.50465262084775,0.045960792288723074,-0.03260814215457186,0
2020-05-12,7.754302024841309,7.802499771118164,8.172499656677246,7.792749881744385,8.123499870300293,493060000,NVDA,-0.03260814215457186,0.06250414480469346,0.09913688223207529,7.7015305519104,7.305889558792114,6.617046394348145,0.026056821550250776,0.030765844953580146,0.05116616211145697,439986400.0,63.79290716823707,0.03914205278927657,-0.0028837255064737555,0
2020-05-13,7.731940746307373,7.78000020980835,8.078499794006348,7.594749927520752,7.917500019073486,625852000,NVDA,-0.0028837255064737555,0.045031724000678564,0.1081042774866845,7.768166351318359,7.3436051368713375,6.639561424255371,0.026899588902446172,0.030595484414943468,0.26932219202531127,452971600.0,64.64504855484948,0.02894876942267044,0.032198595687772835,1
2020-05-14,7.980898380279541,8.030500411987305,8.03600025177002,7.6875,7.841750144958496,602312000,NVDA,0.032198595687772835,0.05362993416590123,0.08999055246184007,7.849412155151367,7.376550626754761,6.65780312538147,0.028274047883318942,0.029525908967163787,-0.03761272633146495,445806200.0,66.25892614737693,0.03442369513802834,0.05731206321360305,1
2020-05-15,8.438300132751465,8.490750312805176,8.500499725341797,7.874000072479248,7.889750003814697,987660000,NVDA,0.05731206321360305,0.08681581306009267,0.16184308446119067,7.984223937988281,7.435322785377503,6.690768222808838,0.03517337042830802,0.03158158960598948,0.6397813757653841,468233200.0,69.66447362819198,0.0626561042241931,0.030562716774340082,1
2020-05-18,8.696197509765625,8.750249862670898,8.916500091552734,8.680500030517578,8.760499954223633,774460000,NVDA,0.030562716774340082,0.08489850385149489,0.21933463892252858,8.120327758789063,7.513536643981934,6.732493858337403,0.034986791502849675,0.03134181205107546,-0.21586375878338704,484486800.0,75.98579194305348,0.09079776436665177,0.006314439547019379,1
2020-05-19,8.75110912322998,8.805500030517578,9.087499618530272,8.762749671936035,8.790249824523926,717320000,NVDA,0.006314439547019379,0.12854891326070983,0.3068905118159102,8.319689178466797,7.616285586357117,6.785554113388062,0.02373308763601126,0.02649346649154061,-0.07378044056503885,483594800.0,74.89811580231239,0.10424628881325387,0.01868125628868489,1
2020-05-20,8.914590835571289,8.970000267028809,9.04300022125244,8.888750076293945,8.991000175476074,587536000,NVDA,0.01868125628868489,0.15295643462202246,0.25388783827687345,8.55621919631958,7.706537127494812,6.8341122913360595,0.01894304748563817,0.024027534534214006,-0.18092901355043778,488803800.0,80.69392690422184,0.11447153827662843,-0.021711074020291377,0
2020-05-21,8.72104549407959,8.775250434875488,9.052499771118164,8.737500190734863,9.05150032043457,761068000,NVDA,-0.021711074020291377,0.0927398243321731,0.23590755762714188,8.70424861907959,7.789769911766053,6.886059455871582,0.02922745779840614,0.024821513994567074,0.29535551864055987,505649200.0,81.98783371009579,0.09909494066616686,0.028602862932640916,1
2020-05-22,8.970492362976074,9.026249885559082,9.093000411987305,8.713250160217285,8.825249671936035,1038764000,NVDA,0.028602862932640916,0.06306865385825966,0.24676254048543345,8.810687065124512,7.878543090820313,6.9579823780059815,0.0214034466206116,0.02506646711005196,0.3648767258641803,539971000.0,82.24256702934868,0.09652253849716003,-0.034177939056007856,0
2020-05-26,8.663899421691895,8.71774959564209,9.181750297546388,8.67199993133545,9.156749725341797,770780000,NVDA,-0.034177939056007856,-0.0037140472071224284,0.1737917148115029,8.804227447509765,7.942681980133057,7.011584215164184,0.026671324809162063,0.026778246611538926,-0.25798352657581514,554540600.0,73.27859469966221,0.06640525147967863,-0.02208138313440855,0
2020-05-27,8.472588539123535,8.525250434875488,8.632749557495117,7.996749877929687,8.625,1175892000,NVDA,-0.02208138313440855,-0.0318268896187236,0.17040771749658257,8.748523330688476,8.00436110496521,7.083442573547363,0.027865181318862908,0.026938818258670637,0.5255870676457615,591190000.0,67.75389580411112,0.027807842890993695,-0.004486640425935939,0
2020-05-28,8.434575080871582,8.487000465393066,8.760499954223633,8.379249572753906,8.412249565124512,734896000,NVDA,-0.004486640425935939,-0.05384607813791442,0.13743901691691573,8.652520179748535,8.055319428443909,7.144170112609864,0.02441971047917119,0.02680205161470532,-0.37503104026560263,608976800.0,64.8963005757619,-0.004361697883612625,0.045775620504657555,1
2020-05-29,8.820672988891602,8.875499725341797,8.875499725341797,8.484999656677246,8.554499626159668,745256000,NVDA,0.045775620504657555,0.011423801754003593,0.21465683793793167,8.672445678710938,8.133259868621826,7.219799976348877,0.033735037488120206,0.027328623117388342,0.014097232805730275,627443800.0,67.13411004942176,-0.003740257370044131,-0.007802125731391829,0
2020-06-01,8.751852989196777,8.806249618530273,8.840749740600586,8.689499855041504,8.833250045776367,389876000,NVDA,-0.007802125731391829,-0.024373174284355592,0.24566814942670256,8.628717803955078,8.219561004638672,7.2890098094940186,0.030530363909304817,0.025817163476854567,-0.47685627489077576,629832800.0,62.69172364173969,-0.011621915286581075,0.002157571829434657,1
2020-06-02,8.770735740661621,8.825249671936035,8.837249755859375,8.657999992370605,8.796250343322754,391320000,NVDA,0.002157571829434657,0.01233120489628936,0.2118852949923855,8.650085067749023,8.296234512329102,7.362184991836548,0.0256508377584458,0.025503997508687076,0.0037037417024901043,633521000.0,69.12227651343483,-0.01879650764970975,-0.006316991495830648,0
2020-06-03,8.715331077575684,8.769499778747559,8.866250038146973,8.699999809265137,8.822250366210938,365440000,NVDA,-0.006316991495830648,0.02865033954277907,0.19418554546936506,8.698633575439453,8.367094159126282,7.430803537368774,0.022632666400532447,0.02576245400953758,-0.06613513237248292,633348200.0,68.2734346244504,-0.029849829239581238,0.0001140207559358064,1
2020-06-04,8.716324806213379,8.766500473022461,8.943249702453613,8.677499771118164,8.727999687194824,424280000,NVDA,0.0001140207559358064,0.033404139822142964,0.1780788598952021,8.754983520507812,8.432972311973572,7.481309661865234,0.02219588902944668,0.02581639254804266,0.1610113835376532,638389000.0,65.05293362678549,-0.03908758238110066,0.017509600120528823,1
2020-06-05,8.86894416809082,8.920000076293945,8.996999740600586,8.708000183105469,8.794500350952148,481748000,NVDA,0.017509600120528823,0.005472505245349035,0.17086881885837002,8.764637756347657,8.497686052322388,7.536637153625488,0.010070004233543574,0.02565934421334649,0.13544828886584326,643789800.0,60.07110119877335,-0.03693763191317079,-0.012892265414964355,0
2020-06-08,8.754603385925293,8.805000305175781,8.889749526977539,8.685750007629395,8.877249717712402,387736000,NVDA,-0.012892265414964355,0.000314264502832895,0.12755427600447433,8.765187835693359,8.547204160690308,7.583903713226318,0.011372155471702406,0.025753532624300666,-0.19514767056635418,646215800.0,51.4642012676053,-0.04471537778587603,0.02737098478659883,1
2020-06-09,8.99422550201416,9.04599952697754,9.109749794006348,8.751250267028809,8.800000190734863,468488000,NVDA,0.02737098478659883,0.02548130145073557,0.12207913625240452,8.809885787963868,8.596131515502929,7.638203802108765,0.01679961273612327,0.02550988076908326,0.20826541770689344,646187200.0,55.57818109887494,-0.03561688846700023,0.03545768486466461,1
2020-06-10,9.313139915466309,9.36674976348877,9.5,9.153499603271484,9.167750358581545,632180000,NVDA,0.03545768486466461,0.06859278581266648,0.20102878191114848,8.929447555541993,8.674073410034179,7.6924918842315675,0.019788610550933703,0.024600691063658194,0.34940489404210995,653143200.0,58.535684684423394,-0.01127623245185111,-0.060906954918496514,0
2020-06-11,8.745904922485352,8.796250343322754,9.261249542236328,8.78600025177002,9.149999618530272,583652000,NVDA,-0.060906954918496514,0.00339364547898513,0.1311396723600382,8.935363578796387,8.724771618843079,7.7364241313934325,0.03930750612794313,0.029138890450710584,-0.07676294726185584,651033200.0,50.45894981183885,-0.03518434314792451,0.01548925245557986,1
2020-06-12,8.881372451782227,8.932499885559082,9.187250137329102,8.70324993133545,9.162500381469728,570908000,NVDA,0.01548925245557986,0.0014013261844765257,0.11282866020794335,8.937849235534667,8.769795322418213,7.793267316818238,0.039109203193152135,0.028600389317058463,-0.02183492903305395,649463000.0,48.28240030555038,-0.04315551785003546,0.02700832854243318,1
2020-06-15,9.121243476867676,9.173749923706056,9.182250022888184,8.743749618530273,8.815250396728516,400004000,NVDA,0.02700832854243318,0.04187969172102379,0.08093375838405081,9.011177253723144,8.803942489624024,7.848746213912964,0.03965736806458173,0.026446504829175047,-0.2993547121427621,620080200.0,59.0470250613687,-0.033958720320993174,-0.011473061798349171,0
2020-06-16,9.016594886779783,9.068499565124512,9.26675033569336,8.838749885559082,9.225000381469728,535716000,NVDA,-0.011473061798349171,0.002487082935669571,0.03684338777429552,9.01565113067627,8.819962358474731,7.907876443862915,0.03892841440424789,0.025908795986199887,0.3392766072339277,608143000.0,61.14341774298277,-0.036392519906785714,0.018470509282004555,1
2020-06-17,9.183135986328123,9.236000061035156,9.298999786376951,9.070249557495115,9.113750457763672,408304000,NVDA,0.018470509282004555,-0.013959194247934348,0.04936824087261349,8.989650344848632,8.841563701629639,7.958168115615845,0.03579723577630637,0.026153516766077706,-0.23783497226142214,592692200.0,64.56650829370292,-0.028598930287757007,-0.0019486529329073576,0
2020-06-18,9.165241241455078,9.218000411987305,9.282500267028809,9.114500045776367,9.22700023651123,254408000,NVDA,-0.0019486529329073576,0.04794659016834624,0.02811687159927012,9.073517608642579,8.854096221923829,8.012757968902587,0.015762481523717845,0.02589724669165418,-0.3769152396253772,576035800.0,57.82662907289886,-0.0265086460668445,0.004691662785475614,1
2020-06-19,9.20824146270752,9.261249542236328,9.44499969482422,9.227250099182127,9.24250030517578,524160000,NVDA,0.004691662785475614,0.03680388506392385,0.05586439939553922,9.138891410827636,8.878456020355225,8.064272279739379,0.015475423791093795,0.025306828755746413,1.060312568787145,564190400.0,60.489586210222214,-0.024156066288056166,0.02866778775006007,1
2020-06-22,9.47222137451172,9.52674961090088,9.53125,9.273249626159668,9.300000190734863,398468000,NVDA,0.02866778775006007,0.038479172114433524,0.055931044945362496,9.209086990356445,8.903542470932006,8.123053855895996,0.016010958781969904,0.025310285957059087,-0.23979700854700858,532175600.0,64.49031229106035,-0.007604946691053771,-0.008056003698623582,0
2020-06-23,9.395913124084473,9.449999809265137,9.642499923706056,9.407500267028809,9.550999641418455,375108000,NVDA,-0.008056003698623582,0.04206890096180871,0.08449009698333154,9.284950637817383,8.940143156051636,8.176880588531494,0.01503195524405044,0.023925191910434705,-0.05862453195739681,512392000.0,63.938146085673914,-0.004721156772712176,-0.022698592383587846,0
2020-06-24,9.182639122009276,9.23550033569336,9.556500434875488,9.14449977874756,9.47624969482422,449372000,NVDA,-0.022698592383587846,-5.410617022194586e-05,0.08380562558974369,9.284851264953613,8.975645685195923,8.219435348510743,0.018892393801007844,0.023961432985708603,0.19798031500261248,476066000.0,58.786059489172764,-0.019285031171460854,0.027556589963645184,1
2020-06-25,9.435681343078612,9.489999771118164,9.505000114440918,9.182250022888184,9.35575008392334,376072000,NVDA,0.027556589963645184,0.029507144929291407,0.11869077607446954,9.33893928527832,9.025700998306274,8.268596391677857,0.022368516661395277,0.024409616869730495,-0.16311652706443658,458124800.0,60.28882329007846,-0.01421813473672906,-0.03530028060358403,0
2020-06-26,9.102599143981934,9.154999732971191,9.5,9.125,9.5,592084000,NVDA,-0.03530028060358403,-0.01147258346269775,0.03196197789504018,9.317810821533204,9.039797306060791,8.304208602905273,0.029103758629166615,0.02417143811417225,0.574390010423536,450466200.0,55.85283637208191,-0.034485351734937164,0.004915677878779112,1
2020-06-29,9.147344589233398,9.199999809265137,9.204500198364258,8.899999618530273,9.169750213623049,342248000,NVDA,0.004915677878779112,-0.03429784550353887,0.045189470221313366,9.252835464477538,9.059571886062622,8.341898355484009,0.024414167600838164,0.02407109177445995,-0.421960397511164,448084800.0,52.75591848672942,-0.04537838254423926,0.03236365327221935,1
2020-06-30,9.44338607788086,9.497750282287598,9.526249885559082,9.26650047302246,9.314000129699709,367892000,NVDA,0.03236365327221935,0.0050525109342167696,0.07669257826350795,9.262330055236816,9.093204402923584,8.388127670288085,0.02992875897036729,0.024979554858543796,0.07492812229728152,446913400.0,52.363701187103345,-0.03368427145452124,0.003395741593608115,1
2020-07-01,9.47545337677002,9.529999732971191,9.575750350952148,9.413000106811523,9.520750045776367,326648000,NVDA,0.003395741593608115,0.031887810341900025,0.08721668659841408,9.320892906188964,9.1312105178833,8.44371413230896,0.026794035151290654,0.024862538638244305,-0.11210898850749673,444973800.0,66.43153774742768,-0.025215444865339387,0.008630566058890565,1
2020-07-02,9.557231903076172,9.612250328063965,9.737500190734863,9.57824993133545,9.638999938964844,364056000,NVDA,0.008630566058890565,0.012882011969037377,0.0964749611284974,9.345203018188476,9.17325587272644,8.492667570114136,0.024312895100285524,0.024856635263079983,0.11452082976170064,441962600.0,65.59957631595628,-0.01598218850215638,0.02361576389285247,1
2020-07-06,9.782933235168455,9.83924961090088,9.9087495803833,9.712499618530272,9.74174976348877,315892000,NVDA,0.02361576389285247,0.07474064060442731,0.10305500291297753,9.48126983642578,9.218955326080323,8.54719843864441,0.012765047822100709,0.025056203709409284,-0.13229832772979977,433669800.0,65.37308022614087,0.0024674189539260483,0.0033029350616764486,1
2020-07-07,9.815245628356934,9.871749877929688,10.06999969482422,9.850749969482422,9.946249961853027,357800000,NVDA,0.0033029350616764486,0.07301583892550267,0.1211525177870223,9.614850044250488,9.271987438201904,8.59960277557373,0.013086753551794441,0.02469927303619411,0.13266559457029614,432173000.0,69.20046625177231,0.013379243779346739,0.034872611635157424,1
2020-07-08,10.1575288772583,10.215999603271484,10.225000381469728,9.965499877929688,9.993749618530272,365480000,NVDA,0.034872611635157424,0.07562359449119316,0.1293389158392384,9.757678604125976,9.330152606964111,8.655130920410157,0.013972493562341794,0.025094251165386952,0.021464505310229143,427022600.0,71.60026637633058,0.038745638454943276,0.028680282803181356,1
2020-07-09,10.44884967803955,10.508999824523926,10.56999969482422,10.23349952697754,10.380249977111816,494548000,NVDA,0.028680282803181356,0.10272820334443367,0.1219470310638382,9.952357864379882,9.386938095092773,8.719327793121337,0.013393192460052987,0.024724279678266327,0.35314654700667614,420141000.0,75.37841520214886,0.06850151562727447,-0.0028308534919228023,0
2020-07-10,10.419270515441896,10.479249954223633,10.65524959564209,10.37874984741211,10.588749885559082,497676000,NVDA,-0.0028308534919228023,0.09019751964878675,0.19133132680809184,10.124765586853027,9.470606374740601,8.779405031204224,0.016424868504856194,0.019248910734430115,0.006324967445020535,415842200.0,74.0711829579446,0.07881356834695968,-0.04074707765768182,0
2020-07-13,9.994715690612791,10.052249908447266,10.79224967956543,10.024999618530272,10.595000267028809,457076000,NVDA,-0.04074707765768182,0.021648155042396144,0.12535711624245072,10.167122077941894,9.52627353668213,8.834062061309815,0.03003969458383387,0.02213688573864083,-0.08157918002877373,410150600.0,59.76226664552207,0.05101197765272236,0.03230609971032128,1
2020-07-14,10.31760597229004,10.376999855041504,10.402750015258787,9.785499572753906,10.074999809265137,542676000,NVDA,0.03230609971032128,0.05118163752130189,0.1311622147195668,10.267594146728516,9.586091661453247,8.899897575378418,0.03241919918000678,0.022429302452965046,0.18727738931818783,417284200.0,65.76797638878239,0.048362832888204865,-0.014430998501311909,0
2020-07-15,10.168712615966797,10.227250099182127,10.43299961090088,10.055749893188477,10.414250373840332,403984000,NVDA,-0.014430998501311909,0.0011010294771138796,0.12777747516152238,10.269830894470214,9.643697547912598,8.958526515960694,0.03058210850290009,0.022562857361090226,-0.2555705430127737,410697600.0,67.24934495820511,0.031399268211105835,-0.00904445303933299,0
2020-07-16,10.076742172241213,10.134750366210938,10.20674991607666,9.895500183105469,10.015000343322754,344964000,NVDA,-0.00904445303933299,-0.0356122939140755,0.09730947981642579,10.195409393310548,9.688377857208252,9.014098596572875,0.026270721636715642,0.022618753861604418,-0.14609489484732063,407530600.0,61.883729144722864,0.009914082556538917,0.006586360508904265,1
2020-07-17,10.143111228942873,10.201499938964844,10.248499870300291,10.087750434875488,10.225500106811523,266284000,NVDA,0.006586360508904265,-0.02650466614622793,0.10669331681798133,10.140177536010743,9.737271356582642,9.068985586166383,0.026968138286299806,0.02256324334097576,-0.2280817708514512,408124400.0,71.40524183738971,-0.0031966177859862888,0.030314250246548546,1
2020-07-20,10.450592041015623,10.510749816894531,10.53125,10.156749725341797,10.274250030517578,284852000,NVDA,0.030314250246548546,0.045611737693649346,0.1349172459627066,10.23135280609131,9.799388885498047,9.126504039764404,0.02166681928206662,0.023242647317612396,0.06973006263988824,396159000.0,74.19476146129517,0.005023406285997456,-0.017339372015944043,0
2020-07-21,10.26938533782959,10.328499794006348,10.5600004196167,10.286749839782717,10.512999534606934,277036000,NVDA,-0.017339372015944043,-0.00467362628403889,0.0841580799054078,10.221708679199219,9.83924708366394,9.176606922149658,0.01968488868920742,0.023220823371975424,-0.027438810329574626,390087400.0,66.01761983861118,-0.005016136988337583,0.010674176659100088,1
2020-07-22,10.379002571105955,10.438750267028809,10.602499961853027,10.291500091552734,10.36750030517578,367292000,NVDA,0.010674176659100088,0.020680096201063147,0.10462947390408894,10.263766670227051,9.888401556015015,9.223873405456542,0.01849943604315292,0.023073304733940172,0.32579159387227663,389696600.0,67.00985359288809,-0.007402996882597657,-0.029601018011934377,0
2020-07-23,10.071773529052734,10.12975025177002,10.54699993133545,10.03125,10.449999809265137,411660000,NVDA,-0.029601018011934377,-0.000493080313413774,0.09682776326386922,10.262772941589356,9.932858276367188,9.270222835540771,0.02373323385758139,0.023559706665597355,0.12079762151095053,387811000.0,58.92864708000594,-0.03145346248684788,0.006391996227637309,1
2020-07-24,10.136152267456056,10.194499969482422,10.364749908447266,9.777000427246094,9.875,473292000,NVDA,0.006391996227637309,-0.0006860776077225461,0.0742363904532728,10.261381149291992,9.96788182258606,9.318307065963745,0.02372016438896208,0.02295587969555879,0.14971578487101,392672000.0,56.492791397008084,-0.04403466209925572,0.02226686936645761,1
2020-07-27,10.361852645874023,10.421500205993652,10.441749572753906,10.21774959564209,10.232250213623049,292132000,NVDA,0.02226686936645761,-0.008491327074420574,0.1383399930034961,10.243633270263672,10.030844497680665,9.365926151275636,0.021306741161683043,0.0213425913285294,-0.3827658189870101,377674400.0,59.380674101693664,-0.03837208662026259,-0.019766796530939823,0
2020-07-28,10.157032012939451,10.215499877929688,10.381999969482422,10.209250450134276,10.374250411987305,271636000,NVDA,-0.019766796530939823,-0.01094060853635126,0.11038038567984798,10.221162605285645,10.081328868865967,9.400300788879395,0.02177967123238984,0.0221505161415722,-0.0701600646283187,374143800.0,49.99105075168529,-0.048958895339864306,0.024472462118865224,1
2020-07-29,10.405599594116213,10.465499877929688,10.516249656677246,10.347000122070312,10.39074993133545,284508000,NVDA,0.024472462118865224,0.002562579865265757,0.10189284948215094,10.226482009887695,10.129439544677734,9.434488830566407,0.024493295998489237,0.021712430768394873,0.04738694429309809,369974600.0,49.20881819409367,-0.04012976141241259,0.014189452869023844,1
2020-07-30,10.55324935913086,10.61400032043457,10.623000144958496,10.295249938964844,10.375,308880000,NVDA,0.014189452869023844,0.04780447343154348,0.11374611213888297,10.32277717590332,10.183329343795776,9.470531635284424,0.017856112590011786,0.021802127040478337,0.0856636720232824,369086200.0,52.34941058620288,-0.02594280399440413,7.048691274902374e-05,1
2020-07-31,10.553993225097656,10.614749908447266,10.76650047302246,10.43299961090088,10.563249588012695,386080000,NVDA,7.048691274902374e-05,0.04122283748470834,0.10429393491023875,10.40634536743164,10.23316740989685,9.50331968307495,0.01834913666355515,0.021824074823291142,0.24993524993524985,370187400.0,61.519534759650355,-0.018457432741765034,0.037259918616848076,1
2020-08-03,10.94723415374756,11.010250091552734,11.098750114440918,10.715250015258787,10.732500076293944,412720000,NVDA,0.037259918616848076,0.056493903926208455,0.11901347894244907,10.523421669006348,10.291382455825806,9.54784345626831,0.022062484074803063,0.022628495567326844,0.06900124326564439,375028800.0,62.603309019339854,0.009525432422167579,0.01975397349265462,1
2020-08-04,11.163485527038574,11.227749824523926,11.227749824523926,10.906000137329102,11.050000190734863,310336000,NVDA,0.01975397349265462,0.0990893316883279,0.13736180934550246,10.724712371826172,10.358794450759888,9.591703319549561,0.013650067619189264,0.02282795665781507,-0.2480713316534212,372655600.0,69.38957222283156,0.03757205130545044,0.005254847548169295,1
2020-08-05,11.222147941589355,11.286749839782717,11.371749877929688,11.166250228881836,11.244000434875488,249924000,NVDA,0.005254847548169295,0.07847201308176954,0.10481083314610418,10.8880220413208,10.41202540397644,9.64286828994751,0.01445814833074387,0.021843896461913988,-0.1946664260672304,366877800.0,72.61932518214374,0.05404578618297573,0.004319351761559176,1
2020-08-06,11.270620346069336,11.33549976348877,11.357999801635742,11.178750038146973,11.349749565124512,244316000,NVDA,0.004319351761559176,0.06797631350554556,0.07864699879422221,11.031496238708495,10.45311393737793,9.698828926086426,0.015298063454518654,0.021134732745737326,-0.022438821401706166,354366200.0,72.424409449715,0.06162879724982895,-0.011997696415211201,0
2020-08-07,11.135398864746094,11.19950008392334,11.50475025177002,11.037500381469728,11.3125,342516000,NVDA,-0.011997696415211201,0.055088687973177786,0.06873114084549958,11.147777366638184,10.48892035484314,9.752845401763915,0.018525075576160156,0.02138865561250282,0.40193847312496933,346608200.0,64.62161109925577,0.051378381758935165,-0.0030803390659653873,0
2020-08-10,11.10109806060791,11.164999961853027,11.408249855041504,10.856499671936035,11.334250450134276,427796000,NVDA,-0.0030803390659653873,0.014055048489821198,0.11069673257782142,11.178550148010254,10.544239473342895,9.798453903198242,0.011718677575149963,0.018782776726405777,0.24898106949748322,345144200.0,68.94685753564889,0.03681108383460974,-0.02821333903763157,0
2020-08-11,10.787899017333984,10.850000381469728,11.13675022125244,10.79574966430664,11.073749542236328,354512000,NVDA,-0.02821333903763157,-0.03364419730691626,0.04558160549133272,11.103432846069335,10.567754125595092,9.839174823760986,0.013859350176539914,0.01909736568318803,-0.17130594956474576,335736000.0,58.524222199690286,0.0024191554907539436,0.054400963513571376,1
2020-08-12,11.374771118164062,11.440250396728516,11.467000007629396,10.958250045776367,10.990750312805176,464412000,NVDA,0.054400963513571376,0.013600175061770914,0.11860483698826596,11.133957481384277,10.628057050704957,9.891255531311035,0.031144569735179296,0.021900315204062427,0.31000361059710246,338757400.0,74.3270711338194,0.014839338522301404,0.00024028884295157482,1
2020-08-13,11.377504348754885,11.442999839782717,11.721750259399414,11.35575008392334,11.54599952697754,374460000,NVDA,0.00024028884295157482,0.009483417895699509,0.1290855868176255,11.155334281921387,10.693095159530639,9.94449899673462,0.031157600726917176,0.021665213128170904,-0.19369008552750577,340232200.0,73.72219460170317,0.01863715964681867,0.010574024964254303,1
2020-08-14,11.497810363769531,11.564000129699709,11.704750061035156,11.440500259399414,11.529999732971191,366436000,NVDA,0.010574024964254303,0.032545892915502694,0.1335585407918125,11.227816581726074,10.760830116271972,10.000128707885743,0.030193867687003387,0.021686230726482986,-0.021428189926827934,345239800.0,72.61925288775083,0.02429230588568898,0.06684556027340971,1
2020-08-17,12.266387939453123,12.336999893188477,12.409749984741213,11.81725025177002,11.85124969482422,621300000,NVDA,0.06684556027340971,0.10497068600629955,0.17375052928207446,11.460874557495117,10.851619911193847,10.068077583312988,0.03930265070737995,0.025071084989443257,0.6955211824165748,362062200.0,84.3007170860007,0.07213094485572191,-0.0061808052096677946,0
2020-08-18,12.190571784973145,12.260749816894531,12.496000289916992,12.08625030517578,12.449999809265137,503448000,NVDA,-0.0061808052096677946,0.13002279363065483,0.18707901047070785,11.74140911102295,10.947679233551025,10.136796951293945,0.03319904872341224,0.024589170322893893,-0.18968614196040556,373382800.0,80.7536730816818,0.08984996311993831,-0.009970709724932858,0
2020-08-19,12.06902313232422,12.138500213623049,12.3149995803833,12.097999572753906,12.296500205993652,622624000,NVDA,-0.009970709724932858,0.061034372203896625,0.162830729604317,11.88025951385498,11.032180261611938,10.198292903900146,0.03146886726365613,0.024941304485014384,0.2367195817641543,386149400.0,76.35261144536771,0.08463839898865455,0.00020592182493173183,1
2020-08-20,12.071508407592772,12.140999794006348,12.375,11.87874984741211,11.975000381469728,921388000,NVDA,0.00020592182493173183,0.060997916376436034,0.19854843566246427,12.019060325622558,11.13216700553894,10.253460273742675,0.03147216389063851,0.02342968334334028,0.47984658477668707,411635800.0,76.36692147140295,0.07305023633647278,0.04468342048053198,1
2020-08-21,12.610904693603516,12.683500289916992,12.80875015258789,12.195249557495115,12.201749801635742,999868000,NVDA,0.04468342048053198,0.09680924407497882,0.2441510704306502,12.241679191589355,11.255904626846313,10.330760269165038,0.034551989829283675,0.024704890654892345,0.08517584340147688,437964600.0,77.50921002709477,0.09217072601978654,0.0028975704753329,1
2020-08-24,12.647445678710938,12.720250129699709,12.912500381469728,12.50749969482422,12.883749961853027,490564000,NVDA,0.0028975704753329,0.031065195486944974,0.22057764291282522,12.317890739440918,11.370184278488159,10.406081733703614,0.02203692418634463,0.02463049996258901,-0.5093712370032845,447886200.0,76.08809877245304,0.09723535012642281,0.002338595159875556,1
2020-08-25,12.67702293395996,12.75,12.761249542236328,12.573749542236328,12.630749702453612,289076000,NVDA,0.002338595159875556,0.039903882899606335,0.24810307950296795,12.415180969238282,11.496183824539184,10.47719732284546,0.021139115994340995,0.023688327067460036,-0.4107272445593235,448758200.0,75.84104023624984,0.09255850602975169,0.0018039811260546212,1
2020-08-26,12.699892044067385,12.77299976348877,12.868499755859377,12.677749633789062,12.799249649047852,321244000,NVDA,0.0018039811260546212,0.05227174600846696,0.22048632846188565,12.541354751586914,11.610898447036742,10.550863265991211,0.019199188736611972,0.02357211356474665,0.11127869487608799,450595000.0,75.61929390784925,0.08138200857312639,-0.011332450538800498,0
2020-08-27,12.555971145629885,12.628250122070312,12.850000381469728,12.566499710083008,12.781499862670898,317604000,NVDA,-0.011332450538800498,0.04013274246094989,0.18977299960852667,12.638247299194337,11.711034536361694,10.618319969177247,0.021306473952978723,0.02403502930002027,-0.011330950928266414,451031200.0,75.38419381159123,0.05588791002176274,0.04113789496950071,1
2020-08-28,13.072497367858888,13.147749900817873,13.14799976348877,12.642499923706056,12.675000190734863,537160000,NVDA,0.04113789496950071,0.036602661384753876,0.23863044906757835,12.73056583404541,11.836959743499756,10.696465091705322,0.019788573783647342,0.0249686864526509,0.6912885228145742,458585200.0,80.04844004563175,0.06477707171944302,0.017246316197394362,1
2020-08-31,13.29794979095459,13.374500274658203,13.574999809265137,13.037750244140623,13.18274974822998,500840000,NVDA,0.017246316197394362,0.051433635594784644,0.2147314658837649,12.860666656494141,11.954495525360107,10.778259258270264,0.020017102743205163,0.02425365942274442,-0.06761486335542488,462991200.0,89.31017559183056,0.07602772037322492,0.03369370329457788,1
2020-09-01,13.746006965637209,13.821000099182127,13.993749618530272,13.43649959564209,13.479999542236328,511316000,NVDA,0.03369370329457788,0.08432453244314897,0.23133647930510826,13.07446346282959,12.083621597290039,10.863734970092773,0.021759044522635607,0.02474267882834678,0.020916859675744748,473040200.0,88.82425521110989,0.10220155835567146,0.03802186428734311,1
2020-09-02,14.26865577697754,14.346500396728516,14.726750373840332,13.899999618530272,14.703749656677246,874012000,NVDA,0.03802186428734311,0.12352575340535954,0.271472792129019,13.38821620941162,12.235946989059448,10.961189823150635,0.021667824162081784,0.025435276415786502,0.709338256577146,504244600.0,90.45013502983474,0.14088421242893467,-0.09277525319531044,0
2020-09-03,12.94487762451172,13.01550006866455,13.884499549865724,12.87874984741211,13.828749656677246,945128000,NVDA,-0.09277525319531044,0.03097382706372298,0.14855058790320164,13.46599750518799,12.319659852981568,11.036434593200683,0.056787571691316034,0.034651443965480436,0.08136730388141133,539285200.0,65.14557462870708,0.0672235825871852,-0.030194815145301868,0
2020-09-04,12.554009437561035,12.6225004196167,13.175000190734863,11.704750061035156,12.7837495803833,1463684000,NVDA,-0.030194815145301868,-0.0396625002635419,0.1273964758735464,13.362299919128422,12.390590381622314,11.098801155090332,0.05514985578324418,0.035421442162529515,0.548662191787779,595343600.0,53.26880827712683,-0.013607310817940865,-0.05620931228768988,0
2020-09-08,11.84835720062256,11.913000106811523,12.550000190734863,11.70425033569336,11.73449993133545,795728000,NVDA,-0.05620931228768988,-0.10900872789563831,0.06731398425046686,13.072381401062014,12.427953338623047,11.153716316223145,0.05689836297658879,0.03807947242965982,-0.4563526006979649,613740200.0,46.5978057602113,-0.11475286637793991,0.06732127576978009,1
2020-09-09,12.646003723144531,12.71500015258789,12.809249877929688,12.231749534606934,12.399999618530272,736200000,NVDA,0.06732127576978009,-0.08002347483472894,0.17223971997002807,12.852380752563477,12.520858573913575,11.223689498901367,0.06626824183910957,0.03978490481450858,-0.07480948263728304,632824600.0,55.056425620711906,-0.1271304816152925,-0.031714224177197714,0
2020-09-10,12.244945526123049,12.311750411987305,13.065250396728516,12.166999816894531,12.989250183105469,698684000,NVDA,-0.031714224177197714,-0.14182907503590814,0.07650038835238004,12.44763870239258,12.564367294311523,11.279720687866211,0.059358665560413464,0.03923902210624165,-0.05095897853844067,644538200.0,51.42068588391535,-0.1594299952604301,-0.011960040362137825,0
2020-09-11,12.098495483398438,12.16450023651123,12.65250015258789,11.895750045776367,12.48550033569336,636928000,NVDA,-0.011960040362137825,-0.06538355677543217,0.06336988433869117,12.278362274169924,12.6004168510437,11.33218152999878,0.04734055152456049,0.039402106327600536,-0.08838902851646813,657661600.0,45.51387617463304,-0.18591110419383927,0.05818136758453596,1
2020-09-14,12.80240249633789,12.872249603271484,13.3149995803833,12.631250381469728,13.081000328063965,1201744000,NVDA,0.05818136758453596,0.019785954440473486,0.113464398115247,12.328040885925294,12.66564645767212,11.397084941864014,0.05498699791726281,0.041227263173287926,0.8867815514469453,699427000.0,51.2146974171121,-0.1526656365711666,0.009225365479237135,1
2020-09-15,12.920509338378906,12.991000175476074,13.298749923706056,12.827750205993652,13.279999732971191,727556000,NVDA,0.009225365479237135,0.09048951847096665,0.05332632574108409,12.542471313476563,12.698352527618407,11.459836463928223,0.04328108935819807,0.03870234015646755,-0.3945832057409897,704739800.0,51.882546732968805,-0.12076393271141972,-0.03667936312419662,0
2020-09-16,12.446593284606934,12.51449966430664,13.09274959564209,12.513750076293944,12.957249641418455,556384000,NVDA,-0.03667936312419662,-0.01576865252480031,0.02100159895283804,12.502589225769043,12.711153602600097,11.512463417053223,0.0385060538944823,0.0396848023181658,-0.2352698623885996,707386600.0,48.169274570835505,-0.12888308668331117,-0.004075181138529893,0
2020-09-17,12.39587116241455,12.463500022888184,12.589750289916992,12.034749984741213,12.13224983215332,792512000,NVDA,-0.004075181138529893,0.012325545750246247,0.027081564639224176,12.532774353027344,12.727496004104614,11.557230262756347,0.03511421508112721,0.039614633101572115,0.42439753839075167,715881000.0,48.82707026008231,-0.13435992086360204,-0.022004286347459434,0
2020-09-18,12.123108863830566,12.189249992370604,12.63249969482422,11.988750457763672,12.59375,698460000,NVDA,-0.022004286347459434,0.0020344166318781998,0.004274565737396818,12.537697029113769,12.730076026916503,11.590715446472167,0.0364418361946755,0.039979877258674114,-0.11867580553985302,704734600.0,42.78692643912085,-0.1517573473840968,0.026909060186511846,1
2020-09-21,12.44933032989502,12.517250061035156,12.522500038146973,11.904500007629396,11.925000190734863,721044000,NVDA,0.026909060186511846,-0.02757858663980195,-0.012812273792731865,12.467082595825195,12.72199730873108,11.631316642761231,0.025067930203684606,0.03914612527661731,0.03233399192509245,690793400.0,43.64976442865564,-0.13714273818047523,0.009626500365518265,1
2020-09-22,12.569173812866213,12.637749671936035,12.64799976348877,12.155500411987305,12.574999809265137,646452000,NVDA,0.009626500365518265,-0.027192080150361453,-0.006188748924731646,12.396815490722656,12.718083715438842,11.682805805206298,0.025126711131132504,0.039200389527587934,-0.10344999750361972,698587800.0,40.73882056908117,-0.11608771182809469,-0.040671837534809074,0
2020-09-23,12.05796241760254,12.123749732971191,12.72700023651123,12.07925033569336,12.575499534606934,647012000,NVDA,-0.040671837534809074,-0.031223874526777107,-0.04883327257372405,12.319089317321778,12.687130689620973,11.717612934112548,0.026406262865459378,0.040255627878242176,0.0008662669463470607,716484600.0,32.57140365281148,-0.1321075567439644,0.01849697358919733,1
2020-09-24,12.280998229980469,12.347999572753906,12.569499969482422,12.013999938964844,12.072250366210938,731240000,NVDA,0.01849697358919733,-0.009267031814785831,-0.032984045268526274,12.296114730834962,12.666185998916628,11.759858646392821,0.028660107966741417,0.04050487510680848,0.13017996575024893,736984400.0,43.666967005870426,-0.12336638466836988,0.04257763116615254,1
2020-09-25,12.80389404296875,12.873749732971191,12.883500099182127,12.245750427246094,12.447500228881836,588016000,NVDA,0.04257763116615254,0.0561559899185029,0.019745417894270645,12.432271766662598,12.67858214378357,11.814401683807374,0.03153396372024757,0.04155344925867346,-0.19586455883157372,750505000.0,52.32518743181454,-0.08014617187101508,0.01252575627207686,1
2020-09-28,12.964272499084473,13.03499984741211,13.051750183105469,12.75,13.040249824523926,573808000,NVDA,0.01252575627207686,0.04136304166922966,-0.008278821232774236,12.535260200500488,12.67317090034485,11.870824909210205,0.03039970865197459,0.04060993688300628,-0.024162607820195414,752337400.0,61.556331340189224,-0.0405331807634943,0.014633561435998477,1
2020-09-29,13.153985977172852,13.225749969482422,13.442749977111816,12.933250427246094,12.9375,621460000,NVDA,0.014633561435998477,0.04652749440921933,-0.010826015742642081,12.652222633361816,12.665972709655763,11.92489278793335,0.030527841317703332,0.04055698218943898,0.08304519978808234,758368400.0,56.01842980151966,-0.0032932288905737073,0.023042127161447823,1
2020-09-30,13.45708179473877,13.530500411987305,13.6225004196167,13.150250434875488,13.157500267028809,689184000,NVDA,0.023042127161447823,0.11603281953290523,-0.021018843626422257,12.932046508789062,12.651526451110842,11.988646717071534,0.012046744148003873,0.04016266815427784,0.10897563801370969,767261800.0,64.70232640671387,0.03775047010866189,0.006208235367403336,1
2020-10-01,13.540626525878906,13.614500045776367,13.762749671936035,13.460749626159668,13.758000373840332,525004000,NVDA,0.006208235367403336,0.10256725652996379,-0.05102297388611121,13.18397216796875,12.615124988555909,12.051879196166992,0.014086115619191203,0.03918366108626011,-0.2382237544690533,749811400.0,67.76305743018628,0.06492942721096828,-0.04056337147290656,0
2020-10-02,12.991373062133787,13.062250137329102,13.51949977874756,13.050999641418455,13.225000381469728,552496000,NVDA,-0.04056337147290656,0.01464234384757268,0.0035918020216758606,13.221467971801758,12.617449760437012,12.110271186828614,0.025177785376945257,0.03423575155939703,0.052365315311883265,730179800.0,52.419782648198385,0.04146177709046847,0.04442184448280284,1
2020-10-05,13.568473815917969,13.642499923706056,13.64424991607666,13.222749710083008,13.236000061035156,479820000,NVDA,0.04442184448280284,0.046605107758739495,0.08080799870372113,13.342308235168456,12.668172979354859,12.178917617797852,0.03141036058980781,0.03474973306984688,-0.13154122382786482,680986600.0,57.42449295905776,0.05926682276536474,0.006890281239755769,1
2020-10-06,13.661964416503906,13.736499786376951,14.142000198364258,13.664999961853027,13.829999923706056,784420000,NVDA,0.006890281239755769,0.03861783342422509,0.15306824272533337,13.443903923034668,12.758853340148926,12.24491985321045,0.03128761452218583,0.03167999274161169,0.6348213913550915,680421200.0,65.25594832933939,0.07100947341096209,0.016561810151443535,1
2020-10-07,13.88823127746582,13.96399974822998,14.119250297546388,13.863499641418455,13.999750137329102,418084000,NVDA,0.016561810151443535,0.03203885428530384,0.09823083888926765,13.530133819580078,12.82096471786499,12.319543838500977,0.030636159608996454,0.028521148277566178,-0.46701511945131435,664515400.0,67.94213399137274,0.08664838894364946,-0.00896966297705415,0
2020-10-08,13.76365852355957,13.838749885559082,14.084500312805176,13.758000373840332,14.074999809265137,378900000,NVDA,-0.00896966297705415,0.01647132038199306,0.1240277463216588,13.574740219116212,12.896900367736816,12.386705017089843,0.03143896477490689,0.027408509209957816,-0.09372279254886573,648526200.0,70.45254426107104,0.08132233622891816,-0.005491662348788173,0
2020-10-09,13.68807315826416,13.762749671936035,13.82425022125244,13.66075038909912,13.767000198364258,346892000,NVDA,-0.005491662348788173,0.05362790313219912,0.13138639238630478,13.714080238342286,12.976379251480102,12.449401493072509,0.021419043013582766,0.027220225995704287,-0.08447611506993935,634024400.0,66.4726931285024,0.0660759587034132,0.03365947919544254,1
2020-10-12,14.14880657196045,14.22599983215332,14.347000122070312,13.912500381469728,13.989500045776367,434744000,NVDA,0.03365947919544254,0.042770672952300526,0.10516807888267032,13.830146789550781,13.04369945526123,12.521297760009766,0.017331579528980838,0.02525298651687049,0.2532546152693058,595674400.0,69.2596863827977,0.07948696513959275,0.001564225205021863,1
2020-10-13,14.170938491821287,14.248250007629396,14.34850025177002,14.018750190734863,14.296500205993652,344604000,NVDA,0.001564225205021863,0.03725482366961308,0.09677862696388617,13.931941604614257,13.106220912933349,12.585771846771241,0.017618847044367617,0.025248672453858798,-0.20734041182857033,576526800.0,79.25101775802253,0.0819851479835168,-0.010738186561337182,0
2020-10-14,14.018768310546877,14.095250129699709,14.34274959564209,13.960000038146973,14.290499687194824,276100000,NVDA,-0.010738186561337182,0.009399111411174221,0.12631368198431447,13.958049011230468,13.184829664230346,12.642877502441406,0.018311419340078898,0.023611725836463808,-0.19879049575744911,562512600.0,74.53830362909376,0.0662020119145057,-0.00888600508961257,0
2020-10-15,13.894197463989258,13.970000267028809,14.005749702453612,13.767749786376951,13.810750007629396,267224000,NVDA,-0.00888600508961257,0.009484319899846438,0.12087301343674617,13.984156799316406,13.259745979309082,12.696318492889404,0.018298918715920983,0.023746356594895168,-0.032147772546178954,536248200.0,67.34710784932557,0.04139831468010602,-0.011345707723499077,0
2020-10-16,13.736557960510254,13.81149959564209,14.121500015258787,13.792499542236328,14.036749839782717,242392000,NVDA,-0.011345707723499077,0.0035421203324603745,0.13308872458395804,13.993853759765624,13.340418434143066,12.745637245178223,0.019070810087580995,0.023198314401738942,-0.09292578510912197,513444800.0,62.29804956396443,0.010036235696257001,-0.022716743642747672,0
2020-10-19,13.424508094787598,13.497750282287598,13.98349952697754,13.406749725341797,13.902999877929688,298068000,NVDA,-0.022716743642747672,-0.05119148908348481,0.07833174468435855,13.848994064331055,13.389177322387695,12.791419429779053,0.008633405691421884,0.02355426518982292,0.22969404930855797,492296000.0,54.14630638257815,-0.03366944110636588,0.010946380085499197,1
2020-10-20,13.571457862854004,13.645500183105469,13.799750328063965,13.506999969482422,13.583499908447266,229212000,NVDA,0.010946380085499197,-0.042303523461997394,0.07974144242971803,13.729097938537597,13.439291524887086,12.840826625823974,0.012181158446943244,0.023572579327613263,-0.2310076895205121,471434000.0,51.841176073246665,-0.053451698299877115,-0.008848893993656626,0
2020-10-21,13.45136547088623,13.524749755859377,13.791500091552734,13.477499961853027,13.625,219596000,NVDA,-0.008848893993656626,-0.040474514386100946,0.11555874906771657,13.615617370605468,13.50896167755127,12.89409595489502,0.012125411517561017,0.02136120810154223,-0.041952428319634194,450063200.0,48.57982503976162,-0.07412238050695358,-0.012107527526663109,0
2020-10-22,13.28850269317627,13.361000061035156,13.611749649047852,13.231749534606934,13.522500038146973,290480000,NVDA,-0.012107527526663109,-0.043593361356984994,0.08203766862666528,13.49447841644287,13.55933690071106,12.932370586395264,0.012257823887556666,0.02149190671818764,0.32279276489553554,428025200.0,55.39017121535118,-0.09682688518295535,0.017157952792467013,1
2020-10-23,13.51650619506836,13.590250015258787,13.593250274658203,13.291250228881836,13.449999809265137,233484000,NVDA,0.017157952792467013,-0.016019425395684794,0.055655892629862924,13.450468063354492,13.59496750831604,12.975150623321532,0.016633448700664744,0.019784735229586396,-0.1962131644175158,410298600.0,48.920543507888915,-0.09445108184156009,-0.03303846925623244,0
2020-10-26,13.069941520690918,13.141249656677246,13.692749977111816,13.03849983215332,13.427000045776367,336896000,NVDA,-0.03303846925623244,-0.02641188575351594,0.008150786834657087,13.379554748535156,13.600250959396362,13.00659324645996,0.019978676018818146,0.02119103213843217,0.4429082935019102,398453000.0,39.2757006681816,-0.11931406283240847,0.019442784648066036,1
2020-10-27,13.324057579040527,13.396750450134276,13.44200038909912,13.191499710083008,13.305999755859377,250520000,NVDA,0.019442784648066036,-0.01822945525186559,0.012929282588776791,13.330074691772461,13.608754539489746,13.02774663925171,0.02195644269547707,0.0213848294530235,-0.2563877279635258,379906000.0,39.88226340228665,-0.11495867926345915,-0.05745805665576831,0
2020-10-28,12.558483123779297,12.626999855041504,13.260000228881836,12.609000205993652,13.197999954223633,376520000,NVDA,-0.05745805665576831,-0.06637856573293355,-0.06677515115578714,13.151498222351075,13.563824605941772,13.035104866027831,0.03294195889216043,0.02435888817909243,0.5029538559795625,364272800.0,32.42695128008732,-0.15733035955771424,0.031440881301503465,1
2020-10-29,12.953332901000977,13.02400016784668,13.192749977111816,12.75,12.838500022888184,320080000,NVDA,0.031440881301503465,-0.02522254010960956,-0.043372706850417275,13.084464263916015,13.534459924697876,13.052791061401367,0.03857807145959008,0.025496807735604626,-0.14989907574630834,354026600.0,40.19904401271426,-0.15235431346230613,-0.03762282115719928,0
2020-10-30,12.465991973876951,12.534000396728516,12.93649959564209,12.300000190734863,12.850000381469728,416820000,NVDA,-0.03762282115719928,-0.07772084043247063,-0.04044076678762887,12.874361419677735,13.508190870285034,13.06068073272705,0.03867145653309014,0.025269610761038872,0.3022369407648089,347242800.0,27.71057278059925,-0.17391458579710417,0.0037297824127839885,1
2020-11-02,12.512487411499023,12.580750465393066,12.836750030517578,12.395000457763672,12.657750129699709,299652000,NVDA,0.0037297824127839885,-0.04265161464643075,-0.07782646882364219,12.762870597839356,13.455391550064087,13.058712387084961,0.03797974639840616,0.022881095368857584,-0.28109975529005327,338234400.0,28.174140790002838,-0.1765125071482424,0.0348744471732112,1
2020-11-03,12.948853492736816,13.01949977874756,13.104999542236328,12.602749824523926,12.708499908447266,272900000,NVDA,0.0348744471732112,-0.02815989679404629,-0.052196807283851454,12.687829780578614,13.419736003875732,13.06474054336548,0.04126201152656585,0.02437551162320041,-0.0892768945309893,312658400.0,36.89946016135605,-0.14180606555927547,0.059506960487210714,1
2020-11-04,13.719400405883787,13.794249534606934,13.827500343322754,13.336999893188477,13.389249801635742,410228000,NVDA,0.059506960487210714,0.09244088403529482,-0.012156398335327778,12.920013236999512,13.41129446029663,13.085588092803954,0.03703047720675954,0.027786016556436706,0.5032172957127152,312265600.0,48.15203692538497,-0.06388749630991362,0.026514694942260775,1
2020-11-05,14.083166122436523,14.15999984741211,14.33899974822998,13.991000175476074,14.162500381469728,319028000,NVDA,0.026514694942260775,0.08722336020162325,0.023213856862987825,13.145979881286621,13.427269840240479,13.113253574371338,0.036659977442958264,0.02832722248955381,-0.22231539534112732,309272000.0,53.51132266180565,0.01121676412017917,0.028389946144412592,1
2020-11-06,14.482986450195312,14.562000274658203,14.588749885559082,13.895000457763672,14.109749794006348,383348000,NVDA,0.028389946144412592,0.1617997573354022,0.05807342514466507,13.549378776550293,13.467015504837036,13.151793880462646,0.019984155359711188,0.028892732465158364,0.20161239765788586,311094800.0,60.53558488374542,0.08289533665159851,-0.06395095858746236,0
2020-11-09,13.556785583496094,13.630749702453612,14.691499710083008,13.610750198364258,14.552499771118164,582976000,NVDA,-0.06395095858746236,0.0834604773338159,-0.04184246815824022,13.758238410949707,13.437414455413819,13.16147964477539,0.04716893332420214,0.031598327211503234,0.520748771351357,318506400.0,49.873571505934706,0.06385673511616312,-0.06314764634211545,0
2020-11-10,12.700706481933594,12.770000457763672,13.606499671936035,12.628250122070312,13.606499671936035,644068000,NVDA,-0.06314764634211545,-0.01916362795690074,-0.10374979827456265,13.708609008789063,13.363902854919434,13.14953477859497,0.057217249952188715,0.03443677574778489,0.10479333626084086,333479600.0,44.259776363163006,-0.0067141338708025244,0.05074413995976479,1
2020-11-11,13.345192909240724,13.41800022125244,13.4350004196167,12.948249816894531,13.053750038146973,404744000,NVDA,0.05074413995976479,-0.027275790892623664,-0.04804811566786471,13.63376750946045,13.330224084854127,13.141518497467041,0.0549302220642258,0.03656590515022695,-0.3715818826583528,339911800.0,50.40376437396825,-0.010107098858336966,0.0028879227701474885,1
2020-11-12,13.383732795715332,13.45674991607666,13.765999794006348,13.315999984741213,13.479000091552734,365812000,NVDA,0.0028879227701474885,-0.0496644945206528,-0.03673941367228584,13.49388084411621,13.30470085144043,13.123820037841798,0.05258390276663495,0.036540905852606116,-0.09618919613385246,344841200.0,49.02811942718222,-0.009863446751616878,-0.01187157261996552,0
2020-11-13,13.224846839904783,13.29699993133545,13.668749809265137,13.059249877929688,13.627249717712402,346312000,NVDA,-0.01187157261996552,-0.08687017795791441,-0.0372517716648183,13.242252922058105,13.279115295410156,13.129419422149658,0.048334960559785624,0.03654875608756371,-0.05330606978447949,350037200.0,51.18373613739529,-0.019929981390804583,0.016413628160205196,1
2020-11-16,13.441914558410645,13.515250205993652,13.649499893188477,13.156000137329102,13.172499656677246,413776000,NVDA,0.016413628160205196,-0.008473323147139888,0.0012966183565270573,13.219278717041016,13.279985618591308,13.14717752456665,0.04176220571966795,0.03638647767793519,0.19480699484857578,355822600.0,50.905753338876146,-0.011893127303319852,-0.006881298435622241,0
2020-11-17,13.349416732788086,13.422249794006348,13.5962495803833,13.303750038146973,13.552499771118164,312028000,NVDA,-0.006881298435622241,0.05107670599090408,-0.01636089006131458,13.349020767211915,13.268883562088012,13.177198715209961,0.025073944937323334,0.036340598035733425,-0.24590116391477512,359963400.0,56.77988464891427,-0.012659368036282571,0.0004845734474896446,1
2020-11-18,13.35588550567627,13.428750038146973,13.60575008392334,13.1850004196167,13.465250015258787,510924000,NVDA,0.0004845734474896446,0.0008012320622312608,-0.0070981615521944486,13.351159286499023,13.264109563827514,13.191396350860595,0.010794154446729726,0.03628345111168472,0.6374299742330816,374529800.0,53.696831882504874,-0.01255838007961859,0.0008564291559789439,1
2020-11-19,13.367323875427246,13.440250396728516,13.487500190734863,13.100000381469728,13.212750434875488,565936000,NVDA,0.0008564291559789439,-0.001226034660026909,0.005931532247907212,13.347877502441406,13.268050622940063,13.21384391784668,0.010705870814672258,0.03616619779149073,0.10767159107812518,388302600.0,59.07017193993802,-0.011573352786472556,-0.026227156193827983,0
2020-11-20,13.01673698425293,13.087750434875488,13.494500160217283,13.0649995803833,13.45400047302246,341088000,NVDA,-0.026227156193827983,-0.015736277188776238,-0.036974733233783086,13.306255531311034,13.243062162399292,13.232208747863769,0.015479369176600533,0.036441290264511,-0.3973028752367759,393682800.0,54.78165559751703,-0.03316309190548045,0.003992076218118701,1
2020-11-23,13.068700790405272,13.140000343322754,13.38249969482422,13.01550006866455,13.171250343322754,361356000,NVDA,0.003992076218118701,-0.027764926371433574,-9.493005639560348e-05,13.23161277770996,13.24300012588501,13.237534713745116,0.01222524687663203,0.03567356972071944,0.05942161553616665,394905800.0,51.22584647679729,-0.04200505699953383,-0.013869933913359,0
2020-11-24,12.887438774108888,12.95775032043457,13.161999702453612,12.885000228881836,13.142499923706056,346500000,NVDA,-0.013869933913359,-0.03460660251503822,-0.03276920730352173,13.139217185974122,13.221169185638427,13.236873302459717,0.012800746535845056,0.03552516169844333,-0.04111181217414406,399704800.0,40.32392058821251,-0.057181642988267535,0.02137705823505276,1
2020-11-25,13.162934303283691,13.234749794006348,13.26949977874756,13.020000457763672,13.032500267028809,259916000,NVDA,0.02137705823505276,-0.014446904498438107,0.048130906698427234,13.100626945495605,13.251391744613647,13.251200122833252,0.018134247306646995,0.03323804856696652,-0.24988167388167393,393874600.0,39.07294052526455,-0.046253536902047615,0.0020024869701413817,1
2020-11-27,13.189292907714844,13.261249542236328,13.407500267028809,13.170499801635742,13.375,167276000,NVDA,0.0020024869701413817,-0.013318370181758743,0.018216161702725442,13.065020751953124,13.26318974494934,13.267068557739258,0.01819873981566584,0.03255151856908004,-0.3564228443035442,386234400.0,33.14331911602504,-0.03533030027517817,0.010575867955229912,1
2020-11-30,13.328781127929688,13.40149974822998,13.412500381469728,12.972249984741213,13.265000343322754,286952000,NVDA,0.010575867955229912,0.023972531983572853,0.06921143185883238,13.127429580688476,13.306329202651977,13.291182003021241,0.012895770234007594,0.031268538830251096,0.7154403500801072,379741000.0,46.262980624645564,-0.017682537156050435,-0.000858099174026794,0
2020-12-01,13.317343711853027,13.390000343322754,13.5287504196167,13.228249549865724,13.492250442504885,296948000,NVDA,-0.000858099174026794,0.019025833205264187,0.06432424456342223,13.177158164978028,13.346572017669677,13.3085422706604,0.013153046490410956,0.031286060116871385,0.03483509437118393,379605800.0,63.97650807237799,-0.0063365154508847055,0.011538466771606082,1
2020-12-02,13.4710054397583,13.544500350952148,13.673500061035156,13.23425006866455,13.350500106811523,283360000,NVDA,0.011538466771606082,0.04528181866685643,0.040324183705867656,13.29387149810791,13.372679615020752,13.326578903198243,0.008778375714126506,0.030482780595235806,-0.04575885340194241,380128800.0,53.66767715633524,0.011015603482516711,-0.010671647396497064,0
2020-12-03,13.327247619628906,13.395999908447266,13.65999984741211,13.32900047302246,13.587499618530272,199520000,NVDA,-0.010671647396497064,0.012483030953381213,-0.02858381377124175,13.326734161376953,13.353071975708009,13.35196460723877,0.009109454605124587,0.02745480607393907,-0.29587803500846976,369593400.0,48.44852543251063,0.012216873535785204,0.012112018405922909,1
2020-12-04,13.488667488098145,13.558250427246094,13.5600004196167,13.388750076293944,13.44849967956543,202244000,NVDA,0.012112018405922909,0.022698304031764094,-0.04221342197982425,13.386609077453613,13.323347043991088,13.376117992401124,0.010040908708512765,0.0268755474481016,0.013652766639935754,363754200.0,57.236271445716255,0.022680014253361008,0.0035768794348203237,1
2020-12-07,13.536914825439451,13.606749534606934,13.731249809265137,13.5,13.60124969482422,223244000,NVDA,0.0035768794348203237,0.015615358637229848,-0.06532296553678696,13.428235816955567,13.276043462753297,13.390778408050537,0.009460029356538769,0.025965607034410323,0.10383497161844102,355749000.0,52.871687750406004,0.031125722060044256,-0.01886909027478545,0
2020-12-08,13.281485557556152,13.350000381469728,13.598750114440918,13.281499862670898,13.585000038146973,271920000,NVDA,-0.01886909027478545,-0.002692590585084864,-0.020307175638677122,13.421064186096192,13.2622784614563,13.397122669219971,0.013797532014524268,0.02206374151626939,0.21803945458780527,340196200.0,48.13069371992237,0.01841333072507697,-0.031404472304065734,0
2020-12-09,12.864387512207031,12.930749893188477,13.413999557495115,12.868249893188477,13.30049991607666,401300000,NVDA,-0.031404472304065734,-0.045031377224516445,0.012887553185034983,13.299740600585938,13.27046251296997,13.391330699920655,0.01736401311190521,0.018133807159983643,0.4758017063842306,328057800.0,38.968215064719296,-0.017253434086854764,0.00320899071915437,1
2020-12-10,12.905669212341309,12.972249984741213,13.068750381469728,12.849499702453612,12.869000434875488,207764000,NVDA,0.00320899071915437,-0.0316328186674254,-0.03293498264795203,13.215424919128418,13.248486328125,13.380302448272705,0.018132771039325122,0.013852293888818626,-0.4822726140044854,318208800.0,39.775037302272565,-0.036145796181676196,0.0031609653003954463,1
2020-12-11,12.946463584899902,13.013250350952148,13.020000457763672,12.822999954223633,12.967249870300291,209264000,NVDA,0.0031609653003954463,-0.04019699526855869,-0.03267169312849827,13.10698413848877,13.22662286758423,13.368419189453125,0.01620276098337485,0.013857064126422595,0.0072197300783580776,310381400.0,48.19598620579569,-0.04348263531479383,0.022707405502811584,1
2020-12-14,13.24044418334961,13.30875015258789,13.388750076293944,13.077500343322754,13.088000297546388,270156000,NVDA,0.022707405502811584,-0.02190090178691939,0.0011793969059636922,13.0476900100708,13.22740273475647,13.373400611877441,0.02114440380091395,0.01463893758410532,0.2909817264316843,306573600.0,53.92159680847363,-0.02693522812358691,0.0038886134242299697,1
2020-12-15,13.29193115234375,13.36050033569336,13.46399974822998,13.186750411987305,13.439749717712402,193016000,NVDA,0.0038886134242299697,0.0007864778937816119,-0.011157890151373473,13.04977912902832,13.219903564453125,13.367869758605957,0.019600957404514837,0.014167385092575088,-0.2855387257732569,295535600.0,59.81807415829898,-0.011699066568486193,-0.008832080128573172,0
2020-12-16,13.174535751342772,13.24250030517578,13.437250137329102,13.212499618530272,13.422499656677246,223116000,NVDA,-0.008832080128573172,0.024109056015410024,-0.013100271341127678,13.111808776855469,13.21115951538086,13.358121185302734,0.011319822941175077,0.014220500582976655,0.15594562108840715,291090000.0,50.30500631574931,-0.008834486914219224,0.007456873943049169,1
2020-12-17,13.27277660369873,13.3412504196167,13.37950038909912,13.178500175476074,13.36674976348877,231384000,NVDA,0.007456873943049169,0.02844543628984142,-0.006222642590206218,13.185230255126953,13.207004070281982,13.345812091827392,0.011327453642572006,0.014332542835318915,0.03705695691927069,277113000.0,52.11488238036911,-9.280361065137563e-05,-0.005190509943765131,0
2020-12-18,13.20388412475586,13.272000312805176,13.404999732971191,13.070500373840332,13.378999710083008,342064000,NVDA,-0.005190509943765131,0.019883463786682265,-0.01222681160376704,13.236714363098145,13.198832082748414,13.334616603851318,0.012359783320053039,0.014372500161155028,0.47833903813573975,265919400.0,46.71863176936915,0.0012084336868063567,0.004539598921682542,1
2020-12-21,13.263824462890623,13.332249641418455,13.369999885559082,12.967499732971191,13.074749946594238,302332000,NVDA,0.004539598921682542,0.0017658228996890735,0.01898229018045061,13.241390419006347,13.211186456680299,13.326131629943848,0.0069926299805189865,0.013062579313420192,-0.1161537022311614,263981600.0,48.62885543549271,0.005996985707832015,-0.004050221568279944,0
2020-12-22,13.210103034973145,13.278249740600586,13.337249755859377,13.053999900817873,13.319250106811523,185580000,NVDA,-0.004050221568279944,-0.006156224888072548,0.010819915983667494,13.225024795532226,13.218256568908691,13.307357559204101,0.006895286005931688,0.013090096538637934,-0.3861714935898284,255192800.0,42.95500593829731,0.005452998509088484,-0.020258887709659668,0
2020-12-23,12.94248104095459,13.009249687194824,13.274999618530272,13.005000114440918,13.255999565124512,179144000,NVDA,-0.020258887709659668,-0.01761388141244602,0.004271001229218863,13.17861385345459,13.221008682250977,13.282788410186768,0.010824845499527893,0.013532787127554511,-0.03468046125660096,246825000.0,40.26178907707642,-0.012067867160773675,-0.0011912748896097947,0
2020-12-24,12.92706298828125,12.993749618530272,13.13249969482422,12.938750267028809,13.037249565124512,97884000,NVDA,-0.0011912748896097947,-0.026046819421426837,-0.017919356700245803,13.109471130371094,13.209215116500854,13.260954303741455,0.009206210752453425,0.01259099158664056,-0.45360157191979633,238723400.0,34.65183085464554,-0.023188467176676567,-0.007215119312360407,0
2020-12-28,12.833792686462402,12.899999618530272,13.0625,12.763250350952148,13.0625,212564000,NVDA,-0.007215119312360407,-0.028028982593051976,-0.026953698256598546,13.035452842712402,13.191440105438232,13.239746208190917,0.00924845321356246,0.012650495046409495,1.1715908626537535,240987800.0,31.245793335575215,-0.034630041901850026,0.0033527016415813016,1
2020-12-29,12.87682056427002,12.943249702453612,13.072500228881836,12.842249870300291,12.925000190734863,170372000,NVDA,0.0033527016415813016,-0.02917739900006655,-0.033908619199441326,12.958052062988282,13.168842077255249,13.222551460266112,0.00893182078969642,0.01239446005120522,-0.1984908074744548,235158800.0,37.8272110123747,-0.0368958508262886,0.015645157408076038,1
2020-12-30,13.078280448913574,13.145750045776367,13.213749885559082,12.896750450134276,12.990249633789062,225396000,NVDA,0.015645157408076038,-0.009978921868404544,-0.017951272274115415,12.931687545776366,13.156888914108276,13.215626907348632,0.013240273405874975,0.012985226046523267,0.3229638673021389,231581200.0,57.393299969211476,-0.023096836405549714,-0.006903307679669846,0
2020-12-31,12.987997055053713,13.05500030517578,13.151000022888184,12.914999961853027,13.136500358581545,192424000,NVDA,-0.006903307679669846,0.0035167920242722417,-0.03585540714570856,12.940790748596191,13.132738494873047,13.203957691192628,0.00941307332166423,0.012713025708768486,-0.14628476104278687,227034400.0,52.752456508528105,-0.01851780118354167,0.0044809779819254825,1
2021-01-04,13.04619598388672,13.113499641418455,13.65250015258789,12.962499618530272,13.104249954223633,560640000,NVDA,0.0044809779819254825,0.009215782093230818,-0.02108849807279345,12.964617347717285,13.118685913085937,13.195854301452636,0.009464154355850837,0.012604205181183263,1.9135658753585831,245090400.0,53.29598324793206,-0.010439710128309652,0.022210204615111806,1
2021-01-05,13.335954666137695,13.404749870300291,13.443499565124512,13.086999893188477,13.099749565124512,322760000,NVDA,0.022210204615111806,0.03912810436816505,-0.011321564720547572,13.065049743652343,13.111050271987915,13.196803340911865,0.011359719807158157,0.013337573258467756,-0.424300799086758,251116200.0,53.16528908902886,0.014209451162129606,-0.0589531629614406,0
2021-01-06,12.549757957458496,12.614500045776367,13.244999885559082,12.586000442504885,13.22249984741211,580424000,NVDA,-0.0589531629614406,-0.025399329374755863,-0.07292332711777327,12.999637222290039,13.061692428588866,13.177468376159668,0.0322902271364517,0.018618803562031116,0.7983145371173628,268975200.0,33.45893539499819,-0.020744457159294044,0.05783033008786509,1
2021-01-07,13.275514602661133,13.343999862670898,13.377750396728516,12.886500358581545,12.967499732971191,461480000,NVDA,0.05783033008786509,0.015081046359114003,-0.00044956980671662095,13.03908405303955,13.061393880844117,13.181579837799072,0.04275270094382954,0.02275105428890515,-0.20492605405703412,278453200.0,51.77044834057674,0.0053125384827723415,-0.0050399464497608015,0
2021-01-08,13.208606719970703,13.27674961090088,13.42099952697754,13.041999816894531,13.362500190734863,292528000,NVDA,-0.0050399464497608015,0.016985657140347943,0.026757527899174516,13.08320598602295,13.0786048412323,13.179270820617676,0.04264479114139301,0.021554320701626776,-0.3661090404784606,273014600.0,48.86241948752663,0.017645929271739108,0.025966576145894482,1
2021-01-11,13.551589012145996,13.621500015258787,13.961000442504885,13.362500190734863,13.418749809265137,518344000,NVDA,0.025966576145894482,0.03873872727985095,0.050049306950081585,13.184284591674805,13.110900831222533,13.19913293838501,0.04375998332915243,0.022236829479954784,0.7719466170759721,288543600.0,55.61803033408171,0.04684910842360253,-0.010039077765026772,0
2021-01-12,13.41554355621338,13.484749794006348,13.75450038909912,13.345000267028809,13.7524995803833,291476000,NVDA,-0.010039077765026772,0.005967993448401154,0.036232286001297576,13.200202369689942,13.134354829788208,13.208377151489257,0.04359242988439713,0.02241697328782405,-0.43767845291929686,292654200.0,52.392555404796994,0.054417854809332825,0.0034851954014782915,1
2021-01-13,13.462299346923828,13.531749725341797,13.625,13.385000228881836,13.489999771118164,210028000,NVDA,0.0034851954014782915,0.07271386369033483,0.01675587015828439,13.382710647583007,13.145447587966919,13.228303298950195,0.027902885185005624,0.02188920166924758,-0.27943295502888743,289647800.0,53.985801372957994,0.059571710878565845,-0.024497805506903947,0
2021-01-14,13.132502555847168,13.200249671936035,13.599749565124512,13.180500030517578,13.574999809265137,283120000,NVDA,-0.024497805506903947,-0.010772617943209384,-0.011994389277924511,13.354108238220215,13.13747615814209,13.240703601837158,0.018656318771150482,0.022604689195104836,0.3480107414249529,294153000.0,52.945285786673885,0.038775304776753935,-0.02581394171727558,0
2021-01-15,12.793500900268556,12.85949993133545,13.325249671936035,12.84850025177002,13.227999687194824,277780000,NVDA,-0.02581394171727558,-0.03142691947020637,-0.02892207044452244,13.271087074279786,13.118424415588379,13.237596549987792,0.021579761971671413,0.023249413019500557,-0.018861260243006495,296886200.0,48.11854825275536,0.0021281493472440696,0.012889417916925217,1
2021-01-19,12.958401679992676,13.025250434875488,13.093999862670898,12.843999862670898,13.016249656677246,226188000,NVDA,0.012889417916925217,-0.04377252967321099,-0.023685693890037163,13.152449607849121,13.102705669403075,13.222376575469971,0.017020483150088646,0.023387315908575554,-0.18572971416228667,296626400.0,51.72060880122836,-0.010379818506445353,0.02614155317511546,1
2021-01-20,13.297154426574709,13.365750312805176,13.430500030517578,13.056750297546388,13.111749649047852,258572000,NVDA,0.02614155317511546,-0.008824773229843541,0.007063853403861398,13.128771781921387,13.107369184494019,13.206656341552735,0.023000067007958588,0.024125195586370104,0.14317293578792856,292451800.0,55.36578477061454,0.004016361182915654,0.03753970518846006,1
2021-01-21,13.79632568359375,13.86750030517578,13.999250411987305,13.253000259399414,13.418499946594238,337780000,NVDA,0.03753970518846006,0.024811982564200585,0.04014688389407994,13.195577049255371,13.133994245529175,13.192923126220704,0.029100443093194543,0.025496270737540277,0.30632860479866353,294224200.0,58.51872938132026,0.04474924827407212,-0.011177136467600768,0
2021-01-22,13.642122268676758,13.712499618530272,13.841750144958496,13.627249717712402,13.739999771118164,246820000,NVDA,-0.011177136467600768,0.038805986190551645,0.03270369902186698,13.29750099182129,13.155595207214356,13.194629859924316,0.026156865311983794,0.025638791401580836,-0.26928770205459174,297286200.0,57.64445557968355,0.05805535033939098,-0.004320786823893141,0
2021-01-25,13.58317756652832,13.653249740600586,13.828499794006348,13.236499786376951,13.781749725341797,251112000,NVDA,-0.004320786823893141,0.0617248298503803,0.049503377563107076,13.455436325073242,13.187630033493042,13.212279281616212,0.02034925495652515,0.02515621189538878,0.017389190503200647,300884600.0,56.274359042932524,0.059420215658433195,-0.015967008060243537,0
2021-01-26,13.366294860839844,13.435250282287598,13.644749641418455,13.387499809265137,13.580499649047852,163980000,NVDA,-0.015967008060243537,0.0314771212469005,0.033977700345141804,13.537014961242676,13.209591627120972,13.212701320648193,0.023893382177947804,0.02549183629326807,-0.3469846124438497,304189400.0,50.360651916826285,0.043014331524843324,-0.038518003113107824,0
2021-01-27,12.851451873779297,12.917750358581545,13.232749938964844,12.793749809265137,13.229999542236328,371272000,NVDA,-0.038518003113107824,-0.03351864154519135,0.0013759913182580519,13.447874450683594,13.210474586486816,13.202055702209472,0.02775291123950157,0.02700236891932553,1.2641297719234053,312124800.0,53.83352128371444,-0.0027830579633765923,0.010315067301764458,1
2021-01-28,12.984015464782717,13.050999641418455,13.339750289916992,12.96049976348877,12.99625015258789,228316000,NVDA,0.010315067301764458,-0.05887873608094163,0.008324640386007776,13.285412406921386,13.21583433151245,13.197239074707031,0.01786427459828592,0.02708697494953935,-0.38504384925337753,315022000.0,45.63852833310648,-0.023279380261946397,-0.004692932880696166,0
2021-01-29,12.92308235168457,12.989749908447266,13.334750175476074,12.911499977111816,13.074999809265137,271552000,NVDA,-0.004692932880696166,-0.05270733562058394,-0.01186685801969456,13.14160442352295,13.208074426651,13.18686243057251,0.018165729597105613,0.026879864520382112,0.18936911999159056,317329800.0,45.720272307062466,-0.03913848192133533,0.01903440039188742,1
2021-02-01,13.169065475463867,13.237000465393066,13.270750045776367,12.902750015258787,13.053250312805176,217204000,NVDA,0.01903440039188742,-0.03048712932126485,0.013941212000791126,13.058782005310059,13.21712784767151,13.183255405426026,0.02264600925418225,0.02716631504509132,-0.20013846335140228,318568800.0,44.09463193864735,-0.0315838214646456,0.02415567039082278,1
2021-02-02,13.487173080444336,13.556750297546388,13.571999549865724,13.285499572753906,13.39875030517578,220440000,NVDA,0.02415567039082278,0.009043509877867395,0.03380120129287212,13.082957649230957,13.239176702499389,13.185881156921386,0.02518268992411277,0.027649268709976728,0.014898436492882361,301558800.0,51.04695803832213,-0.0050750944859818126,-0.0019363151436333492,0
2021-02-03,13.461057662963867,13.530500411987305,13.931750297546388,13.51650047302246,13.63599967956543,245408000,NVDA,-0.0019363151436333492,0.047434779756545975,0.009380880481232534,13.204878807067871,13.245431852340698,13.187755832672119,0.012634363313209265,0.027245832736380024,0.11326438033024866,297691200.0,49.98174101523321,0.009968100956754399,0.009885127406120464,1
2021-02-04,13.594121932983398,13.664250373840332,13.673500061035156,13.337750434875488,13.531000137329102,201340000,NVDA,0.009885127406120464,0.046989043555555554,0.08321785799097592,13.326900100708007,13.297650051116943,13.199303531646729,0.012627828714445274,0.023369762579188314,-0.17957034815490935,278737000.0,57.20499577413928,0.027172090659275942,-0.005360774550018266,0
2021-02-05,13.521246910095217,13.590999603271484,13.737250328063965,13.54574966430664,13.725000381469728,169152000,NVDA,-0.005360774550018266,0.04628652376672915,0.018510190737527132,13.446533012390137,13.309936666488648,13.208354454040528,0.01281484228127942,0.019735283443003092,-0.15986887851395648,264120600.0,62.387837761057135,0.03162406752124704,0.062375904170212104,1
2021-02-08,14.364646911621094,14.438750267028809,14.473750114440918,13.727250099182127,13.727250099182127,434624000,NVDA,0.062375904170212104,0.09078711305557641,0.08752173610427216,13.685649299621582,13.367738676071166,13.23789861679077,0.027459022827990506,0.023940286731783795,1.5694286795308363,271225400.0,69.44562325612432,0.08625240362446142,-0.012154750125212277,0
2021-02-09,14.190048217773438,14.263250350952148,14.583250045776367,14.22249984741211,14.340749740600586,287560000,NVDA,-0.012154750125212277,0.052114341021413324,0.047113235581097035,13.826224327087402,13.399661636352539,13.258440895080566,0.03004551625779294,0.023654836117833974,-0.33837063760859964,259686200.0,62.934169209707235,0.10430371679179835,0.03512520444449696,1
2021-02-10,14.6884765625,14.764249801635742,14.904999732971191,14.341500282287598,14.463250160217283,485352000,NVDA,0.03512520444449696,0.09118294641239055,0.09488493708457035,14.07170810699463,13.46330828666687,13.28842456817627,0.03075457711863418,0.02452774065927644,0.6878286270691334,269380000.0,62.92618974978002,0.14119626495189208,0.0329512743293332,1
2021-02-11,15.172480583190918,15.250749588012695,15.272250175476074,14.925000190734863,14.980250358581545,450828000,NVDA,0.0329512743293332,0.11610596535683193,0.1270348543139379,14.387379837036132,13.548817348480224,13.325298557281494,0.030967115427105365,0.02531532504219362,-0.07113187954309452,281420000.0,70.23885347506821,0.18672182434247286,-0.01898281020665704,0
2021-02-12,14.884464263916016,14.96125030517578,15.291250228881836,14.774999618530272,15.050000190734863,374756000,NVDA,-0.01898281020665704,0.10082038756373835,0.13340653851910322,14.660023307800293,13.636415433883666,13.356640968322754,0.03444458638195909,0.02499016362027656,-0.16873841021409497,286001800.0,66.22626763665284,0.18557775154847106,0.024663603864093053,1
2021-02-16,15.251568794250488,15.330249786376951,15.3725004196167,14.949999809265137,15.064249992370604,321960000,NVDA,0.024663603864093053,0.06174338207449215,0.1921341088060058,14.837407684326172,13.759318828582764,13.392252235412597,0.02586972509427908,0.024079329850538667,-0.14088099990393754,288210800.0,72.65934070972453,0.19662734453456293,-0.02767384491749203,0
2021-02-17,14.82949924468994,14.906000137329102,15.22350025177002,14.779999732971191,15.17099952697754,274756000,NVDA,-0.02767384491749203,0.04506334419044267,0.14439261962269412,14.965297889709472,13.852873706817627,13.422297267913818,0.03012188631350742,0.025414479104748863,-0.14661448627158657,290639200.0,74.31668517070412,0.1639290534619654,-0.0051658352871025714,0
2021-02-18,14.75289249420166,14.82900047302246,14.873250007629396,14.574999809265137,14.729000091552734,233868000,NVDA,-0.0051658352871025714,0.004385473975300869,0.10947741305595593,14.978181076049804,13.925660610198975,13.447581768035889,0.026646970345242188,0.025140670518138383,-0.14881567645474525,289404000.0,72.04863818780073,0.1271975359485526,0.006575184027904246,1
2021-02-19,14.849895477294922,14.92650032043457,15.177000045776367,14.846750259399414,15.024499893188477,271724000,NVDA,0.006575184027904246,-0.02126119747705446,0.0763659700317203,14.913664054870605,13.978339099884034,13.473841381072997,0.02073441142616717,0.023991207509491623,0.16186908854567528,286101200.0,73.80323479223053,0.10065305578196493,-0.03823740736449821,0
2021-02-22,14.282073974609377,14.35575008392334,15.13325023651123,14.324999809265137,14.774749755859377,325884000,NVDA,-0.03823740736449821,-0.04047107632667679,0.046909981697055514,14.793185997009278,14.010336685180665,13.493853149414063,0.02543980761042978,0.02559879933707793,0.19931989813192796,290054400.0,62.73693897177625,0.03922816457633316,-0.014889782476308455,0
2021-02-23,14.069416999816896,14.142000198364258,14.238750457763672,13.38949966430664,14.075249671936035,391780000,NVDA,-0.014889782476308455,-0.07751017684680661,0.035797178598825585,14.556755638122558,14.034648656845093,13.51795373916626,0.017740896074760776,0.02585705344647716,0.20220692025383258,297087800.0,56.827815367933106,-0.018262736706970928,0.02524426970159599,1
2021-02-24,14.424589157104492,14.49899959564209,14.506750106811523,13.755999565124512,14.122750282287598,448320000,NVDA,0.02524426970159599,-0.02730436685044746,0.07917633923857292,14.47577362060547,14.087563371658325,13.548332138061523,0.02372144072149814,0.025985351593148857,0.144315687375568,311304800.0,60.489538659471656,-0.03399496814843839,-0.08217839037404795,0
2021-02-25,13.2391996383667,13.307499885559082,14.374750137329102,13.2162504196167,14.045499801635742,824436000,NVDA,-0.08217839037404795,-0.10260312385722925,0.030171514346835737,14.173035049438477,14.106950759887695,13.554186859130859,0.04176039784113331,0.03108985323841098,0.8389453961456104,333963000.0,46.85639422471836,-0.12096653048655298,0.030584469857927843,1
2021-02-26,13.644113540649414,13.714500427246094,13.854499816894531,13.361000061035156,13.7524995803833,500932000,NVDA,0.030584469857927843,-0.08119800832868584,0.050839286017266394,13.931878662109375,14.13995566368103,13.562260246276855,0.04676126093725072,0.031701161727737515,-0.39239431562910887,347593800.0,51.027796742354596,-0.1462651760012843,0.009278536425456618,1
2021-03-01,13.770710945129396,13.841750144958496,13.925000190734863,13.553250312805176,13.875,353184000,NVDA,0.009278536425456618,-0.03580453583905807,0.0655902802735242,13.829606056213379,14.182337093353272,13.571835842132568,0.04590606677888357,0.03167743264741521,-0.29494622024546246,351675400.0,44.35463153774601,-0.14901037602132733,-0.03146277153643129,0
2021-03-02,13.337446212768556,13.40625,13.920499801635742,13.395999908447266,13.899999618530272,264116000,NVDA,-0.03146277153643129,-0.05202566581528334,0.012786080957559953,13.68321189880371,14.190756130218507,13.575094051361084,0.04725161480857859,0.0323922887598229,-0.2521858294826492,354021000.0,42.275824578004155,-0.1728650742613644,-0.044867241564479965,0
2021-03-03,12.739031791687012,12.804750442504885,13.451499938964844,12.798749923706056,13.426250457763672,377592000,NVDA,-0.044867241564479965,-0.11685305883303432,-0.055470578177875374,13.346100425720214,14.15334906578064,13.56441915512085,0.044616191518797796,0.03347006549402,0.42964455012191616,361878600.0,32.65320600782249,-0.21884576717010837,-0.03393279888077738,0
2021-03-04,12.306760787963867,12.37024974822998,12.975000381469728,12.083749771118164,12.80074977874756,573344000,NVDA,-0.03393279888077738,-0.07043015256758112,-0.08575083057372823,13.159612655639648,14.09563422203064,13.54647668838501,0.032344569499606714,0.03420776236228453,0.5184220004661115,378275400.0,24.262938099836248,-0.2651825424578559,0.007376764238788525,1
2021-03-05,12.397544860839844,12.46150016784668,12.550000190734863,11.67924976348877,12.550000190734863,542840000,NVDA,0.007376764238788525,-0.0913631124584029,-0.08802165215542912,12.910298919677734,14.035805368423462,13.529151096343995,0.02521133104412807,0.03415908162826147,-0.05320366132723109,395350400.0,26.84462555537047,-0.2753288952621276,-0.06967478188841525,0
2021-03-08,11.533748626708984,11.593250274658203,12.4712495803833,11.566499710083008,12.449999809265137,543112000,NVDA,-0.06967478188841525,-0.16244348801843156,-0.14699075437357256,12.462906455993652,13.93643045425415,13.49562400817871,0.02787451387677313,0.037183628522460606,0.000501068454793252,414048400.0,18.314543271868388,-0.3225514586726107,0.08033330874816391,1
2021-03-09,12.46029281616211,12.52025032043457,12.61674976348877,12.059249877929688,12.130249977111816,521824000,NVDA,0.08033330874816391,-0.065766218106035,-0.13257228716971448,12.287475776672363,13.841212749481201,13.485980243682862,0.05871214871965479,0.039119822385839415,-0.03919633519421406,418408400.0,31.4070104666784,-0.2755466845087162,-0.004153360696867003,0
2021-03-10,12.408540725708008,12.468250274658203,12.979999542236328,12.457500457763672,12.840499877929688,384376000,NVDA,-0.004153360696867003,-0.025943185587673057,-0.12554626064159813,12.221377563476562,13.752137374877929,13.475609798431396,0.05579137513063507,0.03909828964252954,-0.26339915373765865,423249200.0,31.53001136195776,-0.23375066504729564,0.04212700377779366,1
2021-03-11,12.931275367736816,12.993499755859377,13.046250343322754,12.73449993133545,12.949999809265137,299916000,NVDA,0.04212700377779366,0.0507456503407242,-0.11963127607456281,12.346280479431153,13.66427731513977,13.477559452056886,0.05596196718989005,0.03951461017015417,-0.21973276167086397,413977400.0,35.83440535411893,-0.1602152423180112,-0.010582233391165152,0
2021-03-12,12.79443359375,12.855999946594238,12.888750076293944,12.59000015258789,12.648249626159668,243964000,NVDA,-0.010582233391165152,0.03201349439466927,-0.1567342252575018,12.425658226013184,13.545374965667724,13.475911712646484,0.0568383116991948,0.038464049630474444,-0.18655890315955137,403634200.0,38.269916801520786,-0.11236848791973364,0.026077196551921755,1
2021-03-15,13.128076553344728,13.19124984741211,13.20674991607666,12.767250061035156,12.864749908447266,221988000,NVDA,0.026077196551921755,0.1382315479759737,-0.11800140599143016,12.744523811340333,13.45755558013916,13.476907634735108,0.03693503993284328,0.039087989403377564,-0.09007886409470245,395995800.0,42.716472479506045,-0.05284975201486802,0.007580969223261125,1
2021-03-16,13.22760009765625,13.291250228881836,13.512499809265137,13.11674976348877,13.356499671936035,272128000,NVDA,0.007580969223261125,0.06158019661455105,-0.132705607134476,12.89798526763916,13.356357145309449,13.481699695587158,0.02177153909005508,0.03857683510855796,0.2258680649404472,393504200.0,40.35692619925519,-0.003955813574196776,0.003761821074099947,1
2021-03-17,13.27735996246338,13.3412504196167,13.45324993133545,12.989500045776367,13.039750099182127,243864000,NVDA,0.003761821074099947,0.07001784141751277,-0.10466565705395214,13.071749114990235,13.27875018119812,13.486322975158691,0.020537058789434768,0.038303097764369735,-0.10386288805268107,391959600.0,50.37627215420559,0.03254882093635919,-0.046378689300440756,0
2021-03-18,12.66157341003418,12.72249984741211,13.184000015258787,12.717000007629396,13.136500358581545,293896000,NVDA,-0.046378689300440756,-0.02085656287047566,-0.14175654604610133,13.017808723449708,13.174184226989746,13.472835350036622,0.027102764721602935,0.03941566752190977,0.2051635337729225,394961000.0,40.69866120841173,0.016826643645029615,0.009687403919460769,1
2021-03-19,12.784231185913086,12.845749855041504,12.921500205993652,12.612500190734863,12.75,299208000,NVDA,0.009687403919460769,-0.0007974098862725265,-0.1391029515689305,13.015768241882324,13.070901012420654,13.477524814605713,0.02736953135753665,0.039477640583353,0.018074420883577913,396335200.0,40.654395338613156,0.016281335598517133,0.0265070265816989,1
2021-03-22,13.123103141784668,13.186249732971191,13.39449977874756,12.906749725341797,12.912750244140623,297804000,NVDA,0.0265070265816989,-0.00037883779393355077,-0.08114863673757211,13.014773559570312,13.01295247077942,13.474476585388183,0.027471826601263852,0.03941124859933199,-0.004692387904066786,394931200.0,47.93240099801863,0.03903835651289708,-0.008759084197886735,0
2021-03-23,13.008156776428224,13.07075023651123,13.344499588012695,13.021249771118164,13.254249572753906,222048000,NVDA,-0.008759084197886735,-0.016589806133231022,-0.07543029134771417,12.970884895324707,12.959889459609986,13.470467586517334,0.027350631648682084,0.03934159870837998,-0.25438207680219205,386444600.0,52.863084734922346,0.046157263768738244,-0.03272592802323704,0
2021-03-24,12.582452774047852,12.642999649047852,13.159250259399414,12.63675022125244,13.151249885559082,245840000,NVDA,-0.03272592802323704,-0.052337753166300516,-0.12770806592777995,12.831903457641602,12.867782640457154,13.45108486175537,0.029837963576374558,0.03927329618685232,0.10714800403516356,376320600.0,52.93705156939282,0.02316429131307901,-0.008522579560573673,0
2021-03-25,12.475217819213867,12.535249710083008,12.714750289916992,12.272000312805176,12.499500274658203,295144000,NVDA,-0.008522579560573673,-0.014718201663043495,-0.05770604266279378,12.79463233947754,12.829583549499512,13.43227834701538,0.02224100858393841,0.03497948192057708,0.20055320533680443,349856000.0,50.82458925440107,0.002774260135603196,0.0242517246487981,1
2021-03-26,12.77776336669922,12.83924961090088,12.856249809265137,12.373499870300291,12.554499626159668,363968000,NVDA,0.0242517246487981,-0.0005059216404810218,-0.06349625949455107,12.793338775634766,12.786266040802001,13.418587627410888,0.025054929863574507,0.03469279801639516,0.23318786761716326,343007800.0,64.99338170961084,0.011229492487217996,0.008489634925098688,1
2021-03-29,12.886241912841797,12.948249816894531,13.0625,12.699999809265137,12.820249557495115,273520000,NVDA,0.008489634925098688,-0.01804917833714892,-0.06422827665266118,12.745966529846191,12.742042589187623,13.413662414550782,0.0213362237638592,0.0346789028810603,-0.24850536310884475,339024600.0,56.394709217120585,0.02491064300710144,-0.0059080665152776435,0
2021-03-30,12.81010913848877,12.871749877929688,12.975250244140623,12.704999923706056,12.842000007629396,200204000,NVDA,-0.0059080665152776435,-0.015224880922278916,-0.039538084417910735,12.7063570022583,12.715675735473633,13.413994579315185,0.0211966173300036,0.034029752402154195,-0.26804621234279025,335829000.0,55.98487361658205,0.02931186969207389,0.03701892435536158,1
2021-03-31,13.28432559967041,13.34825038909912,13.470499992370604,12.982500076293944,13.01550006866455,314776000,NVDA,0.03701892435536158,0.05578187641365262,0.04280496484350049,12.846731567382813,12.742940425872803,13.42051305770874,0.019531299606963873,0.03345424613450101,0.5722762781962398,332688200.0,55.3389836375006,0.0627210951392635,0.034723834991968516,1
2021-04-01,13.74560832977295,13.811750411987305,13.869999885559082,13.511249542236328,13.572250366210938,308276000,NVDA,0.034723834991968516,0.10183313261292115,0.11691521161411456,13.100809669494629,12.814882802963258,13.429482135772705,0.01821965391370567,0.0330248799116036,-0.020649604798332777,319434800.0,63.09875121908679,0.11159225086331201,0.012724553650565573,1
2021-04-05,13.920515060424805,13.987500190734863,14.013999938964844,13.732999801635742,13.86750030517578,255672000,NVDA,0.012724553650565573,0.08943284211255365,0.12284449999415381,13.329360008239746,12.891031312942506,13.431965923309326,0.0182314106888838,0.033057722336947745,-0.1706392972531109,305076400.0,61.411687733093494,0.14906254962781398,-0.009008052358071228,0
2021-04-06,13.79511833190918,13.861499786376951,14.05424976348877,13.773500442504885,13.999750137329102,191744000,NVDA,-0.009008052358071228,0.07053075871264225,0.19606545784806562,13.511135292053222,13.004099798202514,13.435025844573975,0.02171771327159095,0.02813321958577041,-0.25003911261303546,287508000.0,58.11222202955638,0.15791834824012185,0.020344232341967583,1
2021-04-07,14.075769424438477,14.143500328063965,14.243499755859377,13.71150016784668,13.880749702453612,251284000,NVDA,0.020344232341967583,0.09880167860139077,0.1296499714822874,13.764267349243164,13.084873628616332,13.444877681732178,0.018691112098740865,0.02287478913663501,0.31051819092122823,273981000.0,60.70594891025262,0.1739279923933539,0.012267002829496887,1
2021-04-08,14.24843692779541,14.31700038909912,14.471500396728516,14.24899959564209,14.252750396728516,244416000,NVDA,0.012267002829496887,0.07257510521640032,0.14827659776910806,13.957089614868163,13.176868438720703,13.462520523071289,0.015839081224717524,0.022771925924657675,-0.027331624775154828,266983000.0,74.14807829451087,0.18629459886911787,0.005797235700996328,1
2021-04-09,14.33103847503662,14.399999618530272,14.407999992370604,14.175000190734863,14.21399974822998,195172000,NVDA,0.005797235700996328,0.042590340945160676,0.10824633050442767,14.0741756439209,13.246856594085694,13.492112255096435,0.011024197325519292,0.02123497188817815,-0.20147617177271537,261745800.0,73.82902520702717,0.1895571399765514,0.05618058953564353,1
2021-04-12,15.136164665222168,15.208999633789062,15.352499961853027,14.139249801635742,14.289750099182127,869324000,NVDA,0.05618058953564353,0.0873279185088045,0.18302733406003124,14.317305564880371,13.363943147659302,13.535155239105224,0.024344182825995448,0.0237001992558991,3.4541430123173402,293013800.0,77.11638661939264,0.23262019718814986,0.030935608214993193,1
2021-04-13,15.604411125183104,15.679499626159668,15.699999809265137,15.125749588012695,15.231499671936035,676212000,NVDA,0.030935608214993193,0.1311545685758193,0.1886288948556949,14.679164123535156,13.487759876251221,13.588781814575196,0.01974814611167365,0.023911581903974487,-0.2221404217529943,315725000.0,81.93274531267078,0.27634294435826995,-0.025670361171101108,0
2021-04-14,15.203840255737305,15.277000427246094,15.720499992370604,15.227499961853027,15.625,385500000,NVDA,-0.025670361171101108,0.0801427472476397,0.1494027747657125,14.904778289794923,13.586571884155273,13.629477310180665,0.030380729213804532,0.025136279067786916,-0.4299125126439637,321393600.0,82.44244752742249,0.26211142004333865,0.05631040581012292,1
2021-04-15,16.059974670410156,16.137250900268555,16.214250564575195,15.631500244140623,15.662500381469728,598480000,NVDA,0.05631040581012292,0.12713940145117641,0.20957590332818765,15.267085838317872,13.725702619552612,13.68093334197998,0.035084238959512876,0.027393563853586766,0.5524773022049287,339124400.0,87.42731877936575,0.2919039115372576,-0.013927704959541765,0
2021-04-16,15.836296081542969,15.912500381469728,16.16575050354004,15.865249633789062,16.05299949645996,335208000,NVDA,-0.013927704959541765,0.10503478928818533,0.2507368214595549,15.56813735961914,13.884438753128052,13.728438110351563,0.03866848739550106,0.024713828969309303,-0.4399010827429488,341190000.0,82.4678753597976,0.278151580313036,-0.034611118203782376,0
2021-04-19,15.28818416595459,15.361749649047852,15.807499885559082,15.232999801635742,15.536499977111816,404420000,NVDA,-0.034611118203782376,0.010043462402448133,0.19586261728437804,15.598541259765625,14.009636402130127,13.762319355010986,0.03919425909449766,0.026786385797555858,0.20647478580463474,346450600.0,73.32107749861711,0.21648857704815605,-0.012400922897096378,0
2021-04-20,15.098596572875977,15.171250343322754,15.496999740600586,14.963000297546388,15.323249816894531,334132000,NVDA,-0.012400922897096378,-0.03241484399823458,0.15053554100334932,15.4973783493042,14.108411073684692,13.7938663482666,0.036027448637692416,0.026885215622129685,-0.17379951535532367,348267000.0,71.74054416840633,0.15041533268273433,0.012474208923103136,1
2021-04-21,15.28693962097168,15.36050033569336,15.362500190734863,15.102250099182127,15.118749618530272,216776000,NVDA,0.012474208923103136,0.005465682606275557,0.17518107166979902,15.513998222351074,14.222350215911865,13.812312202453613,0.034856321719722444,0.026632598842524925,-0.35122646139848923,348003400.0,70.11745166727566,0.10881732692233381,-0.03321827892766316,0
2021-04-22,14.779133796691896,14.850250244140623,15.43850040435791,14.783499717712402,15.375,277788000,NVDA,-0.03321827892766316,-0.07975360484709582,0.17458289429663876,15.257830047607422,14.332184267044067,13.824093914031982,0.019172272552058636,0.026672847181220555,0.28145182123482315,349600800.0,60.286233552637846,0.040065951350958806,0.027945714812081857,1
2021-04-23,15.192147254943848,15.265250205993652,15.335000038146973,14.900250434875488,14.934249877929688,227500000,NVDA,0.027945714812081857,-0.04067547255256676,0.2177861320822363,15.129000282287597,14.468030738830567,13.83416732788086,0.027725267270761068,0.026700704028901994,-0.18103013809091828,346218600.0,62.08331286829148,0.01657264734576358,0.013936805627527749,1
2021-04-26,15.40387725830078,15.477999687194824,15.479000091552734,15.125,15.1850004196167,197796000,NVDA,0.013936805627527749,0.007567484214628273,0.20552218852679704,15.152138900756835,14.599336433410645,13.838795261383057,0.024355551122050997,0.026514701983017787,-0.13056703296703298,337910000.0,65.03999774610357,0.009794571348344716,-0.006218372604093858,0
2021-04-27,15.308090209960938,15.381750106811523,15.670499801635742,15.354499816894531,15.578499794006348,164572000,NVDA,-0.006218372604093858,0.013875040377018033,0.18794062019785973,15.194037628173827,14.720428848266602,13.847267780303955,0.023602986484648068,0.026753521065382754,-0.16797104087039172,332462600.0,61.93321958353391,-0.0057987492502784566,-0.006826443760210799,0
2021-04-28,15.203590393066406,15.27674961090088,15.53225040435791,15.215499877929688,15.364500045776367,209416000,NVDA,-0.006826443760210799,-0.00545231615822761,0.1868431586883419,15.177367782592773,14.840102910995483,13.846308212280274,0.023238342170973307,0.026781201877289027,0.27248863719223193,332923200.0,59.3730037173789,-0.0266426787647861,0.0031420538799105113,1
2021-04-29,15.251360893249512,15.324749946594238,15.43649959564209,15.071499824523926,15.399999618530272,173196000,NVDA,0.0031420538799105113,0.03195228509693293,0.1480718971257302,15.271813201904298,14.93845467567444,13.854745445251465,0.01471221888874826,0.02597078903360651,-0.17295717614699924,325844200.0,59.09336589888851,-0.03990665503962609,-0.020571264348625662,0
2021-04-30,14.937621116638184,15.009499549865724,15.364999771118164,14.996999740600586,15.174500465393066,201912000,NVDA,-0.020571264348625662,-0.016753796157606082,0.08671953676166799,15.220907974243165,14.9980553150177,13.858440017700195,0.012824356960482943,0.025834434434985818,0.16580059585671725,320526000.0,47.82728486375602,-0.07070412988990693,-0.01150937504528915,0
2021-05-03,14.765698432922363,14.836750030517578,15.246749877929688,14.787500381469728,15.125,203912000,NVDA,-0.01150937504528915,-0.04142975269648541,0.06071494975788383,15.09327220916748,15.040314483642579,13.856756076812744,0.00863513779591764,0.025995221840541233,0.009905305281508792,317938000.0,40.18520411602399,-0.10166522287289514,-0.032722754445420055,0
2021-05-04,14.28252410888672,14.35124969482422,14.637499809265137,14.010250091552734,14.637249946594238,405324000,NVDA,-0.032722754445420055,-0.06699503902889747,0.03533175760081253,14.888158988952636,15.064684772491455,13.856765079498292,0.013645318084964799,0.02710197271163843,0.9877398093295147,328617000.0,39.42304365667279,-0.15073747381364577,0.007473068135866789,1
2021-05-05,14.38925838470459,14.458499908447266,14.81350040435791,14.387499809265137,14.708999633789062,292024000,NVDA,0.007473068135866789,-0.05356182239250484,0.02227153278895222,14.725292587280274,15.08035922050476,13.863161907196044,0.016619768189058835,0.026796616962277597,-0.27952946284947355,330654000.0,26.8335669980288,-0.1705988493060433,0.004461225441206418,1
2021-05-06,14.453452110290527,14.52299976348877,14.571249961853027,14.218000411987305,14.49524974822998,193380000,NVDA,0.004461225441206418,-0.052317218676016686,0.01438860862661917,14.565710830688477,15.090609979629516,13.863739166259766,0.01690519311204217,0.02668723466222192,-0.33779415390515843,328102200.0,29.937930066934513,-0.17343625710058536,0.019916673391378925,1
2021-05-07,14.74131679534912,14.812250137329102,14.970749855041504,14.67175006866455,14.808250427246094,229328000,NVDA,0.019916673391378925,-0.013141605330343475,0.02862865248929225,14.526449966430665,15.111123895645141,13.893781509399414,0.020279354613296264,0.02700432359523355,0.18589306029579067,329810000.0,41.4180987495128,-0.150785175736107,-0.036895165555429044,0
2021-05-10,14.197433471679688,14.26574993133545,14.805999755859377,14.25,14.787249565124512,268904000,NVDA,-0.036895165555429044,-0.03848547793551327,-0.062019092306743295,14.412796974182129,15.064187335968018,13.90484790802002,0.025588994266905685,0.025082988361608088,0.1725737807855996,299789000.0,37.27337031885189,-0.16608235516092235,0.002838903081650246,1
2021-05-11,14.237738609313965,14.306249618530272,14.35474967956543,13.75,13.824999809265137,285584000,NVDA,0.002838903081650246,-0.0031356852074130304,-0.08758244735448817,14.403839874267579,14.995853710174561,13.914188461303711,0.021452057623895696,0.02384451014799875,0.06202957189182756,280257600.0,34.53611884578238,-0.1667027877335841,-0.038287263793315485,0
2021-05-12,13.692614555358888,13.758500099182127,14.260250091552734,13.709250450134276,14.009499549865724,303408000,NVDA,-0.038287263793315485,-0.048414158028200815,-0.09939763079318997,14.264511108398438,14.92029242515564,13.921291828155518,0.026418096587506667,0.02459465425796967,0.06241246008179724,276153000.0,34.160339411168934,-0.19507236957862667,-0.006777804344929916,0
2021-05-13,13.599808692932127,13.665249824523926,14.080750465393066,13.458999633789062,14.0337495803833,285404000,NVDA,-0.006777804344929916,-0.05906155919322731,-0.15318616797140927,14.093782424926758,14.797284126281738,13.93850736618042,0.025381102242823358,0.01992947962286349,-0.059339239571797764,260499200.0,24.3958750947682,-0.21003690056349006,0.042278800370227465,1
2021-05-14,14.174792289733888,14.243000030517578,14.32800006866455,13.748499870300291,13.890000343322754,258616000,NVDA,0.042278800370227465,-0.038431065113122664,-0.10491744933624625,13.98047752380371,14.714208936691284,13.97586799621582,0.03315564946735539,0.02281660637319314,-0.09385993188602826,256669600.0,32.30406403105552,-0.17271946013373662,-0.005441237427882273,0
2021-05-17,14.097663879394531,14.165499687194824,14.169249534606934,13.853500366210938,14.156999588012695,216980000,NVDA,-0.005441237427882273,-0.007027297749566563,-0.07787192210905203,13.96052360534668,14.654682922363282,14.009870376586914,0.02885831418398797,0.021750301533268984,-0.16099545271754256,247297600.0,32.47856522428171,-0.14581153703887137,-0.010571641874241311,0
2021-05-18,13.948628425598145,14.01574993133545,14.404250144958496,14.003999710083008,14.267000198364258,186256000,NVDA,-0.010571641874241311,-0.020305906130815732,-0.07616390978640386,13.902701568603515,14.59718451499939,14.058167972564696,0.029026002359149598,0.021716137702114467,-0.14159830399115125,239903800.0,32.06513517219159,-0.1310952610734298,0.0035672977739871214,1
2021-05-19,13.998387336730955,14.065750122070312,14.079500198364258,13.54325008392334,13.566499710083008,344000000,NVDA,0.0035672977739871214,0.022331219515150602,-0.08429105603799203,13.96385612487793,14.532756900787353,14.088929862976075,0.021686501879213824,0.02145614182592508,0.846920367666008,246265000.0,32.103722939099896,-0.11180654027312903,0.03887126999702217,1
2021-05-20,14.542522430419922,14.612500190734863,14.68375015258789,14.270500183105469,14.302499771118164,321592000,NVDA,0.03887126999702217,0.06931816165750382,-0.016009826389482784,14.152398872375489,14.520926332473755,14.131609497070313,0.025042481529743806,0.022356475121497812,-0.06513953488372093,248455200.0,44.70526078211502,-0.058858283511516216,0.0259538695804431,1
2021-05-21,14.919957160949709,14.99174976348877,15.222000122070312,14.869500160217283,15.16374969482422,672992000,NVDA,0.0259538695804431,0.052569720669240816,-0.017916499190432922,14.301431846618652,14.507316827774048,14.17138313293457,0.021153886446487243,0.022226822346125656,1.0926888728575337,270729800.0,51.959307948284135,0.0019072053843353434,0.04137270945723559,1
2021-05-24,15.537236213684082,15.612000465393066,15.744999885559082,15.175999641418455,15.212499618530272,554816000,NVDA,0.04137270945723559,0.10211424719762707,0.008657492730373306,14.589346313476563,14.513984775543213,14.226239185333252,0.022654442204026633,0.02395515992731101,-0.17559792686985876,288580800.0,65.4116305325434,0.07968891401501205,0.002289962056774897,1
2021-05-25,15.572815895080566,15.647749900817873,15.818499565124512,15.482500076293944,15.765999794006348,435408000,NVDA,0.002289962056774897,0.11644065781419455,0.017293188208897137,14.914183807373046,14.527221059799194,14.27513397216797,0.01872818811492759,0.0239012685816694,-0.2152209020648287,302122600.0,64.79627506562079,0.12675429174448563,0.0033389712627274193,1
2021-05-26,15.624813079833984,15.699999809265137,15.793749809265137,15.58625030517578,15.73425006866455,370440000,NVDA,0.0033389712627274193,0.1161866509319529,0.027705474554199805,15.239468955993653,14.548282194137574,14.323078231811524,0.018785811602036045,0.023831191040157584,-0.14921177378458828,310173800.0,64.68859266544413,0.15285885150618636,-0.01350309122350346,0
2021-05-27,15.413829803466797,15.48799991607666,15.75,15.460000038146973,15.699749946594238,581476000,NVDA,-0.01350309122350346,0.05991445962801345,0.010652748391076106,15.413730430603028,14.556405639648437,14.365807628631591,0.021662828106027997,0.02406534122247658,0.5696900982615267,330587800.0,58.598956635068845,0.14732593758460674,0.048844082488851415,1
2021-05-28,16.166704177856445,16.24449920654297,16.27750015258789,15.50100040435791,15.50100040435791,644536000,NVDA,0.048844082488851415,0.08356237242891495,0.08228104405789582,15.663079833984375,14.61785979270935,14.435910243988037,0.027111389367375623,0.02576582141698385,0.10844815607178981,352719000.0,73.90225325440495,0.18342867047989625,0.001231239844129428,1
2021-06-01,16.186609268188477,16.26449966430664,16.38825035095215,15.903249740600586,16.270000457763672,472804000,NVDA,0.001231239844129428,0.04179463101246239,0.09623051979024422,15.792954444885254,14.688905334472656,14.503957805633545,0.02361037281474052,0.02551127433057112,-0.26644283639703603,366163600.0,73.7723698558841,0.19654079686567877,0.03158731365135803,1
2021-06-02,16.697900772094727,16.778249740600586,16.918750762939453,16.23550033569336,16.25225067138672,594168000,NVDA,0.03158731365135803,0.07224672047715996,0.16911413170345257,16.017971420288085,14.809674167633057,14.575453758239746,0.025278911034743834,0.024552940987097607,0.25668987572017166,375605800.0,86.96364221145316,0.2254666738753363,0.011413775461307951,1
2021-06-03,16.888486862182617,16.969749450683594,17.259000778198242,16.58300018310547,16.70075035095215,580008000,NVDA,0.011413775461307951,0.08087608958212633,0.1736870942657227,16.270706176757812,14.934635591506957,14.653060359954834,0.024653822290250402,0.024563222937061514,-0.02383164357555434,390005000.0,89.4991584564531,0.24180740670164014,0.03585775302783434,1
2021-06-04,17.494070053100586,17.578250885009766,17.660999298095703,17.095500946044922,17.112499237060547,617120000,NVDA,0.03585775302783434,0.13495933691741646,0.2103731288281785,16.68675422668457,15.086666488647461,14.751292705535889,0.019211114609986268,0.025295677684982972,0.06398532434035387,411192000.0,89.57578084083357,0.27533642422564036,0.00231805058280532,1
2021-06-07,17.534622192382812,17.618999481201172,17.8125,17.192750930786133,17.571250915527344,575756000,NVDA,0.00231805058280532,0.08461328910811683,0.1894881872367724,16.960337829589843,15.226331758499146,14.852480792999268,0.016297855331326442,0.02523471045808615,-0.06702748249935186,428513400.0,91.33944921294832,0.28119456999758774,-0.009194521337093753,0
2021-06-08,17.37339973449707,17.457000732421875,17.62150001525879,17.250999450683594,17.527250289916992,323848000,NVDA,-0.009194521337093753,0.0733192756212997,0.2237000278362027,17.197695922851562,15.385130071640015,14.944393520355225,0.019153533154758724,0.023265665370953044,-0.43752561849116645,431260600.0,91.07245342492232,0.2558843730338791,-0.005428786765129701,0
2021-06-09,17.279083251953125,17.35824966430664,17.575000762939453,17.25575065612793,17.515750885009766,381656000,NVDA,-0.005428786765129701,0.034805721257468614,0.213611495904946,17.313932418823242,15.537197303771972,15.03225034713745,0.017964611102418957,0.023479538156053158,0.17850349546700928,436064200.0,88.92854855359158,0.21605183581808218,0.00384536586830464,1
2021-06-10,17.34552764892578,17.424999237060547,17.492000579833984,17.176000595092773,17.350000381469727,287772000,NVDA,0.00384536586830464,0.027062269726874533,0.2667798088376956,17.405340576171874,15.719842958450318,15.122958717346192,0.01781727417512719,0.020638650302331214,-0.24599115433793783,435282400.0,87.51295458467219,0.17897202242516008,0.022969848863850784,1
2021-06-11,17.74395179748535,17.82525062561035,17.939250946044922,17.443750381469727,17.47949981689453,416308000,NVDA,0.022969848863850784,0.014283796945266936,0.30472069115993894,17.455316925048827,15.927050113677979,15.21215124130249,0.012446659498537259,0.0202758554603148,0.4466591607244623,441827600.0,87.58271585446121,0.16633960682445503,0.010855491827799435,1
2021-06-14,17.93657112121582,18.018749237060547,18.03949928283692,17.662750244140625,17.9060001373291,321376000,NVDA,0.010855491827799435,0.022923158789678322,0.2653851114422612,17.53570671081543,16.115139055252076,15.295970497131348,0.012923011757503478,0.019119471758586703,-0.22803309088463353,444965600.0,86.0003268223566,0.1561794539009843,-0.012778701327923692,0
2021-06-15,17.707365036010742,17.78849983215332,18.01625061035156,17.72800064086914,17.915000915527344,243032000,NVDA,-0.012778701327923692,0.019222794997949766,0.256049597117451,17.602499771118165,16.295624113082887,15.371707496643067,0.013939566502084276,0.01953775773318796,-0.2437767599322912,446268200.0,80.2686565953125,0.12082560262852993,0.0012229959868625961,1
2021-06-16,17.729021072387695,17.81024932861328,17.954750061035156,17.58449935913086,17.79075050354004,307124000,NVDA,0.0012229959868625961,0.02603944977137096,0.27102253579655744,17.69248733520508,16.484643745422364,15.450385551452637,0.013120925723746181,0.019002644340961782,0.26371835807630273,452311600.0,80.09739542268795,0.08726818516795853,0.04755692588137417,1
2021-06-17,18.57215881347656,18.6572494506836,18.834999084472656,17.756250381469727,17.774499893188477,809656000,NVDA,0.04755692588137417,0.07071743156955757,0.32673559937467167,17.937813568115235,16.713332319259642,15.540313339233398,0.022895185383907633,0.020438548137496043,1.6362511558849193,475594400.0,88.25663096084125,0.10882201430938587,-0.0009917676201274261,0
2021-06-18,18.55373954772949,18.638750076293945,19.375,18.583999633789062,18.78400039672852,968856000,NVDA,-0.0009917676201274261,0.04563739574399084,0.2758267787793771,18.099771118164064,16.91389317512512,15.62641939163208,0.023046468279257323,0.01986540322865228,0.19662671554339117,507957600.0,85.17210949356415,0.10855803499401884,-0.011347208014225063,0
2021-06-21,18.34320640563965,18.427249908447266,18.536500930786133,17.822750091552734,18.43524932861328,672384000,NVDA,-0.011347208014225063,0.022670736880297637,0.2294409566838218,18.181098175048827,17.08505563735962,15.70666275024414,0.02471949884216478,0.02027643833871271,-0.30600213034754387,507927200.0,80.08652272112846,0.08212522975510406,0.024935939781574934,1
2021-06-22,18.80061149597168,18.886749267578125,18.9637508392334,18.38599967956543,18.47150039672852,580144000,NVDA,0.024935939781574934,0.06173964662374365,0.2100357642380084,18.399747467041017,17.248224401473998,15.77995168685913,0.02377643958102323,0.019270524701133277,-0.13718351418237196,509193600.0,79.78254714738345,0.08311504028730266,0.009027248328207449,1
2021-06-23,18.97032928466797,19.057249069213867,19.15275001525879,18.90774917602539,19.00774955749512,332356000,NVDA,0.009027248328207449,0.07001560927769246,0.21816949564405186,18.64800910949707,17.41810007095337,15.847270050048827,0.02311649982327404,0.019191958360191427,-0.4271146473978874,504041000.0,79.66232048138687,0.08269196012714342,0.007779373966158465,1
2021-06-24,19.11790657043457,19.20549964904785,19.420000076293945,19.08824920654297,19.22775077819824,320924000,NVDA,0.007779373966158465,0.029385262232519693,0.22356065783013523,18.75715866088867,17.592754745483397,15.925551376342774,0.01342236490041533,0.019135373888653023,-0.03439685156879968,501565200.0,76.60952764351856,0.07980405913764677,-0.009085740219602623,0
2021-06-25,18.94420623779297,19.0310001373291,19.34550094604492,18.894500732421875,19.280500411987305,278364000,NVDA,-0.009085740219602623,0.02104517469693934,0.22903953652921083,18.835251998901366,17.769273567199708,15.98323600769043,0.014868598127521749,0.018869696301462163,-0.13261706821552766,486409600.0,72.13278930862067,0.05483756810854157,0.05012877282218886,1
2021-06-28,19.893856048583984,19.98500061035156,20.07875061035156,19.319000244140625,19.36124992370605,495436000,NVDA,0.05012877282218886,0.08453536468234835,0.2305449416110814,19.145381927490234,17.955631160736083,16.06438720703125,0.022296662122479344,0.019008657726138238,0.7798134816283715,478954600.0,81.72135417291804,0.08890602518378254,0.002089047958266921,1
2021-06-29,19.935415267944336,20.026750564575195,20.0987491607666,19.65699958801269,19.88249969482422,367632000,NVDA,0.002089047958266921,0.06035993947408591,0.23159921498342362,19.372342681884767,18.143071460723878,16.157331829071044,0.0224904919524888,0.01898737314146036,-0.25796268337383643,473696000.0,83.88135663318313,0.10003566432334932,-0.0012109761106570138,0
2021-06-30,19.911273956298828,20.002500534057617,20.162500381469727,19.863750457763672,19.999250411987305,326568000,NVDA,-0.0012109761106570138,0.04960086129824548,0.1924417463046757,19.560531616210938,18.303740119934083,16.2535853767395,0.02327963848973849,0.018492713223979662,-0.11169865517691602,460316000.0,83.0829549210647,0.09178340679053099,0.010473748956102424,1
2021-07-01,20.11981964111328,20.21199989318848,20.45599937438965,20.018999099731445,20.125,480136000,NVDA,0.010473748956102424,0.052407049223064384,0.19133346908457471,19.76091423034668,18.465306758880615,16.350242977142333,0.023248281705381856,0.018487444328635028,0.470248156586071,455322400.0,82.21194152588181,0.08645589645415253,0.013605527947837537,1
2021-07-02,20.3935604095459,20.48699951171875,20.505250930786133,20.287750244140625,20.44025039672852,342764000,NVDA,0.013605527947837537,0.07650646079124312,0.16574132535449726,20.050785064697266,18.61028127670288,16.462531509399415,0.02053015542140818,0.01742180413002141,-0.28611060199610105,441604600.0,82.59480090443702,0.08720438534651986,0.010323791427670148,1
2021-07-06,20.60409927368164,20.69849967956543,20.84199905395508,20.350250244140625,20.737499237060547,446708000,NVDA,0.010323791427670148,0.03570163689548811,0.17505236483693576,20.192833709716798,18.763755130767823,16.57077054977417,0.00629025618357907,0.01738020975416021,0.3032523835642016,435152200.0,88.61980349386072,0.08748980150434904,-0.01578627948651079,0
2021-07-07,20.27883720397949,20.371749877929688,20.875,20.332000732421875,20.853500366210938,418428000,NVDA,-0.01578627948651079,0.017226725975824975,0.16723482530096323,20.261518096923826,18.909027004241942,16.668269748687745,0.012160089402985194,0.01778596958560863,-0.06330757452295455,439881200.0,81.44870722386946,0.05307703983290679,-0.023022115132020238,0
2021-07-08,19.811975479125977,19.90275001525879,20.132999420166016,19.70075035095215,19.85650062561035,503300000,NVDA,-0.023022115132020238,-0.004987047910183562,0.14658718811870686,20.241658401489257,19.035671615600585,16.758347454071046,0.01715177470858506,0.018881685311036314,0.20283537430573473,445963400.0,66.85608840395639,-0.010437426154609852,0.007411057918409236,1
2021-07-09,19.958803176879883,20.050249099731445,20.08024978637696,19.754249572753903,19.96249961853028,296624000,NVDA,0.007411057918409236,-0.00800287811250422,0.1506599038580383,20.20945510864258,19.16633539199829,16.853451709747315,0.01669344922624959,0.01886686523374759,-0.41064176435525535,446406000.0,68.4582394541242,-0.04967472908810189,0.023054786714386433,1
2021-07-12,20.418949127197266,20.512500762939453,20.53274917602539,20.1877498626709,20.239999771118164,321984000,NVDA,0.023054786714386433,0.0012449379677461625,0.15075544389672046,20.21453285217285,19.300085258483886,16.95680347442627,0.0191798525868022,0.018870609152136515,0.08549544204110249,441689800.0,75.5906037648712,-0.05153023462400386,-0.012797267923414068,0
2021-07-13,20.15764236450196,20.25,20.46125030517578,20.11400032043457,20.40049934387207,290708000,NVDA,-0.012797267923414068,-0.021668353624657355,0.12382919947609161,20.125241470336917,19.411138820648194,17.061203899383546,0.018974081408274477,0.019364951477440034,-0.09713526137944739,440156400.0,67.58005444942981,-0.0757822639617648,-0.020172760140835133,0
2021-07-14,19.751007080078125,19.84149932861328,20.417749404907227,19.75275039672852,20.357749938964844,380100000,NVDA,-0.020172760140835133,-0.026028618830165606,0.11541197913474499,20.019675445556643,19.513320922851562,17.16091007232666,0.019728511660797064,0.0198084263609265,0.3074975576867509,447009800.0,59.52861190962415,-0.121902472707349,-0.04411216530876805,0
2021-07-15,18.87974739074707,18.966249465942383,19.847000122070312,18.85849952697754,19.811750411987305,550564000,NVDA,-0.04411216530876805,-0.047053767523642875,0.06490636531261096,19.833229827880864,19.57085723876953,17.252854537963866,0.025828393398415417,0.022722463653276227,0.4484714548802946,459181800.0,47.529558872410135,-0.208684938776453,-0.04245705756218787,0
2021-07-16,18.078168869018555,18.160999298095703,19.15699958801269,18.07299995422364,19.030500411987305,688224000,NVDA,-0.04245705756218787,-0.09422580558536897,-0.02659841267885077,19.457102966308597,19.54615774154663,17.326632747650148,0.027335270285477598,0.022427128519624046,0.25003451006604127,453110200.0,42.05186411044309,-0.31148191518797375,0.03407030072375816,1
2021-07-19,18.6940975189209,18.77975082397461,19.04199981689453,17.86549949645996,17.915250778198242,749060000,NVDA,0.03407030072375816,-0.08447308416959276,0.007564942411223408,19.11213264465332,19.5531756401062,17.411445655822753,0.03169776129487796,0.02376702358095487,0.08839563862928346,442120400.0,38.27062377884845,-0.3277557626327605,-0.008932372936849564,0
2021-07-20,18.527114868164062,18.61199951171875,18.83799934387207,18.16399955749512,18.729999542236328,434687000,NVDA,-0.008932372936849564,-0.08088879973430285,0.01002597138458139,18.78602714538574,19.562371063232423,17.487161617279053,0.03187535658085961,0.02370895489011142,-0.4196900114810562,430235550.0,36.561392371196085,-0.33816203560174807,0.04287528836025256,1
2021-07-21,19.32147026062012,19.40999984741211,19.527000427246094,18.742000579833984,18.881999969482425,371017000,NVDA,0.04287528836025256,-0.021747590779371273,0.027704352316414882,18.70011978149414,19.588414001464844,17.58964235305786,0.041104996100308086,0.024976922327041354,-0.14647320945875997,419779200.0,45.093122561255264,-0.2822240247993507,0.009479551609745895,1
2021-07-22,19.50462913513184,19.5939998626709,19.886999130249023,19.275999069213867,19.64200019836425,323826000,NVDA,0.009479551609745895,0.033097992862501036,0.02816502773600771,18.825096130371094,19.615128993988037,17.69498016357422,0.03437232341381711,0.024984144789543677,-0.1271936326367794,419352700.0,44.86020566380203,-0.2259969534589824,-0.0018367808545300957,0
2021-07-23,19.46880340576172,19.558000564575195,19.700000762939453,19.25,19.6560001373291,195672000,NVDA,-0.0018367808545300957,0.07692341778742673,0.018354354543703266,19.103223037719726,19.632673835754396,17.810503940582276,0.022512957499293242,0.024953213386140483,-0.3957495692130959,413090100.0,41.95397205823343,-0.18599621362430496,-0.013498529478037868,0
2021-07-26,19.20600318908692,19.29400062561035,19.441999435424805,18.91399955749512,19.31100082397461,203943000,NVDA,-0.013498529478037868,0.027383278045270965,0.013819367674095417,19.20560417175293,19.645763683319093,17.92262783050537,0.022559620589961207,0.025068237811747242,0.04226971666871093,409369050.0,37.945222015262324,-0.17232378743331211,-0.004457530415929667,0
2021-07-27,19.120391845703125,19.20800018310547,19.621999740600582,18.74099922180176,19.26499938964844,248863000,NVDA,-0.004457530415929667,0.032022092039733385,-0.038879551605879525,19.324259567260746,19.60709047317505,18.021539821624756,0.021917738999622974,0.022249024966300913,0.22025762100194668,397040400.0,39.58097385529652,-0.1641696286265374,0.015358530302280737,1
2021-07-28,19.41405296325684,19.50300025939941,19.645999908447266,18.9950008392334,19.319000244140625,202191000,NVDA,0.015358530302280737,0.004791700703306034,-0.02615256806442523,19.34277610778809,19.581022357940675,18.127867603302,0.01146853412030297,0.022564983314474228,-0.18754093617773637,388768350.0,46.30600852168103,-0.1353232091892001,0.008152434210946247,1
2021-07-29,19.572324752807617,19.66200065612793,19.85300064086914,19.327999114990234,19.518999099731445,190781000,NVDA,0.008152434210946247,0.0034707462114131893,-0.017022979254624038,19.356315231323244,19.564074897766112,18.24034152984619,0.011236496196878377,0.022659095122571315,-0.05643178974336149,381979000.0,46.41985316567345,-0.10335126028985636,-0.00829018270658377,0
2021-07-30,19.41006660461425,19.499000549316406,19.6299991607666,19.26300048828125,19.417999267578125,183497000,NVDA,-0.00829018270658377,-0.0030169702740994175,-0.03527631207233617,19.34456787109375,19.52858724594116,18.348575115203857,0.011954677872634116,0.02256413246737264,-0.03817990261084703,367147050.0,40.10828533139938,-0.09131622585018212,0.012872741172892832,1
2021-08-02,19.659927368164062,19.75,19.961000442504883,19.36100006103516,19.700000762939453,217444000,NVDA,0.012872741172892832,0.023634494621716406,-0.03597375968928085,19.43535270690918,19.49190559387207,18.450923213958742,0.010546548958524913,0.02253880590935705,0.18500029973242071,360881050.0,45.109113700464334,-0.06589956523127971,0.0032908191578451262,1
2021-08-03,19.724624633789062,19.815000534057617,20.222000122070312,19.21999931335449,19.739999771118164,301811000,NVDA,0.0032908191578451262,0.03160148562654719,-0.042684449740346686,19.556199264526366,19.447931861877443,18.54701656341553,0.009362362624801035,0.02239759552919333,0.3879941502179871,353636200.0,49.72207063006701,-0.045094447339692534,0.02316450099909262,1
2021-08-04,20.181535720825195,20.27400016784668,20.31800079345703,19.827999114990234,19.989999771118164,231309000,NVDA,0.02316450099909262,0.0395323304732349,-0.004798178622154925,19.70969581604004,19.443066787719726,18.63990255355835,0.01163125370966979,0.022819707733888864,-0.23359652232688666,344280250.0,65.02559920815926,-0.0031374445812470397,0.01790465248966111,1
2021-08-05,20.54287910461425,20.636999130249023,20.732999801635746,20.34199905395508,20.5,211435000,NVDA,0.01790465248966111,0.04958809768713901,0.036892011412913206,19.903806686401364,19.479611968994142,18.739303817749022,0.012483594257137458,0.022478321419503292,-0.08591970048722708,329687000.0,81.66651473224724,0.043785937729570956,-0.013132028242258231,0
2021-08-06,20.27310943603516,20.36599922180176,20.56999969482422,20.209999084472656,20.52400016784668,178497000,NVDA,-0.013132028242258231,0.044463671815311745,0.01574775082302371,20.076415252685546,19.495327281951905,18.832269744873045,0.014293212684920236,0.022689019186504712,-0.1557831011894909,323780650.0,72.26778462364443,0.05098639167507091,-0.003486234009236089,0
2021-08-09,20.20243263244629,20.295000076293945,20.507999420166016,20.14299964904785,20.44599914550781,146443000,NVDA,-0.003486234009236089,0.027594469405859634,-0.010603704108483436,20.184916305541993,19.484501457214357,18.928041801452636,0.014989026588104002,0.022101389213615614,-0.17957724779688178,315003600.0,74.28558788967992,0.045501257214513535,-0.017688528386757718,0
2021-08-10,19.845081329345703,19.93600082397461,20.43000030517578,19.834999084472656,20.32200050354004,179238000,NVDA,-0.017688528386757718,0.006106919538042543,-0.015505832949327614,20.20900764465332,19.46887340545654,19.00160934448242,0.018340616175989356,0.022273346934855894,0.22394378700245143,309430100.0,58.69151291840027,0.013953978109818632,-0.01188837024767464,0
2021-08-11,19.609155654907227,19.698999404907227,20.04899978637696,19.43000030517578,20.042999267578125,185925000,NVDA,-0.01188837024767464,-0.02836157138068207,-0.007181984422150123,20.094531631469728,19.461780834198,19.070060272216796,0.014136189237814565,0.02196399609308402,0.03730793693301648,299721350.0,51.70518331918616,-0.02455749184000755,0.010457408899754883,1
2021-08-12,19.81421661376953,19.905000686645508,20.02899932861328,19.6200008392334,19.8700008392334,151652000,NVDA,0.010457408899754883,-0.03547031977036996,0.049495854138410955,19.94879913330078,19.50850429534912,19.13238658905029,0.01109888952158246,0.019459479651774796,-0.1843377706064273,279775750.0,55.34001080410367,-0.037216438597364065,0.014217745329482279,1
2021-08-13,20.095930099487305,20.1879997253418,20.214000701904297,19.85099983215332,19.905000686645508,183063000,NVDA,0.014217745329482279,-0.008739623149911169,0.11161314207694373,19.91336326599121,19.609392356872558,19.196535453796386,0.013818477285654076,0.016446439518367523,0.20712552422651864,254517700.0,63.67808260942968,-0.02803131277602977,-0.011789232307538255,0
2021-08-16,19.8590145111084,19.950000762939453,20.28700065612793,19.452999114990234,20.13500022888184,210876000,NVDA,-0.011789232307538255,-0.016998849969500296,0.062314695374219076,19.844679641723634,19.667638206481932,19.243834342956543,0.014568693528090388,0.015407543649870037,0.15193130233853913,227608500.0,60.848005064723694,-0.03867005179043903,-0.024661820198402906,0
2021-08-17,19.36925506591797,19.45800018310547,19.770000457763672,19.26700019836425,19.684999465942383,204585000,NVDA,-0.024661820198402906,-0.02397703771181381,0.045454470582518613,19.749514389038087,19.70974521636963,19.280527000427245,0.016492626255672063,0.016424056148334327,-0.029832697888806714,216103400.0,49.3778960400104,-0.07722407233517486,-0.021482180129172912,0
2021-08-18,18.953161239624023,19.040000915527344,19.63400077819824,19.0,19.5,285913000,NVDA,-0.021482180129172912,-0.033453475857286086,-0.019062163284062406,19.618315505981446,19.691329765319825,19.312122230529784,0.018020524162063505,0.014223976032405067,0.3975267003934795,211848200.0,41.976291228347705,-0.1263766080864581,0.03981104799628454,1
2021-08-19,19.707706451416016,19.79800033569336,20.4950008392334,18.761999130249023,19.49399948120117,766555000,NVDA,0.03981104799628454,-0.00537544150392999,0.01041174968655989,19.597013473510742,19.701483631134032,19.360694694519044,0.027352743612634515,0.016773536595704425,1.6810778103828787,233984650.0,53.34379870824198,-0.10459994425946348,0.051419335120184595,1
2021-08-20,20.7210636138916,20.81599998474121,20.864999771118164,19.933000564575195,19.99099922180176,675741000,NVDA,0.051419335120184595,0.031107468592371568,0.06432137517805958,19.7220401763916,19.764096641540526,19.42820541381836,0.03611025809147028,0.020229097534109456,-0.11847029893484484,257988100.0,60.17560076979892,-0.022752622473704492,0.05486134922340735,1
2021-08-23,21.85784912109375,21.95800018310547,21.996999740600582,20.950000762939453,20.97100067138672,575807000,NVDA,0.05486134922340735,0.10065124877507281,0.13807380462758845,20.121807098388672,19.89668893814087,19.51048336029053,0.03971905971034876,0.022844972753017005,-0.14788802218601504,276581300.0,66.96749544266254,0.1003840185426062,-0.007514174757552339,0
2021-08-24,21.69360542297364,21.792999267578125,21.958999633789062,21.53499984741211,21.75300025939941,297299000,NVDA,-0.007514174757552339,0.12000205217729754,0.13457954199033773,20.586677169799806,20.025349617004395,19.585624046325684,0.03540591972603955,0.022933819979608257,-0.4836829006941562,279003100.0,62.61415848434076,0.15968753882378378,0.01927209771809424,1
2021-08-25,22.11168670654297,22.21299934387207,22.46999931335449,21.722000122070312,21.73699951171875,347701000,NVDA,0.01927209771809424,0.16664900524961723,0.138952631291966,21.218382263183596,20.1602313041687,19.67371047973633,0.025899850590435734,0.023029170872795074,0.16953302903810652,286278600.0,62.964752880515114,0.2126715668653063,-0.006527448025911098,0
2021-08-26,21.96735382080078,22.06800079345703,22.34000015258789,21.790000915527344,22.200000762939453,237940000,NVDA,-0.006527448025911098,0.11465805901642145,0.1223681447268854,21.67031173706055,20.27998275756836,19.75847713470459,0.03015481754452191,0.02321612609909125,-0.3156764001253951,288636550.0,64.29780022946736,0.22254046939470074,0.025738502867879598,1
2021-08-27,22.532760620117188,22.63599967956543,22.722000122070312,22.16699981689453,22.18400001525879,304722000,NVDA,0.025738502867879598,0.08743262604584667,0.16088012880700764,22.032651138305667,20.436117458343507,19.837689170837404,0.025832892363666225,0.02335709278813095,0.2806673951416323,294697800.0,68.15017953148006,0.24965501622775954,0.0022973413141538224,1
2021-08-30,22.58452606201172,22.6879997253418,23.042999267578125,22.551000595092773,22.82999992370605,262580000,NVDA,0.0022973413141538224,0.033245583172074156,0.1487593844615902,22.17798652648926,20.58234739303589,19.918304901123047,0.015140201946745705,0.023354532898418965,-0.1382965457039531,296954600.0,72.40309593853051,0.25280900370425763,-0.013181039517951354,0
2021-08-31,22.28683853149414,22.38500022888184,22.69499969482422,22.1200008392334,22.69499969482422,259850000,NVDA,-0.013181039517951354,0.027345989610941368,0.12989924752818394,22.296633148193358,20.710458087921143,19.997177543640138,0.016606952322757502,0.023786578537094993,-0.010396831441846333,294856550.0,71.67901377170374,0.21790216436307064,0.0025015571615654153,1
2021-09-01,22.34259033203125,22.44099998474121,22.69700050354004,22.35700035095215,22.48500061035156,201767000,NVDA,0.0025015571615654153,0.010442605693212759,0.10708078122003761,22.342813873291014,20.818510818481446,20.06801712036133,0.014721586199476425,0.02346621162928514,-0.2235251106407543,293379450.0,70.97734199690471,0.1830284396319224,-0.0020053010290634887,0
2021-09-02,22.297786712646484,22.395999908447266,22.593000411987305,22.295000076293945,22.51799964904785,187834000,NVDA,-0.0020053010290634887,0.015041997982151889,0.085426565531316,22.408900451660156,20.906256198883057,20.1345662689209,0.014183054296421766,0.02332777688345943,-0.06905489995886349,292199400.0,69.01585006956299,0.1431692379529239,0.019958749277830146,1
2021-09-03,22.742822647094727,22.843000411987305,22.98600006103516,22.200000762939453,22.325000762939453,280532000,NVDA,0.019958749277830146,0.009322516247298962,0.12182212200116127,22.450912857055663,21.029741859436037,20.207064590454102,0.011930279635701571,0.023194885988688973,0.4935102271154317,297301150.0,74.0411499966927,0.13320882544162949,-0.007923236481289453,0
2021-09-07,22.56262588500977,22.66200065612793,22.89900016784668,22.52199935913086,22.83300018310547,198107000,NVDA,-0.007923236481289453,-0.0009696983209572796,0.11682718093923361,22.446532821655275,21.14775152206421,20.279432983398436,0.012699053722991613,0.023311476074037756,-0.29381674817846093,299884350.0,78.07069018937734,0.10230603613376987,-0.014253151112566975,0
2021-09-08,22.24103736877441,22.339000701904297,22.61000061035156,21.97699928283692,22.51300048828125,254434000,NVDA,-0.014253151112566975,-0.0020550767061469077,0.12073299170035212,22.437372589111327,21.267549324035645,20.326376609802246,0.01298044736167398,0.023141378506364503,0.28432614698117686,303644150.0,79.38971877975129,0.05064047846734465,-0.007251874650160528,0
2021-09-09,22.079748153686523,22.177000045776367,22.538000106811523,22.131000518798828,22.312000274658203,196856000,NVDA,-0.007251874650160528,-0.011764176598982101,0.12599178374929298,22.38480415344238,21.39107894897461,20.36926326751709,0.01317723712150095,0.022975740546170926,-0.2262983720729148,304190700.0,73.71886980944167,-0.0012158792415042363,0.013572391573811071,1
2021-09-10,22.37942314147949,22.47800064086914,22.6259994506836,22.270000457763672,22.347999572753903,248376000,NVDA,0.013572391573811071,0.003661189780181262,0.12946292945678772,22.401131439208985,21.519339275360107,20.418626251220704,0.014980941576817551,0.02301666079854848,0.261714146381111,309026900.0,69.3433316899792,-0.02105300099470464,-0.014502871025732444,0
2021-09-13,22.05485725402832,22.152000427246094,22.964000701904297,21.857999801635746,22.68400001525879,297500000,NVDA,-0.014502871025732444,-0.0302497805018187,0.09747880017710608,22.263538360595703,21.617285633087157,20.457327003479005,0.011497087897240195,0.023393024323172956,0.1977807839726866,314748750.0,52.83511903552869,-0.05957080153471539,0.004062838874395069,1
2021-09-14,22.14446258544922,22.242000579833984,22.40999984741211,22.086000442504883,22.27499961853028,199755000,NVDA,0.004062838874395069,-0.0185334500377623,0.1150836600206131,22.179905700683594,21.7315580368042,20.49234504699707,0.012240105898545251,0.023063419509316434,-0.3285546218487395,314192700.0,56.63066974030928,-0.08121090936589936,0.004450961389055763,1
2021-09-15,22.24302673339844,22.340999603271484,22.367000579833984,21.965999603271484,22.30900001525879,166538000,NVDA,0.004450961389055763,8.944567607360732e-05,0.14836769187562338,22.1803035736084,21.875246620178224,20.525123596191406,0.010993503907513814,0.021936856802412284,-0.1662887036619859,312290350.0,52.13195718995292,-0.09038116934020402,-0.0044312381192810335,0
2021-09-16,22.14446258544922,22.242000579833984,22.277000427246094,21.927000045776367,22.183000564575195,156033000,NVDA,-0.0044312381192810335,0.002930940666181936,0.1683783145976392,22.19324645996094,22.03481168746948,20.5624361038208,0.010589021959534758,0.021079492118166943,-0.06307869675389399,305796350.0,52.91825271912666,-0.10362912042736461,-0.015376471265132086,0
2021-09-17,21.803958892822266,21.89999961853028,22.32099914550781,21.82999992370605,22.299999237060547,294503000,NVDA,-0.015376471265132086,-0.025713989365106604,0.1063671435625444,22.078153610229492,22.139624309539794,20.60227577209473,0.009612855346422661,0.020296165144446147,0.8874404773349227,282193750.0,37.0301377153882,-0.13394223461784305,-0.03593605908697972,0
2021-09-20,21.020410537719727,21.113000869750977,21.433000564575195,20.66200065612793,21.145999908447266,349440000,NVDA,-0.03593605908697972,-0.04690335123885925,0.014446503780213282,21.871264266967774,22.154591655731203,20.623507919311525,0.016864576930370904,0.019209863335314808,0.18654139346628051,265878700.0,27.916581165646846,-0.20133119277807798,0.0062995718349088126,1
2021-09-21,21.152830123901367,21.246000289916992,21.424999237060547,20.950000762939453,21.41699981689453,204688000,NVDA,0.0062995718349088126,-0.04478015475523156,-0.032254728875038774,21.6729377746582,22.119340705871583,20.638185539245605,0.017335581195362566,0.014527406984169454,-0.4142399267399267,247322750.0,33.20540887147574,-0.22951212246027552,0.03271201761919906,1
2021-09-22,21.84478187561035,21.94099998474121,21.959999084472656,21.19599914550781,21.36599922180176,268726000,NVDA,0.03271201761919906,-0.01790425658168704,0.006968710349853469,21.593288803100585,22.12689952850342,20.671928329467775,0.025501174588775054,0.01632928011856503,0.31285664035019156,245894100.0,43.7964886026715,-0.19540978839004963,0.024657038352628113,1
2021-09-23,22.38340950012207,22.48200035095215,22.53499984741211,21.88999938964844,22.13999938964844,248555000,NVDA,0.024657038352628113,0.010790368641859116,0.012288650666287593,21.641078186035156,22.14048566818237,20.72457637786865,0.02835062532270501,0.01669583120713637,-0.07506158689520182,240936800.0,50.950068846182006,-0.13339662110006556,-0.017836532058302823,0
2021-09-24,21.984167098999023,22.08099937438965,22.14900016784668,21.86100006103516,22.06999969482422,217655000,NVDA,-0.017836532058302823,0.008264930559747086,0.0007653756722543203,21.67711982727051,22.141326332092284,20.786664772033692,0.02875624346378413,0.017140613850992952,-0.1243185612842228,239922550.0,41.4955458703513,-0.11668895308965022,-0.019066053504088742,0
2021-09-27,21.56501579284668,21.65999984741211,21.79899978637696,21.325000762939453,21.709999084472656,245215000,NVDA,-0.019066053504088742,0.025908402414391185,-0.04294834723475949,21.7860408782959,22.09293909072876,20.856401710510255,0.02374922267647589,0.01654150061612158,0.12662240702028438,236947200.0,39.38553891674799,-0.1302583199598079,-0.044367558946670216,0
2021-09-28,20.60822868347168,20.698999404907227,21.41900062561035,20.650999069213867,21.214000701904297,343069000,NVDA,-0.044367558946670216,-0.025746031960722005,-0.08750670140757433,21.67712059020996,21.99412422180176,20.89468433380127,0.03245739433997547,0.019002252514495707,0.3990538914829844,240971650.0,34.695753593734594,-0.1961071929824843,-0.008792698178848424,0
2021-09-29,20.427026748657227,20.51700019836425,21.01700019836425,20.46699905395508,20.940000534057617,218394000,NVDA,-0.008792698178848424,-0.06490131762478457,-0.083448883079974,21.393569564819337,21.901133632659914,20.93268257141113,0.024898964799827162,0.018920631915424466,-0.36341085904001824,238898850.0,34.566722189529116,-0.241328939011984,0.00969938779483348,1
2021-09-30,20.62515640258789,20.715999603271484,21.06599998474121,20.6879997253418,20.76799964904785,221009000,NVDA,0.00969938779483348,-0.0785516209013909,-0.07686816541505381,21.0419189453125,21.815261936187746,20.958756294250488,0.019556771508626145,0.019121726150131968,0.011973772173228259,239860950.0,33.30180358625762,-0.2464933095299657,0.0012550952409402516,1
2021-10-01,20.651042938232425,20.742000579833984,20.858999252319336,20.202999114990234,20.75,240978000,NVDA,0.0012550952409402516,-0.060640194134409464,-0.07385234219143766,20.77529411315918,21.73292474746704,20.9816845703125,0.0209410615818064,0.01915185433452874,0.09035378649738246,242518150.0,35.832031720719755,-0.23671011358618618,-0.04869376769057332,0
2021-10-04,19.64546585083008,19.73200035095215,20.54199981689453,19.55500030517578,20.503999710083008,345635000,NVDA,-0.04869376769057332,-0.08901222055461377,-0.13619051796371084,20.39138412475586,21.57805690765381,20.98521781921387,0.02673940392257329,0.020780188020532928,0.4343010565279819,245773300.0,28.714390060994617,-0.28335701236935473,0.03643837861443444,1
2021-10-05,20.36131477355957,20.451000213623047,20.64800071716309,19.85400009155273,19.950000762939453,279282000,NVDA,0.03643837861443444,-0.011981326183076568,-0.09756449106009035,20.342001342773436,21.4679913520813,21.00832405090332,0.031029933965641406,0.022941333410966373,-0.19197419242842884,249832050.0,35.49726912195294,-0.2524246794302178,0.012175517576122452,1
2021-10-06,20.609224319458008,20.700000762939453,20.71999931335449,20.07999992370605,20.1200008392334,297202000,NVDA,0.012175517576122452,0.00891943663865602,-0.07336946664220834,20.378440856933594,21.38640069961548,21.03810070037842,0.031301292419988455,0.02313264845816381,0.06416453620355056,251970450.0,38.433871606026806,-0.2037761819459017,0.018115866582003592,1
2021-10-07,20.98257827758789,21.075000762939453,21.32200050354004,20.972000122070312,21.09199905395508,256919000,NVDA,0.018115866582003592,0.017329414042899227,-0.04969123146069243,20.449925231933594,21.331542205810546,21.06947120666504,0.03202503836496591,0.023609349356733575,-0.13554081062711554,254973600.0,43.84238777628753,-0.13810375390384616,-0.011577492561072655,0
2021-10-08,20.739652633666992,20.83099937438965,21.20599937438965,20.77499961853028,21.10099983215332,151258000,NVDA,-0.011577492561072655,0.004290809703877851,-0.07327134830268434,20.46764717102051,21.249553680419922,21.092817764282227,0.032790860697970985,0.023389421197797914,-0.41126191523398425,250117700.0,47.709599398512715,-0.10421847126373868,-0.006528869915632951,0
2021-10-11,20.604246139526367,20.69499969482422,21.0629997253418,20.51099967956543,20.575000762939453,163388000,NVDA,-0.006528869915632951,0.04880415134852978,-0.06577286344653166,20.659403228759764,21.177023124694824,21.116701354980467,0.019416492676478863,0.02326023996483365,0.08019410543574557,243412100.0,45.52687551284101,-0.08493392211912298,-0.0011596326388960687,0
2021-10-12,20.580352783203125,20.67099952697754,21.05699920654297,20.527999877929688,20.827999114990234,162134000,NVDA,-0.0011596326388960687,0.01075755726383587,-0.07063209577611718,20.703210830688477,21.09881763458252,21.13510986328125,0.012551147694431528,0.023204406407103893,-0.0076749822508385135,241531050.0,38.429331872785745,-0.06850166826927706,0.01296465107795819,1
2021-10-13,20.84716987609864,20.93899917602539,20.989999771118164,20.71299934387207,20.917999267578125,180652000,NVDA,0.01296465107795819,0.011545585265718916,-0.06275480733941163,20.750799942016606,21.02902479171753,21.157560768127443,0.012711799983027931,0.023432942655938926,0.11421416852726751,242236750.0,35.20607808764481,-0.036009992876901264,0.03854099219930274,1
2021-10-14,21.6506404876709,21.746000289916992,21.7549991607666,21.121999740600582,21.288000106811523,243589000,NVDA,0.03854099219930274,0.03183889993140565,-0.022300026287510932,20.884412384033205,21.004333686828613,21.186942863464356,0.02014708725099312,0.02519592675166933,0.348388061023404,246614550.0,47.02014652514021,0.039174197400937305,0.005334163321123464,1
2021-10-15,21.766128540039062,21.86199951171875,21.93099975585937,21.66200065612793,21.809999465942383,226994000,NVDA,0.005334163321123464,0.049493399166472773,-0.001735022202580705,21.08970756530762,21.002442169189454,21.21140785217285,0.017626289371323,0.02499110874163892,-0.06812705007204756,243239100.0,51.89990835695884,0.09318122383147476,0.016467193376633826,1
2021-10-18,22.124555587768555,22.222000122070312,22.291000366210938,21.643999099731445,21.749000549316406,189494000,NVDA,0.016467193376633826,0.07378622046868699,0.05252728285527608,21.393769454956058,21.057649421691895,21.24843677520752,0.015111322232603318,0.02371633931451434,-0.16520260447412705,235241800.0,66.15060068649885,0.1463750969409312,0.003059836603535704,1
2021-10-19,22.19225311279297,22.290000915527344,22.378999710083008,22.03700065612793,22.275999069213867,161473000,NVDA,0.003059836603535704,0.07832228857152601,0.04913871963246752,21.716149520874026,21.109620571136475,21.28823318481445,0.014107585437956649,0.0237024675985512,-0.1478727558656211,233081050.0,69.26753203493395,0.1773834931786002,-0.008389419217590288,0
2021-10-20,22.006072998046875,22.10300064086914,22.433000564575195,21.98200035095215,22.30500030517578,146276000,NVDA,-0.008389419217590288,0.055590429244639195,0.0073835080320305835,21.947930145263673,21.1176851272583,21.331453018188476,0.01774467455163417,0.02272217074039996,-0.0941148055712101,226958550.0,65.11219373718905,0.17625478021977387,0.02664792780424219,1
2021-10-21,22.59248924255371,22.691999435424805,22.711000442504883,22.08300018310547,22.097000122070312,187590000,NVDA,0.02664792780424219,0.043502119737250045,0.009340835337462883,22.136299896240235,21.128139114379884,21.391119689941405,0.013394187442391866,0.022837112151600482,0.2824386775684322,223910300.0,68.92464885700271,0.2039458932390222,0.001498357404167594,1
2021-10-22,22.626340866088867,22.72599983215332,23.1299991607666,22.56100082397461,22.82299995422364,249384000,NVDA,0.001498357404167594,0.039520685751140094,0.02921073899220339,22.308342361450194,21.160247802734375,21.44736217498779,0.013735225218312469,0.022415839923552807,0.32940988325603704,225496750.0,85.84776300849838,0.2125208837832409,0.019361075652217785,1
2021-10-25,23.06441116333008,23.166000366210938,23.354999542236328,22.770000457763672,22.972999572753903,230235000,NVDA,0.019361075652217785,0.04248020132350683,0.06952906433672856,22.4963134765625,21.235217571258545,21.50673179626465,0.014240438378671802,0.022189652802520637,-0.07678519872966993,224747750.0,84.8345458558669,0.23397665727181838,0.06695150687283236,1
2021-10-26,24.60860824584961,24.71699905395508,25.25900077819824,23.92399978637696,23.98900032043457,485898000,NVDA,0.06695150687283236,0.10888282144113193,0.1941156430191564,22.97958450317383,21.435236549377443,21.601723670959473,0.029111636106722204,0.02344940535706394,1.1104436771125155,231889200.0,88.63246858575947,0.332438256059499,-0.010761899048503665,0
2021-10-27,24.3437728881836,24.451000213623047,25.09000015258789,24.28199958801269,24.474000930786133,245990000,NVDA,-0.010761899048503665,0.1062297616818868,0.19174333042785308,23.447124481201172,21.631073856353762,21.701214027404784,0.029727591822938427,0.02353277615642041,-0.49374148483838176,233269000.0,83.16307366192922,0.35779817645146916,0.020040275330192703,1
2021-10-28,24.83162879943848,24.94099998474121,24.950000762939453,24.52300071716309,24.87800025939941,234204000,NVDA,0.020040275330192703,0.09910990917580143,0.20394863024276466,23.894952392578126,21.841397476196292,21.818783378601076,0.029545577671811735,0.02366058770737938,-0.047912516768974345,233928750.0,88.51194254481338,0.3832294760468513,0.025099076920713337,1
2021-10-29,25.454879760742188,25.566999435424805,25.708999633789062,25.0,25.0009994506836,292503000,NVDA,0.025099076920713337,0.1250108849413023,0.23261957455989557,24.460660171508792,22.08158931732178,21.933726844787596,0.02780077942651535,0.023818858631099844,0.2489240149613159,236505000.0,91.81255378386894,0.41513950228740093,0.010169501939502945,1
2021-11-01,25.713743209838867,25.82699966430664,25.893999099731445,25.22699928283692,25.64900016784668,265740000,NVDA,0.010169501939502945,0.11486666742747542,0.3088894610637285,24.99052658081055,22.385003185272218,22.033580436706544,0.028490947705464554,0.01928937212719976,-0.09149649747182076,232510250.0,92.52719164655436,0.42523694591781547,0.022224757401063444,1
2021-11-02,26.28522491455078,26.400999069213867,26.67799949645996,25.799999237060547,25.82200050354004,294112000,NVDA,0.022224757401063444,0.06813130803461598,0.29093947060254544,25.325849914550783,22.68119869232178,22.122127952575685,0.014603604527320306,0.018659961780847986,0.10676601189132229,233251750.0,92.88628776326102,0.44011472639158333,0.007461780064593082,1
2021-11-03,26.481359481811523,26.597999572753903,26.78400039672852,26.23500061035156,26.670000076293945,239910000,NVDA,0.007461780064593082,0.08780835261018649,0.28492751941223693,25.753367233276368,22.974805450439455,22.217883033752443,0.007742250157322336,0.018700802761640028,-0.18429033837449682,230387150.0,92.1326505217574,0.4322519236311668,0.12042264330111685,1
2021-11-04,29.67031478881836,29.801000595092773,31.364999771118164,27.11800003051757,27.22900009155273,1153631000,NVDA,0.12042264330111685,0.19485979065091752,0.41404523296882423,26.721104431152344,23.40919227600098,22.36905559539795,0.047200716896042806,0.030505077967845393,3.808599057980076,275222750.0,94.87844255374824,0.600557583237355,-0.0016444037879143059,0
2021-11-05,29.621524810791016,29.75200080871582,31.39999961853028,29.40999984741211,30.187000274658203,851260000,NVDA,-0.0016444037879143059,0.16368747718364163,0.42825559010115466,27.55443344116211,23.85328588485718,22.522139015197755,0.05031000637751402,0.030077912954680316,-0.2621037402774371,310222850.0,94.11756914957508,0.6624652289761495,0.035359148395288864,1
2021-11-08,30.668916702270508,30.804000854492188,31.100000381469727,29.90699958801269,30.14900016784668,503101000,NVDA,0.035359148395288864,0.19270525695129592,0.4884755547273567,28.545468139648438,24.356519412994388,22.68486213684082,0.04885170763126449,0.02970767870524657,-0.40899255221671404,327208500.0,94.72571788683332,0.7228852335791913,-0.004772147124152304,0
2021-11-09,30.522560119628903,30.65699958801269,32.310001373291016,29.964000701904297,32.28200149536133,646746000,NVDA,-0.004772147124152304,0.16120597099142375,0.4830921724791917,29.39293518066406,24.853629779815677,22.843622817993165,0.05223527331919111,0.029856797867374607,0.28551920986044554,351439100.0,95.12547757234181,0.7013756565818396,-0.039077558088641884,0
2021-11-10,29.32981300354004,29.458999633789062,30.850000381469727,28.777999877929688,29.356000900268555,636206000,NVDA,-0.039077558088641884,0.10756447468963781,0.40689662807260873,29.962625885009764,25.277761936187748,22.98448230743408,0.06097487351801999,0.032665601517036055,-0.01629696975319528,374216800.0,83.54311522018651,0.5612649963656318,0.031603336067022036,1
2021-11-11,30.256732940673828,30.38999938964844,30.59000015258789,29.777000427246094,30.468000411987305,332172000,NVDA,0.031603336067022036,0.019764473549719996,0.39749828453822067,30.07990951538086,25.708066558837892,23.142765159606935,0.030452401362522093,0.032468878364390344,-0.4778860934980179,378645950.0,84.88705484487323,0.4881552701520593,0.0,0
2021-11-12,30.256732940673828,30.38999938964844,30.68000030517578,29.6299991607666,30.01000022888184,413054000,NVDA,0.0,0.021444140162946823,0.39008335290385676,30.206951141357422,26.13259677886963,23.30194408416748,0.030381034574317622,0.032594463613021145,0.24349433426056377,387948950.0,84.25639460306044,0.4006064944655261,-0.01201065961169856,0
2021-11-15,29.893329620361328,30.02499961853028,30.643999099731445,29.246999740600582,30.552000045776367,384909000,NVDA,-0.01201065961169856,-0.02528902763141161,0.35113808283171566,30.051833724975587,26.52103548049927,23.444954223632813,0.0253730912601854,0.03323858585130593,-0.06813879056975602,397719700.0,78.36068084074961,0.2844924396280204,0.005928264881245093,1
2021-11-16,30.070545196533203,30.202999114990234,30.38999938964844,29.70599937438965,29.75900077819824,264484000,NVDA,0.005928264881245093,-0.014809207396892288,0.35500190285765565,29.961430740356445,26.91495008468628,23.595112609863282,0.02582861927201137,0.03318749525265803,-0.31286615797500184,402870250.0,81.02473192988575,0.19041373101656145,-0.031188802778906455,0
2021-11-17,29.132680892944336,29.26099967956543,30.50900077819824,28.799999237060547,30.417999267578125,428508000,NVDA,-0.031188802778906455,-0.006721219483121432,0.3238473259417969,29.922004318237306,27.27128047943115,23.73294548034668,0.023154306335382957,0.034430609341878755,0.6201660591945071,416981850.0,72.21761337437286,0.043482327580965485,0.08249882233860806,1
2021-11-18,31.53609275817871,31.674999237060547,32.7599983215332,31.32099914550781,32.367000579833984,781711000,NVDA,0.08249882233860806,0.042283475219,0.3958662287987029,30.177876281738282,27.718460655212404,23.922072372436524,0.04344274900748675,0.03757495881666246,0.8242623241573086,446687900.0,76.53341815220361,0.084259600160983,0.04135800210414975,1
2021-11-19,32.840362548828125,32.98500061035156,33.0880012512207,31.905000686645508,32.24300003051758,533867000,NVDA,0.04135800210414975,0.08539023738022777,0.45142171874761594,30.69460220336914,28.229161739349365,24.131291160583498,0.045192000272741714,0.03774061134910177,-0.3170532332281367,460912050.0,78.49521162516467,0.1702146982598971,-0.03119647983064977,0
2021-11-22,31.815858840942383,31.95599937438965,34.64699935913086,31.89999961853028,33.516998291015625,754335000,NVDA,-0.03119647983064977,0.06431298369893046,0.379435122606822,31.079108047485352,28.66673412322998,24.326511192321778,0.048961973339988446,0.03940350686831632,0.4129642776197069,487117050.0,71.34067493363341,0.1309756359124883,-0.006571317596118398,0
2021-11-23,31.60678672790528,31.746000289916992,32.36000061035156,30.8799991607666,31.53499984741211,532163000,NVDA,-0.006571317596118398,0.051087917473115585,0.28437928761111286,31.386356353759766,29.016643047332764,24.5157576751709,0.0497566002873045,0.0378911042660251,-0.2945269674614064,489430300.0,69.75740564500668,0.06706469511744029,0.02923210882297833,1
2021-11-24,32.53071975708008,32.67399978637695,32.85499954223633,30.92799949645996,31.461000442504883,435162000,NVDA,0.02923210882297833,0.1166401017682761,0.3363055885585591,32.06596412658691,29.42599039077759,24.72151153564453,0.04395357182891325,0.03761165198981209,-0.18227685878198974,498888900.0,63.35903811248391,0.06319310327282812,-0.03583900903088777,0
2021-11-26,31.364850997924805,31.50300025939941,32.709999084472656,31.350000381469727,32.599998474121094,283069000,NVDA,-0.03583900903088777,-0.0054300246250226225,0.2631008320579462,32.03171577453613,29.752651500701905,24.90591930389404,0.03487125453360457,0.03927551175518169,-0.3495089185177015,501332150.0,57.372631232521364,-0.036354330401339396,0.05945489036722029,1
2021-11-29,33.229644775390625,33.375999450683594,33.4119987487793,32.0359992980957,32.36600112915039,454964000,NVDA,0.05945489036722029,0.011853773720789551,0.3054331856102135,32.10957221984863,30.141389751434325,25.13443302154541,0.040757682924007506,0.040587137627618786,0.6072547682720468,509455200.0,60.12917392275972,0.0028415745619141397,-0.02097348257687559,0
2021-11-30,32.5327033996582,32.67599868774414,33.35300064086914,31.86400032043457,33.16899871826172,622066000,NVDA,-0.02097348257687559,0.0225310453601002,0.26518737992258523,32.2529411315918,30.482337760925294,25.36467887878418,0.038822846510745114,0.04133916537832258,0.3672862028644024,527271500.0,57.619406077687614,-0.03654602714828359,-0.037861095349774554,0
2021-12-01,31.30097961425781,31.434999465942383,33.28900146484375,31.3799991607666,33.21900177001953,484368000,NVDA,-0.037861095349774554,-0.009675362328986026,0.19082030745456713,32.191779708862306,30.733125495910645,25.56764186859131,0.0434166339350504,0.04276274674243357,-0.22135593329325187,536784300.0,57.44965355393928,-0.15716875350673032,0.021981657364621654,1
2021-12-02,31.98902702331543,32.125999450683594,32.47800064086914,31.02499961853028,31.214000701904297,472890000,NVDA,0.021981657364621654,-0.016651729128949078,0.20798280939038638,32.083441162109374,31.00850887298584,25.77052677154541,0.042251678926359094,0.042847540344753646,-0.02369685858685955,548433300.0,56.6672603097525,-0.1995113074975272,-0.044605291738711195,0
2021-12-03,30.56214714050293,30.69300079345703,32.12900161743164,30.1299991607666,32.0,544325000,NVDA,-0.044605291738711195,-0.025592465192166403,0.030058068410540484,31.922900390625,31.053100490570067,25.93410152435303,0.0441141405261242,0.03585043690229247,0.15106050032777185,517968000.0,51.05914728209413,-0.3250846916238772,-0.021372973607856616,0
2021-12-06,29.90894317626953,30.03700065612793,30.24099922180176,28.038000106811523,29.8799991607666,658938000,NVDA,-0.021372973607856616,-0.09993190181739031,0.009703023977138736,31.258760070800783,31.067471408843993,26.092597045898437,0.02592358128156124,0.03622784808678812,0.2105598677260827,508351900.0,50.053079423572754,-0.4461276598881898,0.07956864720774948,1
2021-12-07,32.28875732421875,32.426998138427734,32.44900131225586,30.650999069213867,30.957000732421875,593053000,NVDA,0.07956864720774948,-0.0074984876738529715,0.052817014623419034,31.20997085571289,31.148463439941406,26.307071876525878,0.05170399770907846,0.039618463534616497,-0.0999866451775433,512849500.0,56.55874959761477,-0.3634088334330918,-0.01853406966479465,0
2021-12-08,31.69031524658203,31.826000213623047,32.290000915527344,31.42099952697754,31.999000549316406,475551000,NVDA,-0.01853406966479465,0.012438448800077717,0.038258754258367444,31.287837982177734,31.206851196289062,26.528713607788085,0.04885246203593957,0.03988479716844617,-0.19813068983716464,504289750.0,57.717243710726386,-0.34654939146484254,-0.04197828545207627,0
2021-12-09,30.360010147094727,30.489999771118164,32.20500183105469,30.42799949645996,31.733999252319336,488507000,NVDA,-0.04197828545207627,-0.050924239584823394,0.03512457251024226,30.962034606933592,31.258361053466796,26.727373275756836,0.05109539985018928,0.04004933957564913,0.027244186217671773,496904800.0,46.20564630764857,-0.4177690677176844,-0.009576884751638537,0
2021-12-10,30.069255828857425,30.19799995422364,31.30500030517578,29.86100006103516,31.14999961853028,488825000,NVDA,-0.009576884751638537,-0.016127509280664754,-0.0061962113419185005,30.863456344604494,31.248987197875977,26.916255264282228,0.04732094447751927,0.03952814867355018,0.0006509630363535912,504737450.0,40.434091095842795,-0.4731676932907922,-0.06745495545498081,0
2021-12-13,28.040935516357425,28.160999298095703,30.29400062561035,28.11599922180176,30.249000549316406,598344000,NVDA,-0.06745495545498081,-0.062456491655453306,-0.07323320163684055,30.48985481262207,31.138197326660155,27.064053115844725,0.0556922631687343,0.042343060703739825,0.2240454150258273,514001950.0,37.8134719173422,-0.6255548609059689,0.006249895419019547,1
2021-12-14,28.216188430786133,28.33699989318848,28.67799949645996,27.25,27.698999404907227,667035000,NVDA,0.006249895419019547,-0.12612962625160906,-0.056104194844619815,29.675341033935545,31.054340267181395,27.23546756744385,0.0288920338505388,0.042334438172666584,0.11480185311459623,528108250.0,39.03022945774471,-0.6886915191000818,0.0748843623535318,1
2021-12-15,30.329139709472656,30.458999633789062,30.5,27.83799934387207,28.39999961853028,698297000,NVDA,0.0748843623535318,-0.042952413900527064,0.008599595093781831,29.40310592651367,31.06726999282837,27.434824066162108,0.054230703551340714,0.04569265729818827,0.046867105923976915,549798900.0,43.38598665441499,-0.5673489090376075,-0.068025792260762,0
2021-12-16,28.26597595214844,28.386999130249023,31.15999984741211,28.093000411987305,31.152000427246094,707366000,NVDA,-0.068025792260762,-0.06897343527886379,-0.029750263766689655,28.984299087524413,31.023934745788573,27.58795909881592,0.059369363945246514,0.04777078002498534,0.012987310556969334,563741800.0,41.16656189653192,-0.601956050223321,-0.020643257348825106,0
2021-12-17,27.68247413635254,27.801000595092773,28.92200088500977,27.76000022888184,27.98500061035156,713758000,NVDA,-0.020643257348825106,-0.07937614772010071,-0.12219708545938235,28.506942749023438,30.831253814697266,27.72195701599121,0.05942613057436777,0.043743697078584685,0.009036340451760383,560344150.0,32.94154757836682,-0.6366947627662136,-0.002949649462996251,0
2021-12-20,27.60082054138184,27.7189998626709,28.143999099731445,27.145000457763672,27.30500030517578,461847000,NVDA,-0.002949649462996251,-0.015695445493209337,-0.1595458028106712,28.41891975402832,30.56927671432495,27.85918037414551,0.05168920858021932,0.04234007058298449,-0.35293614922704897,556743150.0,34.23715695584805,-0.6362169437737567,0.048919757533440134,1
2021-12-21,28.951045989990234,29.075000762939453,29.1200008392334,27.400999069213867,28.374000549316406,524385000,NVDA,0.048919757533440134,0.026043828031794503,-0.09004354920212154,28.56589126586914,30.426036071777343,28.026116371154785,0.05669211377752304,0.0437766131551203,0.13540847943150003,545245650.0,42.54581685744773,-0.5208618905946734,0.011177779156904544,1
2021-12-22,29.27465438842773,29.39999961853028,29.55500030517578,28.448999404907227,28.891000747680664,395184000,NVDA,0.011177779156904544,-0.034768059072759594,-0.07378580934386902,28.354994201660155,30.309429454803468,28.200002403259276,0.04295847299152496,0.04389731776785361,-0.24638576618324326,538396700.0,41.18600123596761,-0.403880267241203,0.00816322275684378,1
2021-12-23,29.51362991333008,29.63999938964844,30.05900001525879,29.43099975585937,29.7549991607666,343022000,NVDA,0.00816322275684378,0.044139780041340115,-0.09274586809882523,28.604524993896483,30.158574962615965,28.373331604003905,0.02559553048826267,0.04333438829950036,-0.1319942102919146,533789700.0,46.31068090176631,-0.29649205865904704,0.04402848405049031,1
2021-12-27,30.81307029724121,30.94499969482422,31.08699989318848,29.63999938964844,29.65999984741211,403686000,NVDA,0.04402848405049031,0.11308946394995756,-0.01759232654158316,29.23064422607422,30.130985927581786,28.556580200195313,0.02313494167268382,0.043919130810747116,0.17685163050766417,539820550.0,53.04288578934727,-0.13239412870617487,-0.020132376985021905,0
2021-12-28,30.19272994995117,30.32200050354004,31.32999992370605,30.011999130249023,31.312000274658203,420591000,NVDA,-0.020132376985021905,0.09390696934836718,-0.09139173307349191,29.749026107788087,29.979140186309813,28.725112228393556,0.02841639505441322,0.041805462941786296,0.041876607065887805,538101900.0,41.99802346616924,-0.06356809700263616,-0.01058650184217158,0
2021-12-29,29.87309455871582,30.0009994506836,30.54800033569336,29.36599922180176,30.27300071716309,343139000,NVDA,-0.01058650184217158,0.03184854077619104,-0.08175185468817592,29.9334358215332,29.846159744262696,28.8800830078125,0.024669123188109317,0.04164715643245935,-0.18415039789248933,524155550.0,42.91152107072341,-0.038729447364541814,-0.013832878786089076,0
2021-12-30,29.459863662719727,29.586000442504883,30.457000732421875,29.540000915527344,29.82699966430664,308864000,NVDA,-0.013832878786089076,0.006326608397645428,-0.058819754979791194,29.970477676391603,29.75410394668579,29.025435218811037,0.025991378419855646,0.0409424711560208,-0.09988663486225702,515380350.0,46.21820699470156,-0.04864809389877958,-0.005914944676598366,0
2021-12-31,29.28561019897461,29.410999298095703,30.030000686645508,29.33099937438965,29.67399978637696,266530000,NVDA,-0.005914944676598366,-0.007725912231910326,-0.08451075496514526,29.924873733520506,29.61893310546875,29.17102596282959,0.025855072071664452,0.04054728500670037,-0.13706356195607128,505062350.0,46.67511531925223,-0.06447012819410472,0.024140597289556753,1
2022-01-03,29.992582321166992,30.121000289916992,30.711000442504883,29.78499984741211,29.815000534057617,391547000,NVDA,0.024140597289556753,-0.026627920170216868,-0.018636282873630727,29.760776138305665,29.590454864501954,29.319027824401857,0.017232798720449576,0.03979791306941712,0.4690541402468764,497423450.0,59.32623771517862,-0.026778175734013504,-0.027588672151311,0
2022-01-04,29.16512680053711,29.290000915527344,30.468000411987305,28.349000930786133,30.277000427246094,527154000,NVDA,-0.027588672151311,-0.03403478755042888,-0.024869363365623176,29.555255508422853,29.55326404571533,29.44980354309082,0.01906608430995847,0.03999578762522562,0.3463364551382082,490834250.0,54.268571943356484,-0.055383122127788356,-0.05756230852206068,0
2022-01-05,27.48631477355957,27.60400009155273,29.416000366210938,27.53300094604492,28.948999404907227,498064000,NVDA,-0.05756230852206068,-0.07989730626885727,-0.14873420189066933,29.077899551391603,29.313141918182374,29.53824161529541,0.02991354267879067,0.03720306904337132,-0.055183115370461056,486084800.0,36.69247531410817,-0.17824751575430084,0.02079399781204927,1
2022-01-06,28.057865142822266,28.17799949645996,28.4379997253418,27.065000534057617,27.63999938964844,454186000,NVDA,0.02079399781204927,-0.047590122478117,-0.11462335024109749,28.79749984741211,29.131519412994386,29.607226753234862,0.03427491655859998,0.0376184559281599,-0.08809711201773263,485016550.0,48.867689796609625,-0.2097320172443094,-0.03303988565370275,0
2022-01-07,27.130836486816406,27.246999740600582,28.42200088500977,27.05699920654297,28.141000747680664,409939000,NVDA,-0.03303988565370275,-0.07357790046094548,-0.10636273323470324,28.366545104980467,28.970060729980467,29.66296802520752,0.03573531434450852,0.03721185020812492,-0.0974204400840184,481088150.0,47.10674966032317,-0.27744869381914694,0.005615362140416469,1
2022-01-10,27.283185958862305,27.39999961853028,27.4689998626709,25.643999099731445,26.58099937438965,594681000,NVDA,0.005615362140416469,-0.09033554807958488,-0.09265509881097,27.824665832519532,28.830757236480714,29.711999168395995,0.03140597830019082,0.037267395637877634,0.45065729291431156,486380950.0,48.34632123701986,-0.2948094235172684,0.015218836755265697,1
2022-01-11,27.69840431213379,27.816999435424805,28.065000534057617,26.839000701904297,27.32299995422364,404089000,NVDA,0.015218836755265697,-0.05029028326996021,-0.012215398591955862,27.531321334838868,28.813630676269533,29.756869659423828,0.033988595697519754,0.0343514867208493,-0.3204945172285646,476668200.0,42.775058663559946,-0.26225033493164757,0.0065428581482323,1
2022-01-12,27.87963104248047,27.999000549316406,28.59499931335449,27.607999801635746,28.066999435424805,383413000,NVDA,0.0065428581482323,0.014309530839661688,-0.01192781190596437,27.609984588623046,28.79680280685425,29.80018741607666,0.021119826050604033,0.03435437873241512,-0.05116694589558246,462487100.0,41.81947397242625,-0.21444434974523924,-0.050859016063262374,0
2022-01-13,26.461700439453125,26.575000762939453,28.479999542236328,26.49799919128418,28.378999710083008,540171000,NVDA,-0.050859016063262374,-0.05688831617246082,-0.12751562711855025,27.290751647949218,28.603430843353273,29.803716926574708,0.028919215284925016,0.03129040455714431,0.40884894356738033,454580800.0,34.27722952067111,-0.2611536969321633,0.013809945715415939,1
2022-01-14,26.82713508605957,26.941999435424805,27.19700050354004,26.209999084472656,26.299999237060547,395832000,NVDA,0.013809945715415939,-0.011193956401027716,-0.05090363299412304,27.23001136779785,28.531488800048827,29.810632438659667,0.027679409423861212,0.02797231170482869,-0.26720982799891146,439004100.0,27.278896920039315,-0.2502494161548423,-0.03856412429448808,0
2022-01-18,25.792570114135746,25.902999877929688,26.63800048828125,25.770000457763672,26.26000022888184,424270000,NVDA,-0.03856412429448808,-0.05463496260935641,-0.0682707771316935,26.93188819885254,28.43699359893799,29.733077545166015,0.031460177122409685,0.028865787524687186,0.0718436104205824,424529700.0,26.048763552150774,-0.29257998590835965,-0.03227446222971919,0
2022-01-19,24.960128784179688,25.066999435424805,26.542999267578125,25.052000045776367,26.07900047302246,488315000,NVDA,-0.03227446222971919,-0.09886040715907052,-0.09567439320301985,26.38423309326172,28.30495901107788,29.63984962463379,0.02870035739097038,0.029591742078591266,0.15095340231456378,425853100.0,24.67143683978358,-0.35249218262630566,-0.03658185631747912,0
2022-01-20,24.04704093933105,24.14999961853028,25.57900047302246,24.077999114990234,25.304000854492188,435181000,NVDA,-0.03658185631747912,-0.13746918305015088,-0.1693895637606576,25.617715072631835,28.059758758544923,29.507412109375,0.024850205601728764,0.02755967416638823,-0.10881091098983242,421392900.0,23.462200244629557,-0.42462677735010934,-0.03213258695665089,0
2022-01-21,23.27434730529785,23.374000549316406,24.82299995422364,23.26300048828125,23.506999969482425,718958000,NVDA,-0.03213258695665089,-0.12045156135934043,-0.20496594096433807,24.980244445800782,27.759743404388427,29.36244785308838,0.021954600387524198,0.027602844334088845,0.6520895903084003,437581600.0,22.161743909451545,-0.490713278838089,-8.555651191999303e-05,0
2022-01-24,23.272356033325195,23.371999740600582,23.3799991607666,20.88800048828125,22.32999992370605,913982000,NVDA,-8.555651191999303e-05,-0.13250684582348782,-0.21147089999884972,24.269288635253908,27.447679710388183,29.24129871368408,0.015809714683929305,0.027361414706704775,0.27125923906542515,466129600.0,16.704472990182197,-0.4992417299770997,-0.0448399558838124,0
2022-01-25,22.22882461547852,22.323999404907227,22.94300079345703,22.0,22.54599952697754,664616000,NVDA,-0.0448399558838124,-0.1381694605418209,-0.27859105239932114,23.55653953552246,27.01846742630005,29.080740547180177,0.017064596111256217,0.02499094050062137,-0.27283469477517064,479176100.0,16.3543097629142,-0.5365776207339643,0.020068033223084925,1
2022-01-26,22.67491340637207,22.77199935913086,24.05699920654297,22.299999237060547,23.239999771118164,755959000,NVDA,0.020068033223084925,-0.09155463089020754,-0.24899426305739725,23.09949645996094,26.642576599121092,28.92910415649414,0.0275361096703223,0.026218584576192947,0.13743725700253973,495944500.0,23.49130493448277,-0.4937251968288159,-0.03636038638362393,0
2022-01-27,21.85044479370117,21.944000244140625,23.9950008392334,21.674999237060547,23.56800079345703,573353000,NVDA,-0.03636038638362393,-0.09134579806187948,-0.26855770664288114,22.66017723083496,26.24144411087036,28.768246459960938,0.02750033802811105,0.026677397190623908,-0.24155542827058085,507455200.0,16.727150191347107,-0.48281739131851387,0.04083109475392921,1
2022-01-28,22.74262237548828,22.84000015258789,22.857999801635746,21.29599952697754,22.011999130249023,543774000,NVDA,0.04083109475392921,-0.02284596525241911,-0.2280133188712562,22.553832244873046,25.90558204650879,28.62168800354004,0.036467406108205445,0.029475387641545902,-0.051589509429618374,519200700.0,26.390201292362804,-0.38185087070662393,0.07206648549223571,1
2022-01-31,24.3816032409668,24.48600006103516,24.50900077819824,23.052000045776367,23.18199920654297,564680000,NVDA,0.07206648549223571,0.047663726270481765,-0.16745449129072665,22.775681686401366,25.660381698608397,28.52666645050049,0.050150406948894714,0.03502010947899201,0.03844611915979801,534108200.0,36.54162019866808,-0.18120056777466886,0.006208019380767205,1
2022-02-01,24.5329647064209,24.63800048828125,25.145000457763672,23.88999938964844,25.10400009155273,518925000,NVDA,0.006208019380767205,0.10365550724341688,-0.18203226238685755,23.236509704589842,25.387400817871093,28.38660388946533,0.04034224541425628,0.03436273547016538,-0.08102819295884389,540477100.0,34.94938333899832,-0.02311222373120514,0.0245147480563217,1
2022-02-02,25.13438415527344,25.242000579833984,25.816999435424805,24.55299949645996,25.79400062561035,543419000,NVDA,0.0245147480563217,0.10846659940100212,-0.13820418724150507,23.728403854370118,25.18586368560791,28.23248432159424,0.040377613987427036,0.0348852430935382,0.04720142602495536,541290350.0,37.44877656746845,0.1287861833357442,-0.05126374523663413,0
2022-02-03,23.84590148925781,23.94799995422364,25.07699966430664,23.780000686645508,24.45800018310547,410178000,NVDA,-0.05126374523663413,0.09132339018251345,-0.13244457521106656,24.127495193481444,25.00384302139282,28.073085174560546,0.04588652356491442,0.03442860644543475,-0.2451901755367405,536896050.0,37.89735530643668,0.14793942474861366,0.01549185258180219,1
2022-02-04,24.21531867980957,24.319000244140625,24.63500022888184,23.631999969482425,23.972000122070312,354829000,NVDA,0.01549185258180219,0.06475490293100683,-0.13695077809566314,24.422034454345702,24.81171569824219,27.925255813598632,0.044166713893412125,0.03422706484165308,-0.13493897771211527,531928200.0,37.92023322825078,0.18835263528233082,0.01681831654418664,1
2022-02-07,24.62257957458496,24.72800064086914,25.18199920654297,24.20199966430664,24.371999740600582,376868000,NVDA,0.01681831654418664,0.009883531088442199,-0.09245040835546203,24.470229721069337,24.686302852630615,27.76709300994873,0.030670158328106507,0.03402903213137832,0.062111608690383235,530274650.0,44.25540490830179,0.24195845834923313,0.015367111040602177,1
2022-02-08,25.000957489013672,25.107999801635746,25.229999542236328,23.979999542236328,24.358999252319336,410359000,NVDA,0.015367111040602177,0.019076079397378765,-0.08364963216868393,24.56382827758789,24.572191429138183,27.63981513977051,0.03122637992039597,0.034247576358852894,0.08886665888321632,521058550.0,50.209822590814,0.2986283329444137,0.06360512315583611,1
2022-02-09,26.59114646911621,26.70499992370605,26.725000381469727,25.35300064086914,25.621999740600582,524282000,NVDA,0.06360512315583611,0.0579589420151807,-0.03997551016079737,24.855180740356445,24.516828536987305,27.507045173645018,0.040963815658464575,0.03724020470898556,0.2776178906762128,527068200.0,62.22370642664589,0.43090228403078434,-0.03299004211838119,0
2022-02-10,25.713903427124023,25.823999404907227,26.924999237060547,25.600000381469727,25.9950008392334,513200000,NVDA,-0.03299004211838119,0.07833639414755278,-0.07768135855372349,25.228781127929686,24.408542156219482,27.370669174194337,0.03415778526043372,0.0378417438902727,-0.021137479448083307,533557550.0,61.60478741145091,0.4451815257323304,-0.07260695423080432,0
2022-02-11,23.846895217895508,23.948999404907227,26.152000427246094,23.77300071716309,25.916000366210938,605472000,NVDA,-0.07260695423080432,-0.015214479180951201,-0.09881470873500886,25.155096435546874,24.2778018951416,27.22158748626709,0.05221468895659455,0.039552332155325956,0.1797973499610288,536822600.0,52.32118154447067,0.32057626863430366,0.013278394540801486,1
2022-02-14,24.163543701171875,24.26700019836425,24.875,23.7549991607666,23.93400001525879,440424000,NVDA,0.013278394540801486,-0.018642883131826493,-0.09928720962350546,25.06328926086426,24.144622325897217,27.065077819824218,0.051919560694752814,0.03953959583456442,-0.2725939432376724,539052200.0,58.304139699804935,0.2540781223394124,0.09181179124289107,1
2022-02-15,26.382041931152344,26.4950008392334,26.545000076293945,24.78400039672852,24.948999404907227,699869000,NVDA,0.09181179124289107,0.05524126196948931,0.022854326436183126,25.339506149291992,24.174095916748048,26.981475715637206,0.06748178594216257,0.04410677920715505,0.5890800682978221,552832150.0,63.810376069972065,0.34827884241721374,0.0006038987873440149,1
2022-02-16,26.397974014282227,26.51099967956543,26.582000732421875,25.552000045776367,26.25900077819824,732676000,NVDA,0.0006038987873440149,-0.007264540288187349,0.05760568154655843,25.300871658325196,24.245988178253175,26.91125633239746,0.06116820306126552,0.04336677714075283,0.046875915349872566,565050200.0,68.02715564243698,0.3969079174499298,-0.07559128190962805,0
2022-02-17,24.402517318725582,24.506999969482425,25.78499984741211,24.165000915527344,25.6299991607666,810595000,NVDA,-0.07559128190962805,-0.050999106849531795,0.01478254144829605,25.038594436645507,24.2637619972229,26.753531532287596,0.06933717723891505,0.04606659771938835,0.10634850875421065,583820900.0,56.05082211384092,0.2851575854539845,-0.035296066178795216,0
2022-02-18,23.54120445251465,23.64200019836425,24.98600006103516,23.100000381469727,24.667999267578125,761255000,NVDA,-0.035296066178795216,-0.01281889162457761,0.011465719906828653,24.977456283569335,24.27710485458374,26.59054931640625,0.062370958101109215,0.046194276798530096,-0.060868867930347514,585935750.0,46.75236015559388,0.15047116306317088,-0.01065905408288248,0
2022-02-22,23.2902774810791,23.38999938964844,24.06399917602539,23.0,23.03499984741211,633422000,NVDA,-0.01065905408288248,-0.0361398241455132,0.0007700744921674829,24.80280303955078,24.278000926971437,26.449154663085938,0.061914294895009776,0.046274794801772476,-0.16792402020347974,571907750.0,45.234427549951306,0.04707977599326618,-0.04288141993493799,0
2022-02-23,22.29155731201172,22.386999130249023,24.155000686645508,22.301000595092773,23.802000045776367,566511000,NVDA,-0.04288141993493799,-0.15504806753834,0.0028221328665987144,23.984706115722656,24.281137561798097,26.293600692749024,0.029769929969026918,0.04617452853301749,-0.10563415858621894,567002500.0,39.420444862890115,-0.07910626109106578,0.060793966320065174,1
2022-02-24,23.64674949645996,23.74799919128418,23.799999237060547,20.88999938964844,21.01499938964844,735801000,NVDA,0.060793966320065174,-0.1042210480370106,0.0428595281786075,23.434461212158205,24.32972936630249,26.205716972351073,0.051137552067732434,0.047917786196349114,0.29882914894856416,565994600.0,49.262519329970644,-0.06256317621869645,0.017222539619625055,1
2022-02-25,24.05400657653809,24.15699958801269,24.21699905395508,23.381000518798828,23.72100067138672,528866000,NVDA,0.017222539619625055,-0.014281753707436562,0.10084745659146233,23.364759063720705,24.439907455444335,26.122473335266115,0.04233010595571063,0.04708089601800577,-0.2812377259612313,563770250.0,49.404313812109876,-0.017779868349439454,0.009438494763435612,1
2022-02-28,24.28104019165039,24.38500022888184,24.665000915527344,23.707000732421875,23.992000579833984,477319000,NVDA,0.009438494763435612,0.03142726790500783,0.06764469772932591,23.51272621154785,24.516828346252442,26.00151134490967,0.03809199384645943,0.046371809566586424,-0.09746703323715267,560447500.0,48.72176427867073,0.03089533260803423,-0.037236087438290766,0
2022-03-01,23.376909255981445,23.47699928283692,24.37700080871582,23.131999969482425,24.291000366210938,412056000,NVDA,-0.037236087438290766,0.0037196540476052142,-0.04120705168793959,23.53005256652832,24.466593647003172,25.90373001098633,0.042708845737591164,0.04436179353941471,-0.13672826767842894,552816300.0,44.15202031530927,0.0071995665518511665,0.031823562753743095,1
2022-03-02,24.12084579467773,24.21999931335449,24.40900039672852,23.415000915527344,23.756000518798828,389642000,NVDA,0.031823562753743095,0.08206194197479011,-0.016798577614849153,23.895910263061523,24.445987701416016,25.832497444152832,0.03582833785942288,0.04495182343363107,-0.05439551905566231,546352150.0,40.5274776134096,0.04454465840155741,-0.020891614681641135,0
2022-03-03,23.61692237854004,23.714000701904297,24.326000213623047,23.4689998626709,24.261999130249023,365095000,NVDA,-0.020891614681641135,-0.0012613622825575765,-0.06037393903741317,23.88994483947754,24.370114612579346,25.752819480895997,0.028378691379263556,0.04480087897090543,-0.0629988553595352,537435950.0,41.721992825971064,0.038454252628069785,-0.03280768343319662,0
2022-03-04,22.84210586547852,22.93600082397461,23.68000030517578,22.48200035095215,23.38400077819824,431415000,NVDA,-0.03280768343319662,-0.050382488555633764,-0.04209510067092592,23.647564697265626,24.31992483139038,25.63064067840576,0.029612777183499864,0.043917540066650926,0.18165135101822805,538497800.0,45.659201875017416,-0.011916822045891284,-0.0690618663806688,0
2022-03-07,21.26458740234375,21.35199928283692,23.03300094604492,21.32999992370605,22.816999435424805,450821000,NVDA,-0.0690618663806688,-0.12423078935242315,-0.12185391059610973,23.044274139404298,24.17238826751709,25.47043933868408,0.036728434075960756,0.046231364526225956,0.044982209705272114,543297400.0,38.706528820684504,-0.13860102950648145,0.007587206048237816,1
2022-03-08,21.425926208496094,21.513999938964844,22.37299919128418,20.64999961853028,21.30900001525879,557467000,NVDA,0.007587206048237816,-0.08345769862567076,-0.12982609545055146,22.654077529907227,24.012555599212646,25.308685264587403,0.0386108540236639,0.04604290529707223,0.2365595214065006,552327350.0,27.007110152141948,-0.19519012625524346,0.06972217385436719,1
2022-03-09,22.919788360595703,23.013999938964844,23.21999931335449,22.246999740600582,22.386999130249023,492742000,NVDA,0.06972217385436719,-0.04979333827286614,-0.0832435769443034,22.41386604309082,23.90849714279175,25.150819625854492,0.05193245450174067,0.048882456362365774,-0.11610552732269352,556446500.0,35.809609807866394,-0.11939506691568236,-0.015468973259424312,0
2022-03-10,22.565242767333984,22.65800094604492,22.788000106811523,21.881999969482425,22.5310001373291,428066000,NVDA,-0.015468973259424312,-0.04453076460807959,-0.15140015517789118,22.20353012084961,23.707201957702637,24.99826988220215,0.05168040096578235,0.04632510799654319,-0.13125733142293528,551635700.0,41.34546185730513,-0.08228642408602105,-0.024626974293798343,0
2022-03-11,22.00952911376953,22.100000381469727,23.145000457763672,22.04599952697754,23.02199935913086,367209000,NVDA,-0.024626974293798343,-0.036449211671296444,-0.14406114279199533,22.037014770507813,23.521983242034914,24.840998573303224,0.050821257995787315,0.046116963197603715,-0.14216732933706488,544336150.0,42.57111356282266,-0.08402150225852245,-0.034841618214988546,0
2022-03-14,21.2426815032959,21.32999992370605,22.261999130249023,21.15900039672852,21.86899948120117,385354000,NVDA,-0.034841618214988546,-0.0010301586686528585,-0.10920556704779416,22.032633590698243,23.391772556304932,24.676654930114747,0.041765229194111304,0.04400288230811599,0.04941327690770114,533330250.0,40.54213920877227,-0.1232946904454364,0.07702740426008758,1
2022-03-15,22.878950119018555,22.972999572753903,23.038000106811523,21.32200050354004,21.51799964904785,491996000,NVDA,0.07702740426008758,0.06781615396146967,-0.05316246648421108,22.323238372802734,23.327542877197267,24.548521728515624,0.05436617713935141,0.047551305863682024,0.2767377528194854,535908850.0,52.56226255663654,-0.030394996357076542,0.06629549470748985,1
2022-03-16,24.395721435546875,24.496000289916992,24.597000122070312,23.17200088500977,23.5,671422000,NVDA,0.06629549470748985,0.06439558043601457,-0.07529062764698247,22.61842498779297,23.22822685241699,24.436584510803222,0.053508686730771325,0.045195185311140536,0.36468995682891725,534486500.0,53.221671708258775,0.1329213821314721,0.011022186667734246,1
2022-03-17,24.66461563110352,24.766000747680664,24.84199905395508,23.9060001373291,24.1200008392334,471941000,NVDA,0.011022186667734246,0.09303568702609488,-0.06566255358236583,23.038299560546875,23.141558933258057,24.34657428741455,0.05116131022952074,0.045298133477816936,-0.2971022695115739,521449750.0,52.658150113181144,0.2518727024672651,0.06811757338476787,1
2022-03-18,26.344709396362305,26.452999114990234,26.569000244140625,24.624000549316406,24.79899978637696,730719000,NVDA,0.06811757338476787,0.19696833404221326,0.07958982478198484,23.90533561706543,23.238668537139894,24.323742179870607,0.04812331399022529,0.04447105716183398,0.5483270154532027,517455950.0,57.9748171505185,0.42626662995852327,0.010622626421612935,1
2022-03-21,26.62455940246582,26.733999252319336,27.152000427246094,25.96699905395508,26.506999969482425,591727000,NVDA,0.010622626421612935,0.25335209673669956,0.1309769411404016,24.981711196899415,23.39283628463745,24.295076065063476,0.03292755746533385,0.043468025351229705,-0.1902126535645029,508979550.0,63.18641286114826,0.53593705830254,-0.007855182668995542,0
2022-03-22,26.41541862487793,26.52400016784668,27.238000869750977,26.07200050354004,26.72699928283692,547007000,NVDA,-0.007855182668995542,0.15457302400076567,0.13418222029933635,25.68900489807129,23.549093341827394,24.280767707824708,0.03513659466585714,0.0434123561242381,-0.0755753920304465,504658800.0,59.73961668713605,0.5668631877996857,-0.03355436276250179,0
2022-03-23,25.52906608581543,25.63400077819824,26.61199951171875,25.575000762939453,26.1259994506836,502120000,NVDA,-0.03355436276250179,0.04645669746897352,0.14523475091886873,25.915673828125,23.71096878051758,24.24568531036377,0.03739763462654779,0.042893036298880825,-0.0820592789488983,501439250.0,57.861131002173956,0.5023026491021589,0.09815068575539487,1
2022-03-24,28.034761428833008,28.14999961853028,28.31999969482422,25.90699958801269,26.166000366210938,877379000,NVDA,0.09815068575539487,0.13663889387676242,0.1855651210340752,26.589702987670897,23.93036937713623,24.252412452697754,0.054550347296415655,0.0460271812732074,0.7473492392256831,508518150.0,68.68817252130972,0.5966050088334612,-0.016269920941138105,0
2022-03-25,27.578638076782227,27.691999435424805,28.357999801635746,27.270999908447266,27.88599967956543,579016000,NVDA,-0.016269920941138105,0.046837817106090585,0.14652991338590593,26.836488723754883,24.106600952148437,24.24639259338379,0.05166379431749797,0.04634094873173844,-0.3400617065145165,511025650.0,74.71930391283199,0.5951599368231291,0.019030788049836156,1
2022-03-28,28.10348129272461,28.2189998626709,28.25,27.20599937438965,27.756000518798828,425494000,NVDA,0.019030788049836156,0.05554728128653341,0.1574249320005927,27.13227310180664,24.297723007202148,24.27922821044922,0.05181684019925869,0.046407739774369815,-0.2651429321469527,508434400.0,75.41893413861624,0.5950244873638518,0.015485955983846722,1
2022-03-29,28.5386905670166,28.6560001373291,28.94599914550781,27.979999542236328,28.69499969482422,488984000,NVDA,0.015485955983846722,0.08038002245169729,0.22080683355154873,27.556927490234376,24.555812072753906,24.31345932006836,0.05062990978153992,0.04516336955178108,0.14921479503823787,512280800.0,73.26407627910356,0.5886405745097683,-0.033710090958772754,0
2022-03-30,27.576648712158203,27.690000534057617,28.496000289916992,27.50300025939941,28.304000854492188,463487000,NVDA,-0.033710090958772754,0.0802059354407978,0.14327038723671115,27.96644401550293,24.72860221862793,24.34914089202881,0.05066848523794092,0.045941770770525095,-0.052142810398704276,515973050.0,69.75507324223743,0.4881639673453724,-0.014590223643401123,0
2022-03-31,27.174299240112305,27.285999298095703,28.24799919128418,27.270000457763672,27.78199958801269,523440000,NVDA,-0.014590223643401123,-0.030692688108119204,0.15062829968077218,27.79435157775879,24.906471061706544,24.393424301147462,0.02255714100895555,0.04575661269294477,0.1293520638119301,523890300.0,70.60882573789713,0.3685846679436029,-0.021036544899934007,0
2022-04-01,26.60264587402344,26.71199989318848,27.496000289916992,26.26700019836425,27.375,517235000,NVDA,-0.021036544899934007,-0.0353894271371018,0.16463193151679856,27.599153137207033,25.094498062133788,24.444536399841308,0.023190939599467785,0.04527709220070842,-0.011854271740791678,528181300.0,71.72614358235808,0.23165605758984076,0.024258846492921204,1
2022-04-04,27.24799537658692,27.36000061035156,27.558000564575195,26.613000869750977,26.72800064086914,397120000,NVDA,0.024258846492921204,-0.030440567388324014,0.28137898286160445,27.42805595397949,25.393668460845948,24.52400936126709,0.024723215698219135,0.04150348766249358,-0.23222519744410186,525496250.0,69.25645071150004,0.1681695481842661,-0.052229567590803994,0
2022-04-05,25.82484436035156,25.93099975585937,27.319000244140625,25.81999969482422,27.253999710083008,436615000,NVDA,-0.052229567590803994,-0.0950935783228104,0.20530819106952536,26.885286712646483,25.61361436843872,24.575059127807616,0.028348048412478347,0.04401378376537017,0.09945356567284458,519453650.0,56.35123533727818,0.02165302943972114,-0.05877143407483898,0
2022-04-06,24.30708122253418,24.40699958801269,25.299999237060547,24.00300025939941,24.93400001525879,703833000,NVDA,-0.05877143407483898,-0.11856290166913974,0.06052817068431349,26.23137321472168,25.682979011535643,24.61662425994873,0.03328318260063475,0.0442573867160133,0.612022033141326,530008200.0,48.56981850181866,-0.1753117287824988,-0.008153305527635712,0
2022-04-07,24.1088981628418,24.20800018310547,24.722000122070312,23.47800064086914,24.44099998474121,557992000,NVDA,-0.008153305527635712,-0.11280515645259503,0.06840854368039206,25.618292999267577,25.760161781311034,24.645303955078123,0.03388018393897576,0.044119305065045245,-0.20720966479264258,536504500.0,39.85355367854762,-0.3089591593715929,-0.04498510522858945,0
2022-04-08,23.024356842041016,23.11899948120117,23.92300033569336,23.062000274658203,23.91699981689453,524781000,NVDA,-0.04498510522858945,-0.13450876461414318,0.046108561570115114,24.902635192871095,25.81090316772461,24.668782196044923,0.03516860235222734,0.04504498568418793,-0.05951877446271636,544383100.0,34.77380479712234,-0.45177562961654016,-0.05199184120740319,0
2022-04-11,21.82727813720703,21.91699981689453,22.31999969482422,21.65999984741211,22.214000701904297,575207000,NVDA,-0.05199184120740319,-0.19894003813717942,0.027519907683049905,23.818491744995118,25.840132999420167,24.650475311279298,0.0202036696571037,0.045961228766471435,0.09608960690268886,553875750.0,32.092035725000585,-0.5990045858171288,-0.018843598880789236,0
2022-04-12,21.41597366333008,21.503999710083008,22.725000381469727,21.28199958801269,22.53700065612793,662258000,NVDA,-0.018843598880789236,-0.17072206265801704,-0.06394421282785812,22.93671760559082,25.76698417663574,24.59116271972656,0.02192762233770021,0.0426416178552704,0.15133856159608627,562388850.0,33.327942061246205,-0.6897696892372592,0.0325051223987447,1
2022-04-13,22.11210250854492,22.202999114990234,22.5,21.45499992370605,21.72800064086914,516943000,NVDA,0.0325051223987447,-0.09030202737605453,-0.09360735377452323,22.497721862792968,25.652803230285645,24.542745475769042,0.03365875138739501,0.04038410855074242,-0.21942354792241092,554664900.0,21.86577932553881,-0.6681403550115873,-0.042561573210294634,0
2022-04-14,21.170976638793945,21.257999420166016,22.777000427246094,21.163000106811523,22.5049991607666,569097000,NVDA,-0.042561573210294634,-0.1218604643067418,-0.14164579106207076,21.910137557983397,25.478121280670166,24.463477325439452,0.03457224077485215,0.04109643769339341,0.10088926632143203,559522700.0,20.902631136764015,-0.680161154116115,0.024696457711562925,1
2022-04-18,21.693824768066406,21.78300094604492,22.08799934387207,21.07900047302246,21.200000762939453,525701000,NVDA,0.024696457711562925,-0.05778802348759393,-0.1765396064280783,21.644031143188478,25.24557704925537,24.420435791015624,0.03842080474321864,0.03795626708084216,-0.07625413593816166,549271800.0,20.888296501022893,-0.6176654293679473,0.019051747997944846,1
2022-04-19,22.10713005065918,22.19799995422364,22.37299919128418,21.31399917602539,21.71999931335449,512781000,NVDA,0.019051747997944846,0.012821200687185508,-0.16967151581814577,21.700001525878907,25.01970558166504,24.378272018432618,0.032217783493463985,0.03823130429030125,-0.02457670805267631,545324500.0,20.730574661560397,-0.5173233043630953,-0.03225511438114459,0
2022-04-20,21.394062042236328,21.48200035095215,22.670000076293945,21.200000762939453,22.51700019836425,468974000,NVDA,-0.03225511438114459,-0.0010231438195720255,-0.19009187982023912,21.695619201660158,24.76863775253296,24.313701667785644,0.0349318416280714,0.03859492146418438,-0.08543023239940639,541422850.0,21.21124544960091,-0.4692233164490598,-0.06046930233180137,0
2022-04-21,20.100378036499023,20.183000564575195,22.39200019836425,20.0,21.708999633789062,656209000,NVDA,-0.06046930233180137,-0.0909784346046918,-0.2126473420950059,21.293274307250975,24.49720335006714,24.215690078735353,0.03809680885551638,0.039913913812212785,0.3992438813239114,549127300.0,19.58548095945541,-0.4923732704845516,-0.03309728519174693,0
2022-04-22,19.43511009216309,19.51499938964844,20.48600006103516,19.5,20.30299949645996,624713000,NVDA,-0.03309728519174693,-0.08199274772473342,-0.3067495815329252,20.946100997924805,24.067220783233644,24.07256935119629,0.03680363971482758,0.030734111360465288,-0.04799690342558549,536494000.0,19.429077485107257,-0.5177414857247858,0.01983101389211228,1
2022-04-25,19.820528030395508,19.902000427246094,19.94499969482422,19.09600067138672,19.20199966430664,641566000,NVDA,0.01983101389211228,-0.08635161193098673,-0.2813086717620795,20.571441650390625,23.679315280914306,23.95470184326172,0.035485636428321234,0.031861760069636466,0.026977187924694945,539621500.0,17.60205422969375,-0.47493786434539365,-0.0559742832356509,0
2022-04-26,18.711088180541992,18.788000106811523,19.788000106811523,18.670000076293945,19.718000411987305,653143000,NVDA,-0.0559742832356509,-0.15361749183792972,-0.33420746043352667,19.892233276367186,23.209695625305176,23.85198570251465,0.031906967611891886,0.03194897305099855,0.01804490886362431,551003950.0,18.097334830358818,-0.48596514535549407,-0.019853111096137743,0
2022-04-27,18.339614868164062,18.415000915527344,19.16699981689453,18.290000915527344,18.597999572753903,499460000,NVDA,-0.019853111096137743,-0.14277079163564876,-0.35737714296675027,19.281343841552733,22.69974184036255,23.735507125854493,0.03239863442451902,0.03086270876126844,-0.23529763007488402,551527750.0,20.171219378904937,-0.48195161154897415,0.07423278046101811,1
2022-04-28,19.70101547241211,19.78199958801269,20.03700065612793,18.489999771118164,18.96699905395508,570327000,NVDA,0.07423278046101811,-0.01986841060211586,-0.28559065758682356,19.20147132873535,22.305960178375244,23.601886596679687,0.05119155769352389,0.037353975688267795,0.14188723821727467,556869750.0,30.262182444052513,-0.3570347522174433,-0.06243020867642057,0
2022-04-29,18.47107696533203,18.54700088500977,20.12800025939941,18.51700019836425,19.402000427246094,500435000,NVDA,-0.06243020867642057,-0.04960265839810141,-0.32027402796585625,19.008664703369142,21.87079906463623,23.443348655700685,0.05687256285239038,0.03876330571742937,-0.12254724044276355,555719500.0,29.873193947060514,-0.32744583273825945,0.05316225540996644,1
2022-05-02,19.45304107666016,19.53300094604492,19.573999404907227,18.391000747680664,18.541000366210938,572049000,NVDA,0.05316225540996644,-0.018540724705809697,-0.2687554024220058,18.93516731262207,21.513318824768067,23.344359130859374,0.06272545213389843,0.04192021347020047,0.14310349995503913,558460200.0,39.30173683997021,-0.21725294621462554,0.0035324065231514545,1
2022-05-03,19.52175712585449,19.60199928283692,19.825000762939453,19.132999420166016,19.39999961853028,475751000,NVDA,0.0035324065231514545,0.04332559055306717,-0.28355253823080395,19.09730110168457,21.127006912231444,23.263970184326173,0.055153503591216645,0.04115579207054709,-0.16833872622799795,562391750.0,41.19278612193479,-0.12010174230376292,0.0373429546763111,1
2022-05-04,20.250757217407227,20.333999633789062,20.39999961853028,18.7509994506836,19.92300033569336,648855000,NVDA,0.0373429546763111,0.10420842329468627,-0.21584204207256064,19.479529571533202,20.848302555084228,23.203179779052736,0.053387281056855744,0.04184280029377964,0.3638542010421417,573003750.0,41.37199528018884,0.006193882165226761,-0.07327636994549147,0
2022-05-05,18.766855239868164,18.8439998626709,19.924999237060547,18.5,19.867000579833984,626331000,NVDA,-0.07327636994549147,-0.04741685695603237,-0.22792641913459688,19.292697525024415,20.57129125595093,23.13268573760986,0.05734303887309843,0.0428239956257084,-0.03471345678156135,569128650.0,39.3899239075793,0.002899682073444154,-0.008968276706821654,0
2022-05-06,18.59854888916016,18.674999237060547,19.511999130249023,17.989999771118164,18.73600006103516,633297000,NVDA,-0.008968276706821654,0.006901163590373072,-0.2285608092274639,19.318191909790038,20.295773792266846,23.031721725463868,0.049130543227897124,0.042820553531330505,0.011121914770305219,572893900.0,35.898366353840814,0.0025054084023936607,-0.09236943590172753,0
2022-05-09,16.880611419677734,16.950000762939453,18.2549991607666,16.82699966430664,18.03400039672852,644455000,NVDA,-0.09236943590172753,-0.13223791832058784,-0.26683678786393683,18.803705978393555,19.988586521148683,22.88825382232666,0.054340901055678854,0.045937999894529034,0.01761890550563172,578877600.0,28.71854828275164,-0.09495012720358753,0.03805293875847404,1
2022-05-10,17.522968292236328,17.594999313354492,18.19799995422364,17.024999618530273,17.68899917602539,761474000,NVDA,0.03805293875847404,-0.10238775232845088,-0.19719865289266314,18.40394821166992,19.773371028900147,22.75309238433838,0.060941860961851,0.04646791635804849,0.18157823277032525,588190950.0,34.14630374023774,-0.09728811980972596,-0.0548450530864969,0
2022-05-11,16.561920166015625,16.6299991607666,17.753000259399414,16.56800079345703,17.347000122070312,670167000,NVDA,-0.0548450530864969,-0.18215798114555126,-0.22665574648263154,17.6661808013916,19.530668354034425,22.616792602539064,0.05270367307770821,0.04751866959085007,-0.1199082306158844,588586400.0,35.10269679772034,-0.14198953963206717,-0.02736013937693127,0
2022-05-12,16.108783721923828,16.174999237060547,16.788000106811523,15.56700038909912,16.2189998626709,708728000,NVDA,-0.02736013937693127,-0.14163649071569273,-0.2714947067697968,17.134566497802734,19.23050241470337,22.456551361083985,0.04894808433241933,0.046462351320084916,0.05753938943576742,598175650.0,35.741102461606616,-0.17816285276335808,0.09465224786937454,1
2022-05-13,17.633516311645508,17.70599937438965,17.92799949645996,16.593000411987305,16.788000106811523,670437000,NVDA,0.09465224786937454,-0.05188752000308494,-0.16709008693847183,16.941559982299804,19.053629398345947,22.336883239746093,0.07474144417288182,0.05193642194287188,-0.05402777934553171,603242650.0,41.45922232729757,-0.08046559873431014,-0.024963004490731855,0
2022-05-16,17.193330764770508,17.263999938964844,17.788000106811523,17.106000900268555,17.509000778198242,521446000,NVDA,-0.024963004490731855,0.018525356535856075,-0.20745507311005318,17.00410385131836,18.828604698181152,22.223907737731935,0.06053171745984275,0.05148529950338521,-0.22222968004450827,603029900.0,43.745899327890605,-0.02919540590081038,0.0528843364461431,1
2022-05-17,18.102588653564453,18.177000045776367,18.371000289916992,17.634000778198242,18.073999404907227,585830000,NVDA,0.0528843364461431,0.03307774982306677,-0.18114252677385956,17.120027923583983,18.628377628326415,22.160667762756347,0.06286809285407245,0.05303300821755958,0.12347203737299739,606682350.0,49.06475532668765,0.07647240594279547,-0.06816310661607827,0
2022-05-18,16.86865997314453,16.937999725341797,18.11800003051757,16.86400032043457,17.704999923706055,545161000,NVDA,-0.06816310661607827,0.01852078768972243,-0.21152607953355052,17.181375885009764,18.402107524871827,22.069522438049315,0.06638409990253033,0.054464192253287816,-0.06942116313606339,610491700.0,38.7106873102825,0.07374885416576604,0.0109815247246845,1
2022-05-19,17.053903579711914,17.124000549316406,17.687000274658203,16.733999252319336,16.937000274658203,621310000,NVDA,0.0109815247246845,0.05867108740815685,-0.15156304280721522,17.37039985656738,18.24978380203247,21.95220474243164,0.06381718610877522,0.05333910975293902,0.1396816720198253,608746750.0,43.83822431073766,0.09363063999939114,-0.025111515209944257,0
2022-05-20,16.625654220581055,16.694000244140625,17.40999984741211,15.755000114440918,17.332000732421875,739105000,NVDA,-0.025111515209944257,-0.05715604722575052,-0.14455569627644682,17.16882743835449,18.109311008453368,21.833412971496582,0.045348754256620306,0.05316173389774134,0.18959134731454497,614466350.0,37.084841110346524,0.08727368643519773,0.012220317689254134,1
2022-05-23,16.828824996948242,16.898000717163086,16.915000915527344,16.179000854492188,16.27400016784668,639889000,NVDA,0.012220317689254134,-0.021200416185160886,-0.15093962324613042,17.09592628479004,17.959725856781006,21.729798889160158,0.04550931738784222,0.05299081073966366,-0.13423803113224775,614382500.0,37.84827906736556,0.10490088490538896,-0.04402916826426295,0
2022-05-24,16.087865829467773,16.15399932861328,16.597000122070312,15.779999732971191,16.510000228881836,588550000,NVDA,-0.04402916826426295,-0.1112947359437444,-0.14019614069277686,16.692981719970703,17.828564739227296,21.626702575683595,0.03493366612143249,0.052472329994700355,-0.08023110258185406,611152850.0,31.235414280850534,0.07614558065649435,0.050823416432761226,1
2022-05-25,16.905506134033203,16.975000381469727,17.111000061035156,16.0,16.020000457763672,781132000,NVDA,0.050823416432761226,0.0021842968527039375,-0.07819732008769409,16.700350952148437,17.756859302520752,21.507233695983885,0.03680126949736629,0.05386691255099522,0.3272143403279246,625236450.0,41.07365356537787,0.11911864879872414,0.05160540806561498,1
2022-05-26,17.777921676635742,17.85099983215332,18.09199905395508,16.02199935913086,16.035999298095703,996575000,NVDA,0.05160540806561498,0.042454684555924826,-0.09761394271626911,16.845154571533204,17.660704612731934,21.374877700805666,0.04344659323592172,0.052383655822753276,0.2758086981457679,646548850.0,46.3135315912379,0.2080210841353185,0.05377828460389078,1
2022-05-27,18.73398780822754,18.81100082397461,18.881000518798828,18.100000381469727,18.18600082397461,738379000,NVDA,0.05377828460389078,0.1268120676440243,0.014233649905144086,17.2668212890625,17.67385015487671,21.256265144348145,0.042223098453333927,0.05198301392771844,-0.2590833605097459,658446050.0,58.937627747343974,0.3259150075021644,-0.007388817252689028,0
2022-05-31,18.59556579589844,18.67200088500977,19.200000762939453,18.350000381469727,18.979999542236328,664100000,NVDA,-0.007388817252689028,0.10498301570493385,-0.044079240740951375,17.620169448852543,17.630976390838622,21.101282272338867,0.04454001540338273,0.050590924019272246,-0.10059738968740983,663048600.0,55.43667833503746,0.38520953698546534,-0.018852072613050885,0
2022-06-01,18.2450008392334,18.31999969482422,19.05299949645996,18.121999740600582,18.724000930786133,544514000,NVDA,-0.018852072613050885,0.13408459721328914,-0.06540170940504952,18.051596450805665,17.567138576507567,20.933691101074217,0.035951332826918696,0.050732085451152494,-0.18007227827134464,666486750.0,59.09382743988918,0.3902503468688039,0.06943229592180766,1
2022-06-02,19.51179313659668,19.59199905395508,19.61899948120117,18.19799995422364,18.29199981689453,648656000,NVDA,0.06943229592180766,0.1541679368780713,-0.03649068886053042,18.57285385131836,17.53019037246704,20.795618591308592,0.039909738859919115,0.05252264889243847,0.19125679045901478,666476800.0,66.90074923219188,0.46334823082306686,-0.04450781486517963,0
2022-06-03,18.64336585998535,18.71999931335449,19.332000732421875,18.52199935913086,19.082000732421875,598779000,NVDA,-0.04450781486517963,0.04868084127555816,-0.006580185028574825,18.745942687988283,17.5240159034729,20.657904586791993,0.04887084707625714,0.05079133201624635,-0.07689283688118198,665099200.0,55.365077203316254,0.43795026916238966,0.003525604857459008,1
2022-06-06,18.709095001220703,18.785999298095703,19.33699989318848,18.56399917602539,19.138999938964844,422406000,NVDA,0.003525604857459008,-0.001328751105298731,0.005943803074065279,18.740964126586913,17.52954320907593,20.471391258239745,0.042494818341248575,0.05074046152406785,-0.2945544182411207,654554650.0,58.38655815493758,0.410765925745884,0.007452374636480075,1
2022-06-07,18.848522186279297,18.926000595092773,19.0,18.1879997253418,18.472000122070312,388914000,NVDA,0.007452374636480075,0.01360304887505226,0.11657816874497606,18.791555404663086,17.627938747406006,20.29678894042969,0.042329111065624,0.04567584781652299,-0.07928864646808997,641777600.0,54.511492953431095,0.38765397940523416,-0.014480491606299717,0
2022-06-08,18.575586318969727,18.64800071716309,19.18000030517578,18.53499984741211,18.79899978637696,363252000,NVDA,-0.014480491606299717,0.018119236203346656,0.06007076022615232,18.857672500610352,17.680569648742676,20.10623104095459,0.04179611693940667,0.04527516535135182,-0.06598373933568857,621866500.0,61.68160521251825,0.3411065105938901,-0.03217480064857048,0
2022-06-09,17.977920532226562,18.04800033569336,18.933000564575195,18.041000366210938,18.481000900268555,395574000,NVDA,-0.03217480064857048,-0.0786125905308599,0.08549735489707966,18.550897979736327,17.751369667053222,19.89501564025879,0.022404714106961487,0.04399310190187012,0.0889795513858147,608136850.0,55.985755303273116,0.26080924998422106,-0.05950841579662558,0
2022-06-10,16.908082962036133,16.974000930786133,17.69700050354004,16.868999481201172,17.600000381469727,465248000,NVDA,-0.05950841579662558,-0.09307776884182128,0.04961884484329304,18.203841400146484,17.791334629058838,19.681644325256347,0.027577423636401616,0.04578898581792987,0.17613392184521737,595962850.0,51.689156199892494,0.13284025162634605,-0.07817823604959218,0
2022-06-13,15.586238861083984,15.647000312805176,16.312000274658203,15.605999946594238,16.0,604153000,NVDA,-0.07817823604959218,-0.16691647243936514,-0.11610148619135385,17.57927017211914,17.68897075653076,19.449883117675782,0.03426202163851681,0.04393389922617428,0.2985611974688769,592648650.0,43.445395720325024,-0.034685359908688596,0.012079098075083339,1
2022-06-14,15.774506568908691,15.836000442504885,16.06599998474121,15.411999702453612,15.730999946594238,469680000,NVDA,0.012079098075083339,-0.1630905376554307,-0.0825217763371956,16.96446704864502,17.61802954673767,19.233320331573488,0.0357386260315673,0.04383904150885787,-0.22258103493651438,590060350.0,48.244689665517654,-0.12177145817364543,0.04363454927639698,1
2022-06-15,16.462820053100586,16.527000427246094,16.868000030517578,15.925999641418455,16.094999313354492,563936000,NVDA,0.04363454927639698,-0.1137388736802103,-0.09058199530711819,16.541913795471192,17.53604111671448,19.017616825103758,0.05032951459203623,0.04325917798193832,0.20068131493782992,588965650.0,47.483797191202356,-0.12168513568459638,-0.05602942745664341,0
2022-06-16,15.540417671203612,15.60099983215332,15.94200038909912,15.401000022888184,15.859999656677246,545749000,NVDA,-0.05602942745664341,-0.13558313691806412,-0.07874023805420971,16.0544132232666,17.46962900161743,18.8119282913208,0.05251982754049128,0.04238592169412941,-0.0322501134880554,588995050.0,37.354013121207245,-0.1694801324541224,0.017883428905828058,1
2022-06-17,15.818333625793455,15.880000114440918,15.994999885559082,15.32800006866455,15.64799976348877,630334000,NVDA,0.017883428905828058,-0.06445138332296463,-0.0724508584291721,15.836463356018067,17.40785050392151,18.642153339385985,0.05216823795640564,0.04253560533048439,0.1549888318622663,589446250.0,32.153162378473894,-0.1677929282352124,0.0431990643119724,1
2022-06-21,16.501670837402344,16.56599998474121,17.007999420166016,16.406999588012695,16.475000381469727,483089000,NVDA,0.0431990643119724,0.05873334705552513,-0.007457353649592324,16.019549751281737,17.401651334762573,18.490008792877198,0.0407327655099002,0.04339145169435933,-0.23359837800277317,576645450.0,37.98471137254197,-0.10892421358997295,-0.012435116257888068,0
2022-06-22,16.296470642089844,16.360000610351562,16.66200065612793,16.18000030517578,16.22599983215332,437135000,NVDA,-0.012435116257888068,0.03308909035607721,-0.03163348332132132,16.123942565917968,17.375033617019653,18.355451068878175,0.042193098373213105,0.043391907555863696,-0.09512532887314762,566507750.0,38.62915307814744,-0.07375735250554716,-0.008252064244987478,0
2022-06-23,16.161991119384766,16.225000381469727,16.584999084472656,15.852999687194824,16.518999099731445,463680000,NVDA,-0.008252064244987478,-0.018273232213284252,0.004607527853770277,16.063776779174805,17.378739881515504,18.24214532852173,0.037078014037560496,0.042234011723795435,0.06072494767062797,560264250.0,27.475123714502956,-0.05060852298500296,0.055531821536647374,1
2022-06-24,17.05949592590332,17.125999450683594,17.139999389648438,16.309999465942383,16.5,472153000,NVDA,0.055531821536647374,0.09775015619525851,0.00910885427796293,16.367592430114748,17.38643937110901,18.155015773773194,0.03021624171511292,0.04253791198472574,0.018273378191856482,544815300.0,39.3911624618619,0.02976831333259211,-0.015006559080527948,0
2022-06-27,16.803491592407227,16.868999481201172,17.329999923706055,16.625999450683594,17.312000274658203,427968000,NVDA,-0.015006559080527948,0.06227950363920565,-0.05481124857857489,16.5646240234375,17.337717866897584,18.04884355545044,0.03392319079495425,0.04097207864788817,-0.0935819533075084,516384950.0,37.55343221969077,0.06811896252800664,-0.052581428849850065,0
2022-06-28,15.919939994812012,15.982000350952148,17.20199966430664,15.94499969482422,16.899999618530273,461149000,NVDA,-0.052581428849850065,-0.035252844898093216,-0.15021082762633498,16.448277854919432,17.197015476226806,17.9438228225708,0.03899387774369059,0.04024529774227232,0.0775314976820698,502523450.0,32.56642841254997,0.037914150190888174,-0.027531099814074755,0
2022-06-29,15.481646537780762,15.541999816894531,15.81999969482422,15.170000076293944,15.814000129699709,482352000,NVDA,-0.027531099814074755,-0.050000035112178765,-0.1674549348105614,16.285313034057616,17.04131951332092,17.81957925796509,0.04013142282597548,0.04049800280214946,0.04597863163532834,493436050.0,31.937666448085693,-0.005347590811966341,-0.02464289834906841,0
2022-06-30,15.100133895874023,15.159000396728516,15.56700038909912,14.862000465393066,15.361000061035156,686070000,NVDA,-0.02464289834906841,-0.06570089141041202,-0.17236869272139277,16.07294158935547,16.884076166152955,17.679439334869386,0.04066299843445423,0.04059769305113196,0.42234301920589123,500513850.0,32.76457619374001,-0.05088950258568259,-0.04195536111157794,0
2022-07-01,14.466602325439451,14.52299976348877,15.062999725341797,14.392000198364258,14.89900016784668,577610000,NVDA,-0.04195536111157794,-0.15199122012314514,-0.25857135609409343,15.554362869262695,16.631816625595093,17.54089014053345,0.014874387549881424,0.03678664530507351,-0.15808882475549146,496961550.0,34.571337310914245,-0.11144047074089758,0.03036574056128516,1
2022-07-05,14.905891418457031,14.96399974822998,14.970999717712402,14.05500030517578,14.175000190734863,651397000,NVDA,0.03036574056128516,-0.11292892096352403,-0.20047208586675547,15.174842834472656,16.444942903518676,17.437000408172608,0.03203567177087297,0.03734544352043721,0.1277453645193123,499592450.0,45.160840876105716,-0.1095057390441303,0.011093374519192789,1
2022-07-06,15.071248054504396,15.130000114440918,15.319000244140623,14.788999557495115,15.010000228881836,529066000,NVDA,0.011093374519192789,-0.053309996179896846,-0.19444270000654496,15.005104446411133,16.26305055618286,17.349723167419434,0.030065746520667302,0.03753242503404579,-0.18779791739906693,504925450.0,44.98152319638496,-0.08573974677950458,0.04811625687694421,1
2022-07-07,15.796420097351074,15.857999801635742,15.94499969482422,15.388999938964844,15.456000328063965,492903000,NVDA,0.04811625687694421,0.020332046646469593,-0.16192792510544873,15.068059158325195,16.11044545173645,17.269241008758545,0.03749083407719126,0.03957767832381824,-0.06835253068615255,510124900.0,45.269432182383824,-0.013614666261350106,-0.0012611276904918034,0
2022-07-08,15.776498794555664,15.838000297546388,16.03700065612793,15.388999938964844,15.43000030517578,467972000,NVDA,-0.0012611276904918034,0.044791980213265026,-0.15068636199954466,15.203332138061523,15.970491075515747,17.210549221038818,0.034250287931193814,0.03957490654555022,-0.050579931548398016,515360900.0,51.92214963585775,0.03752095193449101,-0.043313555614150845,0
2022-07-11,15.093162536621094,15.152000427246094,15.527000427246094,15.038000106811523,15.526000022888184,437321000,NVDA,-0.043313555614150845,0.04331080630313866,-0.16046116070178174,15.328644180297852,15.826253175735474,17.14562017440796,0.034759737776101675,0.040018066157573015,-0.06549750839793833,517448250.0,44.461375370329634,0.03039705775888568,-0.004619896668387025,0
2022-07-12,15.023433685302734,15.08199977874756,15.430999755859377,14.876999855041504,15.267999649047852,458483000,NVDA,-0.004619896668387025,0.00788562478726762,-0.11146439729240853,15.352152633666993,15.732020711898803,17.05206853866577,0.03285260595176614,0.038133081860670534,0.04839008417158097,517110000.0,37.54199834819625,0.026220386355674474,0.005436922958949486,1
2022-07-13,15.105114936828612,15.163999557495115,15.375,14.46500015258789,14.59000015258789,521918000,NVDA,0.005436922958949486,0.0022471186328920645,-0.030868507055711314,15.358926010131835,15.707964515686035,16.984749298095704,0.03255738325163411,0.034078427928868664,0.138358456038719,512998250.0,39.74624558343766,0.03371280258315146,0.013716642882338759,1
2022-07-14,15.31230640411377,15.371999740600586,15.472999572753906,14.727999687194824,15.107999801635742,456235000,NVDA,0.013716642882338759,-0.03064705105674459,-0.02930045150863303,15.262103271484374,15.684854507446289,16.901934604644776,0.022001203975174237,0.03411349142927623,-0.12584927134147506,512326000.0,42.77733902979716,0.05605934248899591,0.025370891355612546,1
2022-07-15,15.700793266296388,15.76200008392334,15.781999588012695,15.44499969482422,15.659000396728516,385935000,NVDA,0.025370891355612546,-0.004798626694371588,-0.046287743190188024,15.24696216583252,15.646753168106079,16.825515327453612,0.02625105639335957,0.03308668261964662,-0.1540872576632656,503425950.0,37.35633581401973,0.09798679477855732,0.021507427806097823,1
2022-07-18,16.038476943969727,16.10099983215332,16.89699935913086,16.00200080871582,16.302000045776367,670517000,NVDA,0.021507427806097823,0.0626319636494328,0.03204928485860581,15.436025047302246,15.671656131744385,16.741269721984864,0.012155399882566904,0.03087218119515855,0.7373832381100445,509664350.0,42.98761160101586,0.1465238049982055,0.055338223221653715,1
2022-07-19,16.92601776123047,16.992000579833984,17.110000610351562,16.172000885009766,16.486000061035156,702366000,NVDA,0.055338223221653715,0.1266410938924709,0.0700253365266501,15.816541862487792,15.727040338516236,16.70445297241211,0.01897456400996316,0.03295047966963855,0.04749916855202785,513265950.0,59.21531671910479,0.23141580849231247,0.04796358124106681,1
2022-07-20,17.737850189208984,17.80699920654297,17.933000564575195,16.801000595092773,16.94700050354004,760538000,NVDA,0.04796358124106681,0.17429428795416557,0.07491237487326075,16.343088912963868,15.788849306106567,16.687238998413086,0.017921997178728912,0.03326524897164708,0.08282291568783218,527138400.0,69.34243119982378,0.32928526238350114,0.013646400082927057,1
2022-07-21,17.979907989501953,18.049999237060547,18.143999099731445,17.545000076293945,17.885000228881836,557049000,NVDA,0.013646400082927057,0.17421291835379615,0.10330073206551837,16.876609230041502,15.873021173477174,16.70922492980957,0.017940693374466996,0.03309195714524222,-0.267559280404135,533134100.0,75.29308078073569,0.3930460589119981,-0.040498480372136436,0
2022-07-22,17.25174903869629,17.319000244140625,17.966999053955078,17.136999130249023,17.89299964904785,536671000,NVDA,-0.040498480372136436,0.09878200076229349,0.06742720691168191,17.186800384521483,15.927509069442749,16.70380054473877,0.037857046730156024,0.0345480232396614,-0.03658206010602294,536783650.0,74.06200276572662,0.36927296556113676,-0.017033494621545797,0
2022-07-25,16.9578914642334,17.02400016784668,17.124000549316406,16.64900016784668,17.018999099731445,480748000,NVDA,-0.017033494621545797,0.05732555051677535,-0.005955888855757152,17.37068328857422,15.922428846359253,16.711719970703125,0.041149901259485006,0.032587720432861116,-0.10420350643131449,537213400.0,68.18502208898066,0.31875600213000965,-0.02884166239353203,0
2022-07-26,16.46879768371582,16.533000946044922,16.91900062561035,16.47800064086914,16.888999938964844,397865000,NVDA,-0.02884166239353203,-0.0270128558273125,-0.01991811683011402,17.27923927307129,15.905694150924683,16.718920249938964,0.0357987079706281,0.03307089155134347,-0.17240425337182885,535708250.0,61.713122858396595,0.2409386537762182,0.07602989579001096,1
2022-07-27,17.720918655395508,17.790000915527344,17.93600082397461,16.913000106811523,17.031999588012695,569776000,NVDA,0.07602989579001096,-0.0009545426098918064,0.11312722668366826,17.275852966308594,15.995743083953858,16.720668296813965,0.04670839356996124,0.034863450950824854,0.4320837469996104,541139600.0,64.82049787598004,0.26066037679827,0.010905012611850395,1
2022-07-28,17.914165496826172,17.983999252319336,18.13999938964844,17.440000534057617,17.975000381469727,474646000,NVDA,0.010905012611850395,-0.0036564421082780907,0.15712275519979046,17.26270446777344,16.11736903190613,16.73508499145508,0.04653361604789375,0.033968930639960156,-0.16696034933026316,540754300.0,66.03406150596595,0.27231488380910734,0.009953278162625034,1
2022-07-29,18.092470169067383,18.163000106811523,18.24399948120117,17.691999435424805,17.812999725341797,435460000,NVDA,0.009953278162625034,0.048732515670459,0.1981662079175992,17.430848693847658,16.266985845565795,16.734882621765138,0.04062033878480722,0.03309599017358456,-0.08255836981666331,528223800.0,74.34113353297437,0.2767278325625156,0.015305832537834796,1
2022-08-01,18.3693904876709,18.44099998474121,18.84600067138672,17.989999771118164,18.18199920654297,476469000,NVDA,0.015305832537834796,0.0832355264458764,0.2697791834208654,17.713148498535155,16.462125253677367,16.764897232055663,0.03766669293156749,0.030798721340123923,0.09417397694392138,523166750.0,76.27091383355312,0.28203328028677216,0.004609042336964686,1
2022-08-02,18.45405578613281,18.525999069213867,18.9379997253418,18.09199905395508,18.121999740600582,489527000,NVDA,0.004609042336964686,0.12054663251950637,0.23803771730701784,18.110200119018554,16.639533472061157,16.79290027618408,0.029687761993409695,0.030548035378182372,0.02740577036491354,515073250.0,76.28202777365723,0.27470793160094364,0.019810051223535963,1
2022-08-03,18.81963157653809,18.89299964904785,18.968000411987305,18.136999130249023,18.18400001525879,418146000,NVDA,0.019810051223535963,0.06200090088490162,0.2487108903309041,18.32994270324707,16.82695264816284,16.83677982330322,0.005741770705428585,0.03060898648777966,-0.14581626753989052,509527250.0,76.85734420471103,0.27715078770101254,0.017043334856606807,1
2022-08-04,19.140380859375,19.21500015258789,19.27400016784668,18.76000022888184,18.849000930786133,409652000,NVDA,0.017043334856606807,0.06844948277194796,0.21169105034024005,18.575185775756836,16.99415068626404,16.883010940551756,0.006065067254220649,0.029423984537866113,-0.020313479024072878,505364700.0,76.61474531697624,0.2820957010687876,-0.011761250940700796,0
2022-08-05,18.915266036987305,18.98900032043457,19.22900009155273,18.666000366210938,18.809999465942383,386068000,NVDA,-0.011761250940700796,0.04547725436224037,0.1989520795016193,18.73974494934082,17.15108904838562,16.93955894470215,0.01295787412212583,0.029728592138932065,-0.05757081620497395,501269500.0,72.65459635968193,0.2528709098070498,-0.06298407177055831,0
2022-08-08,17.723905563354492,17.792999267578125,18.23900032043457,17.242000579833984,17.50200080871582,981859000,NVDA,-0.06298407177055831,-0.035139158522959235,0.17430031779955524,18.61064796447754,17.28262619972229,16.955926933288573,0.03386711817437125,0.03182057827718437,1.5432281359760456,528496400.0,55.99639805866715,0.1415213374199218,-0.03973481212827945,0
2022-08-09,17.019649505615234,17.086000442504883,17.44700050354004,16.724000930786133,17.25200080871582,668263000,NVDA,-0.03973481212827945,-0.07772851112737234,0.13287347367635238,18.323766708374023,17.382436990737915,16.940761489868166,0.0359232048378249,0.033509150031514286,-0.3193900549875287,538985400.0,44.513768322455405,0.015297981928570015,0.05917161089555556,1
2022-08-10,18.026729583740234,18.097000122070312,18.11800003051757,17.316999435424805,17.697999954223633,597422000,NVDA,0.05917161089555556,-0.04213164267181213,0.19341889546224333,18.16518630981445,17.528517723083496,16.92661632537842,0.047914208422944735,0.03549063901902466,-0.10600766464700273,542760600.0,50.32023502339014,-0.004452528788063792,-0.008565263366612341,0
2022-08-11,17.872325897216797,17.941999435424805,18.707000732421875,17.875999450683594,18.131000518798828,509327000,NVDA,-0.008565263366612341,-0.06625024713325423,0.1671870602338037,17.911575317382812,17.656518697738647,16.912151527404784,0.04594248237414163,0.035699622576806964,-0.1474585803669768,545415200.0,54.605907083160034,-0.030545600921987548,0.04274893103126631,1
2022-08-12,18.636348724365234,18.708999633789062,18.718000411987305,17.952999114990234,18.15999984741211,478094000,NVDA,0.04274893103126631,-0.014745619336078541,0.18696860778177138,17.8557918548584,17.80329647064209,16.91997848510742,0.05227434252936951,0.03634112108828616,-0.061322097591527625,550023150.0,61.64476952355949,-0.0005647716244381318,0.017264272966407868,1
2022-08-15,18.958091735839844,19.03199958801269,19.16399955749512,18.613000869750977,18.701000213623047,457666000,NVDA,0.017264272966407868,0.06963398490664074,0.18203815749274477,18.102629089355467,17.949277210235596,16.908904457092284,0.03960459423111369,0.03627800871658243,-0.042727999096412006,539380600.0,67.68073992368508,0.03476647078438033,-0.008038834951456297,0
2022-08-16,18.80569076538086,18.878999710083008,19.14200019836425,18.5009994506836,18.920000076293945,451240000,NVDA,-0.008038834951456297,0.10493995538370893,0.11105228829759572,18.459837341308592,18.043260860443116,16.912150955200197,0.030249924308380905,0.034755075727313,-0.014040807051430515,526824300.0,59.13131797716838,0.041261125307773205,-0.028815170760511766,0
2022-08-17,18.26380157470703,18.334999084472656,18.6879997253418,18.145000457763672,18.52300071716309,446799000,NVDA,-0.028815170760511766,0.013151137030458893,0.02965136022053083,18.507251739501953,18.06955842971802,16.903245086669923,0.02761897132390923,0.03409252974863476,-0.009841769346689122,511137350.0,52.77997002103138,0.004390833930650928,0.023888798612123452,1
2022-08-18,18.700101852416992,18.77300071716309,18.864999771118164,18.183000564575195,18.301000595092773,415447000,NVDA,0.023888798612123452,0.04631607323863207,0.04005548100332579,18.67280693054199,18.10556812286377,16.900276679992675,0.028055458717599645,0.034352450934089875,-0.07017025552877243,504057250.0,54.64090236061443,0.0046887952255454945,-0.0492197303635703,0
2022-08-19,17.779687881469727,17.849000930786133,18.520000457763672,17.770000457763672,18.4060001373291,441588000,NVDA,-0.0492197303635703,-0.04596720396069354,0.03060204745555084,18.50147476196289,18.13196506500244,16.884358711242676,0.030751729182338105,0.03497697256107163,0.06292258699665654,499303100.0,45.89913354615773,-0.058325542927097906,-0.045660775416269006,0
2022-08-22,16.967853546142578,17.034000396728516,17.558000564575195,16.965999603271484,17.489999771118164,409593000,NVDA,-0.045660775416269006,-0.10498093465466074,0.000587459940417201,18.103427124023437,18.1324631690979,16.864157371520996,0.0301950341274723,0.03635906616356808,-0.07245441452213375,495745350.0,40.61402638101371,-0.15065725368434718,0.00862979288991661,1
2022-08-23,17.114282608032227,17.180999755859375,17.46500015258789,16.969999313354492,16.98900032043457,369986000,NVDA,0.00862979288991661,-0.08994129375254445,0.039194417025030015,17.76514549255371,18.16473741531372,16.868281364440918,0.03286448764195073,0.03571890187753711,-0.09669842990480793,494351400.0,38.92342555738794,-0.19502683508113144,0.0023860967569480085,1
2022-08-24,17.155118942260742,17.222000122070312,17.4060001373291,16.895000457763672,17.011999130249023,522661000,NVDA,0.0023860967569480085,-0.06070382597573054,-0.031928351127693655,17.543408966064455,18.136447429656982,16.899658966064454,0.0333125727519115,0.03126072611474253,0.4126507489472575,491995650.0,36.61877094414731,-0.2133029317899952,0.04012331026259863,1
2022-08-25,17.84343910217285,17.913000106811523,17.94700050354004,16.83300018310547,16.8439998626709,770691000,NVDA,0.04012331026259863,-0.045810592744628065,-0.003948070852971108,17.372076416015624,18.132911109924315,16.941037616729737,0.038127662891637736,0.03251160997906133,0.47455233889653137,506797900.0,43.20018121685375,-0.17245900897883515,-0.0922791747518279,0
2022-08-26,16.196861267089844,16.260000228881836,17.923999786376953,16.23699951171875,17.85700035095215,769127000,NVDA,-0.0922791747518279,-0.08902443197720755,-0.1047733606447202,17.05551109313965,18.038130664825438,16.93571844100952,0.05192187704832647,0.038415877946193874,-0.0020293476892814244,523481250.0,40.84122312720687,-0.2453155755295752,-0.02822881314017489,0
2022-08-29,15.739643096923828,15.800999641418455,16.33799934387207,15.767000198364258,16.020000457763672,496132000,NVDA,-0.02822881314017489,-0.0723845503427254,-0.14315920784155,16.809869003295898,17.906643295288085,16.939702949523927,0.05009978304452304,0.03844981403653845,-0.35494138159237676,524464400.0,42.088440757028884,-0.3091568653866385,-0.021074680814812563,0
2022-08-30,15.40793514251709,15.468000411987305,16.038999557495117,15.182000160217283,15.960000038146973,530181000,NVDA,-0.021074680814812563,-0.09970312543011872,-0.16506510432816124,16.46859951019287,17.7543372631073,16.9314949798584,0.04849980774064725,0.03847125702732082,0.06862891327308063,526497100.0,32.339088876154534,-0.355286488772775,-0.024179100394388864,0
2022-08-31,15.035385131835938,15.093999862670898,15.539999961853027,14.958999633789062,15.383999824523926,573710000,NVDA,-0.024179100394388864,-0.1235627580058889,-0.2010797304565657,16.04465274810791,17.56512494087219,16.90216926574707,0.04688805447571432,0.03803670559230999,0.08210215002046461,534275300.0,31.41476658468062,-0.3896932665054055,-0.07665277325320019,0
2022-09-01,13.88288116455078,13.937000274658203,14.380000114440918,13.270000457763672,14.208999633789062,1178865000,NVDA,-0.07665277325320019,-0.22196158010480072,-0.2746810386612075,15.252541160583496,17.302249956130982,16.853897476196288,0.03340572043055247,0.04018007417614946,1.054809921388855,572735950.0,20.367595126950874,-0.46383538116303513,-0.020807973700538107,0
2022-09-02,13.594006538391112,13.647000312805176,14.17099952697754,13.590999603271484,14.100000381469728,743157000,NVDA,-0.020807973700538107,-0.16070118066562888,-0.28132089118867754,14.73197021484375,17.036186981201173,16.802537784576415,0.02392661273762571,0.04019084888825116,-0.3695995724701302,590590400.0,16.42350202217679,-0.5028242014265276,-0.01333635089192764,0
2022-09-06,13.412712097167969,13.46500015258789,13.779000282287598,13.35099983215332,13.730999946594238,535751000,NVDA,-0.01333635089192764,-0.14783886682987346,-0.24324173082372091,14.266584014892578,16.820627307891847,16.72960210800171,0.02571416617649801,0.03861248243834982,-0.27908772977984464,568285000.0,16.364309462142828,-0.5097242052704233,0.01879517482911286,1
2022-09-07,13.664806365966797,13.71399974822998,13.838000297546388,13.345999717712402,13.562999725341797,512657000,NVDA,0.01879517482911286,-0.11313188694182996,-0.19711587706559908,13.91795825958252,16.652885150909423,16.666828403472902,0.034368441645707126,0.0387069836491221,-0.04310584581270027,560504700.0,20.24057366426817,-0.4673302314740142,0.02012522099176839,1
2022-09-08,13.939813613891602,13.989999771118164,14.008000373840332,13.369000434875488,13.458999633789062,624873000,NVDA,0.02012522099176839,-0.072866209168435,-0.22671422183727397,13.698843955993652,16.448539352416994,16.627225875854492,0.039406562683371386,0.035907726647405706,0.21889099339324347,561877250.0,18.540175354826545,-0.39373471670719085,0.028377526535282138,1
2022-09-09,14.3353910446167,14.38700008392334,14.473999977111816,14.12600040435791,14.156999588012695,486612000,NVDA,0.028377526535282138,0.032594810450541134,-0.1979000871481923,13.789345932006835,16.27169260978699,16.604300765991212,0.022105230969074675,0.03703408320694405,-0.2212625605523042,560741500.0,25.54053378638386,-0.2958487705732089,0.008201907602622738,1
2022-09-12,14.45296859741211,14.505000114440918,14.54699993133545,14.197999954223633,14.369000434875488,484159000,NVDA,0.008201907602622738,0.06318682108877804,-0.22447423520701548,13.961138343811035,16.06252360343933,16.59135746002197,0.016092211210555298,0.035189380695487806,-0.00504097720565877,561044750.0,30.18705126779527,-0.2049363992462252,-0.09472613591943957,0
2022-09-13,13.083894729614258,13.130999565124512,13.92199993133545,13.098999977111816,13.802000045776367,714956000,NVDA,-0.09472613591943957,-0.024515352687182412,-0.30985170280195184,13.895374870300293,15.768813753128052,16.56370330810547,0.05130777006325803,0.03898857271666234,0.4766967050080655,573909250.0,23.376443385424224,-0.2175682353034245,-0.00022821601261502344,0
2022-09-14,13.08090877532959,13.128000259399414,13.289999961853027,12.913000106811523,13.253999710083008,588507000,NVDA,-0.00022821601261502344,-0.0427300303421384,-0.3044175330474934,13.778595352172852,15.482574653625488,16.52720365524292,0.04989505202981514,0.03912850892129825,-0.1768626321060317,580772600.0,22.95170938282358,-0.20676097161740448,-0.015158649979692074,0
2022-09-15,12.882619857788086,12.928999900817873,13.232999801635742,12.789999961853027,13.015000343322754,523625000,NVDA,-0.015158649979692074,-0.07583987744642284,-0.29463645314517517,13.56715660095215,15.213515567779542,16.483431091308592,0.047418339702735075,0.03903481845755844,-0.11024847622882994,584613900.0,14.773575000690741,-0.1938215976976907,0.020805933727487957,1
2022-09-16,13.150654792785645,13.197999954223633,13.211999893188477,12.616999626159668,12.741999626159668,670751000,NVDA,0.020805933727487957,-0.08264415307149597,-0.29676025849635046,13.330209350585937,14.936043214797973,16.430515785217285,0.04579144660846431,0.03887247068752223,0.2809758892337073,597379100.0,23.10330396531414,-0.1500227042727832,0.01394151664086074,1
2022-09-19,13.33399486541748,13.381999969482422,13.463000297546388,13.010000228881836,13.01200008392334,569685000,NVDA,0.01394151664086074,-0.07742172304968464,-0.25004336666031235,13.106414604187012,14.713758563995361,16.38166570663452,0.046621178316874574,0.03865698787120025,-0.1506758841954764,603783950.0,27.679645097769594,-0.09424076840186257,-0.015393900043821573,0
2022-09-20,13.128732681274414,13.175999641418455,13.482999801635742,13.057000160217283,13.21500015258789,524818000,NVDA,-0.015393900043821573,0.0034269575372438688,-0.22625848663933912,13.115382194519043,14.521802520751953,16.34237710952759,0.01651449937112923,0.03791904288423384,-0.07875755900190451,609545200.0,28.34472766416671,-0.058457169337036596,0.006451179873655288,1
2022-09-21,13.213428497314451,13.26099967956543,14.031000137329102,13.109999656677246,13.213000297546388,807679000,NVDA,0.006451179873655288,0.010130773347704292,-0.22792974733787508,13.141886138916016,14.326759815216064,16.30617700576782,0.016680523891986588,0.037859640243149514,0.5389696999721809,631429850.0,31.687447208324414,-0.018446297852158677,-0.05278621499205616,0
2022-09-22,12.515941619873049,12.560999870300291,13.14900016784668,12.428000450134276,13.06999969482422,759162000,NVDA,-0.05278621499205616,-0.02846301776834348,-0.27042524962967884,13.068550491333008,14.09480094909668,16.254393539428712,0.02977678220397814,0.03874497147509299,-0.06006965638576711,643254900.0,34.877629644884806,-0.027758319240820617,-0.003582467306252335,0
2022-09-23,12.47110366821289,12.515999794006348,12.611000061035156,12.256999969482422,12.420000076293944,663309000,NVDA,-0.003582467306252335,-0.05167431852485027,-0.30108183759854645,12.932640266418456,13.826184177398682,16.197569484710694,0.026193516839899202,0.03665426201378916,-0.1262615884356698,637885800.0,36.868345643235806,-0.025783026229868167,-0.023010652371739382,0
2022-09-26,12.18413543701172,12.227999687194824,12.659000396728516,12.21399974822998,12.491000175476074,547343000,NVDA,-0.023010652371739382,-0.08623517858012608,-0.2477471260577826,12.702668380737304,13.625547885894775,16.127236328125,0.022622673879555185,0.032174242628684284,-0.17482952892241777,626796600.0,35.97909384608889,-0.03223003539618308,0.015129392692168064,1
2022-09-27,12.368474006652832,12.413000106811523,12.736000061035156,12.258000373840332,12.506999969482422,553854000,NVDA,0.015129392692168064,-0.057908001714890855,-0.21418332483853209,12.550616645812989,13.456989431381226,16.053836269378664,0.027069750426448807,0.03259630417849638,0.0118956486152193,629682700.0,34.97345902847373,-0.013466859785162155,0.026021018120891082,1
2022-09-28,12.690314292907717,12.736000061035156,12.822999954223633,12.354000091552734,12.40999984741211,542414000,NVDA,0.026021018120891082,-0.03958958906941179,-0.1763780042213634,12.445993804931643,13.321108388900758,15.969122200012206,0.03139430868481518,0.03355193847399782,-0.02065526293933062,630294350.0,35.67189364222028,0.02891970659437071,-0.04051504953234686,0
2022-09-29,12.176165580749512,12.220000267028809,12.5,11.946000099182127,12.447999954223633,532763000,NVDA,-0.04051504953234686,-0.027147461169364506,-0.1901660333949352,12.378038597106933,13.178147411346435,15.857888507843018,0.027180067587577728,0.034132157765430306,-0.01779268234226994,628247000.0,25.895475003864604,0.03047420407920498,-0.0066284006395859185,0
2022-09-30,12.095457077026367,12.138999938964844,12.633000373840332,12.074999809265137,12.086999893188477,565638000,NVDA,-0.0066284006395859185,-0.03012135903769242,-0.12875022600413144,12.30290927886963,13.088776206970214,15.740199489593506,0.02716911912770218,0.030302967642519954,0.061706612508751535,597585650.0,23.463465260104243,0.03394614713420485,0.030727258190999862,1
2022-10-03,12.467117309570312,12.51200008392334,12.678000450134276,12.104999542236328,12.347000122070312,547478000,NVDA,0.030727258190999862,0.023225437210668165,-0.08289603404546908,12.359505653381348,13.032431745529175,15.644506855010986,0.029211320239841115,0.03119282332922527,-0.03210533945739147,587801700.0,41.04717654478695,0.06722964873022708,0.052349702280780175,1
2022-10-04,13.11976718902588,13.166999816894531,13.220000267028809,12.878999710083008,12.878999710083008,584182000,NVDA,0.052349702280780175,0.060742592980260746,-0.02184084069052239,12.509764289855957,13.01778450012207,15.567744369506835,0.03633001969498015,0.03351209923972088,0.06704196333003343,590223250.0,50.47454732475782,0.13523255437609338,0.0031897773603439816,1
2022-10-05,13.161616325378418,13.208999633789062,13.321000099182127,12.621000289916992,12.91100025177002,507131000,NVDA,0.0031897773603439816,0.03713872025487186,-0.03682379589670659,12.604024696350098,12.992624998092651,15.501600742340088,0.035616390224902796,0.03321823117640374,-0.13189553940381593,589946950.0,53.542523137580666,0.1821439863412534,-0.005980745535363319,0
2022-10-06,13.082900047302246,13.130000114440918,13.656000137329102,13.102999687194824,13.220000267028809,644157000,NVDA,-0.005980745535363319,0.07446798095340279,-0.061472383370707706,12.785371589660645,12.949779319763184,15.408840370178222,0.025929940488178167,0.03284133179247148,0.2701984299914617,590911150.0,49.09624254882854,0.20526717035715436,-0.08027436114157505,0
2022-10-07,12.032678604125977,12.076000213623049,12.670000076293944,12.022000312805176,12.505000114440918,672478000,NVDA,-0.08027436114157505,-0.00519025221623326,-0.16063129588330616,12.772815895080566,12.834643697738647,15.29121063232422,0.05043454359667902,0.03624992812059279,0.04396598965780085,600204450.0,35.90240560081543,0.14980115047203468,-0.03362019621186285,0
2022-10-10,11.628137588500977,11.670000076293944,12.12399959564209,11.407999992370604,12.036999702453612,698699000,NVDA,-0.03362019621186285,-0.0672954060057892,-0.19544988213818826,12.6050199508667,12.69340214729309,15.16192398071289,0.04881830175527039,0.036467282352779615,0.038991610134457844,610931450.0,34.41640553506558,0.08884894985880565,-0.007197990713677549,0
2022-10-11,11.544438362121582,11.586000442504885,11.845999717712402,11.282999992370604,11.560999870300291,667482000,NVDA,-0.007197990713677549,-0.12007292539626724,-0.11766040611808426,12.28995418548584,12.616429328918457,15.025424938201905,0.0339213081918675,0.03055836103334169,-0.04467875293939161,608557750.0,32.664044243728824,0.047926201240770405,-0.0074228301986390965,0
2022-10-12,11.458745956420898,11.5,11.734999656677246,11.345000267028809,11.57900047302246,492590000,NVDA,-0.0074228301986390965,-0.12938155366784398,-0.1240099481442809,11.949380111694335,12.535321187973022,14.885518741607665,0.03201221634836389,0.030531801999426445,-0.2620175525332519,603761900.0,37.41994406695259,0.02146632964759221,0.0400000299616341,1
2022-10-13,11.917096138000488,11.960000038146973,12.07800006866455,10.812999725341797,10.970999717712402,850103000,NVDA,0.0400000299616341,-0.08910898234234788,-0.0749477769619894,11.716219329833985,12.487045001983642,14.747468032836913,0.04391528534672139,0.03212469845132681,0.7257820905824317,620085800.0,43.9982510882657,0.040129180202972625,-0.06128730509433389,0
2022-10-14,11.186729431152344,11.22700023651123,12.111000061035156,11.20400047302246,12.057000160217283,713432000,NVDA,-0.06128730509433389,-0.07030431052014963,-0.14934049996587972,11.547029495239258,12.388848733901977,14.588395004272462,0.03750508815354975,0.03405695162496136,-0.1607699302319836,622219850.0,40.14183758071891,0.010143144084619693,0.058875617469396735,1
2022-10-17,11.845355033874512,11.887999534606934,11.947999954223633,11.517000198364258,11.517999649047852,580774000,NVDA,0.058875617469396735,0.018680329822407638,-0.11164244823611313,11.590472984313966,12.314416742324829,14.446996784210205,0.046967761724017815,0.036908264807365664,-0.18594343959900872,622774300.0,45.27279602829721,0.03985597182798606,0.0066453287259913285,1
2022-10-18,11.924071311950684,11.967000007629396,12.491999626159668,11.618000030517578,12.343999862670898,659362000,NVDA,0.0066453287259913285,0.03288448843684888,-0.09175762798811082,11.666399574279785,12.254183673858643,14.331000099182129,0.04650463873655765,0.03691840027543462,0.13531597488868297,629501500.0,42.75755330445238,0.06832999720544841,0.0070192697205015975,1
2022-10-19,12.007769584655762,12.050999641418455,12.350000381469728,11.833999633789062,11.878999710083008,523131000,NVDA,0.0070192697205015975,0.0479130639882297,-0.09124497195438208,11.776204299926757,12.193900728225708,14.230762500762939,0.04579992425911016,0.03692720008326993,-0.2066103293790058,615274100.0,48.267350923845314,0.0946971111711713,0.01186635691247262,1
2022-10-20,12.15025806427002,12.194000244140623,12.769000053405762,12.104999542236328,12.11299991607666,652398000,NVDA,0.01186635691247262,0.019565330645109125,-0.029217422604655652,11.822836685180665,12.175616550445557,14.113233070373536,0.04286552506874543,0.03523349071390784,0.24710254219306438,609935900.0,50.55677629981488,0.12189746598668405,0.022306086220216903,1
2022-10-21,12.421282768249512,12.465999603271484,12.498000144958496,11.88700008392334,12.097999572753906,609494000,NVDA,0.022306086220216903,0.11035873752870384,-0.003994907049835961,12.069747352600098,12.173125505447388,14.00421220779419,0.021912453435675727,0.03560278527299372,-0.0657635369820263,607245150.0,49.524601038180094,0.1561192450510287,0.01066883977538291,1
2022-10-24,12.553803443908691,12.598999977111816,12.710000038146973,12.064000129699709,12.508000373840332,517457000,NVDA,0.01066883977538291,0.05980811955472909,0.030340109793431047,12.211437034606934,12.191608905792236,13.882561302185058,0.006345056376058725,0.03523129246283215,-0.15100558824205002,605750850.0,43.41980728307813,0.18375312374370345,0.05254384110385457,1
2022-10-25,13.213428497314451,13.26099967956543,13.300000190734863,12.663999557495115,12.694000244140623,505482000,NVDA,0.05254384110385457,0.10813061676941937,0.06831517697390388,12.469308471679687,12.233856630325317,13.76766803741455,0.01858941869868302,0.03691308357883936,-0.02314201953012518,603332250.0,50.526729927129004,0.23902897996576866,-0.02752422830163559,0
2022-10-26,12.849739074707031,12.895999908447266,13.387999534606934,12.708000183105469,12.869000434875488,532953000,NVDA,-0.02752422830163559,0.07011872472363123,0.012562713430069428,12.637702369689942,12.241827869415284,13.648549003601074,0.028698978564791925,0.03717003199922761,0.05434614882429045,602859200.0,47.759471980730254,0.24288230586108484,0.02171200558589903,1
2022-10-27,13.128732681274414,13.175999641418455,13.838000297546388,13.121999740600586,13.630000114440918,583113000,NVDA,0.02171200558589903,0.08053117981763469,0.0782321079824102,12.83339729309082,12.289456224441528,13.545847625732423,0.028855712385971326,0.03607504405030238,0.09411711726925254,605376700.0,62.36514276394019,0.2547639398489047,0.0499396577511424,1
2022-10-28,13.784377098083496,13.833999633789062,13.850000381469728,13.060999870300291,13.104000091552734,521040000,NVDA,0.0499396577511424,0.10973861196673163,0.13963259183193633,13.106016159057617,12.373902225494385,13.447533130645752,0.03276149809475287,0.037359692261293355,-0.1064510652309244,603146800.0,73.02132540005618,0.2945110231601161,-0.024360440286047558,0
2022-10-31,13.448583602905272,13.496999740600586,13.838000297546388,13.29699993133545,13.777999877929688,486341000,NVDA,-0.024360440286047558,0.07127562280184829,0.07872439706503309,13.284972190856934,12.422975540161133,13.360911045074463,0.038831297425475746,0.037566037031000796,-0.06659565484415786,600089950.0,69.29135531983512,0.28569752091911954,0.003408344231421445,1
2022-11-01,13.494421005249023,13.54300022125244,13.925000190734863,13.519000053405762,13.810999870300291,432817000,NVDA,0.003408344231421445,0.021265677412314554,0.028556437841101623,13.341170692443848,12.44170823097229,13.291442394256592,0.03248304303948075,0.03583740399258829,-0.11005446795561136,592521700.0,70.79182228844076,0.270612832659621,-0.02392401204076966,0
2022-11-02,13.17158031463623,13.218999862670898,14.210000038146973,13.211000442504885,13.850000381469728,672628000,NVDA,-0.02392401204076966,0.025046519470788287,0.0007570490592860857,13.405538940429688,12.442206430435181,13.212588348388671,0.03162040774808452,0.03630088207537108,0.5540701959488652,600796550.0,63.17772906865849,0.22824329480339992,0.015280996434612781,1
2022-11-03,13.372855186462402,13.42099952697754,13.781000137329102,12.956000328063965,13.04300022125244,500065000,NVDA,0.015280996434612781,0.01859452173446874,0.022162910219584386,13.454363441467285,12.45670418739319,13.136943073272706,0.030911585088232555,0.03640704586242901,-0.2565504260899041,593591950.0,75.8360088064636,0.20392084112970077,0.054765017965827,1
2022-11-04,14.105219841003418,14.156000137329102,14.229000091552734,13.696999549865724,13.986000061035156,612576000,NVDA,0.054765017965827,0.023275824553909752,0.17224271544714664,13.518531990051269,12.560331249237061,13.062178688049316,0.03272391106518251,0.03273454646951778,0.22499275094237747,590596850.0,76.24995347402788,0.22561310576842264,0.010242998919230972,1
2022-11-07,14.249699592590332,14.300999641418455,14.411999702453612,13.95400047302246,14.227999687194824,410061000,NVDA,0.010242998919230972,0.05956880020524968,0.2254498610922706,13.678755187988282,12.691409349441528,13.023235454559327,0.0283153653848879,0.03119845538360187,-0.3305957138379564,576164950.0,76.60734182551872,0.23697770102991889,0.021047467011040544,1
2022-11-08,14.549619674682615,14.60200023651123,14.890999794006348,14.215999603271484,14.800999641418455,595292000,NVDA,0.021047467011040544,0.07819517925394082,0.26031420657251925,13.889794921875,12.84166841506958,12.999434986114501,0.028082250809233766,0.03098524273519752,0.4517157203440463,572555450.0,77.71014480096962,0.2506530809828539,-0.056567540062906096,0
2022-11-09,13.72658348083496,13.776000022888184,14.211000442504885,13.758999824523926,14.161999702453612,454414000,NVDA,-0.056567540062906096,0.0421364143816525,0.19791323876442868,14.000795555114745,12.955060291290284,12.965807952880859,0.040557569963880415,0.03437715135372215,-0.2366536086492007,570646650.0,64.96403970597314,0.19282419482507995,0.1432927502850967,1
2022-11-10,15.693503379821776,15.75,15.77299976348877,14.54699993133545,14.800000190734863,700819000,NVDA,0.1432927502850967,0.17353423491107645,0.3168898864362868,14.464925193786621,13.143880653381348,12.978970317840576,0.07298833349973397,0.04522650738340684,0.5422478180689856,563182450.0,73.49740562200151,0.27081830036126564,0.036634856058013865,1
2022-11-11,16.2684326171875,16.32699966430664,16.388999938964844,15.482000350952148,15.807000160217283,655487000,NVDA,0.036634856058013865,0.1533625707765074,0.4542617408698415,14.897567749023438,13.397965812683106,13.02668134689331,0.07217923701326866,0.04172076801939962,-0.06468431934636476,560285200.0,75.08071722718311,0.34040420410315786,-0.0019600569516249333,0
2022-11-14,16.23654556274414,16.295000076293945,16.540000915527344,15.92199993133545,16.218000411987305,527852000,NVDA,-0.0019600569516249333,0.13943072674928136,0.37070991256167596,15.2949369430542,13.617525339126587,13.079532127380372,0.07325194969957466,0.040923829104566746,-0.19471782049071906,557639100.0,72.30223277856263,0.36157075364732727,0.02276770998749389,1
2022-11-15,16.60621452331543,16.666000366210938,16.99799919128418,16.381999969482422,16.722000122070312,545876000,NVDA,0.02276770998749389,0.14135041977842477,0.3926631339978781,15.706255912780762,13.851632499694825,13.14340217590332,0.07321228676628595,0.040875106200041575,0.03414593484537343,551964800.0,77.68795927519747,0.3760816784003247,-0.045361771902381776,0
2022-11-16,15.852927207946776,15.90999984741211,16.36199951171875,15.873000144958496,16.16200065612793,649547000,NVDA,-0.045361771902381776,0.1549069897896016,0.3202224689758024,16.131524658203123,14.043890380859375,13.18716459274292,0.07004755818724574,0.04319166549048488,0.18991675765192095,558285600.0,68.76714009946593,0.3131386875029287,-0.014644770176548638,0
2022-11-17,15.62076473236084,15.677000045776367,16.266000747680664,15.53499984741211,15.71500015258789,710894000,NVDA,-0.014644770176548638,-0.004634952801836567,0.28563234210608734,16.116976928710937,14.217415714263916,13.220783615112305,0.03215263562422831,0.043691616996865974,0.09444582147250324,561210400.0,63.43488143960906,0.23749192182079282,-0.017095209950402368,0
2022-11-18,15.353724479675291,15.409000396728516,16.00200080871582,15.119999885559082,15.965999603271484,492072000,NVDA,-0.017095209950402368,-0.056225953602059064,0.2360820348540409,15.934035301208496,14.364037799835206,13.241150283813477,0.024762931833322087,0.04416008087011617,-0.30781241647840607,555339300.0,64.07951344580019,0.1550810942908486,-0.005970416434698311,0
2022-11-21,15.262056350708008,15.31700038909912,15.47700023651123,15.079999923706056,15.147000312805176,404739000,NVDA,-0.005970416434698311,-0.060018259935300855,0.21573166402516875,15.73913745880127,14.499450445175171,13.257332038879394,0.024449411010005074,0.04433382052515174,-0.1774801248597766,549703400.0,62.97541398816133,0.08358917364378482,0.04707173326511471,1
2022-11-22,15.980467796325684,16.038000106811523,16.058000564575195,15.121999740600586,15.32800006866455,472866000,NVDA,0.04707173326511471,-0.03768147919028664,0.20941115317448578,15.61398811340332,14.637802410125733,13.315263500213623,0.03375127229075784,0.04407821294663667,0.16832328982381228,548072600.0,69.48708109152405,0.07419560623298138,0.029991224424089857,1
2022-11-23,16.459741592407227,16.518999099731445,16.527000427246094,16.04800033569336,16.097999572753906,427241000,NVDA,0.029991224424089857,0.03827775000166955,0.28093975268384996,15.73535099029541,14.818302536010743,13.382840156555176,0.02893033948450398,0.04334118798893862,-0.09648610811519542,542787000.0,70.620348001559,0.08878619699237744,-0.015073505341181459,0
2022-11-25,16.21163558959961,16.270000457763672,16.48699951171875,16.172000885009766,16.31800079345703,167934000,NVDA,-0.015073505341181459,0.03782598786695046,0.234821058754769,15.853525161743164,14.972447681427003,13.449420471191406,0.029014269801437866,0.04374467993913094,-0.606933791466643,522028050.0,65.04412765750502,0.0710226893892657,-0.027228037290374596,0
2022-11-28,15.770224571228027,15.82699966430664,16.35700035095215,15.725000381469728,16.025999069213867,303741000,NVDA,-0.027228037290374596,0.027126974442200247,0.14406508607636925,15.936825180053711,15.071740055084229,13.501811866760255,0.03143906703870696,0.04357623717650654,0.808692700703848,511163100.0,60.417805770250084,0.021413302583879634,-0.011878428030876798,0
2022-11-29,15.58289909362793,15.638999938964844,15.932000160217283,15.520000457763672,15.82699966430664,298384000,NVDA,-0.011878428030876798,0.021022248611016092,0.15870187922701295,16.000993728637695,15.178455829620361,13.546789951324463,0.03209427139859273,0.04318176623281094,-0.017636736561741695,501765250.0,57.19040444100412,-0.02938951794249589,0.08237931624113659,1
2022-11-30,16.866607666015625,16.92300033569336,16.93000030517578,15.597000122070312,15.696999549865724,565298000,NVDA,0.08237931624113659,0.05545143490065341,0.2498948757753221,16.178221702575684,15.34706516265869,13.621547451019287,0.045050722607425146,0.046220359770457325,0.8945318783848999,508389300.0,70.53430860292656,0.01566774931787629,0.01252736640220009,1
2022-12-01,17.07790184020996,17.135000228881836,17.264999389648438,16.635000228881836,16.999000549316406,470977000,NVDA,0.01252736640220009,0.03755589019015271,0.296571970277024,16.301853752136232,15.542381238937377,13.698836917877196,0.043935257112080336,0.04543339628898975,-0.1668518197481682,498306750.0,61.751762181048676,0.049971594573998246,-0.015115361303249975,0
2022-12-02,16.81976318359375,16.875999450683594,16.933000564575195,16.44499969482422,16.659000396728516,371389000,NVDA,-0.015115361303249975,0.037511797661198276,0.25775408086529783,16.423479270935058,15.714726638793945,13.784913349151612,0.04394079074725445,0.045894740406319516,-0.21144981602073987,491872950.0,54.946103054764826,0.04566513703962438,-0.015761816202485734,0
2022-12-05,16.55465316772461,16.610000610351562,16.9950008392334,16.472000122070312,16.679000854492188,352255000,NVDA,-0.015761816202485734,0.04974111769642975,0.17365438854067117,16.580364990234376,15.837198305130006,13.866584339141845,0.04188479955326065,0.04517957254819249,-0.05152010425726128,478856900.0,52.73918696174598,0.01683526539649638,-0.03750752067595409,0
2022-12-06,15.93372917175293,15.987000465393066,16.572999954223633,15.819000244140623,16.530000686645508,352694000,NVDA,-0.03750752067595409,0.022513787454893963,0.11818000570610421,16.650531005859374,15.921399784088134,13.94157621383667,0.0466002323651965,0.04635488443457443,0.0012462562632185037,475988550.0,44.44948212630476,-0.04859968554095384,0.008319145286438179,1
2022-12-07,16.0662841796875,16.1200008392334,16.18600082397461,15.666999816894531,15.772000312805176,372388000,NVDA,0.008319145286438179,-0.04745017505450666,0.10424083508134507,16.49046630859375,15.997233009338379,14.015532417297363,0.02035859988339111,0.046232980494676196,0.0558387724202849,464843350.0,51.962037050516884,-0.08535174448857019,0.0650746258025301,1
2022-12-08,17.111791610717773,17.16900062561035,17.179000854492188,15.958999633789062,16.273000717163086,515456000,NVDA,0.0650746258025301,0.001984422373714434,0.24661694839136317,16.49724426269531,16.16649341583252,14.103961963653564,0.03931481922870794,0.045573487537334145,0.38419068283618163,467895450.0,61.927310505169515,-0.04374229404777219,-0.009785201081601969,0
2022-12-09,16.94434928894043,17.000999450683594,17.58300018310547,16.975000381469727,17.15999984741211,465338000,NVDA,-0.009785201081601969,0.0074071260092534175,0.0797046955574594,16.52216148376465,16.229035711288454,14.199325637817383,0.03883791404916966,0.03366565324629305,-0.09723041345915073,456121400.0,62.93006717717414,-0.032506525801595076,0.031410043473909965,1
2022-12-12,17.476572036743164,17.53499984741211,17.538000106811523,16.797000885009766,17.03700065612793,457328000,NVDA,0.031410043473909965,0.05568941008174977,0.07426280379827577,16.706545257568358,16.289442682266234,14.306947937011719,0.039152155244000016,0.033421485070082774,-0.01721329442254882,446213450.0,66.79844482100857,0.0038276884864306693,0.030624188767638394,1
2022-12-13,18.011777877807617,18.07200050354004,18.790000915527344,17.711000442504883,18.5310001373291,656589000,NVDA,0.030624188767638394,0.13041822687300475,0.10933559162589779,17.122154998779298,16.37820429801941,14.417841148376464,0.028137494021147454,0.033900877920220736,0.43570697617464926,452650300.0,65.84924111293218,0.05417007292995557,-0.022022778123758746,0
2022-12-14,17.615108489990234,17.673999786376953,18.25200080871582,17.420000076293945,17.98699951171875,496888000,NVDA,-0.022022778123758746,0.09640214831136262,0.06075400057359848,17.431919860839844,16.42864899635315,14.507747974395752,0.035083614790445486,0.034194787697779006,-0.24322825999217168,450200900.0,59.13243902284583,0.05105991143374178,-0.040851008999078564,0
2022-12-15,16.8955135345459,16.95199966430664,17.31999969482422,16.700000762939453,17.145999908447266,478542000,NVDA,-0.040851008999078564,-0.01263912517707444,0.06576617131481521,17.38866424560547,16.480778312683107,14.582425918579101,0.03221572804389629,0.033868887899539006,-0.03692180129123668,441650650.0,55.03065262148874,-0.006114961684128728,-0.02247554925624695,0
2022-12-16,16.515777587890625,16.570999145507812,17.041000366210938,16.40999984741211,16.86400032043457,478232000,NVDA,-0.02247554925624695,-0.025292898165734434,0.05729635333893901,17.302949905395508,16.525528955459595,14.65108346939087,0.03344649069566608,0.03413661064604521,-0.0006478010289587832,430017550.0,55.534557667379566,-0.07247640211019102,-0.019129523142562,0
2022-12-19,16.199838638305664,16.253999710083008,16.608999252319336,16.145000457763672,16.57200050354004,354039000,NVDA,-0.019129523142562,-0.0730539945564419,0.05510807229545045,17.04760322570801,16.567834663391114,14.734426670074463,0.026794752852948012,0.03420364421422979,-0.25969194867762924,423115900.0,54.49399206055012,-0.13688046489493833,-0.010397508365632024,0
2022-12-20,16.031400680541992,16.084999084472656,16.309999465942383,15.85200023651123,16.06399917602539,403260000,NVDA,-0.010397508365632024,-0.1099490128459587,0.05040895618225738,16.65152778625488,16.606301879882814,14.822491931915284,0.011109555155153874,0.034280558378910385,0.13902705634125057,423041950.0,42.73578598646656,-0.18695636692458084,0.025862601279632358,1
2022-12-21,16.446014404296875,16.500999450683594,16.62700080871582,16.101999282836914,16.11400032043457,325025000,NVDA,0.025862601279632358,-0.06636882687141532,0.02913222653458436,16.417708969116212,16.62957921028137,14.92052345275879,0.02459328019921069,0.03315532029217587,-0.1940063482616674,415649900.0,44.69189226603876,-0.18779148626754893,-0.0704199665802564,0
2022-12-22,15.287886619567873,15.33899974822998,16.13800048828125,14.881999969482422,16.0939998626709,565045000,NVDA,-0.0704199665802564,-0.09515111284962985,-0.07119522297846537,16.096183586120606,16.570986461639404,14.997106266021728,0.03443210112504461,0.03615233313350263,0.7384662718252442,422540100.0,38.8218233906983,-0.25766033271605926,-0.008670653106441994,0
2022-12-23,15.155330657958984,15.206000328063965,15.33899974822998,14.883000373840332,15.196000099182127,349326000,NVDA,-0.008670653106441994,-0.08237256300479134,-0.06515720920338752,15.824094200134278,16.51817121505737,15.061870956420899,0.034667683950567275,0.03606871898761774,-0.38177313311329186,431609700.0,39.587649057471396,-0.3010986836788239,-0.07135335609264715,0
2022-12-27,14.073946952819824,14.121000289916992,15.100000381469728,14.055999755859377,15.074000358581545,464902000,NVDA,-0.07135335609264715,-0.13122918894136504,-0.10756204585082296,15.398915863037109,16.433357334136964,15.119615306854248,0.04259863819826901,0.0388843007188603,0.3308542736584166,439667750.0,37.04885541018867,-0.385559507130353,-0.006019541249347893,0
2022-12-28,13.989228248596191,14.03600025177002,14.26200008392334,13.883999824523926,13.927000045776367,351066000,NVDA,-0.006019541249347893,-0.1273857769910569,-0.10227049764336937,14.99048137664795,16.353673791885377,15.162492771148681,0.04306751248633926,0.038851480289527444,-0.24486020709740974,442301850.0,35.438792277759745,-0.4268212455955794,0.040396027778472954,1
2022-12-29,14.55433750152588,14.602999687194824,14.68299961090088,14.22700023651123,14.402000427246094,354923000,NVDA,0.040396027778472954,-0.11502342490206952,-0.13709159602666965,14.61214599609375,16.23806028366089,15.215098094940185,0.04769485000789533,0.0348265732148657,0.010986538143824776,431783100.0,30.77610158636581,-0.39640031191990177,0.0007534730428784275,1
2022-12-30,14.565303802490234,14.61400032043457,14.628999710083008,14.232999801635742,14.333999633789062,310490000,NVDA,0.0007534730428784275,-0.04726505599228881,-0.1471256868220081,14.467629432678223,16.112430381774903,15.266248779296875,0.040099963127634565,0.03458195422730903,-0.12519053428490123,423758750.0,31.686355016359315,-0.3571054158029742,-0.020460126965353154,0
2023-01-03,14.267295837402344,14.3149995803833,14.996000289916992,14.095999717712402,14.85099983215332,401277000,NVDA,-0.020460126965353154,-0.05859554242653753,-0.15175405969336841,14.290022468566894,15.984807014465332,15.308589534759522,0.04042262829444376,0.034665642501379046,0.2923991110824826,425253150.0,24.371169578279677,-0.33321249569289446,0.03031801942522172,1
2023-01-04,14.699851989746094,14.74899959564209,14.852999687194824,14.241000175476074,14.56700038909912,431324000,NVDA,0.03031801942522172,0.04447260168199407,-0.11204107746543945,14.415203475952149,15.892066955566406,15.354160919189454,0.025503232098972567,0.035614405552645466,0.07487845054662978,429206600.0,23.110573516221592,-0.27284338818825526,-0.03281567975735178,0
2023-01-05,14.217466354370115,14.265000343322754,14.564000129699709,14.14799976348877,14.491000175476074,389168000,NVDA,-0.03281567975735178,0.016315274990014395,-0.10771256363672721,14.460851097106934,15.806253814697266,15.387434177398681,0.03154713548391578,0.035406047909980025,-0.09773627250048689,431030300.0,22.793323444493183,-0.2505439436057063,0.04164019894159532,1
2023-01-06,14.809484481811523,14.859000205993652,15.010000228881836,14.034000396728516,14.473999977111816,405044000,NVDA,0.04164019894159532,0.017530648870750287,-0.07822590985070088,14.511880493164062,15.743413829803467,15.419355297088623,0.03191234518980205,0.03682536605342095,0.04079472104592363,432663100.0,32.94768334031322,-0.1841378214766723,0.051753282756568986,1
2023-01-09,15.575923919677734,15.628000259399414,16.055999755859375,15.140999794006348,15.284000396728516,504231000,NVDA,0.051753282756568986,0.06938544714836037,-0.0897549319194646,14.714004516601562,15.666620445251464,15.473878993988038,0.03819273154043624,0.03562217882374713,0.24487956863945648,432101850.0,42.773980145947554,-0.08201675910903891,0.017980546810232756,1
2023-01-10,15.855987548828123,15.909000396728516,15.961999893188477,15.472000122070312,15.506999969482422,384101000,NVDA,0.017980546810232756,0.1113519849543565,-0.06423154536968145,15.03174285888672,15.612202358245849,15.528424091339112,0.033018354508993736,0.035927957138624254,-0.23824397944592857,428040000.0,47.34165257941258,0.006283945985036038,0.005782918149466187,1
2023-01-11,15.947681427001951,16.000999450683594,16.027999877929688,15.562999725341797,15.84000015258789,353285000,NVDA,0.005782918149466187,0.08488721098187124,-0.08748229381178618,15.28130874633789,15.53575782775879,15.57169017791748,0.03325368260567467,0.03509497321681829,-0.08022889812835687,422837850.0,49.34498539935101,0.0692578101885773,0.03187302076334242,1
2023-01-12,16.455982208251953,16.51099967956543,16.636999130249023,15.491999626159668,16.100000381469727,551409000,NVDA,0.03187302076334242,0.15744829620741596,-0.0863765742676944,15.729011917114258,15.457968044281007,15.631838150024414,0.018323167470191415,0.03516082229197961,0.5608050157804605,417578850.0,50.076860740281,0.13948513388925032,0.023499497083455,1
2023-01-13,16.842689514160156,16.89900016784668,16.922000885009766,16.165000915527344,16.277999877929688,447287000,NVDA,0.023499497083455,0.13729073654425594,-0.043849799521189725,16.135652923583983,15.419347095489503,15.698803520202636,0.01715269898461897,0.03539939941419017,-0.18882898175401563,415098800.0,63.60780893884346,0.20249962675946298,0.04751767186611744,1
2023-01-17,17.643014907836914,17.70199966430664,17.72800064086914,16.89900016784668,16.89900016784668,511102000,NVDA,0.04751767186611744,0.13271065002749105,0.04424259563123756,16.54907112121582,15.456722164154053,15.788232212066651,0.015608951861545749,0.035760287596918294,0.14267126028701926,416726800.0,69.49389175060502,0.283624535621399,-0.018359742102207144,0
2023-01-18,17.319093704223633,17.37700080871582,17.87299919128418,17.281999588012695,17.66699981689453,439624000,NVDA,-0.018359742102207144,0.09227467862786276,0.04863931547019629,16.84169235229492,15.496887969970704,15.867156982421875,0.02532422960688316,0.03561885189422251,-0.13985075386126444,414796400.0,78.85491184656584,0.2994547715127521,-0.0352188549296254,0
2023-01-19,16.709135055541992,16.764999389648438,17.19700050354004,16.731000900268555,17.035999298095703,452932000,NVDA,-0.0352188549296254,0.04774698015040468,0.03143836359160157,16.99398307800293,15.52235279083252,15.919235286712647,0.03506125423240134,0.03631946772206213,0.03027132276672795,419741050.0,72.11862473187644,0.25459296472413434,0.06406226474387755,1
2023-01-20,17.779560089111328,17.839000701904297,17.856000900268555,16.825000762939453,17.01099967956543,564967000,NVDA,0.06406226474387755,0.080431411757097,0.10904595570935682,17.258698654174804,15.609760761260986,15.989832496643066,0.04231754914976405,0.038700277901747,0.24735501134828186,427826400.0,74.23605589980653,0.2807001834795587,0.07590094415020587,1
2023-01-23,19.129045486450195,19.19300079345703,19.2450008392334,17.81800079345703,18.06399917602539,655163000,NVDA,0.07590094415020587,0.1357476767809458,0.16314172030959195,17.715969848632813,15.743912315368652,16.08142101287842,0.050285036993280574,0.04156943788311244,0.15964826264188892,444333300.0,78.550906494846,0.36709003698211873,0.00375107349800774,1
2023-01-24,19.2007999420166,19.26499938964844,19.4950008392334,18.81999969482422,18.82699966430664,496204000,NVDA,0.00375107349800774,0.08829471846604453,0.2559486094984744,18.02752685546875,15.939557981491088,16.190905342102052,0.049577104486182966,0.037251009913791135,-0.2426251177187967,440891250.0,81.76333903865248,0.4043567030619776,0.003010902526724424,1
2023-01-25,19.25861167907715,19.32299995422364,19.3700008392334,18.57999992370605,18.913000106811523,449537000,NVDA,0.003010902526724424,0.11198726723099384,0.27074836661272594,18.41543045043945,16.144722032546998,16.262207508087158,0.046480368410874724,0.03699864800937924,-0.09404801251098338,445901800.0,80.83872557684639,0.40706892428188374,0.02478909947936314,1
2023-01-26,19.73601531982422,19.802000045776367,20.166000366210938,19.277999877929688,19.701000213623047,489535000,NVDA,0.02478909947936314,0.1811512238198283,0.4023084914264192,19.020806503295898,16.427825450897217,16.331559162139893,0.033982100714545625,0.03131166726945208,0.08897599085281072,447133450.0,87.35660945118117,0.4138304924063959,0.028431417649107615,1
2023-01-27,20.297138214111328,20.364999771118164,20.62800025939941,19.405000686645508,19.46199989318848,542142000,NVDA,0.028431417649107615,0.14159957346424057,0.45091193405527075,19.5243221282959,16.743220949172972,16.412771015167237,0.029639807123037272,0.030894079916053314,0.10746320487809857,456687250.0,87.30350291920739,0.4271752239237673,-0.059071961912300686,0
2023-01-30,19.09814643859864,19.16200065612793,20.13999938964844,19.14999961853028,19.950000762939453,488611000,NVDA,-0.059071961912300686,-0.0016152948077541307,0.31219620519287705,19.518142318725587,16.970411396026613,16.4626096534729,0.035125887603336084,0.03503607238439297,-0.09873981355438244,463371650.0,72.61323830182536,0.33064657681964493,0.019570097820527543,1
2023-01-31,19.471899032592773,19.53700065612793,19.687000274658203,18.950000762939453,19.170000076293945,498017000,NVDA,0.019570097820527543,0.014119156045313108,0.3368687187467836,19.57236213684082,17.21574115753174,16.53498908996582,0.03622299098488612,0.034906782121064676,0.019250487606705446,472748000.0,72.93878381717309,0.2699268767966705,0.07196614947982072,1
2023-02-01,20.87321662902832,20.94300079345703,21.191999435424805,19.61100006103516,19.69099998474121,660477000,NVDA,0.07196614947982072,0.0838380760179771,0.46301141203704943,19.895283126831053,17.546037197113037,16.64003812789917,0.04745018432498972,0.0360374259210993,0.32621376378718003,485708000.0,76.79461418085587,0.2997961380031169,0.03657506133506461,1
2023-02-02,21.63665580749512,21.708999633789062,21.948999404907227,20.700000762939453,21.0,564276000,NVDA,0.03657506133506461,0.09630315222555419,0.4718961675660276,20.275411224365236,17.89287738800049,16.765696754455565,0.04821198690047416,0.03616031801874548,-0.1456538229188904,492355600.0,77.42136875199772,0.3434878026037834,-0.028052760621867234,0
2023-02-03,21.029687881469727,21.100000381469727,21.7450008392334,20.78899955749512,21.0,429366000,NVDA,-0.028052760621867234,0.036091278466493515,0.4791445506045242,20.421921157836913,18.233488464355467,16.8810493850708,0.05205843957983607,0.03580722102704941,-0.2390851285541118,494365500.0,71.65686389221415,0.3053136345416827,-0.0005211501619004633,0
2023-02-06,21.018728256225582,21.089000701904297,21.56999969482422,20.785999298095703,20.80599975585937,452197000,NVDA,-0.0005211501619004633,0.10056378108743136,0.4192748087916247,20.806037521362306,18.543950653076173,16.981814594268798,0.0377675150529669,0.03573007563213153,0.053173749202312326,496723150.0,69.01315094016931,0.2551686873810066,0.05140116482349577,1
2023-02-07,22.0991153717041,22.17300033569336,22.25900077819824,21.14999961853028,21.381999969482425,664150000,NVDA,0.05140116482349577,0.13492347791624226,0.41879964781962875,21.33148078918457,18.87011022567749,17.094602069854737,0.0402946516059367,0.03571278688566555,0.4687182798647491,504719100.0,74.80865687799775,0.2692149871387144,0.0014429972085137077,1
2023-02-08,22.131004333496094,22.20499992370605,22.87800025939941,22.007999420166016,22.386999130249023,559651000,NVDA,0.0014429972085137077,0.0602584511444475,0.39575061252692145,21.583038330078125,19.18386106491089,17.212989444732667,0.031736003454856505,0.0359101229885005,-0.15734246781600547,513496600.0,79.93619780449846,0.2552324885323576,0.005944659235268102,1
2023-02-09,22.26256561279297,22.33699989318848,23.020000457763672,22.1200008392334,22.606000900268555,523876000,NVDA,0.005944659235268102,0.028928213808393943,0.3959750647576217,21.708220291137696,19.49960527420044,17.342836265563964,0.028653716043792334,0.035907383057968464,-0.06392376677608014,522026150.0,77.61544650720798,0.2301941957822553,-0.047992134335892556,0
2023-02-10,21.194137573242188,21.26499938964844,22.077999114990234,20.81100082397461,21.690000534057617,550737000,NVDA,-0.047992134335892556,0.007819882667748246,0.28792905248853873,21.741110229492186,19.73651304244995,17.45506103515625,0.035220378277372316,0.03855910655894738,0.0512735838251801,521992550.0,63.17731157299933,0.12243372005826947,0.024594414314399238,1
2023-02-13,21.715394973754883,21.788000106811523,22.04800033569336,20.96199989318848,21.538000106811523,474919000,NVDA,0.024594414314399238,0.033145046124422484,0.28930685063677597,21.880443572998047,19.980148315429688,17.552036781311035,0.03652781516763701,0.038574926153406235,-0.1376664360665799,523374150.0,65.17505786304312,0.0696445246204358,0.05429604129811172,1
2023-02-14,22.894454956054688,22.97100067138672,23.04899978637696,21.36599922180176,21.577999114990234,675474000,NVDA,0.05429604129811172,0.03598965709591018,0.2976498107409702,22.039511489868165,20.242720317840575,17.66836784362793,0.03741807140471953,0.03891790728792229,0.4222930647120877,531592750.0,69.326149924925,0.09589824961378723,-0.009011447530043792,0
2023-02-15,22.68814277648925,22.763999938964844,22.854999542236328,22.106000900268555,22.54899978637696,420575000,NVDA,-0.009011447530043792,0.025174566621448236,0.310007507549674,22.150939178466796,20.511172771453857,17.78573543548584,0.03813730650103396,0.038565545316810994,-0.3773631553546103,530640300.0,66.15754326296214,0.08168849577383641,-0.03347372422693273,0
2023-02-16,21.928686141967773,22.00200080871582,22.549999237060547,21.927000045776367,22.132999420166016,412026000,NVDA,-0.03347372422693273,-0.014997349210880473,0.3123770960660581,22.08416328430176,20.772150325775147,17.893216094970704,0.04192563551583196,0.03844942469252748,-0.020326933365035993,528595000.0,58.740016785226544,0.007375344611074697,-0.02790645203461406,0
2023-02-17,21.316734313964844,21.38800048828125,21.739999771118164,20.975000381469727,21.631000518798828,465888000,NVDA,-0.02790645203461406,0.0057844647039300146,0.19894610480378394,22.10868263244629,20.949009037017824,18.000876197814943,0.03714487095487813,0.037686959797332636,0.13072476008795553,523641050.0,62.68236959613027,-0.09131723116506896,-0.0342717697430982,0
2023-02-21,20.58617210388184,20.655000686645508,21.49399948120117,20.61800003051757,21.0,410015000,NVDA,-0.0342717697430982,-0.052001028359733525,0.07617351417057283,21.88283805847168,21.021865367889404,18.091273956298828,0.037402228319557335,0.03550240817114431,-0.11992796551960982,511383650.0,56.119992071876084,-0.20747803712447244,0.004792977131742537,1
2023-02-22,20.68484115600586,20.753999710083008,21.10400009155273,20.42099952697754,20.707000732421875,513184000,NVDA,0.004792977131742537,-0.09651305542281419,0.07729059302064645,21.440915298461913,21.096067428588867,18.16273494720459,0.017198642984095097,0.0355023655306008,0.25162250161579447,512232650.0,48.792604450112584,-0.27510576361813865,0.14021393082444744,1
2023-02-23,23.58514404296875,23.66399955749512,23.88800048828125,23.02499961853028,23.440000534057617,1117995000,NVDA,0.14021393082444744,0.039536125777955844,0.22465442660085477,21.620315551757812,21.312394046783446,18.295550842285156,0.07461492989557374,0.04671897843901311,1.178546096526782,545655550.0,59.803452847089304,-0.12934799107696016,-0.015973674301729468,0
2023-02-24,23.208402633666992,23.285999298095703,23.474000930786133,22.94700050354004,23.225000381469727,589716000,NVDA,-0.015973674301729468,0.058358101502946846,0.17594166084553398,21.876258850097656,21.486013412475586,18.41018745422363,0.07245254143507006,0.046982698702083096,-0.4725235801591241,550664600.0,61.22176712814856,-0.06632368597326921,0.00923307391003858,1
2023-02-27,23.42268753051757,23.5009994506836,23.8799991607666,23.45400047302246,23.670000076293945,452994000,NVDA,0.00923307391003858,0.09879342611936082,0.1539896552624962,22.2974494934082,21.6422908782959,18.51840564727783,0.06898352769600304,0.04676358342327855,-0.23184380277964312,546207200.0,62.127899768809456,-0.02058987045238858,-0.012127211908176672,0
2023-02-28,23.138635635375977,23.215999603271484,23.825000762939453,23.20599937438965,23.371999740600582,455963000,NVDA,-0.012127211908176672,0.12398922532143941,0.21156446829893594,22.80794219970703,21.844315338134766,18.628876190185547,0.06516935999689795,0.044324436647472355,0.006554170695417527,544574800.0,55.702545369622065,-0.019846602390374946,-0.02231193682396515,0
2023-03-01,22.62236785888672,22.69799995422364,23.256000518798828,22.507999420166016,23.191999435424805,460026000,NVDA,-0.02231193682396515,0.09366891861861348,0.16179566363920528,23.1954475402832,22.001838779449464,18.743413276672364,0.0683441516997783,0.04486121407577879,0.008910810745608844,542675250.0,52.559476309623356,-0.062115741831409776,0.027138848203418497,1
2023-03-02,23.236312866210938,23.31399917602539,23.3799991607666,22.43199920654297,22.488000869750977,389415000,NVDA,0.027138848203418497,-0.014790292402806271,0.1132118867532983,23.12568130493164,22.119993591308592,18.87782398223877,0.02050845813381149,0.042582257590827004,-0.15349349819358038,529122150.0,54.829476870683955,-0.056859293050411486,0.024705972163394874,1
2023-03-03,23.81038856506348,23.88999938964844,23.89999961853028,23.1299991607666,23.31999969482422,412393000,NVDA,0.024705972163394874,0.02593827506780766,0.10046528340185357,23.246078491210938,22.228680229187013,19.030034980773927,0.021994993957933456,0.04221779162663691,0.05900645840555696,521528000.0,63.644871582910554,-0.02450505032083461,-0.014064163570780663,0
2023-03-06,23.475515365600582,23.554000854492188,24.24799919128418,23.48699951171875,23.891000747680664,437429000,NVDA,-0.014064163570780663,0.0022554130483183332,0.1163035560925274,23.25664405822754,22.350971603393553,19.178917274475097,0.023384618328970597,0.041744027779828455,0.060709080900985146,521931150.0,59.361790107450425,-0.03481364143611754,-0.011125509234655162,0
2023-03-07,23.214338302612305,23.288000106811523,24.125,23.24099922180176,23.600000381469727,515154000,NVDA,-0.011125509234655162,0.0032716996986887903,0.10445969992196846,23.271784591674805,22.460752105712892,19.314283752441405,0.023251503306008947,0.041902347628517925,0.1776859787531233,525079000.0,51.88551058233834,-0.06653961431541511,0.03834598951162538,1
2023-03-08,24.1045150756836,24.18099975585937,24.200000762939453,23.42399978637696,23.48699951171875,513573000,NVDA,0.03834598951162538,0.06551689133702476,0.09074570046126063,23.56821403503418,22.561022090911866,19.49061632156372,0.02394715610720665,0.04125079678045224,-0.003068985196659657,517550150.0,57.72577693483339,-0.03639808995230709,-0.030809304978403063,0
2023-03-09,23.36187171936035,23.43600082397461,24.45400047302246,23.382999420166016,24.174999237060547,501257000,NVDA,-0.030809304978403063,0.005403561824647074,0.055617330660465925,23.593325805664065,22.622565460205077,19.65474714279175,0.028903468570997553,0.04202535864921832,-0.02398101146283005,514630450.0,57.83185222707934,-0.07317909288671554,-0.020097402515228735,0
2023-03-10,22.892358779907227,22.96500015258789,23.62700080871582,22.72599983215332,23.40900039672852,474866000,NVDA,-0.020097402515228735,-0.038555850638374745,0.02828933457482341,23.40971984863281,22.65405511856079,19.831115379333497,0.026739918775550667,0.04234815186285906,-0.052649638808036636,512179950.0,58.74639035018341,-0.13238038339736757,4.3658702591597986e-05,1
2023-03-13,22.89335823059082,22.965999603271484,23.29800033569336,22.29700088500977,22.75200080871582,421890000,NVDA,4.3658702591597986e-05,-0.02479848156444797,0.08017408830515071,23.293288421630862,22.739016151428224,20.00919797897339,0.026624793076009283,0.040680545659537166,-0.11155989268551547,505737600.0,63.936118490936416,-0.17220212312624517,0.04776620085808925,1
2023-03-14,23.98688697814941,24.0629997253418,24.2189998626709,23.459999084472656,23.496000289916992,474910000,NVDA,0.04776620085808925,0.03327894448105684,0.10460284084815585,23.44779815673828,22.85259075164795,20.19784896850586,0.03484481750141613,0.0415992669478712,0.12567256867903964,505737150.0,67.80542971998574,-0.12767446362006574,0.006857088604303785,1
2023-03-15,24.1513671875,24.22800064086914,24.285999298095703,23.36000061035156,23.76099967956543,524486000,NVDA,0.006857088604303785,0.001943706881025964,0.05490029065369417,23.457168579101562,22.915436363220216,20.389570236206055,0.030327060909998198,0.04000867882246834,0.10439030553157447,498187750.0,54.33106983540814,-0.0916111596357283,0.05419343384820663,1
2023-03-16,25.46021270751953,25.541000366210938,25.58799934387207,23.893999099731445,24.027000427246094,583253000,NVDA,0.05419343384820663,0.089819044183016,0.12218143892777578,23.8768367767334,23.054039859771727,20.6134285736084,0.03199098337372896,0.04144740002929725,0.11204684205107474,506321650.0,65.07465202185483,0.010495873347403983,0.007204039050427102,1
2023-03-17,25.64362907409668,25.725000381469727,26.39900016784668,25.667999267578125,25.98200035095215,848547000,NVDA,0.007204039050427102,0.12018290996750669,0.16941019211448038,24.42709083557129,23.239787006378172,20.83230411529541,0.025608924216756587,0.04036355752743977,0.45485235395274426,528147700.0,64.9297078123145,0.07679903521103748,0.006802856185067485,1
2023-03-20,25.818078994750977,25.89999961853028,26.02400016784668,25.1299991607666,25.614999771118164,432747000,NVDA,0.006802856185067485,0.12775411692339889,0.21116483484232607,25.01203498840332,23.46485424041748,21.06431636810303,0.024220893135710398,0.039447538637533336,-0.4900141064667013,526490650.0,68.28125016266767,0.11643804481991427,0.01154452878593104,1
2023-03-21,26.11613655090332,26.198999404907227,26.39200019836425,25.381000518798828,26.18000030517578,547408000,NVDA,0.01154452878593104,0.08876723247554064,0.26862519263494944,25.437884902954103,23.741352462768553,21.290449409484864,0.020708824722665192,0.03802605628683727,0.264960820063455,533360300.0,74.5687718410647,0.14490950265229863,0.010267464882101951,1
2023-03-22,26.3842830657959,26.468000411987305,27.589000701904297,26.23699951171875,26.424999237060547,797295000,NVDA,0.010267464882101951,0.09245505072075533,0.2755371369209283,25.88446807861328,24.026324558258057,21.506616592407227,0.020330756464877437,0.037986457610912676,0.456491319089235,547565850.0,73.26871536183002,0.16264970367190434,0.027315911999475473,1
2023-03-23,27.10499382019043,27.19099998474121,27.499000549316406,26.690000534057617,27.114999771118164,564889000,NVDA,0.027315911999475473,0.0646020177272566,0.1492401221213242,26.213424301147462,24.20231704711914,21.731596717834474,0.008453289925524137,0.023815035837431296,-0.2914931110818455,519910550.0,73.83588841750364,0.20124467108562216,-0.015152042918274322,0
2023-03-24,26.694297790527344,26.77899932861328,27.16699981689453,26.354999542236328,27.0310001373291,454920000,NVDA,-0.015152042918274322,0.04097191990239679,0.15019970188743526,26.423558044433594,24.37661180496216,21.94652904510498,0.015232682804129042,0.023773546596414282,-0.19467364384861452,513170750.0,73.0346041363134,0.1782253749851921,-0.009260833839448313,0
2023-03-27,26.44708633422852,26.5310001373291,27.0,26.364999771118164,26.83699989318848,361026000,NVDA,-0.009260833839448313,0.024363057360132112,0.1291226209533145,26.5493595123291,24.527831745147704,22.146351127624513,0.01716127140944283,0.024051890699361686,-0.20639672909522555,508572350.0,73.18088131309331,0.12782115358135915,-0.004560832373544099,0
2023-03-28,26.326465606689453,26.40999984741211,26.51300048828125,25.850000381469727,26.44700050354004,356104000,NVDA,-0.004560832373544099,0.008053605301694411,0.13777087039823988,26.591425323486327,24.68722324371338,22.336026649475098,0.01712383753465312,0.02380399359344852,-0.013633367125913343,503579400.0,67.90936701917327,0.07068225841239051,0.02173415974468651,1
2023-03-29,26.89864921569824,26.983999252319336,27.077999114990234,26.597000122070312,26.825000762939453,393694000,NVDA,0.02173415974468651,0.01949517250931687,0.18902890199142752,26.694298553466798,24.901037311553956,22.521139335632324,0.019196805209177322,0.022998582908242443,0.10555905016512024,500262800.0,79.31261136734116,0.05636957057880121,0.014786594197015557,1
2023-03-30,27.29638862609864,27.382999420166016,27.499000549316406,27.10199928283692,27.22900009155273,364516000,NVDA,0.014786594197015557,0.007061237762232553,0.1747297767621152,26.732577514648437,25.10404109954834,22.720685234069823,0.01593560581386275,0.022647387461743218,-0.0741133977149766,499017850.0,86.93982643730608,0.05838871569288173,0.014388482170813344,1
2023-03-31,27.68914222717285,27.777000427246094,27.833999633789062,27.104999542236328,27.13999938964844,433933000,NVDA,0.014388482170813344,0.03726805044478576,0.1629017372610455,26.93154640197754,25.297978782653807,22.94028537750244,0.013504741334671987,0.022370426665317293,0.19043608511011856,500094850.0,87.74519487990277,0.0700872279776974,0.006768232052095868,1
2023-04-03,27.876548767089844,27.96500015258789,28.0,27.336000442504883,27.50900077819824,398716000,NVDA,0.006768232052095868,0.054049902314240006,0.18747334543880712,27.217438888549804,25.518030452728272,23.14222515106201,0.010004751926371831,0.021775446829367627,-0.08115769024250286,498159200.0,85.70647162869108,0.07397481205515177,-0.01830864010005928,0
2023-04-04,27.366167068481445,27.452999114990234,28.0,27.30699920654297,27.965999603271484,368592000,NVDA,-0.01830864010005928,0.03949263366092737,0.17884760322468196,27.4253791809082,25.725621891021728,23.306967582702637,0.015565023528120826,0.02217778836128618,-0.07555252360075848,490831100.0,77.74910182775704,0.028063045291421007,-0.020835597044359444,0
2023-04-05,26.795976638793945,26.881000518798828,26.99799919128418,26.395000457763672,26.82900047302246,515015000,NVDA,-0.020835597044359444,-0.003817016091810732,0.11165798418510664,27.404844665527342,25.860194969177247,23.458871116638182,0.017598011036808848,0.021931585298388175,0.3972495333593784,490903200.0,63.215010719948005,-0.05053603397662476,0.005803267736076645,1
2023-04-06,26.95148086547852,27.03700065612793,27.07999992370605,26.427000045776367,26.583999633789062,397654000,NVDA,0.005803267736076645,-0.012635655410120683,0.1536524636912291,27.33586311340332,26.039675426483154,23.61272850036621,0.016016807518440333,0.020197998956002508,-0.22787879964661228,485723050.0,63.010725593232,-0.0990752743913943,0.020046654227237726,1
2023-04-10,27.49176788330078,27.57900047302246,27.621000289916992,26.66900062561035,26.82299995422364,395279000,NVDA,0.020046654227237726,-0.007128221678112334,0.20091459982841453,27.296388244628908,26.26964588165283,23.767843551635742,0.017622185459961297,0.019300185300531285,-0.005972528881892258,481743700.0,65.52042995461818,-0.101447331580103,-0.014866441453504575,0
2023-04-11,27.08306312561035,27.16900062561035,27.790000915527344,27.1259994506836,27.724000930786133,314378000,NVDA,-0.014866441453504575,-0.028464271101459104,0.18300962457404424,27.13769111633301,26.479131126403807,23.903562049865723,0.01779943894674183,0.019956217467536116,-0.20466809519352158,476368100.0,58.786189120368924,-0.13508956467824684,-0.02480765811050878,0
2023-04-12,26.411195755004883,26.4950008392334,27.468000411987305,26.44799995422364,27.3700008392334,446259000,NVDA,-0.02480765811050878,-0.03489605654627592,0.10106808687029156,26.946696853637697,26.600346565246582,24.049823036193846,0.019143140762731704,0.01904162026992319,0.41949818371514547,474935550.0,50.22783199529804,-0.20305428349896948,-0.0012077642690263568,0
2023-04-13,26.379297256469727,26.46299934387207,26.886999130249023,26.32900047302246,26.733999252319336,353615000,NVDA,-0.0012077642690263568,-0.015550072607578347,0.09224861067587242,26.863360977172853,26.711743068695068,24.187971000671386,0.017523156706169857,0.01908547840600979,-0.2076014153215957,466392000.0,43.045480002515134,-0.24766472844930076,0.01114758564660967,1
2023-04-14,26.6733627319336,26.757999420166016,26.882999420166016,26.21999931335449,26.503999710083008,395660000,NVDA,0.01114758564660967,-0.010319215294071427,0.047648856604240786,26.807737350463867,26.77240056991577,24.303973922729494,0.018338870445094684,0.01523663956728194,0.11890049913041012,457012350.0,49.79478711406672,-0.25393187642267745,0.009118794461648871,1
2023-04-17,26.91659164428711,27.00200080871582,27.006000518798828,26.433000564575195,26.565000534057617,321471000,NVDA,0.009118794461648871,-0.02092176252379352,0.04964050004436715,26.692702102661134,26.836048698425294,24.40957263946533,0.015494443530576047,0.015274115575016945,-0.18750695041196985,430658550.0,54.60585403531458,-0.23850316301398866,0.024627825051023677,1
2023-04-18,27.57948875427246,27.66699981689453,28.11000061035156,27.35700035095215,27.53300094604492,604812000,NVDA,0.024627825051023677,0.018329744547716187,0.0682238891545568,26.791987228393555,26.924119186401366,24.540568656921387,0.018436022839366385,0.016037162935036382,0.8813889899866552,439261800.0,61.11011707357001,-0.18295886175715526,0.009542106815578322,1
2023-04-19,27.84265518188477,27.93099975585937,28.0,27.23200035095215,27.36100006103516,358660000,NVDA,0.009542106815578322,0.05419896320327067,0.066109266491859,27.078279113769533,27.01044511795044,24.67704719543457,0.009216909511342313,0.015990001841113797,-0.40698927931324114,429824400.0,58.85543869518127,-0.1302754893102458,-0.029608695145836084,0
2023-04-20,27.01827049255371,27.10400009155273,28.030000686645508,27.0,27.67099952697754,427713000,NVDA,-0.029608695145836084,0.024222526850190107,0.024028980631264574,27.206073760986328,27.04214448928833,24.775430297851564,0.02036170034748629,0.017494414987306098,0.19253053030725487,411345300.0,47.58441157409672,-0.1512550884282683,0.0005534630088692705,1
2023-04-21,27.03322410583496,27.11899948120117,27.183000564575195,26.722000122070312,26.95199966430664,345103000,NVDA,0.0005534630088692705,0.013491413794276985,-0.002647841015259944,27.2780460357666,27.038556003570555,24.87347469329834,0.020107191871442984,0.016391189573991192,-0.19314353316359334,400356000.0,43.90290172872567,-0.16339607521368027,-0.0028393033469165108,0
2023-04-24,26.95646858215332,27.04199981689453,27.36599922180176,26.67099952697754,27.01300048828125,339282000,NVDA,-0.0028393033469165108,0.0014815002728874038,0.009821228251938097,27.286021423339843,27.051664543151855,24.967352752685546,0.01988459753503368,0.016019330992026664,-0.01686742798526819,394574100.0,41.26774601489665,-0.17484099059673008,-0.029620773521287447,0
2023-04-25,26.157997131347656,26.24099922180176,27.246999740600582,26.225000381469727,27.077999114990234,378527000,NVDA,-0.029620773521287447,-0.05154162339954893,-0.010930852617466402,27.001723098754884,27.037210083007814,25.066629943847655,0.01811934098103663,0.017277219351891696,0.11567073997441657,395449150.0,39.1280751601107,-0.23090938695851448,0.027247496850737907,1
2023-04-26,26.870737075805664,26.95599937438965,27.32999992370605,26.70499992370605,27.00200080871582,406337000,NVDA,0.027247496850737907,-0.0349075222793932,0.020673928557197296,26.807339477539063,27.064423656463624,25.169736785888674,0.023822271678500307,0.01830799020445517,0.07346899956938335,397960800.0,50.65591700865966,-0.21503944872995573,0.010016393378622368,1
2023-04-27,27.13988494873047,27.22599983215332,27.4950008392334,26.625,27.363000869750977,377161000,NVDA,0.010016393378622368,0.0045011932281260325,0.008968321460969264,26.831662368774413,27.076485443115235,25.254645385742187,0.020753146314009197,0.01779605580338827,-0.07180246937886536,397134150.0,51.62066114075325,-0.18273077573470176,0.019209626233983812,1
2023-04-28,27.661231994628903,27.749000549316406,27.757999420166016,27.07099914550781,27.225000381469727,292216000,NVDA,0.019209626233983812,0.02323096521285417,0.013365994070784426,26.957263946533203,27.09472761154175,25.35410717010498,0.022259193450420343,0.018007884581018287,-0.22522211999650021,393519150.0,51.46250407403381,-0.1253010538484014,0.04183926966281293,1
2023-05-01,28.81855773925781,28.90999984741211,29.058000564575195,27.780000686645508,27.84000015258789,570329000,NVDA,0.04183926966281293,0.06907763720717086,0.04078911158817333,27.3296817779541,27.151198387145996,25.49190460205078,0.02690706297504005,0.02002927094885366,0.9517377556328195,400338950.0,63.26374487867862,-0.014264244873889553,-0.024213089964117307,0
2023-05-02,28.12077140808105,28.209999084472656,28.836000442504883,28.08300018310547,28.68000030517578,402730000,NVDA,-0.024213089964117307,0.07503534260966838,0.008760863585794088,27.72223663330078,27.163409519195557,25.627985343933105,0.0247508039175615,0.020838366813585103,-0.2938637172579336,400539650.0,63.01409682623939,0.00619530704115856,-0.014462962808467927,0
2023-05-03,27.714061737060547,27.802000045776367,28.367000579833984,27.472000122070312,27.84000015258789,383387000,NVDA,-0.014462962808467927,0.03138450050237762,0.012712582938945172,27.890901565551758,27.18080425262451,25.77054313659668,0.026483489445522878,0.02067136977478664,-0.04802969731581952,401279400.0,59.61233156809897,-0.012628022429690744,-0.008632464220947655,0
2023-05-04,27.47482109069824,27.562000274658203,27.858999252319336,27.239999771118164,27.650999069213867,321850000,NVDA,-0.008632464220947655,0.01234110397300836,0.025333820112437788,27.957888793945312,27.214746475219727,25.906342735290526,0.027164982426008344,0.020172139830085225,-0.16050883311119057,391621150.0,55.81765625687923,-0.04437008714939694,0.040563096024295975,1
2023-05-05,28.589284896850582,28.68000030517578,28.7549991607666,27.731000900268555,27.826000213623047,361494000,NVDA,0.040563096024295975,0.03355067129337863,0.060768610064387385,28.14349937438964,27.29663667678833,26.006425552368164,0.03169993714151416,0.021983523879365564,0.12317539226347685,389813150.0,60.77851016001108,0.003945990701105573,0.01642262245447834,1
2023-05-08,29.05879592895508,29.150999069213867,29.21999931335449,28.350000381469727,28.52199935913086,344979000,NVDA,0.01642262245447834,0.00833623222476576,0.05699990092692997,28.191547012329103,27.374988079071045,26.123433418273926,0.026297852093739915,0.021851745359763645,-0.045685405566897375,387298150.0,59.776013955956564,0.05873977966774402,-0.01989638716397024,0
2023-05-09,28.48063087463379,28.57099914550781,28.972999572753903,28.450000762939453,28.89900016784668,314869000,NVDA,-0.01989638716397024,0.012796927272390679,0.05160301634056541,28.26351890563965,27.444866466522218,26.22459228515625,0.025275800530509977,0.022095797621345427,-0.08728067505558312,387322700.0,54.04755422122669,0.04772717139475824,0.010990116362431968,1
2023-05-10,28.793636322021484,28.88500022888184,29.113000869750977,28.461000442504883,29.0049991607666,369350000,NVDA,0.010990116362431968,0.03895403695075417,0.0902057062889754,28.479433822631837,27.563988494873048,26.33769229888916,0.02342553470554496,0.021176781070834174,0.17302751302922803,383477250.0,62.04516014653947,0.0528093269413491,-0.010628532107308408,0
2023-05-11,28.48760223388672,28.577999114990234,28.950000762939453,28.246000289916992,28.895999908447266,322149000,NVDA,-0.010628532107308408,0.03686215607538079,0.07992271200097689,28.68199005126953,27.669403743743896,26.454996986389162,0.02379163532918596,0.021414791045149546,-0.1277947746040341,381903950.0,59.492457826195746,0.028086933544900217,-0.008327827512428554,0
2023-05-12,28.250362396240234,28.34000015258789,28.780000686645508,28.04599952697754,28.52899932861328,274222000,NVDA,-0.008327827512428554,-0.01185487856143208,0.05912264157149694,28.61420555114746,27.748253726959227,26.555277976989746,0.015350041184777658,0.021518505110602954,-0.14877277284734702,375832050.0,58.271721754738074,-0.009694112458025428,0.021630001257146203,1
2023-05-15,28.861417770385746,28.952999114990234,28.9689998626709,28.152000427246094,28.507999420166016,293926000,NVDA,0.021630001257146203,-0.006792372232211519,0.0722538035944611,28.574729919433594,27.84549503326416,26.656298561096193,0.0170224491980139,0.0218816287638363,0.0718541911298145,374454800.0,67.70697812130291,0.00047878942263190893,0.008980157213055007,1
2023-05-16,29.12059783935547,29.21299934387207,29.8700008392334,28.832000732421875,28.840999603271484,449405000,NVDA,0.008980157213055007,0.022470252416060932,0.05587881265000849,28.70272331237793,27.92255048751831,26.769200210571288,0.013684405926219287,0.021368466989155534,0.528973278988589,366684450.0,65.66709142438341,0.017718065298463426,0.03303326394883799,1
2023-05-17,30.08254623413086,30.17799949645996,30.198999404907227,29.43000030517578,29.583999633789062,432535000,NVDA,0.03303326394883799,0.04476370742807534,0.08044818418407984,28.960505294799805,28.034545040130617,26.90656436920166,0.018858873207166938,0.022372592581066886,-0.03753852315839834,370378200.0,68.688280181388,0.08329134587125642,0.04970511512930753,1
2023-05-18,31.57780265808105,31.67799949645996,31.827999114990234,30.31999969482422,30.40999984741211,748725000,NVDA,0.04970511512930753,0.10847527281599234,0.1687573661231927,29.578545379638673,28.26252164840698,27.05603012084961,0.02221361057366462,0.02309831984659056,0.7310159871455488,386428800.0,72.13521662406875,0.2095666191722816,-0.01306902575842761,0
2023-05-19,31.165111541748047,31.263999938964844,31.57999992370605,30.916000366210938,31.535999298095703,473908000,NVDA,-0.01306902575842761,0.10317563734671698,0.15284478905426768,30.161495208740234,28.469116020202637,27.212094917297364,0.023821725968095578,0.02352873639361665,-0.36704664596480685,392869050.0,64.4808108981029,0.24503076761231413,-0.0028147138460958843,0
2023-05-22,31.077390670776367,31.176000595092773,31.520000457763672,30.68000030517578,30.900999069213867,372000000,NVDA,-0.0028147138460958843,0.07677976591518654,0.15287321764955997,30.60468978881836,28.67516212463379,27.375795555114745,0.02584074781866032,0.02352817396884506,-0.21503751783046499,394504950.0,69.73125815601611,0.24189754021556453,-0.01565323307087496,0
2023-05-23,30.59092903137207,30.6879997253418,31.288000106811523,30.631000518798828,31.0,356253000,NVDA,-0.01565323307087496,0.05049110599060236,0.1694675581530669,30.89875602722168,28.89680871963501,27.529746971130372,0.029416083812637342,0.02255883965182552,-0.04233064516129037,393391250.0,68.9968122582587,0.18873843662207146,-0.004887627282350149,0
2023-05-24,30.4414119720459,30.538000106811523,30.60700035095215,29.80599975585937,30.209999084472656,721419000,NVDA,-0.004887627282350149,0.01192936711945869,0.1328833997432568,30.97052917480469,29.075342464447022,27.6588374710083,0.026846595257618084,0.02226555745187717,1.0250187366843226,409145350.0,69.82418922549758,0.12808361390404788,0.2436960321031234,1
2023-05-25,37.85986328125,37.97999954223633,39.47999954223633,36.6349983215332,38.52299880981445,1543911000,NVDA,0.2436960321031234,0.19893913111022976,0.3949898222770831,32.22694129943848,29.611341381072997,27.9330073928833,0.11318469574153978,0.05755693506728333,1.1401030469117117,467482850.0,83.62258280657099,0.5485883783500427,0.025434429691631122,1
2023-05-26,38.82280731201172,38.94599914550781,39.16999816894531,37.54999923706055,37.88999938964844,714397000,NVDA,0.025434429691631122,0.2457137289563558,0.40350969615345056,33.75848045349121,30.169420146942137,28.200259284973143,0.1098071518869481,0.057579654887316215,-0.5372809702113659,488591900.0,84.18850328450871,0.8354053586663774,0.029913239108018796,1
2023-05-30,39.98412322998047,40.11100006103516,41.9379997253418,39.94900131225586,40.595001220703125,923401000,NVDA,0.029913239108018796,0.28659846811333334,0.3874435907495979,35.53982696533203,30.727698421478273,28.48706916809082,0.10687096696211211,0.057386500125522925,0.2925600191490165,506245500.0,88.698884643869,1.0341495784133565,-0.05676739367413253,0
2023-05-31,37.71432876586914,37.83399963378906,40.29499816894531,37.821998596191406,39.48799896240234,1002580000,NVDA,-0.05676739367413253,0.2328598692505146,0.3411555543256255,36.96450691223144,31.207376289367676,28.724994163513184,0.11500567047123718,0.059080233907224354,0.08574714560629682,536238000.0,76.51872465503635,0.9459505127189494,0.051170955390562156,1
2023-06-01,39.64420700073242,39.77000045776367,40.04999923706055,38.34000015258789,38.48899841308594,635873000,NVDA,0.051170955390562156,0.30231170082180725,0.4304726379287207,38.80506591796875,31.80388355255127,28.995555572509765,0.11129713902755396,0.059106641971033984,-0.3657633306070338,548862300.0,80.24543102865225,0.9483817833736292,-0.011139004113643214,0
2023-06-02,39.20261001586914,39.32699966430664,40.5,39.05799865722656,40.09700012207031,482731000,NVDA,-0.011139004113643214,0.03546623305647634,0.42685587965999217,39.07361526489258,32.39027299880981,29.25192211151123,0.04245177368173799,0.05917214951629847,-0.24083739992105346,556906350.0,79.36603952367355,0.8539873795786734,-0.003966729102226951,0
2023-06-05,39.04710388183594,39.17100143432617,39.56499862670898,38.70700073242188,38.90900039672852,396094000,NVDA,-0.003966729102226951,0.005777443347195099,0.365795053031823,39.11847457885742,32.91316394805908,29.49076431274414,0.04140848081367686,0.05917240043548088,-0.17947262554093268,558636350.0,77.99455545379868,0.720164069247645,-0.01319846376950895,0
2023-06-06,38.53174209594727,38.65399932861328,39.15999984741211,38.14799880981445,38.83000183105469,388729000,NVDA,-0.01319846376950895,-0.03632394602426059,0.3259923842045036,38.827998352050784,33.38681125640869,29.727513198852538,0.03848754618087001,0.05956206905386213,-0.018594071104333865,560823850.0,75.50660659958992,0.5440361766237234,-0.030401158712645038,0
2023-06-07,37.36033248901367,37.47499847412109,39.499000549316406,37.35599899291992,38.915000915527344,511998000,NVDA,-0.030401158712645038,-0.009386254202032318,0.31178036938390186,38.757199096679685,33.83079633712769,29.94577812194824,0.031005465193030688,0.059937718799460714,0.31710780518047277,570680300.0,69.50322404682179,0.30751809877796976,0.027618529992535112,1
2023-06-08,38.39216995239258,38.5099983215332,38.86399841308594,37.505001068115234,37.7239990234375,417772000,NVDA,0.027618529992535112,-0.03158184115819773,0.33335607642686305,38.50679168701172,34.31072301864624,30.187092208862303,0.02125880583323377,0.0599917729614836,-0.1840358751401373,573101400.0,68.7264621348378,0.18545247614457638,0.006751503361841049,1
2023-06-09,38.65137481689453,38.77000045776367,39.71099853515625,38.56700134277344,39.0369987487793,427717000,NVDA,0.006751503361841049,-0.014061186200395093,0.35677880151379493,38.3965446472168,34.81891164779663,30.422146720886232,0.02172384790008958,0.059710717645635576,0.02380485049261316,578379800.0,70.74791619972342,0.09179202561207411,0.018364572602308726,1
2023-06-12,39.36119079589844,39.48199844360352,39.52999877929688,38.61800003051758,39.20000076293945,388701000,NVDA,0.018364572602308726,0.008043795386541097,0.3932986148573059,38.4593620300293,35.37445306777954,30.663442764282227,0.023597477809023572,0.05941508004475711,-0.09121919399977085,584103750.0,72.19299616334948,0.04939295826005852,0.03900516557960132,1
2023-06-13,40.896480560302734,41.02199935913086,41.10100173950195,39.7400016784668,40.18600082397461,613208000,NVDA,0.03900516557960132,0.061371179596994674,0.416994857482919,38.93230972290039,35.97620620727539,30.927589530944825,0.026640063024497482,0.059594322582781904,0.5775827692750983,600067850.0,76.14040044606895,0.09391339394321196,0.04814487620148822,1
2023-06-14,42.86543655395508,42.99700164794922,43.0,40.55199813842773,40.82400131225586,740465000,NVDA,0.04814487620148822,0.14735158116058678,0.47199713379592567,40.03333053588867,36.66344814300537,31.227367286682128,0.0163662200527752,0.059887421160186596,0.20752664674955312,614620850.0,78.85099482798407,0.21804097341885775,-0.0080005930452276,0
2023-06-15,42.52248764038086,42.65299987792969,43.28900146484375,42.14699935913086,42.60200119018555,568622000,NVDA,-0.0080005930452276,0.10758229329339808,0.4135268773271583,40.85939407348633,37.28544521331787,31.530493698120118,0.022977825896615667,0.060157453792018784,-0.23207443971018216,621425200.0,66.12710801930695,0.23752046591840115,0.000914415204429142,1
2023-06-16,42.561370849609375,42.69200134277344,43.72100067138672,42.6609992980957,43.45000076293945,655709000,NVDA,0.000914415204429142,0.1011605939306921,0.347825601117864,41.6413932800293,37.834623622894284,31.845801582336424,0.02399897806892774,0.059834977908130964,0.1531544681704191,616774400.0,63.81399269299294,0.2142136945470443,0.026140769267723574,1
2023-06-20,43.67395782470703,43.80799865722656,43.9900016784668,42.67399978637695,42.99800109863281,451153000,NVDA,0.026140769267723574,0.10956901815221509,0.40137338402278555,42.503946685791014,38.46006593704224,32.180251121520996,0.024143491284033078,0.05945437828698043,-0.31196155611711907,615636650.0,63.68321343916236,0.2333441309861337,-0.01741683412138806,0
2023-06-21,42.91329574584961,43.04499816894531,43.6150016784668,42.08000183105469,43.5009994506836,551603000,NVDA,-0.01741683412138806,0.04931512829259321,0.3808526011871112,42.90730972290039,39.0518611907959,32.488681678771975,0.026803910897662795,0.059818653624476255,0.22265173898876878,624616800.0,71.70951187933592,0.15799232119854345,-0.0004646444012482709,0
2023-06-22,42.89335632324219,43.025001525878906,43.42599868774414,42.23400115966797,42.25299835205078,417737000,NVDA,-0.0004646444012482709,0.0006513352372363723,0.40215932243357333,42.91289367675781,39.6669825553894,32.80488754272461,0.016213206257585898,0.05946715985197635,-0.24268540961524865,627691000.0,66.14243635000457,0.07428202928349625,-0.018965806125022633,0
2023-06-23,42.07984924316406,42.20899963378906,42.80899810791016,42.01499938964844,42.4640007019043,358140000,NVDA,-0.018965806125022633,-0.010409513219458266,0.38232251781900417,42.82436599731445,40.248904418945315,33.118260612487795,0.018222669501945263,0.05984128071107489,-0.1426663187603684,609527050.0,63.78528287527447,-0.06109190322292646,-0.03736168499988213,0
2023-06-26,40.50767517089844,40.63199996948242,42.76399993896485,40.09999847412109,42.46099853515625,594322000,NVDA,-0.03736168499988213,-0.04825257358292501,0.06993717515508724,42.41362686157227,40.38129501342773,33.400828170776364,0.023876708072886662,0.029133230384278456,0.6594683643267996,562047600.0,56.16140803493439,-0.27002819377609333,0.030616326974951313,1
2023-06-27,41.74787139892578,41.8759994506836,41.93999862670898,40.448001861572266,40.79899978637695,462175000,NVDA,0.030616326974951313,-0.04410148568425909,0.0753439611774045,42.02840957641602,40.527548217773436,33.70231834411621,0.025575648044746654,0.02935804147071141,-0.2223491642577593,549436500.0,62.78533847847176,-0.33402480838203275,-0.018124984808963962,0
2023-06-28,40.99119186401367,41.117000579833984,41.845001220703125,40.51800155639648,40.65999984741211,582639000,NVDA,-0.018124984808963962,-0.044790404661982586,0.025186712942053324,41.64398880004883,40.577901649475095,33.983810348510744,0.025637744127146988,0.029094433439890478,0.26064585925244765,532398400.0,64.92622885520959,-0.4304958697856818,-0.007174753934053868,0
2023-06-29,40.69709014892578,40.821998596191406,41.59999847412109,40.59999847412109,41.55799865722656,380514000,NVDA,-0.007174753934053868,-0.051202945224557705,0.07908827972449539,41.204735565185544,40.72703971862793,34.24616237640381,0.02526126734245355,0.02577835243832837,-0.34691292549932295,501295100.0,60.08722592897919,-0.511762289895263,0.036254869242136945,1
2023-06-30,42.17255783081055,42.30199813842773,42.54999923706055,41.5009994506836,41.68000030517578,501148000,NVDA,0.036254869242136945,0.0022031587402024932,0.0637760475327811,41.22327728271485,40.85345726013183,34.53276042938232,0.03171796911340038,0.02453123284551079,0.3170290712036876,494558850.0,63.9273985256277,-0.4651424207204604,0.002624084792763881,1
2023-07-03,42.28322219848633,42.41299819946289,42.89799880981445,42.20199966430664,42.516998291015625,198209000,NVDA,0.002624084792763881,0.04383236065997398,0.07858181333768743,41.57838668823242,41.0074878692627,34.838059463500976,0.023706559320621885,0.024294411426076835,-0.6044900907516342,480332750.0,62.13260904480015,-0.4268481989871358,-0.002263473186787879,0
2023-07-05,42.18751525878906,42.31700134277344,43.17699813842773,42.084999084472656,42.1349983215332,323618000,NVDA,-0.002263473186787879,0.010530928766696146,0.08042623049475361,41.66631546020508,41.16450843811035,35.14114528656006,0.02049882704018048,0.02426773450611385,0.6327109263454234,476708950.0,56.08836519001574,-0.4079770394845341,-0.005056964316780821,0
2023-07-06,41.97417449951172,42.10300064086914,42.17900085449219,41.34600067138672,41.84400177001953,303582000,NVDA,-0.005056964316780821,0.023980337989659928,0.08934017037154729,41.862911987304685,41.33663005828858,35.441499404907226,0.017920387008004857,0.024028458520882104,-0.0619125017767862,472451600.0,44.962833381698736,-0.4088463898184318,0.00950025983166114,1
2023-07-07,42.37294006347656,42.50299835205078,43.2140007019043,42.18000030517578,42.321998596191406,355881000,NVDA,0.00950025983166114,0.04117861764608288,0.13416924423616727,42.198081970214844,41.58726043701172,35.765798263549804,0.016621431025308525,0.022586057793963606,0.17227305966756923,464645750.0,49.16009757548152,-0.38204809731873546,-0.007599246368231616,0
2023-07-10,42.05093765258789,42.18000030517578,42.81100082397461,41.64899826049805,42.65700149536133,353908000,NVDA,-0.007599246368231616,-0.002883870091792362,0.09529984121065027,42.17375793457031,41.770198822021484,36.06940227508545,0.006782748666666533,0.022227467330664368,-0.005543988018466894,461452550.0,47.22161660231868,-0.38444003649274117,0.005334106960274809,1
2023-07-11,42.27524185180664,42.40499877929688,42.757999420166016,42.06700134277344,42.48099899291992,298244000,NVDA,0.005334106960274809,-0.00018873553775600183,0.09375777839933686,42.17216186523437,41.95139217376709,36.37210941314697,0.007196369266259617,0.02222315806590656,-0.15728381387253187,454978900.0,41.57147369161476,-0.36926222977446077,0.03530255406845617,1
2023-07-12,43.76766586303711,43.902000427246094,43.935001373291016,42.777000427246094,43.03300094604492,481277000,NVDA,0.03530255406845617,0.03745540818308446,0.11194973978271605,42.48819198608398,42.171715927124026,36.694238090515135,0.01708316908615822,0.023076714713916667,0.6137022035648663,459607700.0,54.73111192790784,-0.26209762526254754,0.04726424031312004,1
2023-07-13,45.83631134033203,45.97700119018555,46.15499877929688,44.492000579833984,44.51800155639648,478204000,NVDA,0.04726424031312004,0.09201221672305282,0.12078865252831261,43.26061935424805,42.41870746612549,37.03459316253662,0.022603971636039107,0.02376999686353617,-0.006385096316674166,452857500.0,63.28290449190194,-0.0655247423129306,-0.01104886484481904,0
2023-07-14,45.329872131347656,45.46900177001953,48.0880012512207,45.060001373291016,46.58300018310547,772075000,NVDA,-0.01104886484481904,0.06978350011685475,0.057492370905649626,43.85200576782226,42.54192924499512,37.378775177001955,0.026121196396775577,0.02185183652700366,0.6145306187317547,454438000.0,65.08703644020073,0.012596297420776947,0.021816881559921786,1
2023-07-17,46.31882858276367,46.46099853515625,46.49599838256836,45.262001037597656,46.28900146484375,510488000,NVDA,0.021816881559921786,0.10149335944505689,0.08927843014475179,44.70558395385742,42.73174629211426,37.75087051391601,0.02323560893568867,0.022076121471509374,-0.33881034873555027,451531300.0,78.52045368849375,0.10778273064860189,0.022233856574461752,1
2023-07-18,47.34867477416992,47.49399948120117,47.89599990844727,45.73400115966797,46.70100021362305,569164000,NVDA,0.022233856574461752,0.1200095540588011,0.11248002188361106,45.72027053833008,42.97111148834229,38.14834758758545,0.021802255962448946,0.022405396478527326,0.11494099763363685,447204050.0,78.06760540332425,0.2110394208239259,-0.008780091734153506,0
2023-07-19,46.93294906616211,47.07699966430664,47.81800079345703,46.742000579833984,47.4640007019043,427502000,NVDA,-0.008780091734153506,0.07232012812906619,0.07462092752242877,46.35332717895508,43.13406105041504,38.51522087097168,0.024399519832628558,0.022077095835386588,-0.24889487037128144,446021500.0,80.82978573481407,0.2212074823545005,-0.03307345224503122,0
2023-07-20,45.38071441650391,45.52000045776367,47.08700180053711,45.0620002746582,46.50699996948242,537865000,NVDA,-0.03307345224503122,-0.009939650694082647,0.05749776678229024,46.26220779418945,43.257431983947754,38.841659240722656,0.023704804117506757,0.023123109923954353,0.2581578565714313,445334600.0,71.49531466763592,0.09946284612763012,-0.026603690127722457,0
2023-07-21,44.17341995239258,44.30899810791016,45.86600112915039,44.09999847412109,45.78799819946289,963769000,NVDA,-0.026603690127722457,-0.025511922372164375,0.02984293463780019,46.03091735839844,43.321435165405276,39.15551502227783,0.02612415009487579,0.02405235406187069,0.7918418190438121,472636200.0,59.41462518047956,-0.07679347762264621,0.006838375491383886,1
2023-07-24,44.475494384765625,44.61199951171875,45.10900115966797,44.040000915527344,44.73099899291992,382516000,NVDA,0.006838375491383886,-0.03979664975128483,0.05693093451352471,45.66225051879883,43.44121742248535,39.469152183532714,0.022965036811729577,0.023570193294096667,-0.6031040633180773,473855000.0,60.132745094789456,-0.18147759862304325,0.023917349916596553,1
2023-07-25,45.53923034667969,45.67900085449219,46.18299865722656,44.92300033569336,44.94100189208984,348081000,NVDA,0.023917349916596553,-0.03821531301816583,0.12421239072727697,45.30036163330078,43.69279518127441,39.810184745788575,0.023522445862597906,0.02197122605786058,-0.09002237814888792,461542950.0,64.21930660990803,-0.18679285132715484,-0.004969493633519617,0
2023-07-26,45.31292343139648,45.45199966430664,46.053001403808594,44.630001068115234,46.02099990844727,364237000,NVDA,-0.004969493633519617,-0.034517874265302506,0.08539482165221068,44.976356506347656,43.871047782897946,40.1514359664917,0.02353396312219636,0.021312272353397086,0.04641448398504955,456646050.0,64.14873327377896,-0.21144877210311952,0.009856706787576552,1
2023-07-27,45.759559631347656,45.900001525878906,47.39500045776367,45.75,46.51900100708008,455976000,NVDA,0.009856706787576552,0.008348154490621429,0.11632664361536049,45.05212554931641,44.10946617126465,40.48939880371094,0.018921338932699313,0.02067008865715854,0.25186622995467234,450312900.0,64.29360345861338,-0.2035069528067095,0.01851838266616901,1
2023-07-28,46.60695266723633,46.75,47.027000427246094,46.38100051879883,46.667999267578125,331194000,NVDA,0.01851838266616901,0.05509043034174077,0.14521584950383826,45.538832092285155,44.40495929718018,40.839125900268556,0.011145562964668747,0.020624952324217426,-0.27365913995473445,447846900.0,68.41257997379171,-0.14951062630769663,-0.0004492650150400568,0
2023-07-31,46.58601379394531,46.729000091552734,47.130001068115234,46.50600051879883,46.75400161743164,251055000,NVDA,-0.0004492650150400568,0.04745353454469092,0.10465231871495284,45.96093597412109,44.62563209533691,41.16919525146484,0.012222869031508455,0.01948671976341731,-0.24196996322397146,435342250.0,67.7126114323816,-0.1245529524798672,-0.004750723945574631,0
2023-08-01,46.36469650268555,46.50699996948242,46.900001525878906,46.027000427246094,46.459999084472656,237858000,NVDA,-0.004750723945574631,0.018126484565544443,0.0965270405609091,46.12602920532227,44.829705810546876,41.46493312835693,0.010262351400579994,0.019606798700568518,-0.0525661707593954,437324700.0,61.915668496033554,-0.13160826721788266,-0.04812169461702498,0
2023-08-02,44.133548736572266,44.26900100708008,45.84000015258789,43.387001037597656,45.83100128173828,530142000,NVDA,-0.04812169461702498,-0.026027336254518585,0.04612818427076659,45.89015426635742,44.92700748443603,41.72430187225342,0.025758917695942934,0.0228838155594924,1.228817193451555,447650900.0,42.30219102722186,-0.2863215754494812,0.005556840080402026,1
2023-08-03,44.37879180908203,44.51499938964844,45.11800003051758,43.79999923706055,43.79999923706055,324176000,NVDA,0.005556840080402026,-0.030174412371742454,0.05728801907940517,45.614000701904295,45.04723834991455,41.99032989501953,0.02520519085375158,0.022822170703423544,-0.38851100271248085,448680600.0,45.59638186921685,-0.366783663315309,0.0037066663778488884,1
2023-08-04,44.54328918457031,44.68000030517578,45.641998291015625,44.39300155639648,44.98500061035156,362666000,NVDA,0.0037066663778488884,-0.04427801786141505,0.05122016829236942,45.20126800537109,45.155755805969235,42.269377098083496,0.022331938803953722,0.022772532198974425,0.11873180000987116,449019850.0,41.09951057988082,-0.400805596723665,0.016495077913763145,1
2023-08-07,45.27803421020508,45.41699981689453,45.540000915527344,44.5629997253418,45.11100006103516,322154000,NVDA,0.016495077913763145,-0.028076658147347833,0.07674255885275327,44.93967208862305,45.3171106338501,42.56610954284668,0.025039670088757588,0.022833598859588803,-0.11170608769501411,447432150.0,39.3037588556331,-0.3666308651861021,-0.016579825458228004,0
2023-08-08,44.5273323059082,44.66400146484375,45.242000579833984,44.055999755859375,44.85300064086914,353843000,NVDA,-0.016579825458228004,-0.039628517716511324,0.05327208918156234,44.57219924926758,45.429715156555176,42.69945892333985,0.025514618846355162,0.02328511424341324,0.09836599887010555,450212100.0,37.989052179279156,-0.38546540803744667,-0.04724159788934279,0
2023-08-09,42.423789978027344,42.55400085449219,44.3120002746582,42.13399887084961,44.27399826049805,586449000,NVDA,-0.04724159788934279,-0.038740568286277255,-0.03070476477350148,44.230247497558594,45.36252136230469,42.77147857666016,0.025167482412255516,0.024514366459662113,0.6573706417818073,455470700.0,36.00679784323367,-0.5219943609712683,-0.0039009483018920266,0
2023-08-10,42.258296966552734,42.38800048828125,43.57400131225586,41.834999084472656,42.15999984741211,492705000,NVDA,-0.0039009483018920266,-0.04778171635793249,-0.07806069618501243,43.806148529052734,45.183620643615725,42.8169620513916,0.02426963919766178,0.021689812546130463,-0.15985021715443282,456195750.0,39.945565969718835,-0.6002633062352445,-0.03616588878671223,0
2023-08-11,40.72998809814453,40.85499954223633,42.01800155639648,40.63899993896485,41.7509994506836,533085000,NVDA,-0.03616588878671223,-0.08560887972652675,-0.10147577782426831,43.043488311767575,44.953626441955564,42.87727523803711,0.02536938123926415,0.022827173685047948,0.081955734161415,444246250.0,32.57905289118365,-0.7235166226391039,0.07093381531090492,1
2023-08-14,43.61912155151367,43.75299835205078,43.79999923706055,40.31100082397461,40.48600006103516,690286000,NVDA,0.07093381531090492,-0.03663835428432771,-0.058285304569524965,42.7117057800293,44.818641090393065,42.95677352905273,0.0464872432948255,0.027942634543331343,0.29488918277572984,453236150.0,42.36561853588901,-0.5849442391085582,0.004273998728933304,1
2023-08-15,43.80554962158203,43.93999862670898,45.26800155639648,43.709999084472656,44.560001373291016,676512000,NVDA,0.004273998728933304,-0.016209879347081402,-0.0748305030602624,42.56734924316406,44.64148483276367,43.04883232116699,0.04630212115768602,0.027384579147081596,-0.01995404803226486,458603550.0,43.98759263604145,-0.46067590989721285,-0.01033216578907803,0
2023-08-16,43.35294342041016,43.48600006103516,44.67499923706055,43.40599822998047,44.52000045776367,527451000,NVDA,-0.01033216578907803,0.02190170757643428,-0.07627915392031204,42.753179931640624,44.46248455047608,43.134949111938475,0.03986452168507869,0.027402442526741802,-0.22033755498793817,463601000.0,40.405386415579656,-0.3916191366846711,-0.003265546321711388,0
2023-08-17,43.21137237548828,43.34400177001953,44.0620002746582,43.0009994506836,43.970001220703125,452395000,NVDA,-0.003265546321711388,0.022553568821997327,-0.047803170772179215,42.94379501342773,44.354017448425296,43.228541717529296,0.039830203921192193,0.026511425561507235,-0.14229947426396006,459327500.0,35.655315406083375,-0.3400458510433424,-0.0010380837886077021,0
2023-08-18,43.1665153503418,43.29899978637695,43.57799911499024,41.65999984741211,42.6349983215332,583768000,NVDA,-0.0010380837886077021,0.05982145750512169,-0.0227943546851469,43.43110046386719,44.30367221832275,43.34466537475586,0.0332963001097708,0.025877240512389852,0.29039445617215054,440327450.0,35.583406590260736,-0.2951873374751415,0.0847130876594877,1
2023-08-21,46.82328414916992,46.96699905395508,47.06499862670898,44.22200012207031,44.49399948120117,692573000,NVDA,0.0847130876594877,0.07345775163931645,0.05278839048068007,44.07193298339844,44.42106170654297,43.513287658691404,0.039393674832029546,0.032183283792369934,0.18638397445560573,455830300.0,51.49913804799796,-0.01998716629648245,-0.027657792699839923,0
2023-08-22,45.52825546264648,45.667999267578125,48.1870002746582,45.33300018310547,48.1349983215332,755293000,NVDA,-0.027657792699839923,0.03932620081122562,-0.00024099845231595474,44.416474151611325,44.420512962341306,43.65082527160644,0.04387446010594099,0.032488736486573695,0.09056085062513275,476190900.0,54.856584803934815,0.06919365327469673,0.03170735651458889,1
2023-08-23,46.97183609008789,47.11600112915039,47.20000076293945,45.20800018310547,45.86600112915039,779046000,NVDA,0.03170735651458889,0.08347513188629274,0.03661014415022246,45.140252685546876,44.50345859527588,43.80303817749024,0.04339266449457748,0.03319250144393689,0.031448722548732766,496931350.0,58.3338707379624,0.21172008332005832,0.0009976135725473512,1
2023-08-24,47.01869583129883,47.16299819946289,50.26599884033203,47.15900039672852,50.21599960327149,1156044000,NVDA,0.0009976135725473512,0.08810929268171686,0.02751635308764211,45.90171737670899,44.56641540527344,43.925482482910155,0.04293706131166043,0.03314561019181987,0.4839226438490154,531934750.0,58.01640804416657,0.2905930206966717,-0.02427770857711653,0
2023-08-25,45.87718963623047,46.01800155639648,47.80500030517578,45.02399826049805,47.012001037597656,925341000,NVDA,-0.02427770857711653,0.06279576342655169,-0.0156578147517219,46.443852233886716,44.529927253723145,43.98571754455566,0.04658171986200562,0.03339473154381001,-0.19956247340066646,561642100.0,51.89051127397819,0.24893347424402024,0.017754063342155568,1
2023-08-28,46.69169616699219,46.834999084472656,46.97999954223633,44.88800048828125,46.48199844360352,685192000,NVDA,0.017754063342155568,-0.0028103108222508055,0.002268542947553298,46.41753463745117,44.535211372375485,44.06910171508789,0.025862536101774237,0.03363677077538468,-0.25952486704901223,583348950.0,56.80181626326706,0.25817115711185545,0.04161414738036462,1
2023-08-29,48.63473129272461,48.78400039672852,49.08100128173828,46.39099884033203,46.66600036621094,701397000,NVDA,0.04161414738036462,0.06823182216210388,0.04896041517078786,47.0388298034668,44.64871311187744,44.190568923950195,0.026093378662239722,0.03482249731205395,0.023650305315882303,606525900.0,69.71767039626417,0.3702576168668503,0.009839204543181657,1
2023-08-30,49.113258361816406,49.26399993896485,49.92699813842773,48.42499923706055,49.04399871826172,735206000,NVDA,0.009839204543181657,0.045589494684036946,0.11283274895856255,47.4671142578125,44.89769859313965,44.29935493469238,0.024043151783388974,0.03269451618575357,0.04820237326364385,616779100.0,71.33811237678842,0.44662656520713906,0.0018473374154333033,1
2023-08-31,49.20398712158203,49.35499954223633,49.74399948120117,48.95800018310547,49.380001068115234,528570000,NVDA,0.0018473374154333033,0.046477071548814086,0.10872750509428086,47.90417251586914,45.13895835876465,44.42516876220703,0.02397371160070192,0.032706825949526355,-0.2810586420676654,626998800.0,78.97066479702607,0.4708387484711686,-0.017141255631455632,0
2023-09-01,48.36056900024414,48.50899887084961,49.79999923706055,48.141998291015625,49.762001037597656,463830000,NVDA,-0.017141255631455632,0.054131026414322436,0.08569820248020932,48.400848388671875,45.32982234954834,44.53451301574707,0.02156186587890025,0.033102557763019444,-0.12248141211192465,632057000.0,68.84604654265802,0.400402630811182,0.000804027124418738,1
2023-09-05,48.399452209472656,48.54800033569336,48.85100173950195,47.86000061035156,48.22299957275391,382653000,NVDA,0.000804027124418738,0.03657515538464695,0.06893890279724313,48.74239959716797,45.48589324951172,44.660905075073245,0.021524227516153217,0.032992276143815676,-0.17501455274561806,635081950.0,68.47630304558962,0.3297289805634387,-0.03054976557474187,0
2023-09-06,46.920860290527344,47.06100082397461,48.54899978637695,46.58000183105469,48.44100189208984,468670000,NVDA,-0.03054976557474187,-0.03523965192450129,0.05375412944515312,48.39962539672852,45.60556964874267,44.78916877746582,0.016432935803937853,0.033589911770864206,0.22479112929991407,640823300.0,63.25588211450553,0.16501804239463302,-0.01742419647704696,0
2023-09-07,46.103302001953125,46.24100112915039,46.34400177001953,45.152000427246094,45.525001525878906,433330000,NVDA,-0.01742419647704696,-0.061286024594193966,0.08673227983241283,47.79763412475586,45.78954524993897,44.876277389526365,0.013733407892842102,0.031852578650714836,-0.07540486909765931,633167350.0,60.23050904913869,-0.00818971399050561,-0.014467589144993132,0
2023-09-08,45.43629837036133,45.571998596191406,46.60599899291992,45.27099990844727,45.94200134277344,473069000,NVDA,-0.014467589144993132,-0.0765728342687112,0.07520419969418013,47.04409637451172,45.948445320129395,44.96517951965332,0.01117420929110724,0.032088402105666144,0.09170609004684649,632185550.0,57.691052883566385,-0.1680165621206655,-0.008645560481688408,0
2023-09-11,45.04347610473633,45.178001403808594,46.16299819946289,44.3120002746582,46.14799880981445,473966000,NVDA,-0.008645560481688408,-0.0685908574709091,0.10590447500740363,46.38067779541016,46.164119720458984,45.05210723876953,0.011550451462861334,0.030836095891260944,0.0018961293172876648,629229600.0,42.25635105152674,-0.2931975707378991,-0.0068174829395664105,0
2023-09-12,44.73639297485352,44.869998931884766,45.67300033569336,44.53099822998047,44.73799896240234,349256000,NVDA,-0.0068174829395664105,-0.07568389862689817,0.025614257775007365,45.64806594848633,46.21998329162598,45.10338394165039,0.009402134762440995,0.026785556890921953,-0.26312013941928325,612178100.0,46.2306997270471,-0.3839611151140534,0.013706219216794935,1
2023-09-13,45.34955978393555,45.48500061035156,45.93000030517578,44.50299835205078,44.59999847412109,398355000,NVDA,0.013706219216794935,-0.03348831408594233,0.03524690765648586,45.333805847167966,46.29718379974365,45.164710693359375,0.012201969152358999,0.02691788642546408,0.1405816936573745,598270250.0,41.61500847825228,-0.38879115842335554,0.002110595329873677,1
2023-09-14,45.445274353027344,45.58100128173828,45.98699951171875,45.13100051879883,45.95000076293945,370097000,NVDA,0.002110595329873677,-0.014272896307902294,0.0482627191498175,45.20220031738281,46.401800346374515,45.229865875244144,0.010988744370826408,0.026759522473679034,-0.07093672729098421,590402550.0,41.90838727244832,-0.3716430086199721,-0.036879409287474796,0
2023-09-15,43.76927947998047,43.900001525878906,45.5989990234375,43.80799865722656,45.34099960327149,506831000,NVDA,-0.036879409287474796,-0.03668914392613187,0.012911117463343169,44.86879653930664,46.42969570159912,45.26576797485352,0.018753701156725273,0.028171629058453884,0.36945449436228883,593124350.0,39.724563191288354,-0.453837595479265,0.0015033309644691961,1
2023-09-18,43.835079193115234,43.96599960327149,44.242000579833984,42.0,42.74800109863281,500271000,NVDA,0.0015033309644691961,-0.02682734584718316,0.015488019761320526,44.62711715698242,46.463123893737794,45.29501075744629,0.019118037369297427,0.028167637365894213,-0.012943170405914417,588949500.0,34.97834146623276,-0.48179786000445757,-0.010144021857605878,0
2023-09-19,43.39041519165039,43.52000045776367,43.96599960327149,43.00199890136719,43.83300018310547,373064000,NVDA,-0.010144021857605878,-0.03008686426640861,-0.07331542457771811,44.3579216003418,46.291480445861815,45.32180030822754,0.019242596207401326,0.02021889388730005,-0.25427618230918847,572974050.0,17.26376608396565,-0.5057778656642842,-0.029434780510186886,0
2023-09-20,42.11322784423828,42.23899841308594,43.90299987792969,42.22299957275391,43.59999847412109,367108000,NVDA,-0.029434780510186886,-0.07136413131938912,-0.0750089715431782,43.710655212402344,46.12072906494141,45.31856002807617,0.01785255546980584,0.02033372730880646,-0.015965089099993612,553564800.0,10.266005406374475,-0.5779829756037932,-0.028930780010018142,0
2023-09-21,40.89485931396485,41.016998291015625,42.09999847412109,40.97999954223633,41.58300018310547,450736000,NVDA,-0.028930780010018142,-0.10012955370703724,-0.12937490381402017,42.80057220458985,45.816880226135254,45.26110389709473,0.015891839483295277,0.01927014367808809,0.22780217265763758,537149300.0,8.187835207487865,-0.6715585158403182,0.01445774770991437,1
2023-09-22,41.486106872558594,41.61000061035156,42.1150016784668,41.23099899291992,41.571998596191406,479236000,NVDA,0.01445774770991437,-0.05216381522721136,-0.11766785234943433,42.343937683105466,45.54025077819824,45.17409980773926,0.019139716165979002,0.01978235532489872,0.06322991729083105,503308900.0,14.506396179033814,-0.6566071544292534,0.01470768621910823,1
2023-09-25,42.09627151489258,42.22200012207031,42.5359992980957,41.17699813842773,41.59099960327149,419091000,NVDA,0.01470768621910823,-0.03966703631496471,-0.0824139000518026,41.996176147460936,45.35120487213135,45.109427795410156,0.021920581735264982,0.019812841396603387,-0.1255018404293501,477996400.0,19.26886905623185,-0.5717132240386098,-0.007365736362948461,0
2023-09-26,41.78620147705078,41.9109992980957,42.81999969482422,41.65499877929688,42.0009994506836,402282000,NVDA,-0.007365736362948461,-0.036971614756714954,-0.10506139405167403,41.675333404541014,45.105930137634275,45.0187752532959,0.02188367224602973,0.01913898259662998,-0.04010823424984078,463850900.0,21.746747145960015,-0.5048551039054807,0.01329011990320983,1
2023-09-27,42.34154510498047,42.46799850463867,42.87200164794922,41.62900161743164,42.33000183105469,444935000,NVDA,0.01329011990320983,0.0054215094028566835,-0.12939695605320545,41.72099685668945,44.79127082824707,44.918632659912106,0.019271917039286407,0.016320518634833036,0.10602761247085368,451027800.0,28.686037926377736,-0.3964269480763306,0.014622893006241089,1
2023-09-28,42.96070098876953,43.0890007019043,43.44599914550781,42.1150016784668,42.459999084472656,424663000,NVDA,0.014622893006241089,0.05051592570460883,-0.1252728403340928,42.13416519165039,44.483642959594725,44.839187698364256,0.009692550558040835,0.016609346612819813,-0.04556171126119546,435500650.0,35.896897618678125,-0.2626515960204574,0.00951492156289957,1
2023-09-29,43.36946868896485,43.499000549316406,44.14400100708008,43.30699920654297,43.82699966430664,397830000,NVDA,0.00951492156289957,0.045397410323214205,-0.11857816355817274,42.51083755493164,44.19191703796387,44.79896278381348,0.009363381023865606,0.016899039410355997,-0.06318657382442072,428963650.0,40.480728307333635,-0.132829683690036,0.029495174880988184,1
2023-10-02,44.648658752441406,44.78200149536133,45.17499923706055,43.86100006103516,44.02999877929688,433298000,NVDA,0.029495174880988184,0.06063214497858471,-0.07675489194066343,43.021315002441405,44.00632152557373,44.80846755981445,0.01318894705034315,0.01844962322009613,0.08915365859789359,427437050.0,49.55076445634468,0.04355987752349888,-0.028248062391696305,0
2023-10-03,43.38742065429688,43.516998291015625,45.130001068115234,43.24599838256836,44.80799865722656,470850000,NVDA,-0.028248062391696305,0.03831932840618446,-0.10355554301490277,43.341558837890624,43.75571994781494,44.786706085205076,0.021504398026392018,0.019194839424514342,0.08666552811229233,431846900.0,40.5783313141719,0.07766703447956014,0.01204123318320982,1
2023-10-04,43.90985870361328,44.04100036621094,44.14300155639648,43.29199981689453,43.742000579833984,361821000,NVDA,0.01204123318320982,0.03703959302251203,-0.06417191774128539,43.65522155761719,43.60516986846924,44.75411865234375,0.021430870869210736,0.018596446031909925,-0.23155782096208988,426504450.0,42.9175828352473,0.13445940924445932,0.014690845200980629,1
2023-10-05,44.554931640625,44.6879997253418,44.900001525878906,43.88800048828125,44.04999923706055,393483000,NVDA,0.014690845200980629,0.037109046527714185,-0.03358480399652353,43.97406768798828,43.52775135040283,44.73895881652832,0.021436549619204995,0.018684930802445304,0.08750735861102599,424512100.0,54.00487069934438,0.2100131007593653,0.02403352863334729,1
2023-10-06,45.6257438659668,45.762001037597656,45.78900146484375,44.0260009765625,44.19300079345703,434436000,NVDA,0.02403352863334729,0.05202450583804463,0.004169474679940999,44.425322723388675,43.5372236251831,44.7362825012207,0.022722656644346882,0.019257457706373864,0.10407819397534324,422580450.0,58.2795955342831,0.3200563972290098,-0.010685911099981849,0
2023-10-09,45.13819122314453,45.27299880981445,45.60499954223633,44.36800003051758,44.84199905395508,409675000,NVDA,-0.010685911099981849,0.010964102492246885,0.002102748868403781,44.5232292175293,43.54195938110352,44.70690727233887,0.021345766221931135,0.01931314182230289,-0.056995737001537594,419365900.0,58.04936410640217,0.34576777993894436,0.011596164055795777,1
2023-10-10,45.66162109375,45.79800033569336,46.25899887084961,45.0880012512207,45.310001373291016,368582000,NVDA,0.011596164055795777,0.05241612442402466,0.020681777348847685,44.97806930541992,43.58822078704834,44.68841941833496,0.012776967010113011,0.019395542435743315,-0.100306340391774,420332200.0,67.56134453908437,0.38100418717261164,0.022009754451157493,1
2023-10-11,46.666622161865234,46.805999755859375,46.85900115966797,46.04999923706055,46.19599914550781,378137000,NVDA,0.022009754451157493,0.06278233498449182,0.029042451221240606,45.529421997070315,43.65407390594483,44.694457931518556,0.01384299905557351,0.019762643253817838,0.025923675057382134,419321300.0,79.18131325774776,0.4502279077299399,0.0029697446534582284,1
2023-10-12,46.80521011352539,46.94499969482422,47.60900115966797,46.33000183105469,46.777000427246094,481325000,NVDA,0.0029697446534582284,0.05050571036784168,0.029924690297473244,45.97947769165039,43.72207069396973,44.747891159057616,0.014327003338770886,0.01976470110103332,0.2728852241383415,424882700.0,78.18269573980513,0.4808067745498653,-0.0316114364607788,0
2023-10-13,45.32563018798828,45.46099853515625,47.11600112915039,45.27999877929688,46.959999084472656,474115000,NVDA,-0.0316114364607788,-0.006577726795209071,0.03555806096190528,45.919454956054686,43.79988822937012,44.76682792663574,0.020824527436361134,0.01925249978205161,-0.014979483716823339,423246900.0,65.66700682047247,0.381197251510602,0.013946069978038711,1
2023-10-16,45.95774459838867,46.095001220703125,46.22499847412109,44.9119987487793,45.0629997253418,375099000,NVDA,0.013946069978038711,0.018156540017135514,0.04842389803659408,46.08336563110352,43.90602149963379,44.79511703491211,0.020916354928468033,0.019438280181212,-0.2088438459023655,416988300.0,69.62472466397074,0.33910443724255057,-0.04679467114757885,0
2023-10-17,43.807167053222656,43.9379997253418,44.75400161743164,42.47999954223633,44.0,812333000,NVDA,-0.04679467114757885,-0.040612969844409985,0.009604698635206077,45.71247482299805,43.926859092712405,44.76569969177246,0.029853907284505158,0.022225540673033117,1.1656496018384481,438951750.0,55.9950903810541,0.15691076929277023,-0.03964685513993382,0
2023-10-18,42.070350646972656,42.19599914550781,43.21900177001953,41.82500076293945,42.59099960327149,627294000,NVDA,-0.03964685513993382,-0.09849162639091824,-0.0010181408422126337,44.79322052001953,43.924715232849124,44.71656005859375,0.027011409583314015,0.023056428341058737,-0.22778712670788948,451961050.0,46.6631496778953,-0.0774968685242879,-0.00225107879682529,0
2023-10-19,41.97564697265625,42.10100173950195,43.297000885009766,41.88199996948242,42.81100082397461,501233000,NVDA,-0.00225107879682529,-0.10318430638715437,0.026428447898397156,43.827307891845706,43.97875461578369,44.707597198486326,0.02597139717949333,0.022031015681050984,-0.20095999642910656,454485900.0,44.650305419065376,-0.2273707460702403,-0.016959169236719696,0
2023-10-20,41.26377487182617,41.387001037597656,42.470001220703125,41.07799911499024,41.88999938964844,477266000,NVDA,-0.016959169236719696,-0.08961497720639611,-0.005359191726893142,43.01493682861328,43.96763801574707,44.687706756591794,0.025331802014802736,0.022180906627242945,-0.04781608553307548,454387400.0,36.4167774712431,-0.3552718872929954,0.03836923760459299,1
2023-10-23,42.8470344543457,42.97499847412109,43.24800109863281,40.94499969482422,41.229000091552734,478530000,NVDA,0.03836923760459299,-0.06768630991852531,0.017834428381324097,42.39279479980469,44.00517616271973,44.73004768371582,0.03398935712911974,0.023594462249686657,0.002648418282467313,457359350.0,47.88611376148758,-0.3154164752209644,0.016009304766262167,1
2023-10-24,43.53298568725586,43.66299819946289,43.696998596191406,42.69100189208984,43.07699966430664,401463000,NVDA,0.016009304766262167,-0.006258824398155838,0.04180289541667048,42.33795852661133,44.09251537322998,44.72832496643066,0.02995429281221771,0.023728948211680485,-0.16104946398344933,457318400.0,48.544367078517695,-0.22904901673396738,-0.04314886437512522,0
2023-10-25,41.65458679199219,41.77899932861328,43.650001525878906,41.55500030517578,43.39799880981445,398379000,NVDA,-0.04314886437512522,-0.009882585920647391,-0.01622421456952161,42.25480575561524,44.058167457580566,44.685305709838865,0.031105721369400954,0.025635046522432255,-0.007681903438174875,454990600.0,39.77214576859437,-0.2811850188810926,-0.03477805760337016,0
2023-10-26,40.2059211730957,40.32600021362305,42.25600051879883,39.880001068115234,41.85300064086914,541001000,NVDA,-0.03477805760337016,-0.04216077481100844,-0.0641232510706462,41.90086059570312,43.92042846679688,44.62236526489258,0.03449374993932633,0.02646744194668378,0.3580058185797945,460807500.0,31.383510373169955,-0.38933380021416863,0.004314717031471904,1
2023-10-27,40.37939834594727,40.5,41.20600128173828,40.01499938964844,41.130001068115234,416784000,NVDA,0.004314717031471904,-0.021432273916430433,-0.06894413128419041,41.723985290527345,43.770924949645995,44.565725784301755,0.03444003502040153,0.026363652094152038,-0.22960586024794782,461755200.0,33.293612626417286,-0.4225122347354281,0.016321158083013154,1
2023-10-30,41.03843688964844,41.1609992980957,41.76599884033203,40.48099899291992,41.08700180053711,388028000,NVDA,0.016321158083013154,-0.04221056574228865,-0.08085846167989452,41.36226577758789,43.590413856506345,44.52316421508789,0.028599808411651596,0.02565804499479447,-0.06899497101616181,459491700.0,33.922763893303426,-0.37501105675352686,-0.009256570471408154,0
2023-10-31,40.65856170654297,40.77999877929688,40.87900161743164,39.22999954223633,40.45000076293945,517969000,NVDA,-0.009256570471408154,-0.06602864323074376,-0.06289516423428276,40.78738098144531,43.45397090911865,44.399869766235355,0.025279941623975972,0.025053483491762042,0.3348753182760007,461847650.0,28.157143273203346,-0.3448778718178842,0.037886462862430026,1
2023-11-01,42.19897079467773,42.32500076293945,42.38100051879883,40.86899948120117,40.88399887084961,437593000,NVDA,0.037886462862430026,0.013069004991070887,-0.038963639589092214,40.89625778198242,43.36842651367188,44.333284072875976,0.027265361231663662,0.026492210715706007,-0.15517530971930749,465636250.0,34.80264423101123,-0.20387613730890608,0.027903111919710177,1
2023-11-02,43.3764533996582,43.50600051879883,43.88399887084961,42.89400100708008,43.32799911499024,409172000,NVDA,0.027903111919710177,0.07885734573553571,-0.026450006712439134,41.530364227294925,43.309502601623535,44.26137641906738,0.018665754832084363,0.027079340888532838,-0.06494847952320992,466420700.0,43.43828262828779,-0.023472133061002376,0.034455126020622506,1
2023-11-03,44.87099456787109,45.005001068115234,45.30899810791016,43.72299957275391,44.02000045776367,424610000,NVDA,0.034455126020622506,0.11123484761814484,-0.016542180666969775,42.42868347167969,43.27176513671875,44.218422393798825,0.01904029315813162,0.027679790349552136,0.03772985443774246,465929400.0,46.54233130263996,0.19245880904232693,0.016575754705865142,1
2023-11-06,45.61476516723633,45.7509994506836,45.935001373291016,44.89899826049805,45.28499984741211,400733000,NVDA,0.016575754705865142,0.11151322088347437,0.0105581090242588,43.34394912719726,43.29559383392334,44.213173904418944,0.019023441461971508,0.027820994129307667,-0.0562327783142178,465482300.0,56.31662367612459,0.3709868144051245,0.004459158611354486,1
2023-11-07,45.81816864013672,45.95500183105469,46.21799850463867,45.15800094604492,45.71900177001953,343165000,NVDA,0.004459158611354486,0.12690087196969002,0.003428427257659239,44.37587051391601,43.30342121124268,44.19570335388184,0.013729659605203046,0.027722112694176872,-0.14365674900744385,464211450.0,64.6687370291294,0.481382128981792,0.01346945014710732,1
2023-11-08,46.4353141784668,46.57400131225586,46.867000579833984,45.96799850463867,46.09999847412109,346719000,NVDA,0.01346945014710732,0.10038973235630122,-0.004956604371238571,45.22313919067383,43.291855812072754,44.15171501159668,0.011888360700501014,0.027438299635613395,0.010356534028819864,462640550.0,66.76908203413558,0.5685929729068445,0.008073121423206375,1
2023-11-09,46.8101921081543,46.95000076293945,48.22999954223633,46.75,47.46699905395508,540496000,NVDA,0.008073121423206375,0.07916135228619559,0.00010644102690315904,45.90988693237305,43.2921049118042,44.10565368652344,0.011636066740967054,0.027489959658087045,0.5588877448308285,465599100.0,71.39772489127185,0.6199436120356061,0.029499525344733435,1
2023-11-10,48.19107055664063,48.334999084472656,48.47200012207031,47.28300094604492,47.5,421245000,NVDA,0.029499525344733435,0.07399158455798549,0.0632189857431198,46.57390213012695,43.435376930236814,44.08539535522461,0.009649404529938094,0.027142548204949563,-0.2206325301204819,462955600.0,70.94400179882199,0.7089135101852042,0.0058963033325416525,1
2023-11-13,48.4752197265625,48.619998931884766,49.11600112915039,48.0989990234375,48.31999969482422,384136000,NVDA,0.0058963033325416525,0.06270896164518125,0.05477803904811496,47.145993041992185,43.56125068664551,44.08768836975098,0.010216919962577614,0.027037763366026327,-0.088093627224062,463407450.0,69.9991448191632,0.7451920243195325,0.021308223938515836,1
2023-11-14,49.50814056396485,49.65599822998047,49.83399963378906,49.040000915527344,49.68000030517578,416954000,NVDA,0.021308223938515836,0.08053512467531743,0.13013791793055018,47.88398742675781,43.84629936218262,44.10986213684082,0.009761190161076308,0.024613698660072895,0.08543328404523387,443638500.0,84.11433650467086,0.7926292352876856,-0.015466631818651932,0
2023-11-15,48.74241638183594,48.88800048828125,49.959999084472656,48.20000076293945,49.935001373291016,475497000,NVDA,-0.015466631818651932,0.04968421651035149,0.15859306215084756,48.34540786743164,44.17990264892578,44.146293258666994,0.017154553844988988,0.02275526830268444,0.14040637576327364,436048650.0,89.41972896845593,0.7279818787227906,0.012109537272142923,1
2023-11-16,49.332664489746094,49.47999954223633,49.525001525878906,48.33000183105469,48.67900085449219,339756000,NVDA,0.012109537272142923,0.053887246943222555,0.17526871049497705,48.84990234375,44.547753524780276,44.21088050842285,0.017144290607063906,0.02265327483502073,-0.28547183262985887,427974800.0,89.81188186326207,0.6813467737174934,-0.0036781655057714913,0
2023-11-17,49.15121078491211,49.29800033569336,49.71699905395508,49.00699996948242,49.52399826049805,325205000,NVDA,-0.0036781655057714913,0.019923612760230913,0.19114673675847516,49.0419303894043,44.94212532043457,44.28517875671387,0.014202406720533103,0.022059125693088773,-0.0428277940639753,420371750.0,87.67467394727952,0.5976449543269156,0.022536350297775787,1
2023-11-20,50.2588996887207,50.40900039672852,50.54800033569336,49.180999755859375,49.3120002746582,414120000,NVDA,0.022536350297775787,0.036795706594411115,0.17298432269034802,49.39866638183594,45.31271858215332,44.389487228393556,0.016510064084260315,0.021218353292252565,0.2734121554096647,417151250.0,91.75986844834418,0.5760061400137135,-0.00922461962058796,0
2023-11-21,49.79528045654297,49.94400024414063,50.516998291015625,49.22200012207031,50.1259994506836,565747000,NVDA,-0.00922461962058796,0.005799852091135094,0.14385171773596905,49.456094360351564,45.62583332061767,44.49066497802735,0.015688278820782983,0.021479709363522177,0.36614266396213657,425365450.0,86.45795610457884,0.4928115084420508,-0.024587517832335704,0
2023-11-22,48.57093811035156,48.71599960327149,50.334999084472656,47.68999862670898,49.85200119018555,899420000,NVDA,-0.024587517832335704,-0.003518050277627971,0.16604056962315128,49.42179870605469,45.97165088653564,44.55509254455566,0.018412484756928416,0.01951139954003856,0.5897919034480077,450417500.0,74.81892992864366,0.3257252941450175,-0.01929553947432494,0
2023-11-24,47.63373565673828,47.7760009765625,48.92100143432617,47.744998931884766,48.470001220703125,294645000,NVDA,-0.01929553947432494,-0.03443821351593401,0.1847442930523624,49.08201293945312,46.343041610717776,44.59886177062988,0.01836278796801189,0.017976123164260435,-0.6724055502434902,438099700.0,63.94278084008299,0.13239859979647783,0.009753903651651408,1
2023-11-27,48.09835052490234,48.242000579833984,48.52999877929688,47.652000427246094,47.79999923706055,395662000,NVDA,0.009753903651651408,-0.021420840772715333,0.1911606535794208,48.87144088745117,46.72898921966553,44.68544319152832,0.019863976094977982,0.017947967420067143,0.3428430823533404,437043600.0,62.89736144276148,0.021918329073727705,-0.008726835626274854,0
2023-11-28,47.67860412597656,47.82099914550781,48.323001861572266,47.47299957275391,48.23600006103516,401491000,NVDA,-0.008726835626274854,-0.051340072678177195,0.16180360997138865,48.35538177490234,47.060997581481935,44.76231369018555,0.013141307161779456,0.018276490079685705,0.014732271484246606,437716750.0,59.44900348974272,-0.08733167631310712,0.006670555083505114,1
2023-11-29,47.99664688110352,48.13999938964844,48.762001037597656,47.86000061035156,48.37900161743164,382005000,NVDA,0.006670555083505114,-0.03612056321299639,0.18048068762303693,47.99565505981445,47.42790184020996,44.85443832397461,0.015254338307183922,0.017841282722619475,-0.04853408918257196,430918550.0,58.17836244923669,-0.14280048265478174,-0.028458437519596536,0
2023-11-30,46.6307373046875,46.77000045776367,48.11000061035156,46.422000885009766,48.02399826049805,526247000,NVDA,-0.028458437519596536,-0.03994571406580594,0.10502072506869586,47.60761489868164,47.649490165710446,44.944788513183596,0.016409530873588974,0.01824923421839712,0.3775919163361736,435351250.0,49.14841690588761,-0.26879294145748855,-0.00010700289791332196,0
2023-12-01,46.62574768066406,46.76499938964844,47.20000076293945,46.1870002746582,46.525001525878906,369317000,NVDA,-0.00010700289791332196,-0.02116122034471657,0.07490917367235617,47.4060173034668,47.81195487976074,45.05940628051758,0.015318237149289244,0.01747046080812804,-0.2982059755210006,433358500.0,41.456269441702965,-0.3449201609801187,-0.026836302408804635,0
2023-12-04,45.37448501586914,45.5099983215332,46.07699966430664,45.0099983215332,46.07699966430664,437543000,NVDA,-0.026836302408804635,-0.05663116259304879,0.011220844397297203,46.861244201660156,47.83712940216064,45.13717384338379,0.015735710326573973,0.01717650723244141,0.18473560653855636,434005150.0,34.6919112459712,-0.464550191054504,0.023293583526508455,1
2023-12-05,46.431419372558594,46.56600189208984,46.59999847412109,45.27099990844727,45.46599960327149,371718000,NVDA,0.023293583526508455,-0.02615816415519745,0.017903286410182906,46.61180725097656,47.87796211242676,45.22387680053711,0.022292118784613114,0.01756463129261756,-0.15044235652267324,432554400.0,34.84639422101374,-0.45681319074120474,-0.022827755293049035,0
2023-12-06,45.37149429321289,45.50299835205078,47.387001037597656,45.4119987487793,47.21500015258789,380590000,NVDA,-0.022827755293049035,-0.05469449968856399,-0.009748847677262695,46.08677673339844,47.855628395080565,45.295582656860354,0.022305760161048075,0.01832779838238208,0.023867555512512073,434425650.0,33.86497932514861,-0.50370244380417,0.024020450879508104,1
2023-12-07,46.46133804321289,46.59600067138672,46.62900161743164,45.604000091552734,45.70000076293945,350823000,NVDA,0.024020450879508104,-0.0036327811067567994,0.0005604326191499531,46.052896881103514,47.85692958831787,45.377978515625,0.024288220842283895,0.018889160478382343,-0.07821277490212564,434630850.0,36.88362073622398,-0.4440310978757772,0.019529521630541558,1
2023-12-08,47.36870574951172,47.50600051879883,47.74100112915039,46.54999923706055,46.595001220703125,359224000,NVDA,0.019529521630541558,0.015934501982383553,0.011931453732703767,46.20148849487305,47.88485527038574,45.46613861083984,0.02590000876046558,0.01930958765597269,0.023946548544422797,425567250.0,42.36384952204708,-0.33133086159863134,-0.018502954961182927,0
2023-12-11,46.49224472045898,46.62699890136719,47.53099822998047,45.83000183105469,47.49100112915039,509728000,NVDA,-0.018502954961182927,0.02463410227573748,-0.03525187999683399,46.42504043579102,47.79991397857666,45.528594131469724,0.023633979791348073,0.018517753219593515,0.41896977930205104,429991400.0,33.53772395828469,-0.30438568929120136,0.022090289171927457,1
2023-12-12,47.51927185058594,47.65700149536133,47.66600036621094,46.04600143432617,46.04600143432617,372387000,NVDA,0.022090289171927457,0.023429231600666345,-0.019720341266503683,46.64261093139648,47.75211658477783,45.58600639343262,0.02340747768963617,0.019205427307817397,-0.26943977964718435,429403950.0,40.51953004585772,-0.21043271620524673,0.009043828910132667,1
2023-12-13,47.94902801513672,48.0880012512207,48.59400177001953,47.608001708984375,47.62900161743164,447792000,NVDA,0.009043828910132667,0.05680954004438421,-0.03149204415814699,47.15811767578125,47.674160957336426,45.67723854064941,0.017601500893156808,0.018649449237683677,0.20249095698829445,430945850.0,47.22586555785236,-0.11704254081002408,0.00544816640213841,1
2023-12-14,48.210262298583984,48.34999847412109,48.66999816894531,47.422000885009766,48.38999938964844,391232000,NVDA,0.00544816640213841,0.03764257184639086,-0.010917679564410365,47.50790252685547,47.647553253173825,45.763246612548826,0.016127078583827302,0.018405921812726038,-0.12630864329867442,426732600.0,52.736733723430405,-0.03938869254672439,0.011168511930379044,1
2023-12-15,48.74869918823242,48.88999938964844,49.40399932861328,48.119998931884766,48.19400024414063,479948000,NVDA,0.011168511930379044,0.02913301972019644,-0.011837294975929225,47.78390121459961,47.61835498809815,45.847121963500975,0.01496213545335771,0.01837346841710002,0.22676059218059863,433742200.0,53.065675973595134,0.04211138522049268,0.024279181002159866,1
2023-12-18,49.93227767944336,50.07699966430664,50.43299865722656,49.150001525878906,49.400001525878906,412587000,NVDA,0.024279181002159866,0.0739915437438663,0.01589110180722164,48.47190780639649,47.65740833282471,45.93325263977051,0.008306699009594763,0.01916035711202995,-0.14035062131730935,438111300.0,59.90994300483194,0.16282528585600642,-0.009445548005198368,0
2023-12-19,49.46063995361328,49.604000091552734,49.70000076293945,48.89500045776367,49.42399978637695,464444000,NVDA,-0.009445548005198368,0.04085433188310539,-0.015882952871062783,48.860181427001955,47.61749534606933,46.01970161437988,0.01211353525756641,0.018591277437885613,0.12568743077217648,440627500.0,56.35173018060315,0.1957864849784906,-0.03009838953370436,0
2023-12-20,47.971954345703125,48.11100006103516,49.999000549316406,48.09799957275391,49.65499877929688,397894000,NVDA,-0.03009838953370436,0.00047813963109266666,-0.03661644425180188,48.864766693115236,47.526329040527344,46.06590827941895,0.020848637228562214,0.01965434205542736,-0.14328961080345537,432234850.0,55.75770954543846,0.10666625349328984,0.018270279812588885,1
2023-12-21,48.84841537475586,48.9900016784668,49.095001220703125,48.41899871826172,48.81100082397461,300425000,NVDA,0.018270279812588885,0.01323687210452329,0.005712824894875901,48.99239730834961,47.540202903747556,46.10954414367676,0.02237726629941971,0.01935939815395081,-0.24496222612052454,402285100.0,58.87745266980712,0.09639459520128835,-0.003266064672031943,0
2023-12-22,48.688873291015625,48.83000183105469,49.382999420166016,48.46699905395508,49.19499969482422,252507000,NVDA,-0.003266064672031943,-0.0012272306382123954,0.022151057852799028,48.98043212890625,47.592959785461424,46.14721740722656,0.02196057140812309,0.018822695204906502,-0.15950070733128063,400178200.0,64.50258071214367,0.06974715118949382,0.009195286307137174,1
2023-12-26,49.13658142089844,49.27899932861328,49.59999847412109,48.959999084472656,48.96799850463867,244200000,NVDA,0.009195286307137174,-0.01593550896382412,0.021585582138800463,48.821292877197266,47.64487133026123,46.223436431884764,0.018554411059045137,0.018809845597844436,-0.032898097874514365,392605100.0,62.50344701610064,0.07282690710837114,0.0028004341325036375,1
2023-12-27,49.27418518066406,49.41699981689453,49.68000030517578,49.084999084472656,49.51100158691406,233648000,NVDA,0.0028004341325036375,-0.003769760624288021,0.03346534748525043,48.78400192260742,47.724650382995605,46.289765243530276,0.01830887075719777,0.018664513932063115,-0.043210483210483264,384212950.0,69.7198347728705,0.07442152644471167,0.0021247305474705325,1
2023-12-28,49.37887954711914,49.52199935913086,49.88399887084961,49.4119987487793,49.64300155639648,246587000,NVDA,0.0021247305474705325,0.029328077636304073,0.02879852564366958,49.06538696289063,47.793762016296384,46.4011994934082,0.008242136691456374,0.01862989830275199,0.0553781757173184,377442050.0,66.37192957820042,0.07273187605096798,0.0,0
2023-12-29,49.37887954711914,49.52199935913086,49.99700164794922,48.7509994506836,49.8129997253418,389293000,NVDA,0.0,0.010859393662898897,0.058934136607687426,49.17147979736328,47.93116912841797,46.54737007141113,0.004582953182352695,0.017250075504721317,0.5787247502909723,370594350.0,62.55914863150788,0.062225162743244855,-0.027341447178183986,0
2024-01-02,48.02878952026367,48.167999267578125,49.29499816894531,47.595001220703125,49.24399948120117,411254000,NVDA,-0.027341447178183986,-0.01355717900487452,0.030091567629304983,49.03946304321289,48.00132122039795,46.66843292236328,0.014225909349147097,0.018536013434483817,0.05641252218765813,372691200.0,59.063604272087275,-0.03955855070115144,-0.012435606994153248,0
2024-01-03,47.431522369384766,47.56900024414063,48.18399810791016,47.31999969482422,47.48500061035156,320896000,NVDA,-0.012435606994153248,-0.034700400439101164,0.04533467107772582,48.69845123291016,48.10417308807373,46.79178787231445,0.012957865623847035,0.017628828115021238,-0.21971336449007184,366858850.0,49.454748356517726,-0.1450836899012583,0.009018497752392607,1
2024-01-04,47.859283447265625,47.99800109863281,48.5,47.507999420166016,47.766998291015625,306535000,NVDA,0.009018497752392607,-0.02871486820554603,0.030752109110644854,48.415470886230466,48.17556629180908,46.89203285217285,0.014353289169217187,0.01701528249519946,-0.04475281711208612,363599700.0,49.44221312835784,-0.18167649812938502,0.02289665634307747,1
2024-01-05,48.9551010131836,49.09700012207031,49.547000885009766,48.305999755859375,48.46200180053711,415039000,NVDA,0.02289665634307747,-0.008582182054802545,0.07898366090417208,48.33071517944336,48.354746627807614,47.00047515869141,0.019335377769451573,0.0166200168053548,0.353969367282692,365322150.0,54.194249911176584,-0.1300977194180013,0.06428104228332443,1
2024-01-08,52.10198593139648,52.25299835205078,52.275001525878906,49.479000091552734,49.512001037597656,642510000,NVDA,0.06428104228332443,0.05514718862097401,0.1214051967882912,48.875336456298825,48.6367790222168,47.20942314147949,0.03536671353151642,0.02103263397152922,0.5480713860625146,379906500.0,64.59507743803627,0.10523230278438578,0.016975121873467947,1
2024-01-09,52.98642349243164,53.13999938964844,54.32500076293945,51.68999862670898,52.4010009765625,773100000,NVDA,0.016975121873467947,0.10322213034489058,0.11859555067066263,49.86686325073242,48.91766490936279,47.46503318786621,0.028066461078260784,0.02095345746014324,0.20324975486762842,400600300.0,63.648482691231095,0.2987737053756395,0.02277007471451009,1
2024-01-10,54.19292831420898,54.34999847412109,54.59999847412109,53.48899841308594,53.61600112915039,533796000,NVDA,0.02277007471451009,0.14255089457530135,0.16563372321666603,51.21914443969727,49.30269908905029,47.741303787231445,0.021495704054575543,0.020457922039968032,-0.30953822273961973,401803700.0,69.84444580237854,0.47584966510134596,0.008684355328120619,1
2024-01-11,54.66355895996094,54.821998596191406,55.34600067138672,53.560001373291016,54.999000549316406,596759000,NVDA,0.008684355328120619,0.14217253211057135,0.15034504593922793,52.57999954223633,49.65991344451904,48.0138062286377,0.02156671672608466,0.020185936075459758,0.11795330051180608,413022300.0,80.6802258021412,0.5852764613956447,-0.0020430260903838704,0
2024-01-12,54.5518798828125,54.709999084472656,54.970001220703125,54.33000183105469,54.619998931884766,352994000,NVDA,-0.0020430260903838704,0.11432473335356175,0.13770564578684197,53.69935531616211,49.99005603790283,48.29167259216309,0.025341730993517678,0.02028515846641129,-0.40848148079878144,408282400.0,78.12186947838526,0.6080701295736795,0.030561210390052107,1
2024-01-16,56.219051361083984,56.38199996948242,56.834999084472656,54.900001525878906,55.01800155639648,449580000,NVDA,0.030561210390052107,0.07901935705691754,0.16612208025126707,54.52276840209961,50.390495491027835,48.57207420349121,0.012609716560585956,0.02097156586895375,0.27361938163254895,411199800.0,82.3232146254862,0.6875051215628134,-0.005835051796822643,0
2024-01-17,55.89101028442383,56.053001403808594,56.47100067138672,54.7400016784668,56.34700012207031,474394000,NVDA,-0.005835051796822643,0.054817566473552626,0.14651285501204736,55.103685760498045,50.7476110458374,48.822365341186526,0.015651905314361527,0.02117658773560369,0.05519373637617342,410922100.0,79.2942704016248,0.669380917136333,0.018803544457892674,1
2024-01-18,56.94195938110352,57.10699844360352,57.59999847412109,56.10699844360352,57.2599983215332,491650000,NVDA,0.018803544457892674,0.050726748902656604,0.1403837763352418,55.65349197387695,51.09809513092041,49.06378463745117,0.01498144002625963,0.020976836842480754,0.03637482767488631,414875250.0,80.8142502844483,0.6775368759552034,0.041746117252148274,1
2024-01-19,59.31906509399414,59.49100112915039,59.5,57.22499847412109,57.98899841308594,543501000,NVDA,0.041746117252148274,0.0851665391461831,0.19931859251369555,56.58459320068359,51.591016387939455,49.33787063598633,0.020512077837799063,0.021989518370992438,0.10546323604189967,418828100.0,83.7772044313137,0.7848251566375137,0.0027399758600199497,1
2024-01-22,59.48159790039063,59.65399932861328,60.33100128173828,59.06999969482422,60.04899978637695,452955000,NVDA,0.0027399758600199497,0.09036751855606218,0.23992442483674692,57.57053680419922,52.16649856567383,49.61113922119141,0.0195096027166661,0.020026935327210105,-0.16659766955350586,421581150.0,83.9544417101744,0.8055057826606373,0.0036711947557144242,1
2024-01-23,59.69996643066406,59.87300109863281,59.90999984741211,58.584999084472656,59.56999969482422,294654000,NVDA,0.0036711947557144242,0.06191700118208754,0.2221474529451395,58.266719818115234,52.70907611846924,49.876432266235355,0.018735476701132906,0.020013947429014606,-0.3494850481835944,421292600.0,92.45561387085789,0.7725456908628692,0.0248692842448186,1
2024-01-24,61.184661865234375,61.36199951171875,62.8489990234375,59.9379997253418,60.30400085449219,560271000,NVDA,0.0248692842448186,0.09471382882276913,0.2566456713740499,59.32545013427735,53.333865547180174,50.16392166137695,0.016195863402684946,0.02000143007104195,0.9014539086521818,436680800.0,96.99492393197532,0.7867456955666503,0.004155570929009311,1
2024-01-25,61.43891906738281,61.617000579833984,62.71900177001953,60.84999847412109,62.34999847412109,482777000,NVDA,0.004155570929009311,0.07897444582442015,0.2503702392542113,60.2248420715332,53.9489824295044,50.4288786315918,0.01737855626894363,0.020065945119213786,-0.13831520817604337,448609650.0,96.95886406568242,0.7494435013561591,-0.00951033674484869,0
2024-01-26,60.8546142578125,61.03099822998047,61.78300094604492,60.573001861572266,60.959999084472656,390309000,NVDA,-0.00951033674484869,0.025886267111344452,0.2350202044881866,60.531951904296875,54.52800388336182,50.6764665222168,0.012376928554322828,0.020527847304841085,-0.19153356518641107,456442700.0,92.65803674236311,0.626592967398504,0.0234963145985827,1
2024-01-29,62.28447341918945,62.46500015258789,62.48899841308594,60.90700149536133,61.23199844360352,348733000,NVDA,0.0234963145985827,0.047121725335835585,0.26135858064084516,61.09252700805664,55.17328357696533,50.93199317932129,0.014627958680675887,0.020608218532241516,-0.10652073101055826,461550000.0,91.62731016087147,0.583673526477158,0.004946562244889874,1
2024-01-30,62.592567443847656,62.77399826049805,63.49300003051758,62.2599983215332,62.900001525878906,410735000,NVDA,0.004946562244889874,0.048452305522534544,0.26759796937311076,61.67104721069336,55.833967971801755,51.20899620056152,0.014515160170408985,0.02048752794400987,0.17779217911697498,462622100.0,91.21324928962511,0.5201845137531289,-0.019864804727080965,0
2024-01-31,61.34917831420898,61.527000427246094,62.26900100708008,60.70000076293945,61.43999862670898,453795000,NVDA,-0.019864804727080965,0.002688851159085681,0.2773417553720636,61.70395050048828,56.49998741149902,51.44932647705078,0.01640726271082556,0.019785729454700703,0.10483645172678258,464749150.0,80.60560320496377,0.3469334547905869,0.024379693003229397,1
2024-02-01,62.844852447509766,63.027000427246094,63.19100189208984,61.650001525878906,62.09999847412109,369146000,NVDA,0.024379693003229397,0.02288343287070216,0.32495963250114257,61.985137176513675,57.270653915405276,51.72319931030273,0.019659700538521004,0.019042709439874066,-0.18653577055718995,467161650.0,82.1689808321996,0.2879776654532513,0.049708817941241046,1
2024-02-02,65.96879577636719,66.16000366210938,66.5999984741211,63.68999862670898,63.9739990234375,476578000,NVDA,0.049708817941241046,0.08403933836287747,0.3783907953627381,63.00797348022461,58.176129531860354,52.03739723205567,0.025834758396676812,0.020557949774072017,0.291028481955649,475663800.0,86.29398448061674,0.4070064735217809,0.04794428185119304,1
2024-02-05,69.13162231445312,69.33200073242188,69.49700164794922,67.20500183105469,68.2249984741211,680078000,NVDA,0.04794428185119304,0.10993347971621614,0.4121433902431535,64.37740325927734,59.18495559692383,52.42412406921387,0.029531185810046292,0.021707195735767085,0.42700250536113704,488915750.0,87.48415068372701,0.6329066777975281,-0.01599530747515232,0
2024-02-06,68.02584075927734,68.2229995727539,69.75399780273438,66.30000305175781,69.62999725341797,683111000,NVDA,-0.01599530747515232,0.08680380973833546,0.3056285579756608,65.46405792236328,59.98114833831787,52.813222122192386,0.03365005321768461,0.019978946482973468,0.004459782554353975,490945800.0,83.70452668635842,0.6400946221747286,0.027497893460761702,1
2024-02-07,69.89640808105469,70.0989990234375,70.22000122070312,67.5999984741211,68.31900024414062,495575000,NVDA,0.027497893460761702,0.13932101458751078,0.31913806356525276,67.17350387573242,60.82664756774902,53.25847557067871,0.02650299371309886,0.02020945202499253,-0.27453225024922745,477069550.0,84.41414802883791,0.6983058821980586,-0.006533673337290491,0
2024-02-08,69.43972778320312,69.64099884033203,70.79399871826172,69.45500183105469,70.0739974975586,414422000,NVDA,-0.006533673337290491,0.10493898989104378,0.28134297118239604,68.49247894287109,61.58898754119873,53.685303115844725,0.030487858850477403,0.02060887441516981,-0.1637552338193008,471100850.0,79.94106293910218,0.6353349509742956,0.03578369263263936,1
2024-02-09,71.9245376586914,72.13300323486328,72.18499755859375,70.21199798583984,70.53299713134766,436637000,NVDA,0.03578369263263936,0.09028119753033015,0.3157675611895945,69.68362731933594,62.452036476135255,54.17022178649902,0.027660315239299016,0.021214897719633696,0.0536047796690331,463094750.0,82.36429555133091,0.685981384372166,0.0015940949326598286,1
2024-02-12,72.03919219970703,72.24800109863281,74.61100006103516,71.25,72.5999984741211,613710000,NVDA,0.0015940949326598286,0.042058464533473394,0.32056296418126196,70.26514129638672,63.32640209197998,54.6510726928711,0.022243190455550628,0.021085093688227557,0.4055382388574491,476130550.0,82.2686306182353,0.6523647443869915,-0.0016609263760467563,0
2024-02-13,71.91954040527344,72.12799835205078,73.44999694824219,69.62000274658203,70.4000015258789,602580000,NVDA,-0.0016609263760467563,0.05723853762829201,0.27927346093672556,71.04388122558593,64.11142654418946,55.156848754882816,0.01898714374129287,0.021000653358407846,-0.01813560150559712,483780550.0,80.23144087727431,0.5512561281109001,0.02456740144259273,1
2024-02-14,73.68641662597656,73.9000015258789,74.23600006103516,71.93800354003906,73.2020034790039,504917000,NVDA,0.02456740144259273,0.05422322332396301,0.3183947874800199,71.80188293457032,65.00119686126709,55.698062133789065,0.018399683451935475,0.020694348602237598,-0.1620747452620399,485306700.0,81.78342735882414,0.5322825158007616,-0.01680619194456623,0
2024-02-15,72.44802856445312,72.65799713134766,73.9749984741211,72.4000015258789,73.86900329589844,420122000,NVDA,-0.01680619194456623,0.04332247370902964,0.27231358653413973,72.4035430908203,65.77650032043456,56.239533004760744,0.02117610238387644,0.021773644719776553,-0.16793849286120288,481730300.0,79.09818847226332,0.3727820356971865,-0.0006195300122958658,0
2024-02-16,72.40314483642578,72.61299896240234,74.4020004272461,72.5009994506836,74.0999984741211,495327000,NVDA,-0.0006195300122958658,0.006654296201465293,0.22057123998328754,72.49926452636718,66.43070430755616,56.75896751403808,0.014846533592658525,0.020800973842446068,0.1790075263851929,479321600.0,77.29432191866945,0.208880328702163,-0.04353212978890997,0
2024-02-20,69.25128173828125,69.4520034790039,71.95600128173828,67.73400115966797,71.9469985961914,704833000,NVDA,-0.04353212978890997,-0.03869991287099861,0.16424716521992533,71.94168243408203,66.91918849945068,57.236563262939455,0.02497304880117517,0.024003342426074447,0.4229650311814215,491915500.0,65.57230478482455,-0.14794422917889438,-0.02850894974762319,0
2024-02-21,67.2770004272461,67.47200012207031,68.88800048828125,66.24800109863281,68.00599670410156,673755000,NVDA,-0.02850894974762319,-0.06455185825529741,0.12691856377142274,71.01317443847657,67.29804019927978,57.65287651062012,0.02622884496615993,0.02534321770429591,-0.044092714160659296,510870550.0,63.40476188422313,-0.5314960460779652,0.1640087905248857,1
2024-02-22,78.31101989746094,78.53800201416016,78.57499694824219,74.22000122070312,75.0250015258789,865100000,NVDA,0.1640087905248857,0.06276059392273492,0.27991260407631513,71.93809509277344,68.15435810089112,58.2717227935791,0.08482072298157212,0.04338552813322045,0.28399789240896167,526112000.0,74.4337205777509,-0.08032281800882757,0.0035523814292959255,1
2024-02-23,78.5892105102539,78.81700134277344,82.39399719238281,77.56999969482422,80.79000091552734,829388000,NVDA,0.0035523814292959255,0.08476672267675722,0.279143769180926,73.1663314819336,69.01187267303467,58.913662109375,0.08339434901627285,0.04339239385365444,-0.04128077678881059,543442550.0,71.9077992937834,0.18415985263778545,0.003489228310881387,1
2024-02-26,78.8634262084961,79.09200286865234,80.64600372314453,78.50499725341797,79.69999694824219,503973000,NVDA,0.003489228310881387,0.08922652996172298,0.29593174109014475,74.45838775634766,69.91231327056884,59.5405451965332,0.08317288458221601,0.04313052699790464,-0.39235556820209605,549125750.0,68.77649068378753,0.3170904727405244,-0.004943702525746163,0
2024-02-27,78.47354888916016,78.70099639892578,79.4800033569336,77.16200256347656,79.38099670410156,391705000,NVDA,-0.004943702525746163,0.1331710680205498,0.2599215274891118,76.30284118652344,70.72176704406738,60.15103561401367,0.07741810165807303,0.043265148274936334,-0.22276590214158298,551274350.0,70.7304356988057,0.3174947951182219,-0.013189106996763011,0
2024-02-28,77.43855285644531,77.66300201416016,78.93299865722656,77.125,77.62000274658203,393110000,NVDA,-0.013189106996763011,0.15104050960458637,0.2371844776285319,78.33515167236328,71.46406631469726,60.7356014251709,0.07490879842147077,0.043619297381472265,0.00358688298592047,550393100.0,65.478439936894,0.1929194022621914,0.018657489153229845,1
2024-02-29,78.88336181640625,79.11199951171875,79.98999786376953,78.3499984741211,79.09400177001953,507289000,NVDA,0.018657489153229845,0.007308574447053795,0.285809590022434,78.44962005615234,72.34077548980713,61.338294677734375,0.011830458788587066,0.04300559347629032,0.29045051003535916,553067800.0,68.62538272591738,0.1543552521163063,0.04003182002824146,1
2024-03-01,82.04120635986328,82.27899932861328,82.30000305175781,79.43499755859375,80.0,479135000,NVDA,0.04003182002824146,0.043924551820748725,0.305456265147364,79.14001922607422,73.3005931854248,61.98047325134277,0.021054754439545686,0.043355573166891495,-0.05549893650364979,558567250.0,69.43677827322058,0.2806930011941535,0.035950807681917274,1
2024-03-04,84.99065399169922,85.23699951171875,87.69499969482422,83.71900177001953,84.12999725341797,615616000,NVDA,0.035950807681917274,0.0776941616384279,0.28834630057240584,80.36546478271484,74.2516860961914,62.69107353210449,0.023826603891361407,0.04286981867457016,0.2848487378296305,565519150.0,72.4389396645528,0.4898260722803469,0.00857656198734369,1
2024-03-05,85.7195816040039,85.96399688720703,86.09700012207031,83.41699981689453,85.2699966430664,520639000,NVDA,0.00857656198734369,0.09233726290470678,0.23994749051452224,81.81467132568359,75.08108406066894,63.44602607727051,0.021619587816197314,0.04210514315640323,-0.15427961586443495,557547200.0,73.41480710346197,0.5970657332198659,0.03182706645055289,1
2024-03-06,88.44778442382812,88.69999694824219,89.7239990234375,87.02999877929688,88.02200317382812,582520000,NVDA,0.03182706645055289,0.14216732055661718,0.30020861832223145,84.01651763916016,76.10218124389648,64.23801345825196,0.013060111357005699,0.04181266634869001,0.11885586750128208,552517650.0,74.254672291485,0.7610471379437413,0.044746549391582624,1
2024-03-07,92.405517578125,92.66899871826172,92.76699829101562,89.60199737548828,90.15799713134766,608119000,NVDA,0.044746549391582624,0.171419618159661,0.32203528214164945,86.7209487915039,77.22763671875,65.11234634399415,0.014062576580811306,0.04228126803244515,0.04394527226532996,558144850.0,80.10243630297651,1.0287281653669709,-0.055477082799417654,0
2024-03-08,87.27912902832031,87.52799987792969,97.4000015258789,86.50599670410156,95.13800048828124,1142269000,NVDA,-0.055477082799417654,0.06384502253028246,0.2569048268854588,87.7685333251953,78.11960678100586,65.87519729614257,0.04061293274410679,0.04491818900797671,0.8783642675200085,594537200.0,69.45549848762329,0.7653017209528796,-0.020039161352640167,0
2024-03-11,85.5301284790039,85.77400207519531,88.7969970703125,84.16600036621094,86.42900085449219,678364000,NVDA,-0.020039161352640167,0.006347456596314416,0.18916480054242513,87.87642822265624,78.79988632202148,66.60031616210938,0.040464445581443395,0.04512275208006737,-0.40612587752972373,606623550.0,72.10122162096542,0.3965893865307759,0.07157169483716541,1
2024-03-12,91.65166473388672,91.91300201416016,91.95999908447266,86.1500015258789,88.04900360107422,668075000,NVDA,0.07157169483716541,0.06920336075935452,0.27224725785111525,89.0628448486328,79.78050994873047,67.44577186584473,0.05138580004702759,0.04713651406585192,-0.015167373268628603,609341800.0,79.74319921053122,0.48258977021817806,-0.011151782902591889,0
2024-03-13,90.62958526611328,90.88800048828124,91.50399780273438,88.43499755859375,91.05500030517578,635713000,NVDA,-0.011151782902591889,0.02466767094843547,0.26015245308030277,89.49920501708985,80.71601219177246,68.27078598022462,0.05136285397585627,0.04734038060989653,-0.048440669086554644,610998450.0,69.89223625479406,0.39209820781034743,-0.032391444364723965,0
2024-03-14,87.69396209716797,87.94400024414062,90.64600372314452,86.5999984741211,89.5770034790039,602318000,NVDA,-0.032391444364723965,-0.05098781549460629,0.19009671134222783,88.55689392089843,81.41638946533203,69.0640894317627,0.04828129127962016,0.04828859149056032,-0.05253156691777583,615868500.0,63.54040297454121,0.07271707028812546,-0.0012167851624246273,0
2024-03-15,87.5872573852539,87.83699798583984,89.5459976196289,86.25700378417969,86.93000030517578,642086000,NVDA,-0.0012167851624246273,0.0035303784577596087,0.2089667465186058,88.61851959228515,82.17335090637206,69.86720413208008,0.040896059031907336,0.04796143543966331,0.06602492371139501,626966700.0,63.038870418406965,-0.19301590146054348,0.007035743251641913,1
2024-03-18,88.20349884033203,88.45500183105469,92.40499877929688,87.08499908447266,90.38800048828124,668976000,NVDA,0.007035743251641913,0.03125647545337662,0.21822745461682125,89.15319366455078,82.96336860656739,70.6740884399414,0.03910859252226154,0.047897964785653606,0.04187912522621584,635649150.0,64.44489951622447,-0.36461642303215935,0.010660834188434665,1
2024-03-19,89.1438217163086,89.39800262451172,90.54399871826172,85.01000213623047,86.69999694824219,672171000,NVDA,0.010660834188434665,-0.02736276558488837,0.28725157829145265,88.65162506103516,83.95799560546875,71.4778628540039,0.017260631955981456,0.04615479320018725,0.004775956088110878,634016050.0,67.42640619622514,-0.4467078118333223,0.01089499984551856,1
2024-03-20,90.11504364013672,90.37200164794922,90.41000366210938,88.2229995727539,89.7969970703125,479063000,NVDA,0.01089499984551856,-0.005677413445793977,0.33946286350248145,88.54871673583985,85.09989776611329,72.23812400817872,0.01821749821292784,0.045088720008254486,-0.28728999019594714,624281450.0,66.96050955296603,-0.4654032015325713,0.011762545486163178,1
2024-03-21,91.1750259399414,91.43499755859376,92.64800262451172,90.40499877929688,92.3000030517578,480372000,NVDA,0.011762545486163178,0.03969559316884674,0.1642681459049362,89.24492950439453,85.7430980682373,73.0018960571289,0.005370006837665743,0.02853117307836232,0.002732417239486251,605045050.0,64.72559588092467,-0.4366579360865366,0.031213440315809526,1
2024-03-22,94.02091217041016,94.28900146484376,94.77799987792967,90.83399963378906,91.14099884033205,586719000,NVDA,0.031213440315809526,0.07345423269571882,0.19635903656447606,90.53166046142579,86.51468315124512,73.79845573425293,0.009619111260067177,0.02897039348922367,0.22138467687542152,592911600.0,64.60741133470371,-0.26471721296671014,0.007561807274210519,1
2024-03-25,94.73188018798828,95.0019989013672,96.76599884033205,93.51000213623048,93.94100189208984,552136000,NVDA,0.007561807274210519,0.07401499298201397,0.20121436187085995,91.83733673095703,87.30810585021973,74.59982215881348,0.009521993687813014,0.02894095509882818,-0.05894303746768048,595319750.0,64.58683517318332,-0.14767991667180969,-0.025694272800568463,0
2024-03-26,92.29781341552734,92.56099700927734,96.375,92.5019989013672,95.85099792480467,513648000,NVDA,-0.025694272800568463,0.03538093429801581,0.176164640468768,92.46813507080078,87.99931907653809,75.35474082946777,0.020574654153892178,0.029847689343648925,-0.06970746337858791,601416900.0,56.2913585283065,-0.2715624936442893,-0.02496722713047206,0
2024-03-27,89.99339294433594,90.25,93.23999786376952,89.12300109863281,93.11199951171876,586067000,NVDA,-0.02496722713047206,-0.0013499488086203826,0.16212648125236329,92.44380493164063,88.62706108093262,76.03022766113281,0.024765764103760083,0.030410417941093452,0.14098954926330864,611064750.0,45.83318177049644,-0.5310621804719684,0.0011745891311805146,1
2024-03-28,90.0990982055664,90.3560028076172,91.3000030517578,89.19300079345703,90.0,435212000,NVDA,0.0011745891311805146,-0.011800684708153875,0.14218126777182438,92.22861938476562,89.18784790039062,76.71438941955566,0.02394498687000254,0.030338457447651256,-0.2574023106573139,607460900.0,55.893658105675385,-0.7069416501483303,7.739552049268461e-05,1
2024-04-01,90.10607147216795,90.36299896240234,92.2249984741211,89.2040023803711,90.29900360107422,452441000,NVDA,7.739552049268461e-05,-0.04163797827388305,0.09830261487049774,91.44565124511719,89.59109115600586,77.37767166137695,0.015747051559130056,0.029355618935254416,0.03958760328299782,606126200.0,60.31466559170996,-0.8258792775005706,-0.010081468145444417,0
2024-04-02,89.19766998291016,89.4520034790039,90.09400177001952,87.62000274658203,88.447998046875,433064000,NVDA,-0.010081468145444417,-0.05841972305517318,0.04949974842671323,90.33880920410157,89.8014419555664,77.97524375915528,0.013026360900359297,0.02860491885921525,-0.04282768360957556,596998600.0,42.76901121708117,-0.9594266867749148,-0.005455672786906729,0
2024-04-03,88.7110366821289,88.96399688720703,90.3740005493164,88.4000015258789,88.48400115966797,370067000,NVDA,-0.005455672786906729,-0.03886090689115973,0.034898153049142566,89.62145385742187,89.95101470947266,78.55983253479003,0.010582987823772396,0.028627964277726334,-0.14546810633070406,589470000.0,44.16256640200266,-1.0660274604963522,-0.03438450787454228,0
2024-04-04,85.66075134277344,85.90499877929688,90.63400268554688,85.87999725341797,90.40599822998048,434965000,NVDA,-0.03438450787454228,-0.048143996573641656,-0.031510490615566544,88.75492553710937,89.81166305541993,79.07904823303222,0.014502871743185373,0.028837303515747408,0.17536824412876584,582092250.0,43.8565576510347,-1.3113270081139108,0.024480558218111126,1
2024-04-05,87.75777435302734,88.00800323486328,88.48100280761719,85.9260025024414,86.86599731445312,399678000,NVDA,0.024480558218111126,-0.025986096411278137,-0.05029724790154644,88.28666076660156,89.57927589416504,79.61051048278809,0.02112069519768069,0.027460744895175502,-0.0811260676146357,571670200.0,50.45990871789384,-1.299223279216509,-0.009942285157243269,0
2024-04-08,86.88526153564453,87.13300323486328,88.83000183105469,86.73200225830078,88.69999694824219,283220000,NVDA,-0.009942285157243269,-0.03574464943262201,-0.0045127339956380075,87.64249877929687,89.55958251953125,80.11943733215332,0.02098478529959996,0.02454589802899942,-0.2913795605462397,528717750.0,46.49300565879955,-1.3129663072823776,-0.02041714138946149,0
2024-04-09,85.11131286621094,85.35399627685547,87.63500213623047,83.02200317382812,87.44200134277344,501700000,NVDA,-0.02041714138946149,-0.04581237511565206,-0.0048967027203259406,86.82522735595703,89.5386417388916,80.60457130432128,0.021846160340875578,0.02456232410174734,0.7714144481321941,519884550.0,39.72767750424166,-1.3967241639967352,0.01974145975469055,1
2024-04-10,86.79153442382812,87.03900146484375,87.4000015258789,83.70899963378906,83.9260025024414,431929000,NVDA,0.01974145975469055,-0.021637693911511602,-0.05302828185576469,86.44132690429687,89.29563522338867,81.09471252441406,0.02550880353629233,0.018637166466265308,-0.13906916483954557,508077250.0,41.82892128083012,-1.2963547424261708,0.04109629621815869,1
2024-04-11,90.35834503173828,90.61599731445312,90.73899841308594,86.9260025024414,87.41999816894531,431637000,NVDA,0.04109629621815869,0.054839510689876025,-0.0029928442635874797,87.38084564208984,89.28207321166992,81.65002807617188,0.025443768182078656,0.020893929233783144,-0.0006760370338643185,497873450.0,48.212471486445416,-0.9624870804388332,-0.02681642822120478,0
2024-04-12,87.93525695800781,88.18599700927734,90.1750030517578,87.52999877929688,89.6989974975586,426805000,NVDA,-0.02681642822120478,0.0020224146098613005,0.002751556151294521,87.41634216308594,89.29413795471191,82.18174964904784,0.028769682007357893,0.02047114775560813,-0.011194591751865546,489097800.0,36.4287068106315,-0.8798367771217839,-0.02477717478537378,0
2024-04-15,85.7564697265625,86.0009994506836,90.61299896240234,85.92900085449219,89.0979995727539,443077000,NVDA,-0.02477717478537378,-0.012991752446057214,-0.02090244304189892,87.19058380126953,89.20259857177734,82.63998199462891,0.030836474090924326,0.021229082421827344,0.03812513911505255,479147350.0,31.2142485076631,-0.9413812777922339,0.016441861905121202,1
2024-04-16,87.16646575927734,87.41500091552734,88.11799621582031,86.06400299072266,86.43299865722656,370453000,NVDA,0.016441861905121202,0.024146647770513896,-0.01175727827908446,87.60161437988282,89.1507469177246,83.06393539428711,0.029791108404593977,0.021515050883164515,-0.16390830487703045,464221200.0,38.778939556934134,-0.858904661441297,-0.03866632741311371,0
2024-04-17,83.79605865478516,84.03500366210938,88.7750015258789,83.94999694824219,88.33999633789062,495400000,NVDA,-0.03866632741311371,-0.0345134555913621,-0.0599902826529265,87.00251922607421,88.88335876464843,83.35722412109375,0.033812762375396606,0.022962408542146984,0.3372816524633355,455382650.0,37.05154883049054,-0.9935985024705216,0.0075681144412020895,1
2024-04-18,84.43023681640625,84.6709976196289,86.19000244140625,82.4020004272461,84.97000122070312,447260000,NVDA,0.0075681144412020895,-0.06560664887398937,-0.06308388249171848,85.81689758300782,88.59911842346192,83.68531204223633,0.023863748577411237,0.022869551412262785,-0.09717400080742833,453792500.0,38.411628469162544,-0.9995218169635245,-0.10004572382807841,0
2024-04-19,75.98335266113281,76.19999694824219,84.3239974975586,75.60600280761719,83.1500015258789,875198000,NVDA,-0.10004572382807841,-0.13591709071348312,-0.1666209921214129,83.42651672363282,87.83953475952148,83.80705093383789,0.04624624061228303,0.03121340171304855,0.9567991772123596,473533800.0,28.536364945557466,-1.5016778198332323,0.043543063812781835,1
2024-04-22,79.29190063476562,79.51799774169922,80.072998046875,76.4000015258789,78.10399627685547,596341000,NVDA,0.043543063812781835,-0.07538287329701632,-0.15665676066776113,82.13360290527343,87.10308418273925,84.00409439086914,0.05638067121268668,0.03214875645314889,-0.3186216147660301,474014900.0,35.96889654580653,-1.534912167565357,0.036532752785831235,1
2024-04-23,82.18865203857422,82.4229965209961,82.76899719238281,80.26399993896484,80.76899719238281,438559000,NVDA,0.036532752785831235,-0.05710698119217161,-0.13240767653426677,81.1380401611328,86.47592277526856,84.2093766784668,0.05972972028276951,0.033509678837400775,-0.26458351849025974,468336050.0,41.35178847307073,-1.2952748266976795,-0.03331600237676391,0
2024-04-24,79.45045471191406,79.677001953125,84.08200073242188,79.18299865722656,83.94999694824219,512208000,NVDA,-0.03331600237676391,-0.05185928804567874,-0.13919461608233463,80.2689193725586,85.83355484008788,84.35760192871093,0.05913754370155257,0.03378133630275295,0.16793407500473134,468264050.0,41.696876990362206,-1.2538260535825667,0.03708728764813385,1
2024-04-25,82.39705657958984,82.63200378417969,83.322998046875,78.2229995727539,78.86799621582031,424641000,NVDA,0.03708728764813385,-0.024081186000195154,-0.08440993406532293,79.8622833251953,85.45373802185058,84.56715225219726,0.06259538948156339,0.03486790165234372,-0.170959844438197,460192750.0,42.99196385790674,-0.9731225213076148,0.06175567343061972,1
2024-04-26,87.48554229736328,87.73500061035156,88.33100128173828,83.38700103759766,83.81800079345703,551011000,NVDA,0.06175567343061972,0.1513777588563041,-0.029007570111746817,82.1627212524414,85.32306022644043,84.843134765625,0.03636548128926788,0.03782918847667109,0.29759255465204726,465982700.0,50.70682958363892,-0.4182657175781279,0.00025080874045779744,1
2024-04-29,87.50748443603516,87.75700378417969,87.99199676513672,85.26599884033203,87.59500122070312,388971000,NVDA,0.00025080874045779744,0.10361189144793181,-0.028839200218993555,83.80583801269532,85.1931308746338,85.14432388305664,0.03721694016705305,0.03782941495045663,-0.2940776136955524,462809200.0,52.942911613233655,-0.04304312771311447,-0.015440399428724882,0
2024-04-30,86.15633392333984,86.4020004272461,88.81900024414062,86.30000305175781,87.23999786376953,363709000,NVDA,-0.015440399428724882,0.04827530062061913,-0.03409658638115787,84.59937438964843,85.04106407165527,85.41938766479493,0.038829385895756685,0.03791771336221238,-0.06494571574744645,459341450.0,49.213507006614684,0.11238896758733663,-0.03889943603304902,0
2024-05-01,82.80490112304688,83.04100036621094,86.0,81.25499725341797,85.0770034790039,559863000,NVDA,-0.03889943603304902,0.0422206068334785,-0.06657723525704029,85.270263671875,84.74575729370117,85.69046005249024,0.040436005431740266,0.038848790757821675,0.539315771674608,468831250.0,40.59732212509096,-0.005996868092233099,0.03342914352031867,1
2024-05-02,85.572998046875,85.81700134277344,86.23699951171875,83.19999694824219,84.4489974975586,377898000,NVDA,0.03342914352031867,0.03854435581952398,-0.0010244282769280577,85.90545196533203,84.74136962890626,86.05638000488281,0.039828171580189614,0.038898127542094214,-0.3250170130907025,465977900.0,47.084455918151654,0.10074726168599518,0.03463179765311386,1
2024-05-03,88.53654479980469,88.78900146484375,89.28099822998047,87.04000091552734,87.78900146484375,398341000,NVDA,0.03463179765311386,0.012013442162466692,0.008874090671950663,86.11565246582032,84.78030815124512,86.26089050292968,0.03173901829660513,0.039289292511141105,0.05409660807942873,465911050.0,53.36601648912998,0.35524631675002605,0.037741125075422266,1
2024-05-06,91.87801361083984,92.13999938964844,92.22000122070312,89.05500030517578,89.38999938964844,376203000,NVDA,0.037741125075422266,0.04994463277023331,0.057463739959475735,86.98975830078125,85.02994575500489,86.52666656494141,0.03522485410132387,0.04001834882881996,-0.05557549938369388,470560200.0,55.44968707751935,0.7123224601270632,-0.017212761160659618,0
2024-05-07,90.29653930664062,90.5540008544922,91.78099822998048,89.01100158691406,91.0979995727539,437342000,NVDA,-0.017212761160659618,0.0480545677231885,0.06092288164536375,87.8177993774414,85.28920707702636,86.7553288269043,0.035555907456661116,0.039923552186894674,0.16251598206287565,467342300.0,57.843478946088354,0.7991791580379252,-0.001568099222768904,0
2024-05-08,90.15494537353516,90.41200256347656,91.19400024414062,89.41999816894531,89.48300170898438,325721000,NVDA,-0.001568099222768904,0.08876339625798502,0.03875275361860209,89.28780822753906,85.45737762451172,86.98895675659179,0.025126985469006758,0.03975782259050746,-0.2552258872918677,462031900.0,56.99052916424518,0.8021826814244226,-0.018415747289724838,0
2024-05-09,88.49467468261719,88.74700164794922,91.0719985961914,88.23100280761719,90.52899932861328,378013000,NVDA,-0.018415747289724838,0.03414250642640515,-0.020625326287975754,89.8721435546875,85.36419410705567,87.21007919311523,0.0274506699948067,0.038949066334030044,0.16054230461038732,459350700.0,68.31306023502232,0.6537244704923719,0.012743924696706932,1
2024-05-10,89.62244415283203,89.87799835205078,91.4010009765625,89.22699737548828,90.30500030517578,335325000,NVDA,0.012743924696706932,0.012264984538110646,0.019186697727282542,90.08932342529297,85.44855346679688,87.42486083984375,0.023395306314172196,0.03853435627141556,-0.11292733318695392,454776700.0,66.15218382435215,0.5945516429336928,0.005796802637066278,1
2024-05-13,90.1419677734375,90.39900207519533,90.9980010986328,88.52899932861328,90.47799682617188,289680000,NVDA,0.005796802637066278,-0.018895117223099445,0.05113897599631034,89.7421142578125,85.66782836914062,87.58687606811523,0.013822807180764032,0.03803317386558996,-0.1361216730038023,447106850.0,63.433949280078146,0.5542711687186722,0.010586463681015124,1
2024-05-14,91.09625244140624,91.3560028076172,91.6510009765625,88.93399810791016,89.5989990234375,296507000,NVDA,0.010586463681015124,0.008856520315245309,0.04508369873549256,89.90205688476563,85.86431770324707,87.70898803710938,0.012579370855012897,0.037948301363556175,0.023567384700359018,443409550.0,70.93239542153644,0.5544257628430397,0.03583777045683134,1
2024-05-15,94.3609390258789,94.62999725341795,94.86199951171876,91.5989990234375,92.47200012207033,417735000,NVDA,0.03583777045683134,0.04665294438277612,0.12607848794676513,90.74325561523438,86.39256172180175,87.88181518554687,0.019353316396182717,0.037304034415720604,0.40885375387427625,439526300.0,71.2610153570985,0.7260969746944177,-0.0028638243439136346,0
2024-05-16,94.09070587158205,94.35900115966795,95.81900024414062,94.10299682617188,94.91000366210938,323952000,NVDA,-0.0028638243439136346,0.06323579592822748,0.11441954232797547,91.86246185302734,86.87558517456054,87.99467361450195,0.014398965114170157,0.037363116422540706,-0.22450357283924016,433360900.0,64.16354848462245,0.7690269497187074,-0.019924011508631212,0
2024-05-17,92.2160415649414,92.47899627685548,94.73999786376952,91.80599975585938,94.36900329589844,359691000,NVDA,-0.019924011508631212,0.02893915064050856,0.2136348073005203,92.38118133544921,87.68721961975098,87.99088409423828,0.020383369364267434,0.0286650418555828,0.11032189954067273,407585550.0,59.35343735336946,0.6248701355273738,0.024881398858486836,1
2024-05-20,94.51050567626952,94.77999877929688,95.1999969482422,93.44000244140624,93.75,318764000,NVDA,0.024881398858486836,0.04846286375522535,0.1919313942492542,93.25488891601563,88.44814987182617,88.13551162719726,0.0220786968041185,0.02781063713708629,-0.11378377551843111,393706700.0,65.9958805054415,0.6356477150903399,0.006393852085794238,1
2024-05-21,95.1147918701172,95.38600158691406,95.4000015258789,93.18000030517578,93.5989990234375,328946000,NVDA,0.006393852085794238,0.0441131146563436,0.15727402154589742,94.05859680175782,89.09445686340332,88.32720489501953,0.022116365290506628,0.027056933710922104,0.03194212646346517,388226050.0,76.34104946132076,0.6336582166999025,-0.004570908886148639,0
2024-05-22,94.6800308227539,94.9499969482422,96.0199966430664,93.2490005493164,95.45899963378906,548648000,NVDA,-0.004570908886148639,0.003381608959905469,0.19168645624574476,94.1224151611328,89.8559356689453,88.38777221679688,0.01645416726845174,0.025482577878113335,0.667896858450931,390048050.0,71.64936244056146,0.5560170511987872,0.0931965533004655,1
2024-05-23,103.5038833618164,103.79900360107422,106.31999969482422,101.5199966430664,102.02799987792967,835065000,NVDA,0.0931965533004655,0.10004364833952639,0.2561599607849927,96.00505065917969,90.91127700805664,88.64525817871093,0.0440577657244106,0.03117695826144978,0.5220414546302912,410569250.0,77.82722825743133,1.0246247785063538,0.02572277324204153,1
2024-05-24,106.16629028320312,106.46900177001952,106.4749984741211,103.0,104.4489974975586,429494000,NVDA,0.02572277324204153,0.15127789570578698,0.2135295443713887,98.79510040283203,91.84531440734864,89.01470474243165,0.038035728600559864,0.029118519880721415,-0.48567596534401514,404493400.0,77.25285851947504,1.4155011456335984,0.06980424892428738,1
2024-05-28,113.5771484375,113.9010009765625,114.93900299072266,109.88300323486328,110.24400329589844,652728000,NVDA,0.06980424892428738,0.201740987679615,0.29791353470480386,102.60842895507812,93.14879760742187,89.53450256347656,0.04189293250535325,0.031898998584705955,0.5197604623114642,417681250.0,86.32639416994083,2.03697546804824,0.008112296114459738,1
2024-05-29,114.49851989746094,114.8249969482422,115.49199676513672,110.9010009765625,113.0500030517578,557442000,NVDA,0.008112296114459738,0.2037929920912085,0.32896230240413193,106.48517456054688,94.56590690612794,90.06040298461915,0.041573522699237093,0.03119776842630644,-0.14598117439423464,427367900.0,87.08261500481258,2.3516188511558314,-0.03766597479268763,0
2024-05-30,110.18582153320312,110.5,115.81900024414062,109.66300201416016,114.6500015258789,484553000,NVDA,-0.03766597479268763,0.16377044426059473,0.3306678715728264,109.58633270263672,95.93495292663575,90.48124298095703,0.05156892372065592,0.031087108917635782,-0.1307562042329068,423602400.0,80.57169929968263,2.118066496257299,-0.007846131731591321,0
2024-05-31,109.3212890625,109.63300323486328,112.71700286865234,106.94000244140624,112.5199966430664,613263000,NVDA,-0.007846131731591321,0.056204709540682796,0.2775208483710738,110.74981384277343,97.12236747741699,90.8653678894043,0.04001448634653973,0.031157570177721226,0.2656262576023676,435370650.0,77.97128259394817,1.7683852632601882,0.048954146009200894,1
2024-06-03,114.67301940917967,115.0,115.0,112.00299835205078,113.62100219726562,438392000,NVDA,0.048954146009200894,0.08012646107615207,0.2952054958601982,112.45115966796875,98.42919120788574,91.33532775878906,0.04327642115724379,0.031843543160087896,-0.2851484599592671,437373200.0,80.62948630113495,1.7569244302751272,0.012495657141230021,1
2024-06-04,116.1059341430664,116.43699645996094,116.5999984741211,114.04499816894533,115.71600341796876,403324000,NVDA,0.012495657141230021,0.02226491631772176,0.26369660792675353,112.95691680908203,99.64058723449708,91.77702819824219,0.03155576895433764,0.03132762017255204,-0.0799923356265625,438729250.0,80.85827501166808,1.7039603438963296,0.05155584053527362,1
2024-06-05,122.09187316894533,122.44000244140624,122.4489974975586,117.46800231933594,118.37100219726562,528402000,NVDA,0.05155584053527362,0.06631835309560863,0.3521212895472108,114.4755874633789,101.2303539276123,92.32422805786133,0.038012716558740535,0.031698529782702996,0.3101179200841011,443282250.0,82.06280297471616,1.9144389905894537,-0.011777294835299879,0
2024-06-06,120.65396118164062,120.9980010986328,125.58699798583984,118.31999969482422,124.0479965209961,664696000,NVDA,-0.011777294835299879,0.09500441620143518,0.33829553866113704,116.5692153930664,102.75530471801758,92.8913510131836,0.030277356696720964,0.03207060711516595,0.2579361925200889,460231000.0,79.90522950425687,1.8008685782765674,-0.000909047450304068,0
2024-06-07,120.54428100585938,120.88800048828124,121.69200134277344,118.02200317382812,119.7699966430664,412386000,NVDA,-0.000909047450304068,0.10266062575371837,0.36216423686721133,118.81381378173828,104.35778503417968,93.50236877441407,0.028885087616292205,0.03133673742710966,-0.379587059347431,461949650.0,83.21214709221891,1.5708041497834664,0.007461465141094914,1
2024-06-10,121.44371795654295,121.79000091552734,123.0999984741211,117.01000213623048,120.37000274658205,313434100,NVDA,0.007461465141094914,0.05904351853860135,0.35505920536430025,120.16795349121094,105.94884872436523,94.12926116943359,0.024068840785354168,0.0313880781542928,-0.23994970731305132,460855105.0,82.64443413687948,1.3406032034487767,-0.007143983011295929,0
2024-06-11,120.5761260986328,120.91000366210938,122.87000274658205,118.73999786376952,121.7699966430664,222551200,NVDA,-0.007143983011295929,0.038500977478534315,0.33762473880854693,121.06199188232422,107.470556640625,94.73866226196289,0.025480982139962305,0.03173577256149129,-0.28995855907190693,457498665.0,80.66471574979448,1.0065610480319132,0.035480861550703846,1
2024-06-12,124.8542709350586,125.1999969482422,126.87999725341795,122.56999969482422,123.05999755859376,299595000,NVDA,0.035480861550703846,0.022625566259359298,0.3705752716377193,121.61447143554688,109.15845756530761,95.45179428100586,0.018696922279526216,0.03203558617993625,0.34618460830586395,457653065.0,83.26152876286896,0.9510390144848202,0.035223620995155525,1
2024-06-13,129.25209045410156,129.61000061035156,129.8000030517578,127.16000366210938,129.38999938964844,260704500,NVDA,0.035223620995155525,0.07126271850715904,0.3697626559084326,123.33409729003907,110.90301513671875,96.26261535644531,0.020149237594789024,0.03201622153579846,-0.1298102438291694,449801540.0,81.4516208697759,1.0784683026119524,0.01751420933303338,1
2024-06-14,131.51583862304688,131.8800048828125,132.83999633789062,128.32000732421875,129.9600067138672,309320400,NVDA,0.01751420933303338,0.09101682407192913,0.39775589315424864,125.52840881347656,112.77427177429199,97.17971710205079,0.01833931347304101,0.03169592722998685,0.1864789445521653,449069960.0,81.2691961222092,1.175238385561066,-0.006824440174302837,0
2024-06-17,130.61831665039062,130.97999572753906,133.72999572753906,129.5800018310547,132.99000549316406,288504400,NVDA,-0.006824440174302837,0.07554609532895462,0.4164381211093857,127.36332855224609,114.69438552856445,98.03692794799805,0.021221048146268108,0.031013179627869054,-0.06729591711377592,445510630.0,75.04504165091271,1.0432955438783829,0.03511996562697939,1
2024-06-18,135.20562744140625,135.5800018310547,136.3300018310547,130.69000244140625,131.13999938964844,294335100,NVDA,0.03511996562697939,0.12132999969501701,0.430588340142114,130.2892288208008,116.7291416168213,99.00333526611328,0.018514959777211782,0.03121653282362036,0.020210090383370183,444289185.0,77.4724943255755,1.1225678655550233,-0.035403544315683044,0
2024-06-20,130.4188690185547,130.77999877929688,140.75999450683594,129.52000427246094,139.8000030517578,517768400,NVDA,-0.035403544315683044,0.04456874435949776,0.3711733627788043,131.4021484375,118.49434547424316,99.90948638916015,0.03026727186726373,0.033393895605738584,0.7591119781500746,453730305.0,76.51008308135957,0.7292804166821689,-0.03219150379232516,0
2024-06-21,126.22048950195312,126.56999969482422,130.6300048828125,124.3000030517578,127.12000274658205,649445800,NVDA,-0.03219150379232516,-0.02345494716176355,0.333126831551678,130.79582824707032,120.07136840820313,100.69806549072266,0.030747017697281727,0.034847400614709756,0.2543171811952989,458770195.0,70.36299063509753,0.09630522622820337,-0.06684053865661765,0
2024-06-24,117.78384399414062,118.11000061035156,124.45999908447266,118.04000091552734,123.23999786376952,476060900,NVDA,-0.06684053865661765,-0.10441323853216755,0.13796545760902568,128.04942932128907,120.78536643981934,101.24657546997071,0.03802697700548448,0.0343274811575988,-0.2669736258206612,440819990.0,53.48905147964357,-0.9244157249881546,0.06756418703674849,1
2024-06-25,125.74181365966795,126.08999633789062,126.5,119.31999969482422,121.1999969482422,414192600,NVDA,0.06756418703674849,-0.03733399048293495,0.18438548925695986,127.07412872314453,121.76414260864257,102.0027066040039,0.055574414339052663,0.036717671740136994,-0.12995879308718694,440054920.0,59.42755720158316,-1.086287358263057,0.0024585542184318854,1
2024-06-26,126.05095672607422,126.4000015258789,128.1199951171875,122.5999984741211,126.12999725341795,362975900,NVDA,0.0024585542184318854,-0.06770924323619121,0.10982674296879713,125.24319458007812,122.3878330230713,102.80859634399414,0.05123114872781881,0.0338359031438812,-0.12365430961345036,425567315.0,54.35753072503163,-1.1870176751115142,-0.01906638103915259,0
2024-06-27,123.64762115478516,123.98999786376952,126.41000366210938,122.91999816894533,124.0999984741211,252571700,NVDA,-0.01906638103915259,-0.05191923465312509,0.07990584739014706,123.88894500732422,122.8452880859375,103.5382194519043,0.04994043207812154,0.034279621356712614,-0.3041639954608557,410323800.0,53.22637963836526,-1.4145439460923246,-0.0036292922802925176,0
2024-06-28,123.19886779785156,123.54000091552734,127.70999908447266,122.75,124.58000183105467,315516700,NVDA,-0.0036292922802925176,-0.023939232972589708,0.11810091428802494,123.28462066650391,123.49594039916992,104.32627563476562,0.048319677687148024,0.03289793740302225,0.24921636113626344,401871985.0,52.840189834670134,-1.5816552591376212,0.006151813217824653,1
2024-07-01,123.9567642211914,124.3000030517578,124.83999633789062,118.83000183105467,123.47000122070312,284885500,NVDA,0.006151813217824653,0.05240888748169792,0.1338758011746839,124.51920471191406,124.22771415710449,105.11680618286132,0.03321712347249274,0.032733893221435224,-0.09708265838226626,385453110.0,52.69692135525478,-1.621528913518298,-0.013113471864580784,0
2024-07-02,122.33126068115234,122.66999816894533,123.41000366210938,121.02999877929688,121.12999725341795,218374000,NVDA,-0.013113471864580784,-0.027123459406642514,0.06678328792099131,123.83709411621093,124.61062622070312,106.04376434326171,0.010542727176192859,0.031444862658025756,-0.23346748079491586,374452210.0,51.853404680122964,-1.7279694508108108,0.045732488231563506,1
2024-07-03,127.92577362060548,128.27999877929688,128.27999877929688,121.36000061035156,121.66000366210938,215749000,NVDA,0.045732488231563506,0.014873484051418195,0.1018021995583327,124.2120574951172,125.20161819458008,107.01644180297852,0.02562364605523096,0.032783596238256156,-0.012020661800397514,365073460.0,53.15574216394736,-1.4058500554911983,-0.019098866753259114,0
2024-07-05,125.48253631591795,125.83000183105467,128.85000610351562,125.68000030517578,127.37999725341795,214176700,NVDA,-0.019098866753259114,0.014839874346113113,0.02777140737517203,124.57904052734375,125.37115135192872,107.8823194885254,0.02563071130544146,0.031318609589042215,-0.007287635168645057,349362195.0,45.96500070968123,-1.3417498542558395,0.018834884646652617,1
2024-07-08,127.84598541259766,128.1999969482422,130.77000427246094,127.04000091552734,127.48999786376952,237677300,NVDA,0.018834884646652617,0.037720457158512355,0.059608687195355836,125.50846405029297,125.73075256347656,108.85023010253906,0.026097090644503832,0.03136631625568836,0.10972528757796707,328011260.0,46.080089185376664,-1.1329217075140283,0.02480505344951056,1
2024-07-09,131.0172119140625,131.3800048828125,133.82000732421875,128.64999389648438,130.35000610351562,285366600,NVDA,0.02480505344951056,0.056958954497007275,0.08688036313970016,126.9205535888672,126.25439910888672,109.82263320922851,0.027132907908743238,0.03170701717514983,0.20064726416868583,321660290.0,50.40633839398876,-0.7901953803033734,0.026868595062112588,1
2024-07-10,134.53746032714844,134.91000366210938,135.10000610351562,132.4199981689453,134.02999877929688,248978600,NVDA,0.026868595062112588,0.09977988927793913,0.10781737080291709,129.3617935180664,126.90908622741699,110.76367156982423,0.023774316533388146,0.03209215803311491,-0.1275131707775191,318437515.0,49.30423986429587,-0.3574357698818176,-0.05566665347252897,0
2024-07-11,127.04821014404295,127.4000015258789,136.14999389648438,127.0500030517578,135.75,374782700,NVDA,-0.05566665347252897,-0.006859942697436061,0.053676330919073534,129.1862808227539,127.2326904296875,111.55448608398437,0.0358883114300754,0.0348257636880937,0.5052807751348911,326049090.0,46.677160185459705,-0.5927168274492605,0.014442728381981906,1
2024-07-12,128.8831329345703,129.24000549316406,131.9199981689453,127.22000122070312,128.25999450683594,252680500,NVDA,0.014442728381981906,0.027100158464209878,0.03226851568103162,129.86640014648438,127.43413352966309,112.40902206420898,0.03474124355469942,0.03410964365002367,-0.3257946538087271,323703365.0,52.753162210304936,-0.6379811540394904,-0.006190148919935301,0
2024-07-15,128.0853271484375,128.44000244140625,131.38999938964844,127.18000030517578,130.55999755859375,208326200,NVDA,-0.006190148919935301,0.00187210990683373,-0.009027036248039577,129.91426849365234,127.37579536437988,113.3146305847168,0.034202594703677036,0.03324180590386204,-0.17553511252352283,321084450.0,62.65002177297196,-0.7283343432214995,-0.016194336565724,0
2024-07-16,126.01107025146484,126.36000061035156,129.0399932861328,124.58000183105467,128.44000244140625,214769500,NVDA,-0.016194336565724,-0.03820980151738618,-0.04185631502042808,128.9130401611328,127.10055694580078,114.1233920288086,0.03185867928921051,0.033165437331367384,0.030928899005501886,316356905.0,50.38649040169509,-0.9220120010573014,-0.06623936527076568,0
2024-07-17,117.66417694091795,117.98999786376952,121.8499984741211,116.72000122070312,121.3499984741211,390086200,NVDA,-0.06623936527076568,-0.125416990518481,-0.09917552179259337,125.53838348388672,126.45284996032714,114.70594467163086,0.03399819011871829,0.03618082741965237,0.816301662945623,321435995.0,40.21865288920574,-1.568502081294449,0.02627340260926947,1
2024-07-18,120.755615234375,121.08999633789062,122.4000015258789,116.55999755859376,121.8499984741211,320979500,NVDA,0.02627340260926947,-0.04952918976610232,-0.10687434007355512,124.27986450195313,125.73034934997558,115.28349670410157,0.03580531439986813,0.03572105076510442,-0.17715751031438687,322768215.0,46.68038785746426,-1.7313736027202213,-0.02609618086794785,0
2024-07-19,117.60435485839844,117.93000030517578,121.5999984741211,117.37000274658205,120.3499984741211,217223800,NVDA,-0.02609618086794785,-0.08751166905523422,-0.09825659627774508,122.02410888671875,125.08962364196778,115.82965301513671,0.03352226534582343,0.035363291609214406,-0.32324712325865046,307740985.0,43.953433910984174,-1.9770326807852907,0.04757062734784956,1
2024-07-22,123.19886779785156,123.54000091552734,124.06999969482422,119.86000061035156,120.3499984741211,258068900,NVDA,0.04757062734784956,-0.038150032165066405,-0.023939232972589708,121.04681701660157,124.9385425567627,116.49053146362304,0.04484293505934213,0.036560438988908886,0.18803234268068225,288172140.0,49.25839686991655,-1.699062662024157,-0.007689843931621643,0
2024-07-23,122.2514877319336,122.58999633789062,124.69000244140624,122.0999984741211,122.77999877929688,173911000,NVDA,-0.007689843931621643,-0.029835335197365698,0.03793087053615962,120.2949005126953,125.16192474365235,117.16566772460938,0.044564451681021515,0.03315101851750808,-0.326106322768842,273064645.0,49.920892181248306,-1.5210795385169567,-0.06803165327061145,0
2024-07-24,113.93451690673828,114.25,119.9499969482422,113.44000244140624,119.16999816894533,327776900,NVDA,-0.06803165327061145,-0.03169749817782197,-0.09390111697360459,119.54896850585938,124.57155990600586,117.6519091796875,0.04518075219466825,0.032984780265996064,0.884739320687018,268743860.0,36.836182119404974,-1.8819396509225605,-0.01724283286877759,0
2024-07-25,111.96996307373048,112.27999877929688,116.62999725341795,106.3000030517578,113.04000091552734,460067000,NVDA,-0.01724283286877759,-0.07275564075088692,-0.11170874079872029,117.79183807373047,123.86751022338868,118.08846908569336,0.041552886129463174,0.03306345611601761,0.40359799607598945,273598415.0,37.170999354174974,-2.1519336479060023,0.006946791888623016,1
2024-07-26,112.74779510498048,113.05999755859376,116.1999969482422,111.58000183105467,116.19000244140624,293399100,NVDA,0.006946791888623016,-0.041295747587455356,-0.08815233118120402,116.82052612304688,123.32251892089843,118.52149993896484,0.04183403024164059,0.03300828882515273,-0.36226875650720436,275639785.0,35.220616439092794,-2.170903641427694,-0.013001960538985058,0
2024-07-29,111.28185272216795,111.58999633789062,116.27999877929688,111.3000030517578,113.69000244140624,248152100,NVDA,-0.013001960538985058,-0.09672990741471266,-0.09672990741471266,114.43712310791015,122.72666816711425,118.85991821289062,0.028465292470659563,0.03306805821750908,-0.15421656030983055,272271555.0,30.014125112242965,-2.169786727027663,-0.07043634844115232,0
2024-07-30,103.44356536865234,103.7300033569336,111.98999786376952,102.54000091552734,111.5199966430664,486833300,NVDA,-0.07043634844115232,-0.15384616344728863,-0.16548672419308086,110.6755386352539,121.70100822448731,119.04697540283203,0.0348947032117259,0.03606288040464418,0.9618342943702674,282368945.0,21.043827523894777,-2.5578610646057256,0.12812102764638267,1
2024-07-31,116.69686126708984,117.0199966430664,118.33999633789062,110.87999725341795,112.9000015258789,473174200,NVDA,0.12812102764638267,0.02424501753592989,-0.046058541232139816,111.22800750732422,121.41928825378417,119.536591796875,0.07357719138288185,0.04719602536455141,-0.028057037182953604,295108955.0,41.29485538947346,-1.8176839888741207,-0.06674075724986861,0
2024-08-01,108.9084243774414,109.20999908447266,120.16000366210938,106.80999755859376,117.52999877929688,523462300,NVDA,-0.06674075724986861,-0.02734249982982584,-0.14865924750679704,110.6156997680664,120.46842079162597,119.82455017089843,0.08062605739653926,0.0479892897775055,0.10627819521858961,310494620.0,34.73088626266453,-1.7478334502575064,-0.0177639056676272,0
2024-08-02,106.97378540039062,107.2699966430664,108.72000122070312,101.37000274658205,103.76000213623048,482027500,NVDA,-0.0177639056676272,-0.05121173056389816,-0.14750061210851872,109.46089782714844,119.54298324584961,120.0617300415039,0.08061956254348288,0.04797241090907299,-0.07915527058968719,323887160.0,34.137561311391366,-1.7242329061521362,-0.0635778447427151,0
2024-08-05,100.17262268066406,100.4499969482422,103.41000366210938,90.69000244140624,92.05999755859376,552842400,NVDA,-0.0635778447427151,-0.09982966467353638,-0.21645859776216891,107.23905181884766,118.15931510925293,120.17158187866211,0.08448957153696007,0.049172565717036563,0.14691049784503996,339645415.0,31.873507186965156,-2.037498442716376,0.03782967116243574,1
2024-08-06,103.96212005615234,104.25,107.70999908447266,100.5500030517578,103.83999633789062,409012100,NVDA,0.03782967116243574,0.005012923574820416,-0.20650028696730527,107.34276275634765,116.80656051635742,120.18074661254883,0.08153872494008836,0.04975441390985581,-0.2601651031107599,345827690.0,39.73093475027036,-1.8649681587323066,-0.05122289816705261,0
2024-08-07,98.63687896728516,98.91000366210938,108.8000030517578,98.69000244140624,107.80999755859376,411440400,NVDA,-0.05122289816705261,-0.15475979476834356,-0.2668445002051141,103.73076629638672,115.01153144836425,120.03015838623047,0.043737895767755317,0.049744823501755596,0.005936988172232649,353950780.0,33.96007761180488,-1.9744254638629375,0.06126774012179115,1
2024-08-08,104.68013763427734,104.97000122070312,105.5,97.5199966430664,102.0,391910000,NVDA,0.06126774012179115,-0.03882423942256463,-0.1760597216159555,102.8851089477539,113.89312782287598,119.85221817016601,0.05464039894805693,0.05146243510994299,-0.04746835750694389,354807145.0,41.00498654201816,-1.5248779834906783,-0.0020958213668682557,0
2024-08-09,104.46074676513672,104.75,106.5999984741211,103.43000030517578,105.63999938964844,290844200,NVDA,-0.0020958213668682557,-0.023492097861619987,-0.1894924930311248,102.38250122070312,112.6720085144043,119.65146270751953,0.0542949770614252,0.051208335113295964,-0.25788012553902684,356715330.0,35.90395666024665,-1.144715312379954,0.04076372570923237,1
2024-08-12,108.71895599365234,109.0199966430664,111.06999969482422,106.26000213623048,106.31999969482422,325559900,NVDA,0.04076372570923237,0.08531605826307209,-0.15119898263086418,104.09176788330078,111.70368995666504,119.62212539672852,0.04465635759181644,0.052416889555643116,0.11936184390130533,362577015.0,40.30297490403765,-0.5396114354246913,0.06530907239299655,1
2024-08-13,115.8192901611328,116.13999938964844,116.2300033569336,111.58000183105467,112.44000244140624,312646700,NVDA,0.06530907239299655,0.11405279248418676,-0.08088003752363626,106.46320190429688,111.19410095214843,119.75208541870117,0.049266304373570075,0.054769911605155853,-0.039664590141476275,367470875.0,51.374541288206586,0.35736834389801775,0.016704076092577402,1
2024-08-14,117.75394439697266,118.08000183105467,118.5999984741211,114.06999969482422,118.52999877929688,339246400,NVDA,0.016704076092577402,0.19381255398427655,0.0007629123696653028,110.28661499023437,111.19858932495117,119.81370391845704,0.028909506327064183,0.052819191105732605,0.08507910046707678,364928885.0,54.22002478628176,1.0597929820168144,0.040480891679508746,1
2024-08-15,122.5207290649414,122.86000061035156,123.23999786376952,117.47000122070312,118.76000213623048,318086700,NVDA,0.040480891679508746,0.17042957559908856,0.014617240176703072,113.85473327636718,111.28684501647949,119.94199981689454,0.025760643506730636,0.05326576461554346,-0.06237265892873145,364784245.0,56.73817608583401,1.7817764317818487,0.013999780933314998,1
2024-08-16,124.23599243164062,124.58000183105467,125.0,121.18000030517578,121.94000244140624,302589900,NVDA,0.013999780933314998,0.18930791018530035,0.05638938780138725,117.80978240966797,111.6184268951416,119.98488220214844,0.020956092824849778,0.05290379658799843,-0.0487187927065168,369052550.0,58.90093078072581,2.2793694108706397,0.04350590093503626,1
2024-08-19,129.6409912109375,130.0,130.0,123.41999816894533,124.27999877929688,318333600,NVDA,0.04350590093503626,0.19244146548378094,0.05229044331524513,121.994189453125,111.9405330657959,120.16462280273437,0.021164716995719982,0.0527353852197207,0.05202982650775856,372065785.0,68.62327693622206,2.840509294088994,-0.021153635198617016,0
2024-08-20,126.89861297607422,127.25,129.8800048828125,125.88999938964844,128.39999389648438,300087400,NVDA,-0.021153635198617016,0.09566042754645965,0.03801283183015802,124.21005401611328,112.17288932800292,120.29170944213867,0.026000613933150774,0.0529759202335748,-0.05731785774420295,378374605.0,58.526435211376096,2.8856426032470197,0.009823148220795552,1
2024-08-21,128.14515686035156,128.5,129.35000610351562,126.66000366210938,127.31999969482422,257883600,NVDA,0.009823148220795552,0.08824513281990787,0.12472638090215882,126.28829650878906,112.8834213256836,120.42573822021484,0.026313375537334528,0.05025828166377073,-0.14063836069091873,374879940.0,68.05169087140642,2.852973753443165,-0.03704286947044466,0
2024-08-22,123.3982925415039,123.73999786376952,130.75,123.0999984741211,130.02000427246094,376189100,NVDA,-0.03704286947044466,0.007162571454315758,0.1020660287281514,126.46380920410157,113.45483779907227,120.48218154907227,0.031576186084304896,0.050952744519592565,0.45875542298928673,370686045.0,64.64001216468733,2.384264758659298,0.04549871550502993,1
2024-08-23,129.01275634765625,129.3699951171875,129.60000610351562,125.22000122070312,125.86000061035156,323230300,NVDA,0.04549871550502993,0.038449114644807825,0.14425968354885632,127.41916198730469,114.26808586120606,120.56535125732422,0.037245339885550975,0.05171062508838134,-0.14077707195663036,372177605.0,76.26228899554613,2.322626281828411,-0.022493548181071965,0
2024-08-26,126.11080169677734,126.45999908447266,131.25999450683594,124.37000274658205,129.57000732421875,331964700,NVDA,-0.022493548181071965,-0.027230503879874135,0.13325577002777012,126.71312408447265,115.00953330993653,120.50252548217773,0.03302850481092353,0.05195661647488856,0.02702221914220293,376368235.0,70.50031678312178,1.9705712450555932,0.014550023760412811,1
2024-08-27,127.94571685791016,128.3000030517578,129.1999969482422,123.87999725341795,125.0500030517578,303134600,NVDA,0.014550023760412811,0.008251499817680141,0.23686491665225384,126.92254486083985,116.23464088439941,120.431123046875,0.03253882314267699,0.048611352469818736,-0.08684688462357593,367183300.0,79.00141475176919,1.7527486763238456,-0.020966361502533615,0
2024-08-28,125.2631607055664,125.61000061035156,128.3300018310547,122.63999938964844,128.1199951171875,448101100,NVDA,-0.020966361502533615,-0.022490090342827895,0.07340642537823228,126.34614562988281,116.66295585632324,120.32401992797851,0.03360016725225037,0.04060487899771974,0.4782248545695542,365929645.0,71.81823563511391,1.3381897026654983,-0.06384861265890851,0
2024-08-29,117.2652816772461,117.58999633789062,124.43000030517578,116.70999908447266,121.36000061035156,453023300,NVDA,-0.06384861265890851,-0.04970093781642104,0.07673288221343211,125.11954345703126,117.08079872131347,119.96521301269532,0.04140450533346071,0.040342741153334825,0.010984574686382143,362407695.0,61.65154472614861,0.4797905348403413,0.015137478737257348,1
2024-08-30,119.0403823852539,119.37000274658205,121.75,117.22000122070312,119.52999877929688,333751600,NVDA,0.015137478737257348,-0.07729758083401739,0.11279956991051021,123.12506866455078,117.68412857055664,119.7376432800293,0.03262681133858782,0.040057834324046186,-0.26327939423866276,354993900.0,59.83654545845856,0.010794830368940467,-0.0952501595700942,0
2024-09-03,107.70176696777344,108.0,116.20999908447266,107.29000091552734,116.01000213623048,477155100,NVDA,-0.0952501595700942,-0.14597508287408134,0.07516169673535655,119.44326171875,118.0605857849121,119.3672688293457,0.048751888707255275,0.04344152271292151,0.4296713483920376,351209535.0,42.84206554961324,-1.026456128162667,-0.01657400327527292,0
2024-09-04,105.91671752929688,106.20999908447266,113.2699966430664,104.12000274658205,105.41000366210938,372470300,NVDA,-0.01657400327527292,-0.17217457426165772,0.018801054384893323,115.03746185302734,118.15831565856934,119.12992630004882,0.04331309561616697,0.04294779139597894,-0.2193936520850348,349382445.0,39.534463315859846,-1.7534782987286033,0.0094152325812904,1
2024-09-05,106.91394805908205,107.20999908447266,109.6500015258789,104.76000213623048,104.98999786376952,306850700,NVDA,0.0094152325812904,-0.14648530775632074,0.08391454776810336,111.36761932373047,118.57216911315918,118.75336898803711,0.0478912072523378,0.04110709818216878,-0.1761740466286842,344152960.0,35.21631919149873,-2.0663882322036398,-0.04085432362181274,0
2024-09-06,102.54605102539062,102.83000183105467,108.1500015258789,100.9499969482422,108.04000091552734,413638100,NVDA,-0.04085432362181274,-0.12552078877333694,-0.02038673866041918,108.42377319335938,118.46546478271485,118.28327087402344,0.04486344073097298,0.040059737751411646,0.3480109382184886,345239365.0,30.43711085048153,-2.441017572801676,0.03539825708307376,1
2024-09-09,106.1760025024414,106.47000122070312,106.5500030517578,103.69000244140624,104.87999725341795,273912000,NVDA,0.03539825708307376,-0.10806736021041274,0.016420098366338287,105.85089721679688,118.55122756958008,117.93383850097656,0.05007763458700361,0.04083877952142325,-0.3377979446284083,344392755.0,28.136063559757602,-2.318725172662362,0.015309303548304953,1
2024-09-10,107.80148315429688,108.0999984741211,109.4000015258789,104.9499969482422,107.80999755859376,268283700,NVDA,0.015309303548304953,0.0009258546942250145,-0.008438940854150867,105.87084045410157,118.5053539276123,117.62589080810547,0.029657963928904043,0.039941462979702365,-0.02054784018224831,341528945.0,31.827661314690204,-2.0140184236529253,0.08149878879720207,1
2024-09-11,116.58717346191406,116.91000366210938,117.19000244140624,107.41999816894533,109.38999938964844,441422400,NVDA,0.08149878879720207,0.1007438313943756,0.006630012148347131,108.004931640625,118.54374809265137,117.47849899291992,0.04431810647357041,0.0414624192024094,0.645356762263231,347967730.0,40.381756391261575,-1.1494129179550763,0.019161637539808485,1
2024-09-12,118.82117462158205,119.13999938964844,120.79000091552734,115.37999725341795,116.83999633789062,366052700,NVDA,0.019161637539808485,0.1113720592931422,0.009063222723236564,110.386376953125,118.59710960388183,117.40829727172851,0.04394045433769192,0.041514528721552826,-0.1707428077958889,349308045.0,46.02479115198444,-0.3946915188472082,-0.00033581332220899984,0
2024-09-13,118.7812728881836,119.0999984741211,119.95999908447266,117.5999984741211,119.08000183105467,238358300,NVDA,-0.00033581332220899984,0.15832127810336738,-0.030521008202422095,113.6334213256836,118.41013679504394,117.22540725708008,0.03136320130184744,0.040476275576341425,-0.34884157390452253,345321625.0,40.161320591514716,0.10737731962534736,-0.019479347897368937,0
2024-09-16,116.46749114990234,116.77999877929688,118.18000030517578,114.36000061035156,116.79000091552734,248772300,NVDA,-0.019479347897368937,0.09692857524207787,-0.06253019861384213,115.69171905517578,118.02171173095704,117.04510635375976,0.03799346408853553,0.04052594915997179,0.04369052808314211,342630745.0,40.620816733836385,0.27941070529808876,-0.010190082595362804,0
2024-09-17,115.28067779541016,115.58999633789062,118.8000030517578,114.83000183105467,118.16999816894533,231925900,NVDA,-0.010190082595362804,0.06937932969260041,-0.11076985204596146,117.18755798339843,117.30369606018067,116.79380020141602,0.04029325475053777,0.039074900772044625,-0.0677181502924562,338310360.0,37.524574611225155,0.30684964458990716,-0.019205802435448893,0
2024-09-18,113.06661987304688,113.37000274658205,117.6999969482422,113.22000122070312,115.88999938964844,310318900,NVDA,-0.019205802435448893,-0.030196748787440608,-0.10900034900803257,116.483447265625,116.61209640502929,116.4347883605957,0.0161154689353101,0.03903524147335414,0.3380088209208201,338821935.0,37.874140921426495,0.17596547071147262,0.03969306609208667,1
2024-09-19,117.55458068847656,117.87000274658205,119.66000366210938,117.25,117.3499984741211,293506400,NVDA,0.03969306609208667,-0.010659665140824393,-0.08264515360043034,116.23012847900391,116.08256759643555,116.09513076782227,0.02454424322583547,0.040187537004202266,-0.054178137393500636,340603075.0,50.30920215423038,0.3800147192031301,-0.01586495271257715,0
2024-09-20,115.68958282470705,116.0,118.62000274658205,115.38999938964844,117.05999755859376,382462400,NVDA,-0.01586495271257715,-0.026028430141399106,-0.062470148962588845,115.61179046630859,115.6971321105957,115.86795822143554,0.025268113333916046,0.03953166100143744,0.30308027354769784,340916740.0,46.4255415288795,0.3770000376655831,0.0022413446881079935,1
2024-09-23,115.94888305664062,116.26000213623048,116.98999786376952,114.86000061035156,116.5500030517578,206228500,NVDA,0.0022413446881079935,-0.004452814155619045,-0.10126032231891735,115.50806884765625,115.04393844604492,115.60927322387695,0.023993475433935534,0.037919533310655854,-0.4607875179364037,335066650.0,61.520856283401926,0.37906821324338713,0.03965250684776822,1
2024-09-24,120.54654693603516,120.87000274658205,121.8000030517578,115.37999725341795,116.5199966430664,354966800,NVDA,0.03965250684776822,0.045678679561291125,-0.04412195217124193,116.56124267578124,114.7657257080078,115.4584976196289,0.028899365557498728,0.03891219281565802,0.7212305767631535,336216755.0,68.9482349700069,0.6602140676453256,0.02184157910649298,1
2024-09-25,123.17947387695312,123.51000213623048,124.94000244140624,121.61000061035156,122.0199966430664,284692900,NVDA,0.02184157910649298,0.08944155238089846,-0.0372520714097071,118.5838134765625,114.52741355895996,115.40186569213867,0.024228912868807934,0.03910441969540102,-0.19797316256055497,335294670.0,70.21042990160193,0.9746525914042976,0.004291134677536279,1
2024-09-26,123.7080535888672,124.04000091552734,127.66999816894533,121.8000030517578,126.8000030517578,302582900,NVDA,0.004291134677536279,0.05234566670521801,-0.012414720400952595,119.81450805664062,114.449658203125,115.52274322509766,0.02109705725108387,0.03883808101080623,0.06283964229525929,328018760.0,79.06780019810672,1.1569589739056403,-0.021283453210434122,0
2024-09-27,121.07511901855467,121.4000015258789,124.02999877929688,119.26000213623048,123.97000122070312,271009200,NVDA,-0.021283453210434122,0.046551608730474925,0.0324890477967259,120.89161529541016,114.64015007019043,115.52913330078125,0.022851777910231345,0.03622779762089931,-0.10434727144197509,318918055.0,71.0415182895753,1.0424932891258054,0.0003296248074460273,1
2024-09-30,121.11502838134766,121.44000244140624,121.5,118.1500015258789,118.30999755859376,226553700,NVDA,0.0003296248074460273,0.044555369474179374,0.017428085785036407,121.92484436035156,114.74388236999512,115.59934677124023,0.02301582608357766,0.03610121839394547,-0.16403686664511763,313558160.0,69.68380843921966,0.9162157048255871,-0.036561430832246056,0
2024-10-01,116.6868896484375,117.0,122.44000244140624,115.79000091552734,121.7699966430664,302094500,NVDA,-0.036561430832246056,-0.03201798297586811,0.08342595422183363,121.15291290283203,115.19313850402833,115.46910720825196,0.02284911289559219,0.029629046961073435,0.3334344131214806,304805130.0,50.169234402725564,0.501925698157923,0.015812078472725588,1
2024-10-02,118.53195190429688,118.8499984741211,119.37999725341795,115.13999938964844,116.44000244140624,221845900,NVDA,0.015812078472725588,-0.037729678706849845,0.11910522407863122,120.22340850830078,115.82390022277832,115.39471649169921,0.021085158770869385,0.029304254003157622,-0.265640718384479,297273910.0,49.502575626638695,0.3280298931761908,0.03365586996064662,1
2024-10-03,122.52124786376952,122.8499984741211,124.36000061035156,120.33999633789062,120.91999816894533,277118000,NVDA,0.03365586996064662,-0.009593601149379682,0.14598001559219087,119.98604736328124,116.6042652130127,115.56645111083985,0.028105247836403904,0.029945338185284706,0.2491463669150522,295787275.0,55.66295240682926,0.4500167612114616,0.016849818218387824,1
2024-10-04,124.58570861816406,124.91999816894533,125.04000091552734,121.83000183105467,124.94000244140624,243678100,NVDA,0.016849818218387824,0.02899513647450047,0.21492448877740178,120.68816528320312,117.70624809265136,115.81876602172852,0.026563460119465206,0.027766649630220186,-0.1206702559920323,287289275.0,62.38586615543456,0.6271982380477907,0.022414315316792832,1
2024-10-07,127.37821197509766,127.72000122070312,130.63999938964844,124.9499969482422,124.98999786376952,346250200,NVDA,0.022414315316792832,0.05171268733083623,0.19968927980848328,121.94080200195313,118.76635856628418,116.11137435913086,0.0272095579257214,0.02729277740653584,0.4209327797614968,290906185.0,67.59498407222779,0.874718946989169,0.04047918397275185,1
2024-10-08,132.5343780517578,132.88999938964844,133.47999572753906,129.4199981689453,130.25999450683594,285722500,NVDA,0.04047918397275185,0.13581207324204758,0.22943000572692118,125.11029968261718,120.00300331115723,116.53642486572265,0.010822562074410309,0.02814224337625396,-0.1748091409044673,291778125.0,76.08227502118939,1.302201250753563,-0.001806172001041273,0
2024-10-09,132.2949981689453,132.64999389648438,134.52000427246094,131.3800048828125,134.11000061035156,246191600,NVDA,-0.001806172001041273,0.1161125421756386,0.13473029871645847,127.86290893554687,120.78839454650878,117.11345352172852,0.016357428435506433,0.022772342923944082,-0.13835417231754588,282016585.0,72.28580181806268,1.4727715487601534,0.016283462042183006,1
2024-10-10,134.44921875,134.80999755859375,135.0,131.0,131.91000366210938,242311300,NVDA,0.016283462042183006,0.09735430461411165,0.13152575017196777,130.24850311279297,121.56979675292969,117.46850067138672,0.015147533266231944,0.02269765254866631,-0.01576130136040388,275829515.0,78.11650326016378,1.6227700473410462,-7.399619396264434e-05,0
2024-10-11,134.43927001953125,134.8000030517578,135.77999877929688,133.66000366210938,134.00999450683594,170209500,NVDA,-7.399619396264434e-05,0.07909062372127162,0.13182210251347892,132.2192153930664,122.35269660949707,117.97911758422852,0.017424306938795736,0.02269361354952828,-0.2975585538107385,272422075.0,77.92165808361842,1.610200520669682,0.024258133260209425,1
2024-10-14,137.7005157470703,138.07000732421875,139.60000610351562,136.3000030517578,136.47000122070312,232347700,NVDA,0.024258133260209425,0.08103665149570993,0.18230859433418622,134.28367614746094,123.41434783935547,118.5936521911621,0.017626634454396082,0.022164228614111176,0.36506892976008976,271600845.0,76.99306302393181,1.7014854361011342,-0.04686037462458481,0
2024-10-15,131.24781799316406,131.60000610351562,138.57000732421875,128.74000549316406,137.8699951171875,377831000,NVDA,-0.04686037462458481,-0.009707368589991883,0.1385066474547536,134.0263641357422,124.21270484924317,119.2151560974121,0.02756504153797804,0.025123223828089476,0.6261447821519215,278896100.0,61.33368113844585,1.2292797888130478,0.03130713784885519,1
2024-10-16,135.3568115234375,135.72000122070312,136.6199951171875,131.5800018310547,133.97999572753906,264879700,NVDA,0.03130713784885519,0.02314383307660761,0.19714210679879196,134.63872680664062,125.3272144317627,119.84304992675781,0.031247000419802804,0.024908605742161957,-0.29894661899103037,276624140.0,64.86760770749831,1.0998636601755627,0.008915373952850025,1
2024-10-17,136.56356811523438,136.92999267578125,140.88999938964844,136.8699951171875,139.33999633789062,306435900,NVDA,0.008915373952850025,0.015726007074580828,0.16170350245331777,135.0615966796875,126.27766380310058,120.60158370971679,0.03075062454530352,0.023862995115602064,0.15688706986605627,277270615.0,70.51516550359271,1.0043647751849485,0.007814226638941824,1
2024-10-18,137.63070678710938,138.0,138.89999389648438,137.27999877929688,138.6699981689453,176090200,NVDA,0.007814226638941824,0.023738873077148392,0.18965513944023416,135.69988403320312,127.37472000122071,121.26059509277344,0.030723166836660227,0.02320574403497399,-0.4253604097953275,266952005.0,71.29625894917982,0.9239315308203757,0.0413769048997501,1
2024-10-21,143.325439453125,143.7100067138672,143.7100067138672,138.0,138.1300048828125,264554500,NVDA,0.0413769048997501,0.04084896614611533,0.2361088410236003,136.82486877441406,128.74354782104493,122.0378889465332,0.03415578188363746,0.024234979132990074,0.5023805981252789,269868305.0,83.26276030472916,1.1503739926613035,-0.0008351985568790798,0
2024-10-22,143.2057342529297,143.58999633789062,144.4199981689453,141.77999877929688,142.91000366210938,226311600,NVDA,-0.0008351985568790798,0.09110944808536514,0.18797043874610542,139.2164520263672,129.87650718688965,122.72762451171874,0.017777799010494238,0.023386020578922036,-0.14455584766087892,263435545.0,82.1967067796185,1.1836039378927943,-0.028065990767736748,0
2024-10-23,139.1865234375,139.55999755859375,142.42999267578125,137.4600067138672,142.02999877929688,285930000,NVDA,-0.028065990767736748,0.02829345543057049,0.1299490008906572,139.98239440917968,130.676859664917,123.1949691772461,0.024851567283015144,0.024566466343150233,0.2634350161458803,263497400.0,71.72947804511486,0.8424350410219823,0.006090731931493787,1
2024-10-24,140.03427124023438,140.41000366210938,141.35000610351562,138.4600067138672,140.82000732421875,172354900,NVDA,0.006090731931493787,0.025414560946967812,0.13197376547226192,140.6765350341797,131.49317054748536,123.64057571411132,0.024796253816041204,0.024561572901972507,-0.39721295421956426,256986000.0,70.80309248736634,0.5931626896041022,0.008047804111150025,1
2024-10-25,141.16123962402344,141.5399932861328,144.1300048828125,140.8000030517578,140.92999267578125,205122100,NVDA,0.008047804111150025,0.025652217585245607,0.1658980042166267,141.3826416015625,132.4974765777588,124.01338592529297,0.024802450192092484,0.02367467185993658,0.19011469937901393,253691645.0,69.43192117298278,0.431023848527186,-0.007206460866511333,0
2024-10-28,140.1439666748047,140.52000427246094,143.13999938964844,140.0500030517578,143.0,173586700,NVDA,-0.007206460866511333,-0.02219754420750142,0.15711459220024904,140.74634704589843,133.44892349243165,124.33154541015625,0.014540170595659936,0.02386193335832456,-0.1537396506763532,251043295.0,62.145795725437445,0.19417532657455094,0.005194962150803395,1
2024-10-29,140.87200927734375,141.25,142.25999450683594,138.89999389648438,140.2899932861328,157593600,NVDA,0.005194962150803395,-0.016296309556041333,0.20726509809090699,140.27960205078125,134.65817947387694,124.55616577148437,0.015146572771246442,0.021505512789307134,-0.09213321066648539,243818250.0,63.47964299400434,0.03385561120138547,-0.013522146646060551,0
2024-10-30,138.9671173095703,139.33999633789062,140.3300018310547,136.80999755859375,139.5399932861328,179418100,NVDA,-0.013522146646060551,-0.0015763460607464141,0.1724021673225533,140.2357208251953,135.67993774414063,124.79753585815429,0.009529481365172498,0.022058676405692448,0.13848595374431438,241696860.0,57.15642005213986,-0.23819800346983833,-0.04722263306259589,0
2024-10-31,132.40472412109375,132.75999450683594,137.61000061035156,132.11000061035156,137.60000610351562,270039600,NVDA,-0.04722263306259589,-0.05448342788924743,0.08066744690940131,138.70981140136718,136.17411155700682,124.88272720336914,0.022124138129690354,0.024434970405155233,0.5050856073049486,241342940.0,47.331238931534834,-0.8627107072481452,0.019885387995034476,1
2024-11-01,135.0376434326172,135.39999389648438,137.30999755859375,134.57000732421875,134.6999969482422,207127800,NVDA,0.019885387995034476,-0.04338015313351007,0.08389352944555384,137.48509216308594,136.6967082977295,125.1155142211914,0.025097770019083847,0.024527117996859152,-0.23297249736705283,239515425.0,46.44850645729799,-1.0866102978875496,0.0048007718116975795,1
2024-11-04,135.68592834472656,136.0500030517578,138.9600067138672,135.57000732421875,137.2100067138672,187528200,NVDA,0.0048007718116975795,-0.03181041921285643,0.06522085873880101,136.5934844970703,137.11209411621093,125.24897766113281,0.025825259663630598,0.024156787608832914,-0.09462563692560821,231579325.0,57.00347505817448,-1.1718542900946005,0.028371920781465887,1
2024-11-05,139.5355987548828,139.91000366210938,140.3699951171875,137.3300018310547,137.4499969482422,160537400,NVDA,0.028371920781465887,-0.009486700227508416,0.05282569553682781,136.32620239257812,137.4621551513672,125.51747360229493,0.03010170430864028,0.02331692584042782,-0.14392928636866353,225320070.0,56.64867053780085,-0.9587471720450935,0.040740524057627514,1
2024-11-06,145.22035217285156,145.61000061035156,146.49000549316406,141.9600067138672,142.9600067138672,242043900,NVDA,0.040740524057627514,0.044997946164136327,0.09770100293134387,137.57684936523438,138.1084228515625,125.86296630859376,0.03420286940667821,0.02476675371302044,0.5077103528523572,225112685.0,62.05554896818384,-0.45051489616944274,0.022457117201232668,1
2024-11-07,148.48158264160156,148.8800048828125,148.92999267578125,146.1699981689453,146.38999938964844,207323300,NVDA,0.022457117201232668,0.12142209144897542,0.10436924827130367,140.79222106933594,138.81004104614257,126.32733474731445,0.01308124416459221,0.024953019273677737,-0.1434475316254613,223363285.0,64.24080785684275,0.06241697714230643,-0.00839604685656159,0
2024-11-08,147.23492431640625,147.6300048828125,149.77000427246094,146.25999450683594,148.77000427246094,175665800,NVDA,-0.00839604685656159,0.09032504251213047,0.09517795131598117,143.23167724609374,139.44982376098633,126.92672760009765,0.019459729447267208,0.025115744388733808,-0.15269629607477786,223636100.0,55.80908460188549,0.26358053820592975,-0.01605357880891123,0
2024-11-11,144.87127685546875,145.25999450683594,148.85000610351562,143.57000732421875,148.67999267578125,182325600,NVDA,-0.01605357880891123,0.06769566028546237,0.05207504902574045,145.0687469482422,139.80836181640626,127.44334548950195,0.02447586630697882,0.025094408367805254,0.03791176199351276,221134995.0,52.320104883288,0.18690404431417917,0.020858971566470874,1
2024-11-12,147.8931427001953,148.2899932861328,149.64999389648438,146.00999450683594,146.77999877929688,198634700,NVDA,0.020858971566470874,0.059895424679360154,0.126823629996639,146.7402557373047,140.6406280517578,128.2471730041504,0.023541567067780544,0.02246616648067302,0.0894504117907744,212175180.0,62.47497231048808,0.28336718064705657,-0.01362180900867438,0
2024-11-13,145.87857055664062,146.27000427246094,149.3300018310547,145.89999389648438,149.07000732421875,191903300,NVDA,-0.01362180900867438,0.004532549149898868,0.07773350239844601,146.8718994140625,141.16671600341797,129.04641006469726,0.019024209606109836,0.022069226429040256,-0.03388833874443886,208526360.0,58.10286379660799,0.16123456842972939,0.0033498955785686846,1
2024-11-14,146.36724853515625,146.75999450683594,149.0,145.5500030517578,147.63999938964844,194463300,NVDA,0.0033498955785686846,-0.014239706156343956,0.07178840268474374,146.44903259277345,141.65690002441406,129.83547607421875,0.015179336411373687,0.022038807752849728,0.01334005199493693,202927730.0,57.34795540154334,0.06787685781748287,-0.0325701050131334,0
2024-11-15,141.6000518798828,141.97999572753906,145.24000549316406,140.0800018310547,144.8699951171875,250132900,NVDA,-0.0325701050131334,-0.03827130324334027,0.028840548635075347,145.32205810546876,141.85536727905273,130.61655609130858,0.020377955799692576,0.0234473483735035,0.28627303969437934,206629865.0,51.85844603016328,-0.33812368201054,-0.012889146123433837,0
2024-11-18,139.7749481201172,140.14999389648438,141.5500030517578,137.14999389648438,139.5,221205300,NVDA,-0.012889146123433837,-0.03517832413692279,-0.024772234060855713,144.30279235839845,141.67784271240234,131.2885350036621,0.020097263714844566,0.021686037215084095,-0.1156489210335786,204462405.0,48.63793105408075,-0.7302713235185312,0.04894757164373931,1
2024-11-19,146.61659240722656,147.00999450683594,147.1300048828125,140.99000549316406,141.32000732421875,227834900,NVDA,0.04894757164373931,-0.00863157188806607,0.02381788810406582,144.0474822998047,141.8483856201172,132.0648371887207,0.03086413230857153,0.024397075934581007,0.029970348811714675,204538570.0,58.4601956532892,-0.5384231600607521,-0.007618436067861611,0
2024-11-20,145.49960327148438,145.88999938964844,147.55999755859375,142.72999572753906,147.41000366210938,309871700,NVDA,-0.007618436067861611,-0.0025978269715023483,0.04535697622204915,143.97168884277343,142.1640396118164,132.6430857849121,0.030380697893728683,0.023506843720924195,0.36007126212884866,205735655.0,66.46607227691389,-0.4972689546057891,0.0053463586766955284,1
2024-11-21,146.27749633789062,146.6699981689453,152.88999938964844,140.6999969482422,149.35000610351562,400946600,NVDA,0.0053463586766955284,-0.0006131986367432507,0.044583551171882396,143.9537384033203,142.47620086669923,133.1922122192383,0.03045133358300281,0.023501418352298607,0.2939116414954963,217165240.0,64.82509919089533,-0.4306638421684421,-0.032180969748734745,0
2024-11-22,141.5701446533203,141.9499969482422,147.16000366210938,141.10000610351562,145.92999267578125,236406200,NVDA,-0.032180969748734745,-0.00021120914975281124,0.0028967231400487403,143.9477569580078,142.49664611816405,133.64798965454102,0.030346821673983813,0.024688233928060212,-0.41037983611782713,218729445.0,57.01048514997641,-0.7006720798190029,-0.041775324934702596,0
2024-11-25,135.656005859375,136.02000427246094,142.0500030517578,135.82000732421875,141.99000549316406,344941900,NVDA,-0.041775324934702596,-0.029468386975915917,-0.03202393168907314,143.12396850585938,142.2722480773926,134.03175994873047,0.03575763226913305,0.0264018958720918,0.4591068254555084,227297205.0,45.59454794270848,-1.2429261266795857,0.0066167233873304365,1
2024-11-26,136.55360412597656,136.9199981689453,139.3000030517578,135.6699981689453,137.6999969482422,190287700,NVDA,0.0066167233873304365,-0.06863471668540844,-0.03065481335518727,141.1113708496094,142.05632781982422,134.4572184753418,0.022034299446438612,0.02642219584094414,-0.4483485479728615,228931910.0,38.958028439321104,-1.4898506935013822,-0.011539720356408156,0
2024-11-27,134.97781372070312,135.33999633789062,137.22000122070312,131.8000030517578,135.00999450683594,226370900,NVDA,-0.011539720356408156,-0.07231490199426105,-0.028706816879423447,139.00701293945312,141.85686264038085,134.89544235229494,0.02182260219561416,0.026377311225761937,0.18962444761274644,231279550.0,32.02331935120202,-1.693174485557166,0.021501585027017045,1
2024-11-29,137.8800506591797,138.25,139.35000610351562,136.0500030517578,136.77999877929688,141863200,NVDA,0.021501585027017045,-0.0574076388299225,0.0413529545447211,137.32752380371093,142.13062896728516,135.301951751709,0.02627554317617045,0.02446292222855591,-0.37331520968463705,224870730.0,38.07223805679044,-1.5688752567845095,0.0027485287635482525,1
2024-12-02,138.25901794433594,138.6300048828125,140.4499969482422,137.82000732421875,138.8300018310547,171682800,NVDA,0.0027485287635482525,-0.02338859451682218,0.023855381579775514,136.66529846191406,142.29169769287108,135.75334045410156,0.023933303716932603,0.024112592768557938,0.21019968533065647,223098480.0,41.11972300583588,-1.4031976270320692,0.011757937336102975,1
2024-12-03,139.88465881347656,140.25999450683594,140.5399932861328,137.9499969482422,138.25999450683594,164414000,NVDA,0.011757937336102975,0.031171881608287322,0.030944479799575264,137.5110290527344,142.5016342163086,136.23205596923827,0.012163590293682525,0.024213377432744643,-0.042338545270696915,221942770.0,38.825517244903345,-1.137511945396487,0.03479232735797333,1
2024-12-04,144.75157165527344,145.13999938964844,145.7899932861328,140.2899932861328,142.0,231224300,NVDA,0.03479232735797333,0.06003479426096958,0.03738094756416488,139.15062255859374,142.76243286132814,136.71615646362304,0.017673622492064254,0.024623264045149654,0.4063540817691924,225477115.0,48.54340747869611,-0.6136278118634242,-0.00048205654408362,0
2024-12-05,144.68179321289062,145.05999755859375,146.5399932861328,143.9499969482422,145.11000061035156,172621200,NVDA,-0.00048205654408362,0.07189314469314967,-0.0037085639299366813,141.09141845703124,142.7355049133301,137.1462028503418,0.014404225081783042,0.02288455781497344,-0.2534469776749243,222005980.0,47.79778314928693,-0.26902228561158426,-0.01806152923907589,0
2024-12-06,142.06861877441406,142.44000244140625,145.6999969482422,141.30999755859375,144.60000610351562,188505600,NVDA,-0.01806152923907589,0.03037834766675518,-0.04319029844035838,141.92913208007812,142.41485671997071,137.51341415405273,0.01932345854715144,0.022589272658173024,0.09201882503423686,221065095.0,50.648747040202544,-0.21655034274695062,-0.025484476901564634,0
2024-12-09,138.4480743408203,138.80999755859375,139.9499969482422,137.1300048828125,138.97000122070312,189308600,NVDA,-0.025484476901564634,0.0013674073438052492,-0.05967911496801592,141.966943359375,141.97551422119142,137.86087326049804,0.02410079154665335,0.023161321579917033,0.004259820397908509,221747235.0,48.24990681787261,-0.4137271739858037,-0.026943241254343886,0
2024-12-10,134.71783447265625,135.07000732421875,141.82000732421875,133.7899932861328,139.00999450683594,210020900,NVDA,-0.026943241254343886,-0.03693631871175951,-0.07008595908864745,140.93357849121094,141.46784210205078,138.13292938232422,0.025741845324758303,0.023612452114072133,0.10941024338038519,223132000.0,32.90273552898894,-0.7631002234672555,0.0313910005223772,1
2024-12-11,138.94676208496094,139.30999755859375,140.1699981689453,135.2100067138672,137.36000061035156,184905200,NVDA,0.0313910005223772,-0.04010187595155568,-0.060492193565527375,139.77261657714843,141.02052307128906,138.57812683105467,0.024361459620095876,0.024288817749536572,-0.11958666970763387,222445525.0,41.357187621884734,-0.6798774671414042,-0.014141202271245934,0
2024-12-12,136.9818878173828,137.33999633789062,138.44000244140625,135.8000030517578,137.0800018310547,159211400,NVDA,-0.014141202271245934,-0.053219587789998246,-0.060986906475091085,138.23263549804688,140.57568893432617,138.9471255493164,0.02408368938272396,0.02430123170504025,-0.13895661127972603,220810930.0,38.11186996210689,-0.7235991027656113,-0.022498773287350393,0
2024-12-13,133.89996337890625,134.25,139.60000610351562,132.5399932861328,138.94000244140625,231514900,NVDA,-0.022498773287350393,-0.057497957437585456,-0.08517810699471784,136.59890441894532,139.95232467651368,139.17469985961915,0.024503264780576392,0.024638512541220372,0.45413519383662226,222663510.0,39.765108118596736,-0.9142333671061181,-0.016759716056535257,0
2024-12-16,131.6558380126953,132.0,134.39999389648438,130.4199981689453,134.17999267578125,237951100,NVDA,-0.016759716056535257,-0.04905981076634136,-0.0702274733318814,135.2404571533203,139.4551139831543,139.31610244750976,0.023553828300247888,0.02392202794650378,0.027800370516109396,222054420.0,44.08272070026386,-1.131406155495879,-0.012196986230147533,0
2024-12-17,130.05003356933594,130.38999938964844,131.58999633789062,126.86000061035156,129.08999633789062,259410300,NVDA,-0.012196986230147533,-0.03464872280342168,-0.06957551894366676,134.30689697265626,138.96886825561523,139.36953887939453,0.021721027819132675,0.02390801865949679,0.0901832351268812,223964670.0,40.5769776678054,-1.3105133666440434,-0.01135051805364784,0
2024-12-18,128.5738983154297,128.91000366210938,136.6999969482422,128.27999877929688,133.86000061035156,277444500,NVDA,-0.01135051805364784,-0.07465351199179882,-0.12306038351841797,132.23232421875,138.06673355102538,139.29032928466796,0.004485616603393964,0.020532366212302446,0.06951998436453755,226445150.0,40.69449550275449,-1.4451106056686953,0.01373035758980401,1
2024-12-19,130.33926391601562,130.67999267578125,134.02999877929688,129.5500030517578,131.75999450683594,209719200,NVDA,0.01373035758980401,-0.04849271686358125,-0.10419505630665826,130.90379943847657,137.30871658325196,139.25121459960937,0.013888148940331316,0.021011960322298174,-0.2441039559263204,221437525.0,38.668110345093254,-1.3345953356039615,0.030762192173791503,1
2024-12-20,134.34878540039062,134.6999969482422,135.27999877929688,128.22000122070312,129.80999755859375,306528600,NVDA,0.030762192173791503,0.0033519204199803365,-0.08154850360540433,130.99356384277343,136.71228103637696,139.2492059326172,0.0205537138121385,0.022410277553596786,0.46161438723779225,216716625.0,44.70200825066064,-0.9299830880582112,0.03689696004921017,1
2024-12-23,139.30584716796875,139.6699981689453,139.7899932861328,135.1199951171875,136.27999877929688,176053500,NVDA,0.03689696004921017,0.05810611417425915,-0.01599417370729128,132.52356567382813,136.59906616210938,139.34653747558593,0.02293840698596532,0.023150290513900555,-0.42565391940588904,213698990.0,49.28070036381206,-0.29965756841791324,0.0039379824718595025,1
2024-12-24,139.85443115234375,140.22000122070312,141.89999389648438,138.64999389648438,140.0,105157000,NVDA,0.0039379824718595025,0.07538942754505795,0.030949055785417734,134.48444519042968,136.80898742675782,139.3896157836914,0.019659884730801987,0.021025143562869473,-0.40269861150161745,201709745.0,43.1825201430031,0.15844217917223213,-0.002068299601767465,0
2024-12-26,139.56517028808594,139.92999267578125,140.85000610351562,137.72999572753906,139.6999969482422,116205600,NVDA,-0.002068299601767465,0.08548602878705136,0.022054095030191068,136.68269958496094,136.95956573486328,139.55596282958984,0.016804670360527105,0.02100866902275841,0.10506766073585205,198005640.0,42.92023533694032,0.43074938100908655,-0.020867774852203702,0
2024-12-27,136.6527557373047,137.00999450683594,139.02000427246094,134.7100067138672,138.5500030517578,170582600,NVDA,-0.020867774852203702,0.04843890959332997,0.012409017233508957,137.94539794921874,137.04331283569337,139.58188171386718,0.023923670119415024,0.02140845057757273,0.46793786185863673,195216225.0,42.56772999300608,0.40394531600133554,0.0035034768456871923,1
2024-12-30,137.1315155029297,137.49000549316406,140.27000427246094,134.02000427246094,134.8300018310547,167734700,NVDA,0.0035034768456871923,0.020712729886212866,-0.005428886576929637,138.50194396972657,137.00588607788086,139.59324066162108,0.02084045065372682,0.020865314387078233,-0.016695137722135822,196509800.0,48.02276925051217,0.4065653664495088,-0.023274486814417794,0
