Date,Adj Close,Close,High,Low,Open,Volume,Ticker
2015-01-02,26.227922439575195,26.477500915527344,26.790000915527344,26.393999099731445,26.6299991607666,26480000,GOOGL
2015-01-05,25.728179931640625,25.972999572753906,26.399499893188477,25.887500762939453,26.357500076293945,41182000,GOOGL
2015-01-06,25.093223571777344,25.332000732421875,26.06049919128418,25.27750015258789,26.024999618530273,54456000,GOOGL
2015-01-07,25.019420623779297,25.25749969482422,25.574499130249023,25.1825008392334,25.547500610351562,46918000,GOOGL
2015-01-08,25.106592178344727,25.345500946044922,25.375,24.750999450683594,25.07550048828125,73054000,GOOGL
2015-01-09,24.800012588500977,25.035999298095703,25.43000030517578,24.9325008392334,25.409000396728516,42000000,GOOGL
2015-01-12,24.618736267089844,24.85300064086914,25.013999938964844,24.545499801635742,24.961999893188477,57138000,GOOGL
2015-01-13,24.853500366210938,25.09000015258789,25.43000030517578,24.863000869750977,25.12849998474121,60958000,GOOGL
2015-01-14,25.05805206298828,25.296499252319336,25.413000106811523,24.908000946044922,25.020999908447266,52800000,GOOGL
2015-01-15,24.96295928955078,25.20050048828125,25.487499237060547,25.100500106811523,25.444499969482422,51068000,GOOGL
2015-01-16,25.282421112060547,25.523000717163086,25.542499542236328,25.154499053955078,25.157499313354492,49658000,GOOGL
2015-01-20,25.25666618347168,25.496999740600586,25.780500411987305,25.4685001373291,25.638500213623047,46796000,GOOGL
2015-01-21,25.774240493774414,26.019500732421875,26.092500686645508,25.47949981689453,25.54199981689453,46356000,GOOGL
2015-01-22,26.61176872253418,26.864999771118164,26.941999435424805,26.095500946044922,26.149999618530273,56068000,GOOGL
2015-01-23,26.842079162597656,27.09749984741211,27.27050018310547,26.787500381469727,26.901500701904297,45966000,GOOGL
2015-01-26,26.583045959472656,26.836000442504883,27.075000762939453,26.603500366210938,27.075000762939453,30932000,GOOGL
2015-01-27,25.813865661621094,26.059499740600586,26.638999938964844,26.042999267578125,26.56999969482422,39148000,GOOGL
2015-01-28,25.37999153137207,25.62150001525879,26.284500122070312,25.61750030517578,26.25,35822000,GOOGL
2015-01-29,25.419614791870117,25.661500930786133,25.75950050354004,25.173999786376953,25.645000457763672,79018000,GOOGL
2015-01-30,26.624155044555664,26.877500534057617,27.155000686645508,25.909000396728516,25.950000762939453,121108000,GOOGL
2015-02-02,26.359172821044922,26.610000610351562,26.825000762939453,26.086000442504883,26.715999603271484,75378000,GOOGL
2015-02-03,26.413658142089844,26.665000915527344,26.872499465942383,26.340499877929688,26.496999740600586,47062000,GOOGL
2015-02-04,26.057050704956055,26.30500030517578,26.837499618530273,26.25149917602539,26.656999588012695,33896000,GOOGL
2015-02-05,26.241790771484375,26.491500854492188,26.534500122070312,26.281999588012695,26.396499633789062,33176000,GOOGL
2015-02-06,26.442384719848633,26.694000244140625,27.01099967956543,26.4325008392334,26.550500869750977,42938000,GOOGL
2015-02-09,26.214550018310547,26.464000701904297,26.694000244140625,26.377500534057617,26.55299949645996,30314000,GOOGL
2015-02-10,26.753421783447266,27.007999420166016,27.049999237060547,26.458499908447266,26.607500076293945,47430000,GOOGL
2015-02-11,26.64643669128418,26.899999618530273,27.09749984741211,26.799999237060547,26.986499786376953,38306000,GOOGL
2015-02-12,27.043169021606445,27.300500869750977,27.41699981689453,26.850000381469727,26.982999801635742,48590000,GOOGL
2015-02-13,27.29823875427246,27.558000564575195,27.62700080871582,27.329999923706055,27.375499725341797,47382000,GOOGL
2015-02-17,26.99363899230957,27.250499725341797,27.649999618530273,27.163000106811523,27.558000564575195,39174000,GOOGL
2015-02-18,26.87674903869629,27.13249969482422,27.377500534057617,26.977500915527344,27.19099998474121,31164000,GOOGL
2015-02-19,27.064958572387695,27.322500228881836,27.343000411987305,27.037500381469727,27.12350082397461,30834000,GOOGL
2015-02-20,26.83465003967285,27.09000015258789,27.378999710083008,26.905000686645508,27.378999710083008,38234000,GOOGL
2015-02-23,26.497852325439453,26.75,26.96500015258789,26.600000381469727,26.950000762939453,32906000,GOOGL
2015-02-24,26.67863655090332,26.9325008392334,26.969999313354492,26.549999237060547,26.577499389648438,28406000,GOOGL
2015-02-25,27.108543395996094,27.366500854492188,27.478500366210938,26.90049934387207,26.922000885009766,40836000,GOOGL
2015-02-26,27.70090675354004,27.964500427246094,28.006500244140625,27.254499435424805,27.28700065612793,54032000,GOOGL
2015-02-27,27.866331100463867,28.131500244140625,28.47100067138672,27.851499557495117,27.907499313354492,68328000,GOOGL
2015-03-02,28.47999382019043,28.750999450683594,28.79949951171875,28.157499313354492,28.350000381469727,50406000,GOOGL
2015-03-03,28.666715621948242,28.93950080871582,29.042499542236328,28.524999618530273,28.8174991607666,50526000,GOOGL
2015-03-04,28.64393424987793,28.916500091552734,29.081499099731445,28.625999450683594,28.848499298095703,37964000,GOOGL
2015-03-05,28.79747200012207,29.071500778198242,29.15999984741211,28.911500930786133,28.981000900268555,35918000,GOOGL
2015-03-06,28.3749942779541,28.645000457763672,29.138999938964844,28.60300064086914,29.100000381469727,37592000,GOOGL
2015-03-09,28.434425354003906,28.704999923706055,28.772499084472656,28.452499389648438,28.54599952697754,23478000,GOOGL
2015-03-10,27.72864532470703,27.99250030517578,28.488000869750977,27.990999221801758,28.423999786376953,40080000,GOOGL
2015-03-11,27.522602081298828,27.784500122070312,28.208999633789062,27.77050018310547,27.989999771118164,40524000,GOOGL
2015-03-12,27.794021606445312,28.058500289916992,28.091999053955078,27.776500701904297,27.923999786376953,35602000,GOOGL
2015-03-13,27.38936996459961,27.649999618530273,28.218000411987305,27.51650047302246,27.96150016784668,35428000,GOOGL
2015-03-16,27.81730079650879,28.082000732421875,28.1875,27.56599998474121,27.846500396728516,36856000,GOOGL
2015-03-17,27.617698669433594,27.88050079345703,28.031999588012695,27.720500946044922,27.914499282836914,28892000,GOOGL
2015-03-18,28.041168212890625,28.308000564575195,28.32550048828125,27.674999237060547,27.886499404907227,35324000,GOOGL
2015-03-19,27.917842864990234,28.183500289916992,28.347999572753906,28.106000900268555,28.22599983215332,24660000,GOOGL
2015-03-20,27.981237411499023,28.247499465942383,28.354999542236328,28.224000930786133,28.335500717163086,44320000,GOOGL
2015-03-23,28.002038955688477,28.26849937438965,28.48200035095215,28.152999877929688,28.299999237060547,30234000,GOOGL
2015-03-24,28.60480499267578,28.87700080871582,29.0939998626709,28.404499053955078,28.427000045776367,79156000,GOOGL
2015-03-25,28.082773208618164,28.350000381469727,29.00349998474121,28.350000381469727,28.87849998474121,53070000,GOOGL
2015-03-26,27.91635513305664,28.18199920654297,28.359500885009766,27.91550064086914,28.232500076293945,49842000,GOOGL
2015-03-27,27.61472511291504,27.877500534057617,28.203500747680664,27.846500396728516,28.09149932861328,34552000,GOOGL
2015-03-30,27.79253578186035,28.05699920654297,28.107999801635742,27.839500427246094,28.012500762939453,24788000,GOOGL
2015-03-31,27.473569869995117,27.735000610351562,28.122499465942383,27.73349952697754,27.89699935913086,34932000,GOOGL
2015-04-01,27.215524673461914,27.47450065612793,27.924999237060547,27.30150032043457,27.741500854492188,38902000,GOOGL
2015-04-02,26.810380935668945,27.065500259399414,27.399999618530273,27.02199935913086,27.370500564575195,47760000,GOOGL
2015-04-06,26.94113540649414,27.197500228881836,27.277000427246094,26.78499984741211,26.941999435424805,33718000,GOOGL
2015-04-07,26.986207962036133,27.243000030517578,27.507999420166016,27.179500579833984,27.249500274658203,27318000,GOOGL
2015-04-08,27.183330535888672,27.441999435424805,27.575000762939453,27.299999237060547,27.299999237060547,28386000,GOOGL
2015-04-09,27.142715454101562,27.400999069213867,27.4685001373291,27.09749984741211,27.460500717163086,32366000,GOOGL
2015-04-10,27.16847038269043,27.427000045776367,27.49250030517578,27.249000549316406,27.478500366210938,26104000,GOOGL
2015-04-13,27.173425674438477,27.43199920654297,27.66349983215332,27.315000534057617,27.352500915527344,29326000,GOOGL
2015-04-14,26.734601974487305,26.98900032043457,27.328500747680664,26.78700065612793,27.328500747680664,47206000,GOOGL
2015-04-15,26.79700469970703,27.052000045776367,27.159500122070312,26.618499755859375,26.898000717163086,46962000,GOOGL
2015-04-16,26.919837951660156,27.176000595092773,27.261499404907227,26.905000686645508,26.917499542236328,31722000,GOOGL
2015-04-17,26.38591957092285,26.636999130249023,26.989999771118164,26.450000762939453,26.86549949645996,49234000,GOOGL
2015-04-20,26.969860076904297,27.226499557495117,27.290000915527344,26.667499542236328,26.6875,38508000,GOOGL
2015-04-21,26.890119552612305,27.145999908447266,27.388500213623047,27.11050033569336,27.315500259399414,29128000,GOOGL
2015-04-22,27.200170516967773,27.458999633789062,27.549999237060547,27.06599998474121,27.152999877929688,31806000,GOOGL
2015-04-23,27.610267639160156,27.87299919128418,28.058500289916992,27.503999710083008,27.52050018310547,78184000,GOOGL
2015-04-24,28.41263771057129,28.683000564575195,29.235000610351562,28.417499542236328,29.002500534057617,92168000,GOOGL
2015-04-27,28.039188385009766,28.305999755859375,28.775999069213867,28.114999771118164,28.638500213623047,48062000,GOOGL
2015-04-28,27.952510833740234,28.2185001373291,28.39150047302246,28.04800033569336,28.215999603271484,37178000,GOOGL
2015-04-29,27.804914474487305,28.069499969482422,28.29199981689453,27.950000762939453,28.02549934387207,33622000,GOOGL
2015-04-30,27.17986297607422,27.438499450683594,28.055500030517578,27.336000442504883,27.92799949645996,47240000,GOOGL
2015-05-01,27.29823875427246,27.558000564575195,27.56100082397461,27.1924991607666,27.52549934387207,36572000,GOOGL
2015-05-04,27.38144874572754,27.642000198364258,27.83449935913086,27.36949920654297,27.54949951171875,35260000,GOOGL
2015-05-05,26.896066665649414,27.152000427246094,27.63050079345703,27.118499755859375,27.507999420166016,28528000,GOOGL
2015-05-06,26.501819610595703,26.753999710083008,27.196500778198242,26.61199951171875,27.131999969482422,39034000,GOOGL
2015-05-07,26.84653663635254,27.101999282836914,27.260000228881836,26.672500610351562,26.795000076293945,31844000,GOOGL
2015-05-08,27.188779830932617,27.447500228881836,27.639999389648438,27.401500701904297,27.443500518798828,28226000,GOOGL
2015-05-11,27.031774520874023,27.288999557495117,27.668500900268555,27.280000686645508,27.42449951171875,21858000,GOOGL
2015-05-12,26.682598114013672,26.936500549316406,27.148000717163086,26.75,27.140499114990234,35282000,GOOGL
2015-05-13,26.720237731933594,26.97450065612793,27.191999435424805,26.948999404907227,27.023500442504883,24238000,GOOGL
2015-05-14,27.201162338256836,27.459999084472656,27.484500885009766,27.125,27.19849967956543,31736000,GOOGL
2015-05-15,27.066936492919922,27.324499130249023,27.530000686645508,27.125,27.519500732421875,33440000,GOOGL
2015-05-18,27.07585334777832,27.333499908447266,27.41699981689453,27.112499237060547,27.19099998474121,26706000,GOOGL
2015-05-19,27.20512580871582,27.464000701904297,27.670000076293945,27.356000900268555,27.399999618530273,47126000,GOOGL
2015-05-20,27.365100860595703,27.625499725341797,27.803499221801758,27.2549991607666,27.54599952697754,30840000,GOOGL
2015-05-21,27.578075408935547,27.840499877929688,27.88050079345703,27.46500015258789,27.510000228881836,34170000,GOOGL
2015-05-22,27.46465301513672,27.72599983215332,27.91200065612793,27.680999755859375,27.722999572753906,24266000,GOOGL
2015-05-26,27.10161018371582,27.359500885009766,27.666500091552734,27.148500442504883,27.628999710083008,37474000,GOOGL
2015-05-27,27.451282501220703,27.712499618530273,27.76449966430664,27.32900047302246,27.43400001525879,34844000,GOOGL
2015-05-28,27.44781494140625,27.708999633789062,27.788000106811523,27.540000915527344,27.68950080871582,23544000,GOOGL
2015-05-29,27.008991241455078,27.266000747680664,27.69700050354004,27.25200080871582,27.65999984741211,43446000,GOOGL
2015-06-01,27.201656341552734,27.460500717163086,27.528499603271484,27.179000854492188,27.436500549316406,33210000,GOOGL
2015-06-02,27.43642234802246,27.697500228881836,27.93950080871582,27.327499389648438,27.37150001525879,31842000,GOOGL
2015-06-03,27.50279426574707,27.76449966430664,27.899499893188477,27.607500076293945,27.7549991607666,26710000,GOOGL
2015-06-04,27.32448959350586,27.58449935913086,27.79800033569336,27.45599937438965,27.608999252319336,26866000,GOOGL
2015-06-05,27.21750831604004,27.476499557495117,27.666500091552734,27.368999481201172,27.600000381469727,24396000,GOOGL
2015-06-08,26.917858123779297,27.173999786376953,27.493499755859375,27.147499084472656,27.480499267578125,27336000,GOOGL
2015-06-09,26.85247802734375,27.107999801635742,27.242000579833984,26.9424991607666,27.17099952697754,30016000,GOOGL
2015-06-10,27.36956214904785,27.6299991607666,27.73900032043457,27.25550079345703,27.28499984741211,30316000,GOOGL
2015-06-11,27.24276351928711,27.50200080871582,27.741500854492188,27.458499908447266,27.72450065612793,25872000,GOOGL
2015-06-12,27.115474700927734,27.37350082397461,27.4424991607666,27.2814998626709,27.357500076293945,25468000,GOOGL
2015-06-15,26.89408302307129,27.149999618530273,27.202499389648438,26.960500717163086,27.136499404907227,27150000,GOOGL
2015-06-16,26.986705780029297,27.243499755859375,27.33449935913086,27.078500747680664,27.224000930786133,32526000,GOOGL
2015-06-17,27.072389602661133,27.329999923706055,27.417999267578125,27.090499877929688,27.270999908447266,24440000,GOOGL
2015-06-18,27.546873092651367,27.80900001525879,27.862499237060547,27.399999618530273,27.399999618530273,41192000,GOOGL
2015-06-19,27.613239288330078,27.875999450683594,27.89550018310547,27.613000869750977,27.826000213623047,59290000,GOOGL
2015-06-22,27.7202205657959,27.983999252319336,28.280500411987305,27.945499420166016,27.970500946044922,34752000,GOOGL
2015-06-23,27.903972625732422,28.16950035095215,28.2450008392334,27.857500076293945,27.989500045776367,31396000,GOOGL
2015-06-24,27.665246963500977,27.928499221801758,28.131999969482422,27.840499877929688,28.124000549316406,28924000,GOOGL
2015-06-25,27.63453483581543,27.897499084472656,28.156999588012695,27.87299919128418,28.014999389648438,26684000,GOOGL
2015-06-26,27.392343521118164,27.652999877929688,28.0,27.592500686645508,27.98550033569336,43676000,GOOGL
2015-06-29,26.807409286499023,27.0625,27.545000076293945,27.011999130249023,27.337499618530273,37756000,GOOGL
2015-06-30,26.747478485107422,27.00200080871582,27.295000076293945,26.976999282836914,27.254499435424805,34510000,GOOGL
2015-07-01,26.90894317626953,27.165000915527344,27.29050064086914,26.988000869750977,27.183000564575195,30760000,GOOGL
2015-07-02,27.109037399291992,27.367000579833984,27.399999618530273,27.178499221801758,27.23699951171875,28124000,GOOGL
2015-07-06,27.023847579956055,27.2810001373291,27.429000854492188,27.104999542236328,27.112499237060547,25614000,GOOGL
2015-07-07,27.24226951599121,27.50149917602539,27.549999237060547,26.99250030517578,27.37150001525879,33578000,GOOGL
2015-07-08,26.829692840576172,27.084999084472656,27.413999557495117,27.059999465942383,27.280000686645508,27662000,GOOGL
2015-07-09,26.975805282592773,27.232500076293945,27.444000244140625,27.231000900268555,27.4325008392334,29766000,GOOGL
2015-07-10,27.543407440185547,27.805500030517578,27.964500427246094,27.600000381469727,27.68549919128418,43436000,GOOGL
2015-07-13,28.31704330444336,28.58650016784668,28.642499923706055,27.934999465942383,27.975500106811523,41792000,GOOGL
2015-07-14,28.933673858642578,29.208999633789062,29.48550033569336,28.708499908447266,28.725000381469727,74832000,GOOGL
2015-07-15,28.922779083251953,29.197999954223633,29.434499740600586,29.010499954223633,29.187000274658203,41466000,GOOGL
2015-07-16,29.805383682250977,30.089000701904297,30.225000381469727,29.395999908447266,29.475000381469727,112642000,GOOGL
2015-07-17,34.65126419067383,34.98099899291992,35.150001525878906,33.900001525878906,34.0,257162000,GOOGL
2015-07-20,34.315460205078125,34.641998291015625,34.88999938964844,34.0885009765625,34.44900131225586,102436000,GOOGL
2015-07-21,34.439781188964844,34.76750183105469,35.279998779296875,34.20750045776367,34.24399948120117,75604000,GOOGL
2015-07-22,34.427398681640625,34.755001068115234,35.666500091552734,34.58100128173828,34.70100021362305,83100000,GOOGL
2015-07-23,33.41850280761719,33.73649978637695,34.80350112915039,33.579498291015625,34.592498779296875,76232000,GOOGL
2015-07-24,32.42990493774414,32.73849868774414,33.88949966430664,32.659000396728516,33.8385009765625,82622000,GOOGL
2015-07-27,32.6032600402832,32.91350173950195,33.35350036621094,32.57749938964844,32.57849884033203,58382000,GOOGL
2015-07-28,32.6721076965332,32.983001708984375,33.20500183105469,32.670501708984375,33.0880012512207,34364000,GOOGL
2015-07-29,32.759769439697266,33.07149887084961,33.166500091552734,32.641998291015625,33.112998962402344,36756000,GOOGL
2015-07-30,32.914791107177734,33.22800064086914,33.40250015258789,32.58449935913086,32.87200164794922,39606000,GOOGL
2015-07-31,32.565120697021484,32.875,33.25,32.86000061035156,33.23500061035156,34922000,GOOGL
2015-08-03,32.9227180480957,33.236000061035156,33.333499908447266,32.882999420166016,32.882999420166016,31348000,GOOGL
2015-08-04,32.75233840942383,33.06399917602539,33.400001525878906,33.0255012512207,33.21699905395508,26188000,GOOGL
2015-08-05,33.34718322753906,33.66450119018555,33.99549865722656,33.27899932861328,33.287498474121094,36448000,GOOGL
2015-08-06,33.19165802001953,33.50749969482422,33.73749923706055,33.0364990234375,33.699501037597656,40660000,GOOGL
2015-08-07,32.906375885009766,33.21950149536133,33.439998626708984,32.94350051879883,33.388999938964844,27544000,GOOGL
2015-08-10,32.84446716308594,33.15700149536133,33.58100128173828,33.01150131225586,33.35449981689453,34458000,GOOGL
2015-08-11,34.18965530395508,34.51499938964844,35.20000076293945,34.215999603271484,34.979000091552734,109880000,GOOGL
2015-08-12,34.24761199951172,34.57350158691406,34.79999923706055,34.0255012512207,34.7244987487793,58498000,GOOGL
2015-08-13,34.001949310302734,34.32550048828125,34.701499938964844,34.10900115966797,34.459999084472656,36354000,GOOGL
2015-08-14,34.14359664916992,34.46849822998047,34.612998962402344,34.14500045776367,34.20199966430664,27598000,GOOGL
2015-08-17,34.37836456298828,34.705501556396484,34.73699951171875,34.15299987792969,34.402000427246094,24680000,GOOGL
2015-08-18,34.11189651489258,34.436500549316406,34.78799819946289,34.26599884033203,34.55350112915039,27710000,GOOGL
2015-08-19,34.37489700317383,34.70199966430664,35.0099983215332,34.34000015258789,34.50550079345703,50194000,GOOGL
2015-08-20,33.65376281738281,33.9739990234375,34.80799865722656,33.763999938964844,34.45500183105469,57798000,GOOGL
2015-08-21,31.89796257019043,32.201499938964844,33.644500732421875,32.154998779296875,33.551998138427734,91880000,GOOGL
2015-08-24,30.614187240600586,30.905500411987305,31.384000778198242,29.654499053955078,30.030000686645508,129788000,GOOGL
2015-08-25,30.334840774536133,30.62350082397461,32.349998474121094,30.583499908447266,32.32350158691406,71430000,GOOGL
2015-08-26,32.67605972290039,32.98699951171875,33.124000549316406,31.51849937438965,32.154998779296875,87740000,GOOGL
2015-08-27,33.08319091796875,33.39799880981445,33.69900131225586,32.55500030517578,33.5994987487793,58974000,GOOGL
2015-08-28,32.673587799072266,32.984500885009766,33.349998474121094,32.6875,33.28799819946289,38836000,GOOGL
2015-08-31,32.08567810058594,32.39099884033203,33.22050094604492,32.317501068115234,32.71699905395508,38936000,GOOGL
2015-09-01,31.181289672851562,31.47800064086914,32.22200012207031,31.253000259399414,31.690500259399414,51458000,GOOGL
2015-09-02,31.94154930114746,32.24549865722656,32.25299835205078,31.531999588012695,31.899999618530273,37630000,GOOGL
2015-09-03,31.55225944519043,31.852500915527344,32.5625,31.690500259399414,32.39649963378906,34572000,GOOGL
2015-09-04,31.151573181152344,31.447999954223633,31.725000381469727,31.325000762939453,31.485000610351562,40478000,GOOGL
2015-09-08,31.890541076660156,32.194000244140625,32.25199890136719,31.645000457763672,32.04999923706055,39092000,GOOGL
2015-09-09,31.86726188659668,32.170501708984375,32.86800003051758,32.04499816894531,32.59400177001953,40978000,GOOGL
2015-09-10,32.24714279174805,32.55400085449219,32.744998931884766,32.084999084472656,32.19499969482422,27850000,GOOGL
2015-09-11,32.456153869628906,32.76499938964844,32.765499114990234,32.37049865722656,32.510501861572266,34892000,GOOGL
2015-09-14,32.31599807739258,32.62350082397461,32.79600143432617,32.474998474121094,32.78150177001953,29942000,GOOGL
2015-09-15,32.9400520324707,33.253501892089844,33.442501068115234,32.66699981689453,32.83549880981445,35546000,GOOGL
2015-09-16,32.96234130859375,33.2760009765625,33.403499603271484,33.11000061035156,33.27750015258789,26252000,GOOGL
2015-09-17,33.26694107055664,33.583499908447266,34.0994987487793,33.25,33.3745002746582,47752000,GOOGL
2015-09-18,32.73450469970703,33.04600143432617,33.492000579833984,33.00149917602539,33.25299835205078,72544000,GOOGL
2015-09-21,33.03465270996094,33.3489990234375,33.45000076293945,32.900001525878906,33.2755012512207,39094000,GOOGL
2015-09-22,32.352149963378906,32.65999984741211,32.941001892089844,32.25149917602539,32.87350082397461,54362000,GOOGL
2015-09-23,32.356605529785156,32.66450119018555,33.013999938964844,32.5364990234375,32.64500045776367,29160000,GOOGL
2015-09-24,32.436832427978516,32.74549865722656,32.8385009765625,32.10850143432617,32.44850158691406,38692000,GOOGL
2015-09-25,31.70579719543457,32.00749969482422,32.92900085449219,31.982999801635742,32.92900085449219,48480000,GOOGL
2015-09-28,30.918291091918945,31.212499618530273,32.14250183105469,30.892000198364258,31.952499389648438,47646000,GOOGL
2015-09-29,30.837066650390625,31.13050079345703,31.733999252319336,30.901500701904297,31.274999618530273,42130000,GOOGL
2015-09-30,31.61763572692871,31.918500900268555,31.965499877929688,31.457500457763672,31.59149932861328,52954000,GOOGL
2015-10-01,31.797420501708984,32.099998474121094,32.19200134277344,31.555999755859375,31.89699935913086,42506000,GOOGL
2015-10-02,32.539859771728516,32.8494987487793,32.849998474121094,31.674999237060547,31.90049934387207,48788000,GOOGL
2015-10-05,33.26743698120117,33.58399963378906,33.6515007019043,32.79349899291992,33.08000183105469,37960000,GOOGL
2015-10-06,33.26545715332031,33.582000732421875,33.939998626708984,33.15399932861328,33.467498779296875,42774000,GOOGL
2015-10-07,33.18423080444336,33.5,33.9370002746582,32.90549850463867,33.869998931884766,44354000,GOOGL
2015-10-08,33.03564453125,33.349998474121094,33.59450149536133,32.7244987487793,33.47249984741211,39308000,GOOGL
2015-10-09,33.24563980102539,33.5620002746582,33.704498291015625,33.11800003051758,33.3745002746582,32124000,GOOGL
2015-10-12,33.50270080566406,33.82149887084961,33.89899826049805,33.36199951171875,33.45949935913086,26684000,GOOGL
2015-10-13,33.836524963378906,34.15850067138672,34.42300033569336,33.65549850463867,33.7130012512207,42446000,GOOGL
2015-10-14,33.6998176574707,34.02050018310547,34.50199890136719,33.94499969482422,34.186500549316406,31292000,GOOGL
2015-10-15,34.324378967285156,34.6510009765625,34.70800018310547,34.21950149536133,34.26250076293945,47156000,GOOGL
2015-10-16,34.43829345703125,34.76599884033203,34.81100082397461,34.45500183105469,34.77000045776367,36316000,GOOGL
2015-10-19,34.66761779785156,34.997501373291016,35.012001037597656,34.61050033569336,34.70000076293945,30172000,GOOGL
2015-10-20,33.67951583862305,34.0,34.900001525878906,33.683998107910156,34.894500732421875,52434000,GOOGL
2015-10-21,33.273380279541016,33.59000015258789,34.244998931884766,33.53499984741211,34.160499572753906,31952000,GOOGL
2015-10-22,33.73598098754883,34.05699920654297,34.40250015258789,33.584999084472656,33.77199935913086,88632000,GOOGL
2015-10-23,35.62748336791992,35.96649932861328,37.625,35.89699935913086,37.50299835205078,126726000,GOOGL
2015-10-26,36.21142578125,36.555999755859375,36.747501373291016,36.000999450683594,36.000999450683594,48776000,GOOGL
2015-10-27,36.29561996459961,36.64099884033203,36.79800033569336,36.207000732421875,36.32849884033203,38778000,GOOGL
2015-10-28,36.498687744140625,36.84600067138672,36.868499755859375,36.36349868774414,36.650001525878906,39604000,GOOGL
2015-10-29,36.89145278930664,37.24250030517578,37.339500427246094,36.757999420166016,36.83150100708008,36520000,GOOGL
2015-10-30,36.52196502685547,36.86949920654297,37.31549835205078,36.826499938964844,37.27799987792969,39984000,GOOGL
2015-11-02,37.03459548950195,37.387001037597656,37.409000396728516,36.5724983215332,36.72650146484375,39914000,GOOGL
2015-11-03,37.088077545166016,37.441001892089844,37.584999084472656,37.05799865722656,37.27149963378906,36306000,GOOGL
2015-11-04,37.40951919555664,37.765499114990234,37.994998931884766,37.459999084472656,37.494998931884766,41840000,GOOGL
2015-11-05,37.67499542236328,38.03350067138672,38.317501068115234,37.87350082397461,37.94049835205078,45486000,GOOGL
2015-11-06,37.7210578918457,38.08000183105469,38.1510009765625,37.75149917602539,37.96950149536133,33544000,GOOGL
2015-11-09,37.382774353027344,37.73849868774414,38.165000915527344,37.455501556396484,37.92599868774414,35538000,GOOGL
2015-11-10,37.555625915527344,37.91299819946289,38.029998779296875,37.420501708984375,37.67399978637695,29798000,GOOGL
2015-11-11,37.90184020996094,38.26250076293945,38.45399856567383,37.98749923706055,38.11899948120117,41866000,GOOGL
2015-11-12,37.46994400024414,37.826499938964844,38.290000915527344,37.792999267578125,38.00899887084961,35452000,GOOGL
2015-11-13,36.65470886230469,37.003501892089844,37.76649856567383,36.9734992980957,37.70199966430664,48188000,GOOGL
2015-11-16,37.16732406616211,37.520999908447266,37.58549880981445,36.71649932861328,37.010501861572266,50704000,GOOGL
2015-11-17,36.94741439819336,37.29899978637695,37.747501373291016,37.20249938964844,37.62350082397461,38864000,GOOGL
2015-11-18,37.64230728149414,38.0004997253418,38.05500030517578,37.36949920654297,37.47850036621094,36266000,GOOGL
2015-11-19,37.63883972167969,37.99700164794922,38.1614990234375,37.86149978637695,37.98899841308594,28078000,GOOGL
2015-11-20,38.48379898071289,38.849998474121094,38.965999603271484,38.20500183105469,38.46500015258789,55478000,GOOGL
2015-11-23,38.46894073486328,38.834999084472656,39.14500045776367,38.675498962402344,38.87350082397461,34648000,GOOGL
2015-11-24,38.1187744140625,38.48149871826172,38.79949951171875,37.90549850463867,38.64799880981445,47880000,GOOGL
2015-11-25,38.10044860839844,38.4630012512207,38.650001525878906,38.326499938964844,38.58449935913086,23612000,GOOGL
2015-11-27,38.23468017578125,38.5984992980957,38.70000076293945,38.349998474121094,38.45800018310547,14434000,GOOGL
2015-11-30,37.7829704284668,38.14250183105469,38.75149917602539,38.055999755859375,38.59349822998047,33586000,GOOGL
2015-12-01,38.820098876953125,39.18949890136719,39.25,38.29750061035156,38.34700012207031,40398000,GOOGL
2015-12-02,38.525909423828125,38.89250183105469,39.65250015258789,38.82149887084961,39.26250076293945,46876000,GOOGL
2015-12-03,38.047943115234375,38.40999984741211,39.2239990234375,38.122501373291016,39.02799987792969,41950000,GOOGL
2015-12-04,38.5932502746582,38.96049880981445,39.12099838256836,38.2755012512207,38.48550033569336,49800000,GOOGL
2015-12-07,38.285186767578125,38.64950180053711,39.04999923706055,38.33599853515625,39.00299835205078,36626000,GOOGL
2015-12-08,38.39167404174805,38.75699996948242,38.932498931884766,38.125999450683594,38.224998474121094,31082000,GOOGL
2015-12-09,37.76811218261719,38.127498626708984,38.804500579833984,37.60049819946289,38.55500030517578,46550000,GOOGL
2015-12-10,37.6437873840332,38.00199890136719,38.30350112915039,37.75,38.179500579833984,32458000,GOOGL
2015-12-11,37.16732406616211,37.520999908447266,37.87200164794922,37.432498931884766,37.45000076293945,43184000,GOOGL
2015-12-14,37.76761245727539,38.12699890136719,38.20750045776367,36.8129997253418,37.5629997253418,53864000,GOOGL
2015-12-15,37.646278381347656,38.00450134277344,38.73749923706055,37.900001525878906,38.38949966430664,49386000,GOOGL
2015-12-16,38.4634895324707,38.829498291015625,39.07500076293945,37.852500915527344,38.32849884033203,53120000,GOOGL
2015-12-17,38.12868118286133,38.49150085449219,39.079498291015625,38.46500015258789,39.05799865722656,36510000,GOOGL
2015-12-18,37.48579025268555,37.842498779296875,38.707000732421875,37.829498291015625,38.36149978637695,67794000,GOOGL
2015-12-21,37.681434631347656,38.040000915527344,38.317501068115234,37.70750045776367,38.15250015258789,34848000,GOOGL
2015-12-22,37.99495315551758,38.35649871826172,38.516998291015625,38.060001373291016,38.2135009765625,36338000,GOOGL
2015-12-23,38.06330108642578,38.425498962402344,38.595001220703125,37.88249969482422,38.53450012207031,30594000,GOOGL
2015-12-24,37.93106460571289,38.29199981689453,38.459999084472656,38.21950149536133,38.42599868774414,10412000,GOOGL
2015-12-28,38.74333190917969,39.11199951171875,39.14099884033203,38.38650131225586,38.5,31156000,GOOGL
2015-12-29,39.32380676269531,39.698001861572266,39.93450164794922,39.310001373291016,39.3494987487793,38430000,GOOGL
2015-12-30,39.14253234863281,39.51499938964844,39.823001861572266,39.36000061035156,39.698001861572266,28566000,GOOGL
2015-12-31,38.53382110595703,38.9005012512207,39.416500091552734,38.86600112915039,39.39099884033203,32752000,GOOGL
2016-01-04,37.61407470703125,37.97200012207031,38.11000061035156,37.37699890136719,38.11000061035156,67382000,GOOGL
2016-01-05,37.71759033203125,38.076499938964844,38.459999084472656,37.782501220703125,38.20500183105469,45216000,GOOGL
2016-01-06,37.6086311340332,37.96649932861328,38.2864990234375,37.400001525878906,37.51850128173828,48206000,GOOGL
2016-01-07,36.70076370239258,37.04999923706055,37.765499114990234,36.763999938964844,37.324501037597656,63132000,GOOGL
2016-01-08,36.201026916503906,36.545501708984375,37.50600051879883,36.44599914550781,37.38999938964844,47506000,GOOGL
2016-01-11,36.30800247192383,36.653499603271484,36.75400161743164,35.97800064086914,36.59749984741211,50896000,GOOGL
2016-01-12,36.91572189331055,37.266998291015625,37.41699981689453,36.82149887084961,37.037498474121094,46816000,GOOGL
2016-01-13,35.63936996459961,35.97850036621094,37.650001525878906,35.8390007019043,37.46699905395508,51728000,GOOGL
2016-01-14,36.224796295166016,36.56949996948242,36.99449920654297,35.25,36.22200012207031,55558000,GOOGL
2016-01-15,35.18965530395508,35.52450180053711,36.20800018310547,35.07550048828125,35.4995002746582,76676000,GOOGL
2016-01-19,35.61510467529297,35.95399856567383,36.26750183105469,35.49250030517578,36.00749969482422,48724000,GOOGL
2016-01-20,35.58934783935547,35.928001403808594,36.34749984741211,34.388999938964844,35.29499816894531,82440000,GOOGL
2016-01-21,35.99101638793945,36.333499908447266,36.88349914550781,35.55550003051758,36.00849914550781,51938000,GOOGL
2016-01-22,36.921669006347656,37.27299880981445,37.428001403808594,37.025001525878906,37.099998474121094,47146000,GOOGL
2016-01-25,36.33524703979492,36.680999755859375,37.62300109863281,36.625,37.19200134277344,45340000,GOOGL
2016-01-26,36.343666076660156,36.68949890136719,36.972999572753906,36.3484992980957,36.760501861572266,30940000,GOOGL
2016-01-27,35.540802001953125,35.87900161743164,36.794498443603516,35.67250061035156,36.794498443603516,42428000,GOOGL
2016-01-28,37.06232833862305,37.415000915527344,37.55799865722656,36.529998779296875,36.90950012207031,62104000,GOOGL
2016-01-29,37.70867919921875,38.067501068115234,38.25550079345703,37.209999084472656,37.448001861572266,75808000,GOOGL
2016-02-01,38.17524337768555,38.53850173950195,38.87950134277344,38.069000244140625,38.5629997253418,111522000,GOOGL
2016-02-02,38.67746353149414,39.045501708984375,40.51750183105469,39.029998779296875,40.025001525878906,135846000,GOOGL
2016-02-03,37.11582565307617,37.46900177001953,39.57149887084961,36.8129997253418,39.31399917602539,131114000,GOOGL
2016-02-04,36.157440185546875,36.50149917602539,37.262001037597656,36.130001068115234,37.22949981689453,104922000,GOOGL
2016-02-05,34.85631561279297,35.1879997253418,36.33599853515625,35.00699996948242,36.275001525878906,109556000,GOOGL
2016-02-08,34.87612533569336,35.20800018310547,35.22600173950195,34.10049819946289,34.38399887084961,89410000,GOOGL
2016-02-09,34.720611572265625,35.05099868774414,36.04800033569336,34.42499923706055,34.647499084472656,84300000,GOOGL
2016-02-10,35.00935745239258,35.342498779296875,36.1609992980957,35.269500732421875,35.589500427246094,60314000,GOOGL
2016-02-11,34.98509216308594,35.31800079345703,35.61600112915039,34.55950164794922,34.81700134277344,65004000,GOOGL
2016-02-12,35.011348724365234,35.34450149536133,35.79999923706055,35.07899856567383,35.61050033569336,46538000,GOOGL
2016-02-16,35.54376983642578,35.88199996948242,36.14400100708008,35.50899887084961,35.932498931884766,43444000,GOOGL
2016-02-17,36.25352478027344,36.5984992980957,36.6879997253418,35.830501556396484,36.349998474121094,49154000,GOOGL
2016-02-18,35.53733444213867,35.8754997253418,36.79999923706055,35.77750015258789,36.698001861572266,47276000,GOOGL
2016-02-19,35.765167236328125,36.105499267578125,36.201499938964844,35.65599822998047,35.79499816894531,34918000,GOOGL
2016-02-22,36.10890197753906,36.45249938964844,36.74250030517578,36.17250061035156,36.47549819946289,37516000,GOOGL
2016-02-23,35.52643966674805,35.864498138427734,36.54499816894531,35.78350067138672,36.30500030517578,41332000,GOOGL
2016-02-24,35.705238342285156,36.04499816894531,36.06100082397461,35.10100173950195,35.53049850463867,37092000,GOOGL
2016-02-25,36.112369537353516,36.45600128173828,36.47549819946289,35.6614990234375,36.14649963378906,36146000,GOOGL
2016-02-26,35.90137481689453,36.24300003051758,36.80799865722656,36.09700012207031,36.68000030517578,42474000,GOOGL
2016-02-29,35.52296829223633,35.861000061035156,36.529998779296875,35.84199905395508,36.04999923706055,45068000,GOOGL
2016-03-01,36.75872039794922,37.10850143432617,37.11650085449219,35.93199920654297,36.064998626708984,60112000,GOOGL
2016-03-02,36.62548065185547,36.9739990234375,37.15599822998047,36.662498474121094,37.14350128173828,36292000,GOOGL
2016-03-03,36.23469924926758,36.579498291015625,37.04999923706055,36.48149871826172,36.9739990234375,40534000,GOOGL
2016-03-04,36.16685104370117,36.51100158691406,36.75,36.28099822998047,36.7400016784668,48516000,GOOGL
2016-03-07,35.304054260253906,35.63999938964844,36.36050033569336,35.25699996948242,36.25749969482422,61690000,GOOGL
2016-03-08,35.340206146240234,35.67649841308594,36.11249923706055,35.20000076293945,35.419498443603516,52530000,GOOGL
2016-03-09,35.928611755371094,36.27050018310547,36.3120002746582,35.632999420166016,35.75849914550781,39544000,GOOGL
2016-03-10,36.263431549072266,36.60850143432617,36.82699966430664,36.16450119018555,36.38949966430664,44616000,GOOGL
2016-03-11,36.89244079589844,37.243499755859375,37.244998931884766,36.834999084472656,36.997501373291016,35380000,GOOGL
2016-03-14,37.158409118652344,37.512001037597656,37.7130012512207,37.18299865722656,37.24850082397461,32824000,GOOGL
2016-03-15,37.17475128173828,37.528499603271484,37.6505012512207,37.141998291015625,37.30099868774414,29832000,GOOGL
2016-03-16,37.51105880737305,37.86800003051758,37.95000076293945,37.32500076293945,37.45249938964844,29306000,GOOGL
2016-03-17,37.56652069091797,37.92399978637695,38.266998291015625,37.86800003051758,37.88249969482422,44564000,GOOGL
2016-03-18,37.41448211669922,37.77050018310547,38.106998443603516,37.590999603271484,38.08150100708008,56222000,GOOGL
2016-03-21,37.74879837036133,38.108001708984375,38.16699981689453,37.563499450683594,37.695499420166016,28774000,GOOGL
2016-03-22,37.644287109375,38.002498626708984,38.25,37.89400100708008,37.922000885009766,22096000,GOOGL
2016-03-23,37.52096176147461,37.87799835205078,38.269500732421875,37.80149841308594,38.16749954223633,24678000,GOOGL
2016-03-24,37.38623809814453,37.742000579833984,37.87799835205078,37.525001525878906,37.560001373291016,31116000,GOOGL
2016-03-28,37.30897521972656,37.66400146484375,37.915000915527344,37.60200119018555,37.80849838256836,21676000,GOOGL
2016-03-29,37.93353271484375,38.294498443603516,38.35900115966797,37.41450119018555,37.683998107910156,40062000,GOOGL
2016-03-30,38.05488204956055,38.41699981689453,38.865501403808594,38.37900161743164,38.410499572753906,40396000,GOOGL
2016-03-31,37.78544616699219,38.14500045776367,38.45399856567383,37.912498474121094,38.41699981689453,32554000,GOOGL
2016-04-01,38.120758056640625,38.48350143432617,38.50199890136719,37.7599983215332,37.858001708984375,31674000,GOOGL
2016-04-04,37.8953971862793,38.25600051879883,38.62200164794922,38.089500427246094,38.47549819946289,26924000,GOOGL
2016-04-05,37.570987701416016,37.92850112915039,38.14350128173828,37.779998779296875,37.90650177001953,24478000,GOOGL
2016-04-06,38.041507720947266,38.403499603271484,38.42100143432617,37.814998626708984,37.891998291015625,25312000,GOOGL
2016-04-07,37.64775085449219,38.00600051879883,38.46799850463867,37.875,38.26599884033203,25498000,GOOGL
2016-04-08,37.615562438964844,37.9734992980957,38.35649871826172,37.78850173950195,38.29349899291992,23434000,GOOGL
2016-04-11,37.51996994018555,37.87699890136719,38.361000061035156,37.867000579833984,38.272499084472656,31774000,GOOGL
2016-04-12,37.85577392578125,38.215999603271484,38.24599838256836,37.57849884033203,37.92150115966797,27388000,GOOGL
2016-04-13,38.2317008972168,38.59550094604492,38.787498474121094,38.22949981689453,38.515499114990234,35426000,GOOGL
2016-04-14,38.40406036376953,38.769500732421875,38.980499267578125,38.6609992980957,38.768001556396484,26992000,GOOGL
2016-04-15,38.63238525390625,39.0,39.04650115966797,38.746498107910156,38.775001525878906,31712000,GOOGL
2016-04-18,39.012760162353516,39.38399887084961,39.4275016784668,38.88050079345703,39.009498596191406,33540000,GOOGL
2016-04-19,38.4466552734375,38.8125,39.54750061035156,38.51350021362305,39.525001525878906,43952000,GOOGL
2016-04-20,38.38077926635742,38.74599838256836,38.983001708984375,38.563499450683594,38.95800018310547,34262000,GOOGL
2016-04-21,38.63238525390625,39.0,39.08399963378906,38.57749938964844,38.865501403808594,77628000,GOOGL
2016-04-22,36.54079055786133,36.88850021362305,37.69599914550781,36.51850128173828,37.195499420166016,140798000,GOOGL
2016-04-25,36.76069641113281,37.11050033569336,37.24399948120117,36.755001068115234,36.76750183105469,49442000,GOOGL
2016-04-26,35.9266357421875,36.26850128173828,37.27949905395508,36.01599884033203,37.22100067138672,55864000,GOOGL
2016-04-27,35.73297882080078,36.073001861572266,36.35749816894531,35.45399856567383,36.26599884033203,66262000,GOOGL
2016-04-28,34.92070388793945,35.25299835205078,36.4630012512207,35.15999984741211,36.16450119018555,62590000,GOOGL
2016-04-29,35.06037521362305,35.39400100708008,35.605499267578125,35.18899917602539,35.20600128173828,58278000,GOOGL
2016-05-02,35.38379669189453,35.72050094604492,35.77050018310547,35.31800079345703,35.59600067138672,33476000,GOOGL
2016-05-03,35.08811950683594,35.422000885009766,35.66849899291992,35.36650085449219,35.625,38620000,GOOGL
2016-05-04,35.23323059082031,35.56850051879883,35.752498626708984,35.20249938964844,35.3385009765625,34172000,GOOGL
2016-05-05,35.39865493774414,35.73550033569336,35.877498626708984,35.47249984741211,35.75,29668000,GOOGL
2016-05-06,35.91722106933594,36.25899887084961,36.29949951171875,35.59749984741211,35.61000061035156,39952000,GOOGL
2016-05-09,36.11286163330078,36.45650100708008,36.714500427246094,36.17499923706055,36.334999084472656,38074000,GOOGL
2016-05-10,36.62053298950195,36.96900177001953,37.0,36.580501556396484,36.74800109863281,32634000,GOOGL
2016-05-11,36.18319320678711,36.52750015258789,37.040000915527344,36.39500045776367,37.0260009765625,29834000,GOOGL
2016-05-12,36.060359954833984,36.403499603271484,36.76850128173828,36.2135009765625,36.599998474121094,27094000,GOOGL
2016-05-13,35.89988708496094,36.24150085449219,36.56449890136719,36.175498962402344,36.33100128173828,25244000,GOOGL
2016-05-16,36.17081069946289,36.51499938964844,36.63399887084961,36.0,36.215999603271484,22538000,GOOGL
2016-05-17,35.67007827758789,36.009498596191406,36.79249954223633,35.900001525878906,36.553001403808594,33404000,GOOGL
2016-05-18,35.74882125854492,36.0890007019043,36.278499603271484,35.750999450683594,35.92499923706055,32536000,GOOGL
2016-05-19,35.42837142944336,35.765499114990234,36.025001525878906,35.515499114990234,35.915000915527344,30598000,GOOGL
2016-05-20,35.745357513427734,36.08549880981445,36.3849983215332,35.7504997253418,35.823001861572266,34798000,GOOGL
2016-05-23,35.52445602416992,35.86249923706055,36.17499923706055,35.84700012207031,35.999000549316406,24816000,GOOGL
2016-05-24,36.306026458740234,36.6515007019043,36.709999084472656,35.98249816894531,35.99250030517578,37884000,GOOGL
2016-05-25,36.55712890625,36.904998779296875,36.99449920654297,36.630001068115234,36.75,32216000,GOOGL
2016-05-26,36.49918746948242,36.846500396728516,37.05500030517578,36.650001525878906,36.79999923706055,27202000,GOOGL
2016-05-27,37.02766036987305,37.380001068115234,37.39550018310547,36.85049819946289,36.8754997253418,34802000,GOOGL
2016-05-31,37.089569091796875,37.442501068115234,37.67399978637695,37.278499603271484,37.4379997253418,42484000,GOOGL
2016-06-01,37.07025146484375,37.42300033569336,37.56850051879883,37.21699905395508,37.423500061035156,20788000,GOOGL
2016-06-02,36.862728118896484,37.2135009765625,37.3650016784668,36.849998474121094,37.30500030517578,33916000,GOOGL
2016-06-03,36.446189880371094,36.792999267578125,37.074501037597656,36.695499420166016,37.074501037597656,24608000,GOOGL
2016-06-06,36.1589241027832,36.50299835205078,36.92499923706055,36.41450119018555,36.92499923706055,29992000,GOOGL
2016-06-07,36.20994186401367,36.554500579833984,36.83549880981445,36.540000915527344,36.66350173950195,24314000,GOOGL
2016-06-08,36.796356201171875,37.14649963378906,37.19049835205078,36.78850173950195,36.974998474121094,32314000,GOOGL
2016-06-09,36.77604675292969,37.125999450683594,37.19649887084961,36.82500076293945,36.85350036621094,19180000,GOOGL
2016-06-10,36.31394577026367,36.65950012207031,36.981998443603516,36.5255012512207,36.79750061035156,29050000,GOOGL
2016-06-13,36.24906539916992,36.59400177001953,36.95000076293945,36.49100112915039,36.49100112915039,23354000,GOOGL
2016-06-14,36.316917419433594,36.662498474121094,36.79999923706055,36.32500076293945,36.46549987792969,26584000,GOOGL
2016-06-15,36.26442337036133,36.609500885009766,36.85749816894531,36.56549835205078,36.74599838256836,23234000,GOOGL
2016-06-16,35.871158599853516,36.212501525878906,36.519500732421875,35.777000427246094,36.39799880981445,45002000,GOOGL
2016-06-17,34.88058853149414,35.212501525878906,36.06949996948242,35.055999755859375,36.06949996948242,82262000,GOOGL
2016-06-20,34.97370147705078,35.30649948120117,35.79349899291992,35.27050018310547,35.515499114990234,45654000,GOOGL
2016-06-21,35.10990905761719,35.444000244140625,35.76900100708008,35.233001708984375,35.502498626708984,30318000,GOOGL
2016-06-22,35.18865203857422,35.52349853515625,35.71049880981445,35.29399871826172,35.70249938964844,29058000,GOOGL
2016-06-23,35.406585693359375,35.743499755859375,35.74399948120117,35.01250076293945,35.52750015258789,42500000,GOOGL
2016-06-24,33.93706130981445,34.2599983215332,35.25,34.24549865722656,34.50849914550781,95436000,GOOGL
2016-06-27,33.73598098754883,34.05699920654297,34.166500091552734,33.632999420166016,34.1245002746582,58146000,GOOGL
2016-06-28,34.237213134765625,34.5629997253418,34.637001037597656,34.24250030517578,34.56850051879883,38246000,GOOGL
2016-06-29,34.43185043334961,34.759498596191406,34.974998474121094,34.63399887084961,34.7130012512207,43124000,GOOGL
2016-06-30,34.84492492675781,35.17649841308594,35.188499450683594,34.744998931884766,34.88249969482422,42250000,GOOGL
2016-07-01,35.17776107788086,35.51250076293945,35.62649917602539,35.186500549316406,35.255001068115234,30984000,GOOGL
2016-07-05,34.91228103637695,35.24449920654297,35.40599822998047,34.95650100708008,35.2504997253418,28440000,GOOGL
2016-07-06,35.11436462402344,35.44850158691406,35.650001525878906,34.95000076293945,34.992000579833984,28902000,GOOGL
2016-07-07,35.029666900634766,35.362998962402344,35.50849914550781,35.03350067138672,35.50550079345703,21174000,GOOGL
2016-07-08,35.55070877075195,35.888999938964844,35.89500045776367,35.40549850463867,35.52799987792969,29946000,GOOGL
2016-07-11,36.017269134521484,36.36000061035156,36.44649887084961,35.94350051879883,35.97100067138672,28822000,GOOGL
2016-07-12,36.280269622802734,36.6254997253418,36.779998779296875,36.375,36.59600067138672,26468000,GOOGL
2016-07-13,36.13019561767578,36.4739990234375,36.7760009765625,36.45100021362305,36.7760009765625,20436000,GOOGL
2016-07-14,36.44321823120117,36.790000915527344,36.80699920654297,36.52949905395508,36.696998596191406,21408000,GOOGL
2016-07-15,36.43479537963867,36.78150177001953,37.04999923706055,36.731998443603516,37.04999923706055,32342000,GOOGL
2016-07-18,37.30501937866211,37.65999984741211,37.75699996948242,36.82550048828125,36.89550018310547,38698000,GOOGL
2016-07-19,37.3154182434082,37.670501708984375,37.829498291015625,37.42449951171875,37.493499755859375,30436000,GOOGL
2016-07-20,37.4971923828125,37.854000091552734,38.03200149536133,37.70249938964844,37.70249938964844,22502000,GOOGL
2016-07-21,37.364952087402344,37.72050094604492,37.907501220703125,37.57600021362305,37.849998474121094,19062000,GOOGL
2016-07-22,37.60615158081055,37.9640007019043,37.97249984741211,37.632999420166016,37.86600112915039,20920000,GOOGL
2016-07-25,37.518978118896484,37.875999450683594,37.99100112915039,37.70349884033203,37.88399887084961,21466000,GOOGL
2016-07-26,37.52541732788086,37.88249969482422,37.9630012512207,37.63750076293945,37.875999450683594,23792000,GOOGL
2016-07-27,37.739383697509766,38.0984992980957,38.22249984741211,37.79650115966797,37.94850158691406,32172000,GOOGL
2016-07-28,37.93106460571289,38.29199981689453,38.44850158691406,37.954498291015625,38.44200134277344,73464000,GOOGL
2016-07-29,39.19404220581055,39.56700134277344,40.196998596191406,39.5,39.885501861572266,101810000,GOOGL
2016-08-01,39.66952133178711,40.047000885009766,40.3745002746582,39.25199890136719,39.333499908447266,60594000,GOOGL
2016-08-02,39.628902435302734,40.00600051879883,40.11600112915039,39.72650146484375,39.86650085449219,39928000,GOOGL
2016-08-03,39.5694694519043,39.94599914550781,39.97700119018555,39.6510009765625,39.82350158691406,29206000,GOOGL
2016-08-04,39.48675537109375,39.86249923706055,40.0099983215332,39.69599914550781,39.9119987487793,21520000,GOOGL
2016-08-05,39.96619415283203,40.346500396728516,40.361000061035156,39.890499114990234,40.00550079345703,36146000,GOOGL
2016-08-08,39.88200378417969,40.26150131225586,40.380001068115234,40.08449935913086,40.29999923706055,24426000,GOOGL
2016-08-09,39.99343490600586,40.374000549316406,40.666500091552734,40.202999114990234,40.2244987487793,32154000,GOOGL
2016-08-10,40.04345703125,40.42449951171875,40.54399871826172,40.324501037597656,40.352500915527344,18370000,GOOGL
2016-08-11,40.029090881347656,40.40999984741211,40.694000244140625,40.29999923706055,40.52349853515625,25646000,GOOGL
2016-08-12,39.97213363647461,40.352500915527344,40.359500885009766,40.18199920654297,40.25450134277344,17946000,GOOGL
2016-08-15,39.918155670166016,40.29800033569336,40.56800079345703,40.201499938964844,40.36050033569336,18596000,GOOGL
2016-08-16,39.68190002441406,40.05950164794922,40.2130012512207,39.849998474121094,40.17499923706055,21158000,GOOGL
2016-08-17,39.89139938354492,40.270999908447266,40.28150177001953,39.814998626708984,40.0,21322000,GOOGL
2016-08-18,39.75917053222656,40.13750076293945,40.400001525878906,40.08150100708008,40.268001556396484,17292000,GOOGL
2016-08-19,39.605613708496094,39.98249816894531,40.061500549316406,39.84400177001953,39.989498138427734,22416000,GOOGL
2016-08-22,39.471893310546875,39.84749984741211,39.96500015258789,39.71649932861328,39.925498962402344,17056000,GOOGL
2016-08-23,39.454063415527344,39.829498291015625,40.04999923706055,39.79949951171875,40.02399826049805,18350000,GOOGL
2016-08-24,39.30597686767578,39.68000030517578,39.92300033569336,39.53799819946289,39.84299850463867,25672000,GOOGL
2016-08-25,39.19205856323242,39.564998626708984,39.736000061035156,39.36149978637695,39.599998474121094,24054000,GOOGL
2016-08-26,39.28715133666992,39.6609992980957,39.970001220703125,39.47050094604492,39.6245002746582,24978000,GOOGL
2016-08-29,39.415931701660156,39.79100036621094,39.92599868774414,39.51599884033203,39.65250015258789,15474000,GOOGL
2016-08-30,39.2227668762207,39.59600067138672,39.900001525878906,39.4734992980957,39.64400100708008,23348000,GOOGL
2016-08-31,39.120243072509766,39.49250030517578,39.57849884033203,39.36000061035156,39.47999954223633,21428000,GOOGL
2016-09-01,39.19701385498047,39.56999969482422,39.644500732421875,39.31650161743164,39.5989990234375,26070000,GOOGL
2016-09-02,39.46793746948242,39.84349822998047,39.85499954223633,39.66299819946289,39.76350021362305,26998000,GOOGL
2016-09-06,40.02018356323242,40.4010009765625,40.544498443603516,39.77149963378906,39.919498443603516,39790000,GOOGL
2016-09-07,40.01869201660156,40.39950180053711,40.529998779296875,40.18600082397461,40.39649963378906,22906000,GOOGL
2016-09-08,39.76361083984375,40.141998291015625,40.42100143432617,40.050498962402344,40.26100158691406,23554000,GOOGL
2016-09-09,39.05238723754883,39.42399978637695,40.087501525878906,39.40250015258789,39.938499450683594,37752000,GOOGL
2016-09-12,39.564517974853516,39.941001892089844,40.00849914550781,39.17499923706055,39.22600173950195,37274000,GOOGL
2016-09-13,39.06427764892578,39.43600082397461,39.78950119018555,39.21649932861328,39.70050048828125,36180000,GOOGL
2016-09-14,39.150455474853516,39.52299880981445,39.81650161743164,39.37649917602539,39.37649917602539,25842000,GOOGL
2016-09-15,39.683876037597656,40.061500549316406,40.182498931884766,39.43299865722656,39.5004997253418,31144000,GOOGL
2016-09-16,39.52241516113281,39.89849853515625,39.95100021362305,39.680999755859375,39.95100021362305,42612000,GOOGL
2016-09-19,39.39463806152344,39.769500732421875,40.199501037597656,39.678001403808594,40.05550003051758,22990000,GOOGL
2016-09-20,39.61205291748047,39.98899841308594,40.13750076293945,39.91299819946289,40.0,20984000,GOOGL
2016-09-21,39.872093200683594,40.25149917602539,40.295501708984375,39.80149841308594,40.0629997253418,26970000,GOOGL
2016-09-22,40.41294479370117,40.79750061035156,40.952999114990234,40.385501861572266,40.5,35186000,GOOGL
2016-09-23,40.36391067504883,40.74800109863281,40.849998474121094,40.63650131225586,40.75699996948242,28234000,GOOGL
2016-09-26,39.754207611083984,40.13249969482422,40.50400161743164,40.022499084472656,40.49100112915039,29454000,GOOGL
2016-09-27,40.1544075012207,40.5364990234375,40.67449951171875,40.09149932861328,40.09149932861328,27346000,GOOGL
2016-09-28,40.1212158203125,40.50299835205078,40.51250076293945,40.138999938964844,40.20399856567383,29406000,GOOGL
2016-09-29,39.75371551513672,40.13199996948242,40.695499420166016,40.042999267578125,40.36149978637695,27000000,GOOGL
2016-09-30,39.82404708862305,40.202999114990234,40.40449905395508,40.07500076293945,40.18000030517578,33204000,GOOGL
2016-10-03,39.641780853271484,40.01900100708008,40.176998138427734,39.811500549316406,40.127498626708984,29784000,GOOGL
2016-10-04,39.761146545410156,40.13949966430664,40.32500076293945,39.98350143432617,40.25,25174000,GOOGL
2016-10-05,39.683876037597656,40.061500549316406,40.42499923706055,40.035499572753906,40.29999923706055,24276000,GOOGL
2016-10-06,39.7755126953125,40.15399932861328,40.34749984741211,40.0255012512207,40.20399856567383,21998000,GOOGL
2016-10-07,39.65812301635742,40.035499572753906,40.297000885009766,39.840999603271484,40.29650115966797,23262000,GOOGL
2016-10-10,40.32477951049805,40.708499908447266,40.86899948120117,40.11199951171875,40.19649887084961,29922000,GOOGL
2016-10-11,40.096954345703125,40.47850036621094,40.99300003051758,40.368499755859375,40.708499908447266,34432000,GOOGL
2016-10-12,40.20591354370117,40.5885009765625,40.724998474121094,40.4275016784668,40.597999572753906,18158000,GOOGL
2016-10-13,39.825042724609375,40.20399856567383,40.327999114990234,39.930999755859375,40.30350112915039,27380000,GOOGL
2016-10-14,39.850791931152344,40.22999954223633,40.50450134277344,40.11600112915039,40.372501373291016,22238000,GOOGL
2016-10-17,39.96173095703125,40.34199905395508,40.67449951171875,40.19150161743164,40.29949951171875,21128000,GOOGL
2016-10-18,40.68732833862305,41.074501037597656,41.44049835205078,40.666500091552734,40.71049880981445,45786000,GOOGL
2016-10-19,40.95231628417969,41.34199905395508,41.4900016784668,41.14400100708008,41.14400100708008,30002000,GOOGL
2016-10-20,40.69426727294922,41.08150100708008,41.423500061035156,41.02750015258789,41.37799835205078,27878000,GOOGL
2016-10-21,40.81462097167969,41.202999114990234,41.214500427246094,40.91550064086914,41.0,32316000,GOOGL
2016-10-24,41.39311599731445,41.7869987487793,41.89699935913086,41.45199966430664,41.50450134277344,28952000,GOOGL
2016-10-25,41.03700256347656,41.4275016784668,41.92499923706055,41.26499938964844,41.92499923706055,37814000,GOOGL
2016-10-26,40.71754837036133,41.10499954223633,41.385501861572266,40.817501068115234,41.35599899291992,35898000,GOOGL
2016-10-27,40.48228454589844,40.86750030517578,41.32899856567383,40.730499267578125,41.1505012512207,59470000,GOOGL
2016-10-28,40.59174728393555,40.97800064086914,41.95000076293945,40.849998474121094,41.49700164794922,87098000,GOOGL
2016-10-31,40.1132926940918,40.494998931884766,41.131500244140625,40.400001525878906,41.121498107910156,44854000,GOOGL
2016-11-01,39.894378662109375,40.27399826049805,40.698001861572266,39.91299819946289,40.54349899291992,47118000,GOOGL
2016-11-02,39.04941940307617,39.42100143432617,40.3380012512207,39.25,40.3380012512207,47014000,GOOGL
2016-11-03,38.74085998535156,39.109500885009766,39.5,38.93149948120117,39.224998474121094,43504000,GOOGL
2016-11-04,38.68687057495117,39.05500030517578,39.42399978637695,38.54999923706055,38.564998626708984,39412000,GOOGL
2016-11-07,39.7235107421875,40.10150146484375,40.25,39.64500045776367,39.747501373291016,39852000,GOOGL
2016-11-08,40.21631622314453,40.5989990234375,40.801998138427734,39.98099899291992,40.10150146484375,35382000,GOOGL
2016-11-09,39.89982223510742,40.27949905395508,40.58549880981445,39.60200119018555,40.09149932861328,61970000,GOOGL
2016-11-10,38.64674758911133,39.01449966430664,40.50299835205078,38.4114990234375,40.5,118192000,GOOGL
2016-11-11,38.223777770996094,38.587501525878906,38.864498138427734,38.277000427246094,38.84049987792969,71852000,GOOGL
2016-11-14,37.30601119995117,37.6609992980957,38.5890007019043,37.179500579833984,38.5880012512207,73766000,GOOGL
2016-11-15,38.392669677734375,38.757999420166016,39.012001037597656,38.26100158691406,38.27349853515625,58878000,GOOGL
2016-11-16,38.63140106201172,38.999000549316406,39.17499923706055,38.31650161743164,38.520999908447266,35968000,GOOGL
2016-11-17,38.93748092651367,39.30799865722656,39.44499969482422,38.99250030517578,39.125,30674000,GOOGL
2016-11-18,38.43278884887695,38.798500061035156,39.56449890136719,38.76750183105469,39.35850143432617,36126000,GOOGL
2016-11-21,38.87013626098633,39.2400016784668,39.32749938964844,38.814998626708984,38.904998779296875,32616000,GOOGL
2016-11-22,38.88003158569336,39.25,39.688499450683594,39.1870002746582,39.449501037597656,27884000,GOOGL
2016-11-23,38.58285140991211,38.95000076293945,39.47600173950195,38.63249969482422,39.47600173950195,26260000,GOOGL
2016-11-25,38.64377975463867,39.01150131225586,39.14500045776367,38.90950012207031,39.13050079345703,12270000,GOOGL
2016-11-28,38.919158935546875,39.28950119018555,39.98699951171875,38.904998779296875,38.91749954223633,51508000,GOOGL
2016-11-29,39.099937438964844,39.47200012207031,39.821998596191406,39.266998291015625,39.41899871826172,31240000,GOOGL
2016-11-30,38.42832565307617,38.79399871826172,39.57550048828125,38.657501220703125,39.45500183105469,45582000,GOOGL
2016-12-01,37.85627365112305,38.21649932861328,38.93000030517578,37.667999267578125,38.9275016784668,57342000,GOOGL
2016-12-02,37.86271286010742,38.222999572753906,38.525001525878906,37.95000076293945,38.095001220703125,34376000,GOOGL
2016-12-05,38.54422378540039,38.9109992980957,39.0,38.3484992980957,38.5,33770000,GOOGL
2016-12-06,38.44318771362305,38.808998107910156,39.263999938964844,38.66600036621094,39.009498596191406,34682000,GOOGL
2016-12-07,39.20048522949219,39.57350158691406,39.599998474121094,38.67649841308594,38.997501373291016,40588000,GOOGL
2016-12-08,39.383731842041016,39.75849914550781,39.95000076293945,39.39550018310547,39.647499084472656,32250000,GOOGL
2016-12-09,40.09100341796875,40.47249984741211,40.497501373291016,39.90250015258789,39.96500015258789,38090000,GOOGL
2016-12-12,40.014244079589844,40.39500045776367,40.567501068115234,40.22650146484375,40.24100112915039,32572000,GOOGL
2016-12-13,40.38273239135742,40.766998291015625,41.21500015258789,40.59700012207031,40.61949920654297,42564000,GOOGL
2016-12-14,40.509029388427734,40.894500732421875,41.2130012512207,40.638999938964844,40.79600143432617,35994000,GOOGL
2016-12-15,40.39808654785156,40.782501220703125,41.150001525878906,40.599998474121094,40.86800003051758,35394000,GOOGL
2016-12-16,40.110328674316406,40.492000579833984,40.959999084472656,40.40599822998047,40.91550064086914,51978000,GOOGL
2016-12-19,40.242069244384766,40.625,40.81100082397461,40.224998474121094,40.4640007019043,25272000,GOOGL
2016-12-20,40.37579345703125,40.7599983215332,40.824501037597656,40.54999923706055,40.66849899291992,25438000,GOOGL
2016-12-21,40.227210998535156,40.61000061035156,40.7859992980957,40.255001068115234,40.7859992980957,29192000,GOOGL
2016-12-22,40.10239791870117,40.48400115966797,40.55350112915039,40.30149841308594,40.45500183105469,22632000,GOOGL
2016-12-23,40.009281158447266,40.38999938964844,40.548500061035156,40.25550079345703,40.4005012512207,15310000,GOOGL
2016-12-27,40.114776611328125,40.496498107910156,40.79999923706055,40.290000915527344,40.433998107910156,19520000,GOOGL
2016-12-28,39.849300384521484,40.22850036621094,40.666500091552734,40.12200164794922,40.666500091552734,24296000,GOOGL
2016-12-29,39.76560592651367,40.14400100708008,40.287498474121094,39.90700149536133,40.11650085449219,21148000,GOOGL
2016-12-30,39.249027252197266,39.622501373291016,40.16450119018555,39.48099899291992,40.160499572753906,34718000,GOOGL
2017-01-03,40.01968765258789,40.4005012512207,40.571998596191406,39.84450149536133,40.03099822998047,39180000,GOOGL
2017-01-04,40.00780487060547,40.38850021362305,40.67150115966797,40.205501556396484,40.49449920654297,30306000,GOOGL
2017-01-05,40.26782989501953,40.6510009765625,40.6870002746582,40.29600143432617,40.375,26810000,GOOGL
2017-01-06,40.871578216552734,41.260501861572266,41.448001861572266,40.57500076293945,40.7495002746582,40342000,GOOGL
2017-01-09,40.969154357910156,41.35900115966797,41.52149963378906,41.08100128173828,41.31850051879883,28178000,GOOGL
2017-01-10,40.91119384765625,41.300498962402344,41.47050094604492,41.15700149536133,41.35350036621094,23948000,GOOGL
2017-01-11,41.101890563964844,41.49300003051758,41.494998931884766,41.07350158691406,41.33100128173828,26508000,GOOGL
2017-01-12,41.08554458618164,41.47650146484375,41.51900100708008,41.050498962402344,41.41899871826172,26990000,GOOGL
2017-01-13,41.1553840637207,41.547000885009766,41.73249816894531,41.47600173950195,41.54999923706055,25804000,GOOGL
2017-01-17,40.98302459716797,41.37300109863281,41.50899887084961,41.15999984741211,41.5,28818000,GOOGL
2017-01-18,41.060279846191406,41.45100021362305,41.490501403808594,41.20399856567383,41.4900016784668,20554000,GOOGL
2017-01-19,40.82997512817383,41.21849822998047,41.650001525878906,41.198001861572266,41.45000076293945,21410000,GOOGL
2017-01-20,41.01818084716797,41.40850067138672,41.46200180053711,41.22999954223633,41.454498291015625,26124000,GOOGL
2017-01-23,41.82352066040039,42.221500396728516,42.277000427246094,41.435001373291016,41.580501556396484,49148000,GOOGL
2017-01-24,42.07611846923828,42.47650146484375,42.57600021362305,42.11399841308594,42.3489990234375,33768000,GOOGL
2017-01-25,42.517913818359375,42.92250061035156,42.93949890136719,42.48699951171875,42.6775016784668,33108000,GOOGL
2017-01-26,42.445106506347656,42.8489990234375,43.04999923706055,42.5260009765625,42.95249938964844,69866000,GOOGL
2017-01-27,41.85323715209961,42.25149917602539,43.349998474121094,42.095001220703125,42.95000076293945,75050000,GOOGL
2017-01-30,40.80323028564453,41.19150161743164,41.86149978637695,41.05149841308594,41.85300064086914,70338000,GOOGL
2017-01-31,40.622947692871094,41.009498596191406,41.153499603271484,40.66999816894531,40.974998474121094,40404000,GOOGL
2017-02-01,40.37777328491211,40.762001037597656,41.20000076293945,40.61249923706055,41.20000076293945,45020000,GOOGL
2017-02-02,40.5273551940918,40.91299819946289,41.22800064086914,40.602500915527344,40.75,33784000,GOOGL
2017-02-03,40.619972229003906,41.006500244140625,41.30649948120117,40.967498779296875,41.15650177001953,30562000,GOOGL
2017-02-06,40.69377136230469,41.08100128173828,41.11949920654297,40.714500427246094,41.04600143432617,27018000,GOOGL
2017-02-07,41.070682525634766,41.46149826049805,41.59600067138672,41.16450119018555,41.275001525878906,33332000,GOOGL
2017-02-08,41.102874755859375,41.49399948120117,41.712501525878906,41.25550079345703,41.5265007019043,26044000,GOOGL
2017-02-09,41.111793518066406,41.50299835205078,41.5989990234375,41.32500076293945,41.58649826049805,23884000,GOOGL
2017-02-10,41.34903335571289,41.74250030517578,41.85749816894531,41.5255012512207,41.647499084472656,28302000,GOOGL
2017-02-13,41.55260467529297,41.948001861572266,42.08700180053711,41.8125,41.8849983215332,25914000,GOOGL
2017-02-14,41.605594635009766,42.00149917602539,42.099998474121094,41.791500091552734,41.98849868774414,27266000,GOOGL
2017-02-15,41.47137451171875,41.86600112915039,42.0885009765625,41.81100082397461,41.94049835205078,27144000,GOOGL
2017-02-16,41.71158981323242,42.10850143432617,42.134498596191406,41.862998962402344,41.92499923706055,20102000,GOOGL
2017-02-17,41.92852020263672,42.32749938964844,42.34700012207031,41.98899841308594,42.06549835205078,29224000,GOOGL
2017-02-21,42.063236236572266,42.4635009765625,42.61000061035156,42.32749938964844,42.39950180053711,25206000,GOOGL
2017-02-22,42.1667594909668,42.56800079345703,42.68949890136719,42.33549880981445,42.400001525878906,24488000,GOOGL
2017-02-23,42.148921966552734,42.54999923706055,42.63100051879883,42.125,42.55400085449219,27734000,GOOGL
2017-02-24,41.990928649902344,42.390499114990234,42.417999267578125,42.14799880981445,42.38249969482422,26924000,GOOGL
2017-02-27,42.08304977416992,42.48350143432617,42.53350067138672,42.1505012512207,42.247501373291016,20206000,GOOGL
2017-02-28,41.84828567504883,42.246498107910156,42.44150161743164,42.071998596191406,42.36750030517578,27662000,GOOGL
2017-03-01,42.4337158203125,42.837501525878906,42.900001525878906,42.45100021362305,42.569000244140625,36374000,GOOGL
2017-03-02,42.09197235107422,42.49250030517578,42.824501037597656,42.43600082397461,42.81549835205078,25018000,GOOGL
2017-03-03,42.053829193115234,42.45399856567383,42.54100036621094,42.23550033569336,42.446998596191406,20100000,GOOGL
2017-03-06,41.96418380737305,42.36349868774414,42.446998596191406,42.05849838256836,42.34299850463867,20958000,GOOGL
2017-03-07,42.15635681152344,42.557498931884766,42.666500091552734,42.2760009765625,42.362998962402344,20774000,GOOGL
2017-03-08,42.27968215942383,42.68199920654297,42.846500396728516,42.5625,42.65599822998047,20576000,GOOGL
2017-03-09,42.487701416015625,42.891998291015625,43.035499572753906,42.63349914550781,42.68450164794922,26954000,GOOGL
2017-03-10,42.664512634277344,43.070499420166016,43.21149826049805,42.88050079345703,43.1349983215332,26732000,GOOGL
2017-03-13,42.82152557373047,43.229000091552734,43.35649871826172,43.04100036621094,43.041500091552734,23332000,GOOGL
2017-03-14,42.88739776611328,43.295501708984375,43.37900161743164,43.006500244140625,43.1875,21234000,GOOGL
2017-03-15,43.010231018066406,43.419498443603516,43.49399948120117,43.064998626708984,43.39699935913086,26658000,GOOGL
2017-03-16,43.089969635009766,43.5,43.635501861572266,43.375999450683594,43.5265007019043,22090000,GOOGL
2017-03-17,43.20735168457031,43.618499755859375,43.72100067138672,43.41849899291992,43.683998107910156,37366000,GOOGL
2017-03-20,42.9864501953125,43.39550018310547,43.516998291015625,43.23350143432617,43.4739990234375,30844000,GOOGL
2017-03-21,42.106327056884766,42.50699996948242,43.673500061035156,42.384498596191406,43.50299835205078,50760000,GOOGL
2017-03-22,42.0894889831543,42.4900016784668,42.76750183105469,42.349998474121094,42.4739990234375,27334000,GOOGL
2017-03-23,41.586769104003906,41.98249816894531,42.08449935913086,41.650001525878906,42.06949996948242,65754000,GOOGL
2017-03-24,41.3634033203125,41.75699996948242,42.20000076293945,41.45500183105469,42.099998474121094,42114000,GOOGL
2017-03-27,41.53030776977539,41.925498962402344,42.069000244140625,41.21500015258789,41.40449905395508,38692000,GOOGL
2017-03-28,41.635311126708984,42.03150177001953,42.27000045776367,41.61349868774414,41.984500885009766,30384000,GOOGL
2017-03-29,42.092952728271484,42.493499755859375,42.579498291015625,42.069000244140625,42.13750076293945,29146000,GOOGL
2017-03-30,42.073638916015625,42.4739990234375,42.599998474121094,42.3385009765625,42.5989990234375,18988000,GOOGL
2017-03-31,41.99043273925781,42.38999938964844,42.47800064086914,42.262001037597656,42.34149932861328,28820000,GOOGL
2017-04-03,42.4337158203125,42.837501525878906,42.95000076293945,42.37649917602539,42.4375,39388000,GOOGL
2017-04-04,42.22669219970703,42.628501892089844,42.650001525878906,42.3754997253418,42.400001525878906,26970000,GOOGL
2017-04-05,42.045406341552734,42.445499420166016,43.02949905395508,42.375999450683594,42.73550033569336,37104000,GOOGL
2017-04-06,41.8567008972168,42.255001068115234,42.679500579833984,42.20000076293945,42.474998474121094,30672000,GOOGL
2017-04-07,41.7081184387207,42.10499954223633,42.29399871826172,41.8650016784668,42.25,22232000,GOOGL
2017-04-10,41.68830490112305,42.084999084472656,42.33700180053711,42.03950119018555,42.07699966430664,20924000,GOOGL
2017-04-11,41.59817123413086,41.99399948120117,42.23149871826172,41.72999954223633,42.084999084472656,19486000,GOOGL
2017-04-12,41.67641830444336,42.073001861572266,42.18600082397461,41.87950134277344,41.92300033569336,22716000,GOOGL
2017-04-13,41.613014221191406,42.00899887084961,42.186500549316406,41.89250183105469,42.051998138427734,21474000,GOOGL
2017-04-17,42.35347366333008,42.756500244140625,42.78200149536133,42.05149841308594,42.069000244140625,20982000,GOOGL
2017-04-18,42.29701614379883,42.699501037597656,42.86949920654297,42.5625,42.62699890136719,18724000,GOOGL
2017-04-19,42.42182922363281,42.82550048828125,43.0099983215332,42.67649841308594,42.86949920654297,21606000,GOOGL
2017-04-20,42.5986442565918,43.00400161743164,43.19649887084961,42.875,42.98699951171875,23776000,GOOGL
2017-04-21,42.54267120361328,42.9474983215332,43.12200164794922,42.88650131225586,43.03099822998047,23458000,GOOGL
2017-04-24,43.532264709472656,43.94649887084961,43.99800109863281,43.30550003051758,43.422000885009766,33930000,GOOGL
2017-04-25,44.023094177246094,44.44200134277344,44.61249923706055,43.9640007019043,44.112998962402344,40760000,GOOGL
2017-04-26,44.0379524230957,44.457000732421875,44.64950180053711,44.25749969482422,44.56949996948242,26466000,GOOGL
2017-04-27,44.15186309814453,44.571998596191406,44.66899871826172,44.35900115966797,44.5,46846000,GOOGL
2017-04-28,45.79027557373047,46.22600173950195,46.79499816894531,46.1609992980957,46.45000076293945,76918000,GOOGL
2017-05-01,46.20136260986328,46.64099884033203,46.79100036621094,46.040000915527344,46.20750045776367,46556000,GOOGL
2017-05-02,46.412845611572266,46.85449981689453,47.14950180053711,46.54999923706055,46.66350173950195,35026000,GOOGL
2017-05-03,46.97549057006836,47.42250061035156,47.5099983215332,46.760501861572266,46.8025016784668,36496000,GOOGL
2017-05-04,47.286041259765625,47.736000061035156,47.957000732421875,47.368499755859375,47.51449966430664,38752000,GOOGL
2017-05-05,47.06613540649414,47.513999938964844,47.922000885009766,47.404998779296875,47.83599853515625,32310000,GOOGL
2017-05-08,47.482666015625,47.93450164794922,48.04949951171875,47.369998931884766,47.372501373291016,37534000,GOOGL
2017-05-09,47.38460159301758,47.83549880981445,48.11000061035156,47.720001220703125,48.06650161743164,33758000,GOOGL
2017-05-10,47.291988372802734,47.742000579833984,47.83549880981445,47.492000579833984,47.81100082397461,22920000,GOOGL
2017-05-11,47.343994140625,47.794498443603516,47.89950180053711,47.43050003051758,47.56449890136719,20622000,GOOGL
2017-05-12,47.306846618652344,47.75699996948242,47.89899826049805,47.60300064086914,47.89250183105469,24298000,GOOGL
2017-05-15,47.508914947509766,47.96099853515625,48.1349983215332,47.64099884033203,47.76449966430664,26754000,GOOGL
2017-05-16,47.775882720947266,48.230499267578125,48.29499816894531,48.01750183105469,48.1775016784668,22030000,GOOGL
2017-05-17,46.66445541381836,47.10850143432617,48.04949951171875,47.00299835205078,47.98500061035156,48982000,GOOGL
2017-05-18,47.0770378112793,47.525001525878906,47.70899963378906,47.063499450683594,47.15999984741211,36010000,GOOGL
2017-05-19,47.282569885253906,47.73249816894531,47.97800064086914,47.599998474121094,47.64099884033203,27206000,GOOGL
2017-05-22,47.74913024902344,48.20349884033203,48.24100112915039,47.827999114990234,47.849998474121094,27748000,GOOGL
2017-05-23,48.070072174072266,48.52750015258789,48.72549819946289,48.224998474121094,48.49800109863281,30908000,GOOGL
2017-05-24,48.41975784301758,48.88050079345703,48.90599822998047,48.58150100708008,48.76300048828125,22660000,GOOGL
2017-05-25,49.12553405761719,49.59299850463867,49.78900146484375,48.89099884033203,48.95000076293945,39082000,GOOGL
2017-05-26,49.19537353515625,49.66350173950195,49.81949996948242,49.36800003051758,49.599998474121094,32728000,GOOGL
2017-05-30,49.3390007019043,49.80849838256836,49.88100051879883,49.56800079345703,49.625,30324000,GOOGL
2017-05-31,48.889286041259766,49.35449981689453,49.97999954223633,49.08399963378906,49.81050109863281,34482000,GOOGL
2017-06-01,48.94871520996094,49.41450119018555,49.65700149536133,49.06449890136719,49.54800033569336,26128000,GOOGL
2017-06-02,49.33652877807617,49.805999755859375,49.82400131225586,49.35350036621094,49.429500579833984,34710000,GOOGL
2017-06-05,49.720863342285156,50.194000244140625,50.369998931884766,49.772499084472656,49.894500732421875,27578000,GOOGL
2017-06-06,49.36426544189453,49.83399963378906,50.43050003051758,49.7400016784668,50.16550064086914,31042000,GOOGL
2017-06-07,49.60299301147461,50.07500076293945,50.195499420166016,49.79349899291992,49.954498291015625,27482000,GOOGL
2017-06-08,49.74068069458008,50.2140007019043,50.279998779296875,49.83100128173828,50.21149826049805,33758000,GOOGL
2017-06-09,48.04878616333008,48.50600051879883,50.275001525878906,47.66849899291992,50.27450180053711,72958000,GOOGL
2017-06-12,47.63719940185547,48.09049987792969,48.400001525878906,46.84000015258789,47.93600082397461,84042000,GOOGL
2017-06-13,48.06760787963867,48.525001525878906,48.89550018310547,48.10049819946289,48.60200119018555,40108000,GOOGL
2017-06-14,47.940311431884766,48.39649963378906,48.98500061035156,47.97549819946289,48.775001525878906,30110000,GOOGL
2017-06-15,47.55646896362305,48.00899887084961,48.034000396728516,47.01850128173828,47.4010009765625,48552000,GOOGL
2017-06-16,47.47919845581055,47.930999755859375,47.997501373291016,47.435001373291016,47.89550018310547,51184000,GOOGL
2017-06-19,48.3013801574707,48.76100158691406,48.96500015258789,48.40999984741211,48.48249816894531,29376000,GOOGL
2017-06-20,47.99281311035156,48.449501037597656,49.03950119018555,48.40999984741211,48.765499114990234,25946000,GOOGL
2017-06-21,48.46828842163086,48.929500579833984,48.977500915527344,48.47249984741211,48.53950119018555,23232000,GOOGL
2017-06-22,48.37071990966797,48.83100128173828,49.025001525878906,48.66550064086914,48.84349822998047,20190000,GOOGL
2017-06-23,48.83976364135742,49.304500579833984,49.33100128173828,48.722999572753906,48.775001525878906,31280000,GOOGL
2017-06-26,48.14634704589844,48.60449981689453,49.699501037597656,48.51649856567383,49.5,30358000,GOOGL
2017-06-27,46.957672119140625,47.40449905395508,48.361000061035156,47.35449981689453,48.08000183105469,48872000,GOOGL
2017-06-28,47.59757614135742,48.050498962402344,48.1619987487793,46.80799865722656,47.53300094604492,54912000,GOOGL
2017-06-29,46.44900131225586,46.89099884033203,47.58300018310547,46.47999954223633,47.567501068115234,64134000,GOOGL
2017-06-30,46.045841217041016,46.48400115966797,47.25,46.480499267578125,47.199501037597656,45754000,GOOGL
2017-07-03,45.53965377807617,45.972999572753906,46.71200180053711,45.765499114990234,46.6609992980957,33896000,GOOGL
2017-07-05,46.17362594604492,46.612998962402344,46.81449890136719,45.93149948120117,46.209999084472656,41882000,GOOGL
2017-07-06,45.94727325439453,46.384498596191406,46.80699920654297,45.99250030517578,46.25,40298000,GOOGL
2017-07-07,46.59709930419922,47.04050064086914,47.233001708984375,46.489498138427734,46.54949951171875,33266000,GOOGL
2017-07-10,47.10178756713867,47.54999923706055,47.65650177001953,47.09749984741211,47.09749984741211,29030000,GOOGL
2017-07-11,47.22709274291992,47.67649841308594,47.74449920654297,47.25600051879883,47.5260009765625,29224000,GOOGL
2017-07-12,47.926944732666016,48.382999420166016,48.48149871826172,47.85200119018555,48.042999267578125,32042000,GOOGL
2017-07-13,47.98588562011719,48.442501068115234,48.935001373291016,48.2400016784668,48.540000915527344,30492000,GOOGL
2017-07-14,48.38508224487305,48.84550094604492,48.87699890136719,48.50749969482422,48.70000076293945,21592000,GOOGL
2017-07-17,48.33802795410156,48.79800033569336,49.16749954223633,48.540000915527344,48.816001892089844,33210000,GOOGL
2017-07-18,48.882354736328125,49.34749984741211,49.54249954223633,48.60200119018555,48.667999267578125,28266000,GOOGL
2017-07-19,49.17060852050781,49.63850021362305,49.779998779296875,49.35049819946289,49.5004997253418,28242000,GOOGL
2017-07-20,49.141883850097656,49.609500885009766,49.933998107910156,49.23099899291992,49.849998474121094,28368000,GOOGL
2017-07-21,49.22360610961914,49.69200134277344,49.75550079345703,49.208499908447266,49.45000076293945,29266000,GOOGL
2017-07-24,49.44499969482422,49.91550064086914,50.30950164794922,49.51350021362305,49.70500183105469,79690000,GOOGL
2017-07-25,47.99479675292969,48.451499938964844,48.83649826049805,48.189998626708984,48.53499984741211,118672000,GOOGL
2017-07-26,47.810546875,48.265499114990234,48.6974983215332,48.01150131225586,48.638999938964844,44432000,GOOGL
2017-07-27,47.176578521728516,47.6254997253418,48.47600173950195,46.85300064086914,48.45899963378906,74358000,GOOGL
2017-07-28,47.464839935302734,47.916500091552734,48.089500427246094,47.265499114990234,47.39950180053711,36276000,GOOGL
2017-07-31,46.829383850097656,47.275001525878906,48.05950164794922,47.08649826049805,48.0,45670000,GOOGL
2017-08-01,46.88188934326172,47.327999114990234,47.7244987487793,47.24800109863281,47.390499114990234,28052000,GOOGL
2017-08-02,46.93537139892578,47.38199996948242,47.45500183105469,46.625999450683594,47.41849899291992,40788000,GOOGL
2017-08-03,46.57183837890625,47.01499938964844,47.5,46.97200012207031,47.45500183105469,22478000,GOOGL
2017-08-04,46.84375,47.28950119018555,47.37699890136719,46.9900016784668,47.1974983215332,25092000,GOOGL
2017-08-07,46.841766357421875,47.287498474121094,47.448001861572266,47.17499923706055,47.375999450683594,28916000,GOOGL
2017-08-08,46.764495849609375,47.20949935913086,47.6245002746582,47.124000549316406,47.214500427246094,30102000,GOOGL
2017-08-09,46.560943603515625,47.00400161743164,47.1879997253418,46.69599914550781,46.92250061035156,28018000,GOOGL
2017-08-10,45.74421310424805,46.179500579833984,46.814998626708984,46.0890007019043,46.75,54148000,GOOGL
2017-08-11,46.06614685058594,46.50450134277344,46.667999267578125,46.06100082397461,46.18550109863281,32334000,GOOGL
2017-08-14,46.50398254394531,46.94649887084961,47.051998138427734,46.7244987487793,46.95349884033203,23012000,GOOGL
2017-08-15,46.461883544921875,46.90399932861328,47.153499603271484,46.832000732421875,47.05149841308594,22130000,GOOGL
2017-08-16,46.768470764160156,47.2135009765625,47.494998931884766,47.00199890136719,47.0625,26906000,GOOGL
2017-08-17,45.945796966552734,46.382999420166016,47.19049835205078,46.38199996948242,47.147499084472656,33914000,GOOGL
2017-08-18,45.87248992919922,46.308998107910156,46.55099868774414,46.17250061035156,46.3489990234375,26748000,GOOGL
2017-08-21,45.609493255615234,46.04349899291992,46.412498474121094,45.93000030517578,46.28850173950195,26024000,GOOGL
2017-08-22,46.57678985595703,47.02000045776367,47.097999572753906,46.30849838256836,46.347999572753906,35502000,GOOGL
2017-08-23,46.68476104736328,47.12900161743164,47.27149963378906,46.762001037597656,46.849998474121094,22690000,GOOGL
2017-08-24,46.40294647216797,46.84450149536133,47.31549835205078,46.5369987487793,47.18550109863281,25892000,GOOGL
2017-08-25,46.08645248413086,46.525001525878906,47.0364990234375,46.505001068115234,46.96049880981445,23746000,GOOGL
2017-08-28,45.96907043457031,46.40650177001953,46.74250030517578,46.30550003051758,46.59400177001953,20988000,GOOGL
2017-08-29,46.34647750854492,46.787498474121094,46.90950012207031,45.96549987792969,45.997501373291016,23172000,GOOGL
2017-08-30,46.73677062988281,47.18149948120117,47.292999267578125,46.70249938964844,46.78350067138672,22406000,GOOGL
2017-08-31,47.311798095703125,47.762001037597656,47.86000061035156,47.3125,47.314998626708984,33866000,GOOGL
2017-09-01,47.15081787109375,47.5994987487793,47.916500091552734,47.513999938964844,47.87350082397461,20858000,GOOGL
2017-09-05,46.63028335571289,47.07400131225586,47.56949996948242,46.779998779296875,47.34299850463867,29148000,GOOGL
2017-09-06,46.65702438354492,47.10100173950195,47.224998474121094,46.63399887084961,47.19350051879883,27830000,GOOGL
2017-09-07,47.04682159423828,47.49449920654297,47.525001525878906,46.87649917602539,47.212501525878906,22332000,GOOGL
2017-09-08,46.62681198120117,47.070499420166016,47.53499984741211,47.0004997253418,47.48500061035156,19998000,GOOGL
2017-09-11,46.71992874145508,47.16450119018555,47.63399887084961,47.04999923706055,47.36000061035156,26748000,GOOGL
2017-09-12,46.8863410949707,47.33250045776367,47.40449905395508,46.875,47.34600067138672,25696000,GOOGL
2017-09-13,47.074058532714844,47.52199935913086,47.64250183105469,47.23699951171875,47.275001525878906,21908000,GOOGL
2017-09-14,46.563419342041016,47.006500244140625,47.4015007019043,46.917999267578125,47.29999923706055,28548000,GOOGL
2017-09-15,46.323699951171875,46.76449966430664,47.087501525878906,46.5625,47.00450134277344,39886000,GOOGL
2017-09-18,46.04930877685547,46.48749923706055,46.84299850463867,46.27000045776367,46.7504997253418,29474000,GOOGL
2017-09-19,46.40145492553711,46.84299850463867,46.89699935913086,46.33300018310547,46.670501708984375,24854000,GOOGL
2017-09-20,46.930423736572266,47.37699890136719,47.5,46.875,46.88650131225586,40080000,GOOGL
2017-09-21,46.93092346191406,47.377498626708984,47.63999938964844,46.96900177001953,47.40650177001953,27414000,GOOGL
2017-09-22,46.718441009521484,47.16299819946289,47.5,47.04199981689453,47.13850021362305,21496000,GOOGL
2017-09-25,46.27367401123047,46.7140007019043,46.98749923706055,46.22549819946289,46.97249984741211,37468000,GOOGL
2017-09-26,46.429691314697266,46.871498107910156,47.20399856567383,46.75600051879883,46.83449935913086,33454000,GOOGL
2017-09-27,47.542598724365234,47.994998931884766,48.27149963378906,47.09749984741211,47.137001037597656,46692000,GOOGL
2017-09-28,47.78578186035156,48.240501403808594,48.308998107910156,47.77750015258789,47.8125,28018000,GOOGL
2017-09-29,48.22708511352539,48.68600082397461,48.79050064086914,48.29999923706055,48.29999923706055,40622000,GOOGL
2017-10-02,47.91753005981445,48.37350082397461,48.887001037597656,48.09749984741211,48.782501220703125,30782000,GOOGL
2017-10-03,48.145851135253906,48.604000091552734,48.62200164794922,48.135501861572266,48.37799835205078,21666000,GOOGL
2017-10-04,47.883358001708984,48.3390007019043,48.720001220703125,48.28049850463867,48.5880012512207,21156000,GOOGL
2017-10-05,48.7951774597168,49.259498596191406,49.32550048828125,48.51350021362305,48.63949966430664,35618000,GOOGL
2017-10-06,49.21370315551758,49.68199920654297,49.7130012512207,48.925498962402344,49.0,31060000,GOOGL
2017-10-09,49.147830963134766,49.615501403808594,50.02299880981445,49.57500076293945,49.75,25910000,GOOGL
2017-10-10,48.924442291259766,49.38999938964844,49.87350082397461,49.05550003051758,49.76499938964844,23268000,GOOGL
2017-10-11,49.80854415893555,50.282501220703125,50.378501892089844,49.39699935913086,49.45199966430664,36300000,GOOGL
2017-10-12,49.80854415893555,50.282501220703125,50.57699966430664,50.05500030517578,50.19200134277344,30614000,GOOGL
2017-10-13,49.918495178222656,50.39350128173828,50.737998962402344,50.35300064086914,50.455501556396484,26552000,GOOGL
2017-10-16,49.991790771484375,50.467498779296875,50.599998474121094,50.07600021362305,50.48149871826172,21420000,GOOGL
2017-10-17,50.07352066040039,50.54999923706055,50.72800064086914,50.3025016784668,50.37200164794922,20260000,GOOGL
2017-10-18,50.159698486328125,50.637001037597656,50.81549835205078,50.26599884033203,50.5525016784668,25596000,GOOGL
2017-10-19,49.61983108520508,50.09199905395508,50.36600112915039,49.8650016784668,50.23749923706055,34284000,GOOGL
2017-10-20,49.779815673828125,50.253501892089844,50.432498931884766,50.11349868774414,50.352500915527344,32120000,GOOGL
2017-10-23,48.81251525878906,49.277000427246094,50.28950119018555,49.154998779296875,50.25899887084961,32786000,GOOGL
2017-10-24,48.9586296081543,49.42449951171875,49.4630012512207,48.854000091552734,49.32500076293945,28902000,GOOGL
2017-10-25,49.1057243347168,49.573001861572266,49.721500396728516,48.88600158691406,49.313499450683594,30574000,GOOGL
2017-10-26,49.10374450683594,49.57099914550781,50.32550048828125,49.52349853515625,49.923500061035156,47396000,GOOGL
2017-10-27,51.196327209472656,51.68349838256836,53.180999755859375,51.342498779296875,51.54949951171875,103682000,GOOGL
2017-10-30,51.169586181640625,51.65650177001953,51.99150085449219,51.11650085449219,51.45800018310547,46804000,GOOGL
2017-10-31,51.16513442993164,51.652000427246094,52.04999923706055,51.314998626708984,51.650001525878906,30326000,GOOGL
2017-11-01,51.63862228393555,52.130001068115234,52.393001556396484,51.70000076293945,51.816001892089844,43262000,GOOGL
2017-11-02,51.656951904296875,52.14849853515625,52.2760009765625,51.43299865722656,51.9995002746582,26694000,GOOGL
2017-11-03,52.004642486572266,52.4995002746582,52.53300094604492,51.88249969482422,52.13750076293945,27770000,GOOGL
2017-11-06,51.642581939697266,52.13399887084961,52.62950134277344,52.099998474121094,52.45500183105469,18294000,GOOGL
2017-11-07,52.12350845336914,52.61949920654297,52.670501708984375,52.150001525878906,52.48249816894531,26104000,GOOGL
2017-11-08,52.41572952270508,52.91450119018555,53.134498596191406,52.352500915527344,52.502498626708984,24276000,GOOGL
2017-11-09,51.892208099365234,52.38600158691406,52.54399871826172,51.79249954223633,52.400001525878906,35892000,GOOGL
2017-11-10,51.71539306640625,52.20750045776367,52.33150100708008,52.06100082397461,52.19350051879883,19442000,GOOGL
2017-11-13,51.56928634643555,52.060001373291016,52.4370002746582,51.9630012512207,52.040000915527344,18814000,GOOGL
2017-11-14,51.5910758972168,52.082000732421875,52.1150016784668,51.46649932861328,51.88600158691406,21012000,GOOGL
2017-11-15,51.332035064697266,51.820499420166016,51.98149871826172,51.53799819946289,51.75,18106000,GOOGL
2017-11-16,51.92935562133789,52.423500061035156,52.5880012512207,51.900001525878906,51.9375,23768000,GOOGL
2017-11-17,51.3062858581543,51.794498443603516,52.54999923706055,51.686500549316406,52.4900016784668,26712000,GOOGL
2017-11-20,51.245365142822266,51.733001708984375,51.935001373291016,51.63399887084961,51.79999923706055,17526000,GOOGL
2017-11-21,52.019989013671875,52.51499938964844,52.519500732421875,51.957000732421875,52.00199890136719,22206000,GOOGL
2017-11-22,52.10023880004883,52.59600067138672,52.77149963378906,52.36249923706055,52.55799865722656,14538000,GOOGL
2017-11-24,52.32806396484375,52.82600021362305,53.003501892089844,52.59600067138672,52.71950149536133,16492000,GOOGL
2017-11-27,53.09526062011719,53.60049819946289,53.652000427246094,52.73849868774414,52.92850112915039,35430000,GOOGL
2017-11-28,52.66337585449219,53.16450119018555,54.0,52.72700119018555,53.699501037597656,36424000,GOOGL
2017-11-29,51.38008499145508,51.86899948120117,52.938499450683594,51.48249816894531,52.808998107910156,55866000,GOOGL
2017-11-30,51.320152282714844,51.80849838256836,52.207000732421875,51.503501892089844,51.99700164794922,45092000,GOOGL
2017-12-01,50.77039337158203,51.253501892089844,51.86199951171875,50.845001220703125,51.52050018310547,37762000,GOOGL
2017-12-04,50.11660385131836,50.59349822998047,51.56700134277344,50.46099853515625,51.38999938964844,38778000,GOOGL
2017-12-05,50.49945831298828,50.97999954223633,51.83399963378906,50.11600112915039,50.54949951171875,38998000,GOOGL
2017-12-06,51.14927673339844,51.63600158691406,51.979000091552734,50.765499114990234,50.82600021362305,28710000,GOOGL
2017-12-07,51.7361946105957,52.22850036621094,52.44599914550781,51.768001556396484,51.80350112915039,30866000,GOOGL
2017-12-08,51.97442626953125,52.46900177001953,52.82099914550781,52.292999267578125,52.59049987792969,31170000,GOOGL
2017-12-11,52.10270690917969,52.5984992980957,52.79999923706055,52.20600128173828,52.55550003051758,23254000,GOOGL
2017-12-12,51.944210052490234,52.438499450683594,53.125,52.243499755859375,52.5,33882000,GOOGL
2017-12-13,52.0739860534668,52.56949996948242,52.77399826049805,52.32899856567383,52.604000091552734,27680000,GOOGL
2017-12-14,52.37511444091797,52.87350082397461,53.354000091552734,52.68000030517578,52.77450180053711,30962000,GOOGL
2017-12-15,53.09476852416992,53.599998474121094,53.76250076293945,53.00450134277344,53.18899917602539,63760000,GOOGL
2017-12-18,53.74309539794922,54.25450134277344,54.324501037597656,53.51850128173828,53.8224983215332,30292000,GOOGL
2017-12-19,53.4801025390625,53.98899841308594,54.24850082397461,53.61349868774414,54.1510009765625,26350000,GOOGL
2017-12-20,53.172035217285156,53.678001403808594,54.061500549316406,53.43000030517578,54.04600143432617,28728000,GOOGL
2017-12-21,53.037811279296875,53.54249954223633,53.875999450683594,53.45000076293945,53.769500732421875,25640000,GOOGL
2017-12-22,52.939247131347656,53.44300079345703,53.58599853515625,53.38199996948242,53.5,17788000,GOOGL
2017-12-26,52.7901611328125,53.29249954223633,53.44300079345703,52.93199920654297,53.43199920654297,18376000,GOOGL
2017-12-27,52.51032638549805,53.0099983215332,53.41350173950195,52.91899871826172,53.33000183105469,22324000,GOOGL
2017-12-28,52.29983139038086,52.79750061035156,53.242000579833984,52.66899871826172,53.11249923706055,19884000,GOOGL
2017-12-29,52.17353439331055,52.66999816894531,52.90250015258789,52.6349983215332,52.77450180053711,23606000,GOOGL
2018-01-02,53.154693603515625,53.660499572753906,53.79899978637695,52.6510009765625,52.6510009765625,31766000,GOOGL
2018-01-03,54.06156921386719,54.57600021362305,54.80500030517578,53.67150115966797,53.69649887084961,31318000,GOOGL
2018-01-04,54.271568298339844,54.78799819946289,55.20399856567383,54.7130012512207,54.85449981689453,26052000,GOOGL
2018-01-05,54.9912223815918,55.51449966430664,55.67900085449219,55.09000015258789,55.17250061035156,30250000,GOOGL
2018-01-08,55.185367584228516,55.71049880981445,55.95800018310547,55.5,55.54999923706055,24644000,GOOGL
2018-01-09,55.11503982543945,55.63949966430664,55.922000885009766,55.40999984741211,55.922000885009766,26808000,GOOGL
2018-01-10,54.98379135131836,55.50699996948242,55.638999938964844,55.19900131225586,55.349998474121094,20734000,GOOGL
2018-01-11,55.07838821411133,55.602500915527344,55.74250030517578,55.32400131225586,55.615501403808594,22424000,GOOGL
2018-01-12,55.999629974365234,56.532501220703125,56.564998626708984,55.4005012512207,55.505001068115234,38586000,GOOGL
2018-01-16,56.002098083496094,56.53499984741211,57.444000244140625,56.33300018310547,57.015499114990234,36462000,GOOGL
2018-01-17,56.418148040771484,56.95500183105469,56.965999603271484,56.17449951171875,56.81800079345703,27830000,GOOGL
2018-01-18,56.263118743896484,56.798500061035156,57.02949905395508,56.222999572753906,56.967498779296875,27498000,GOOGL
2018-01-19,56.63606643676758,57.17499923706055,57.18899917602539,56.625,56.9015007019043,30552000,GOOGL
2018-01-22,57.659332275390625,58.20800018310547,58.34400177001953,57.090999603271484,57.191001892089844,29550000,GOOGL
2018-01-23,58.25417709350586,58.80849838256836,58.925498962402344,58.36249923706055,58.53099822998047,39138000,GOOGL
2018-01-24,58.01247024536133,58.56449890136719,59.352500915527344,58.369998931884766,59.249000549316406,37128000,GOOGL
2018-01-25,58.54985046386719,59.106998443603516,59.25,58.59199905395508,59.035499572753906,29984000,GOOGL
2018-01-26,58.81829833984375,59.37799835205078,59.37799835205078,58.4015007019043,59.37649917602539,42170000,GOOGL
2018-01-29,58.764808654785156,59.32400131225586,59.900001525878906,59.202999114990234,59.400001525878906,31494000,GOOGL
2018-01-30,58.3136100769043,58.868499755859375,59.39649963378906,58.72549819946289,58.88600158691406,37338000,GOOGL
2018-01-31,58.55381774902344,59.111000061035156,59.316001892089844,58.60499954223633,59.19049835205078,36022000,GOOGL
2018-02-01,58.522621154785156,59.079498291015625,59.372501373291016,58.46799850463867,58.79949951171875,73514000,GOOGL
2018-02-02,55.432525634765625,55.959999084472656,56.564998626708984,55.55849838256836,56.37099838256836,117842000,GOOGL
2018-02-05,52.618797302246094,53.11949920654297,55.7495002746582,52.83700180053711,55.03049850463867,83550000,GOOGL
2018-02-06,53.71040725708008,54.221500396728516,54.36899948120117,51.5004997253418,51.69900131225586,76630000,GOOGL
2018-02-07,52.2730827331543,52.77050018310547,54.326499938964844,52.73099899291992,54.24850082397461,51942000,GOOGL
2018-02-08,49.91056442260742,50.385501861572266,53.19649887084961,50.23500061035156,52.993499755859375,66792000,GOOGL
2018-02-09,51.82038879394531,52.313499450683594,52.58599853515625,49.849998474121094,51.29399871826172,98360000,GOOGL
2018-02-12,52.23098373413086,52.72800064086914,53.278499603271484,52.27450180053711,52.833499908447266,56240000,GOOGL
2018-02-13,52.2101936340332,52.707000732421875,53.06100082397461,52.34600067138672,52.5,31586000,GOOGL
2018-02-14,53.12944030761719,53.6349983215332,53.77349853515625,52.4900016784668,52.715999603271484,41304000,GOOGL
2018-02-15,54.05364227294922,54.56800079345703,54.70500183105469,53.36149978637695,54.17250061035156,37396000,GOOGL
2018-02-16,54.25869369506836,54.775001525878906,55.41550064086914,54.57749938964844,54.66899871826172,39948000,GOOGL
2018-02-20,54.65937423706055,55.179500579833984,55.81449890136719,54.5,54.63800048828125,33754000,GOOGL
2018-02-21,55.16259002685547,55.6875,56.810001373291016,55.3754997253418,55.45500183105469,41486000,GOOGL
2018-02-22,54.971900939941406,55.494998931884766,56.27299880981445,55.25749969482422,55.958499908447266,28010000,GOOGL
2018-02-23,55.87282943725586,56.40449905395508,56.45000076293945,55.422000885009766,55.93299865722656,25292000,GOOGL
2018-02-26,56.64597702026367,57.185001373291016,57.209999084472656,56.46699905395508,56.59299850463867,30912000,GOOGL
2018-02-27,55.34881591796875,55.8754997253418,57.212501525878906,55.839500427246094,57.185001373291016,42964000,GOOGL
2018-02-28,54.675724029541016,55.19599914550781,56.38249969482422,55.150001525878906,56.099998474121094,49292000,GOOGL
2018-03-01,53.06554412841797,53.570499420166016,55.563499450683594,53.364498138427734,55.47700119018555,55338000,GOOGL
2018-03-02,53.696044921875,54.207000732421875,54.34450149536133,52.50550079345703,52.89899826049805,50162000,GOOGL
2018-03-05,54.22203826904297,54.737998962402344,55.058998107910156,53.61349868774414,53.90650177001953,28648000,GOOGL
2018-03-06,54.52614212036133,55.04499816894531,55.28150177001953,54.724998474121094,55.10499954223633,23382000,GOOGL
2018-03-07,55.226478576660156,55.75199890136719,55.810001373291016,54.49549865722656,54.64099884033203,30748000,GOOGL
2018-03-08,55.93672561645508,56.46900177001953,56.571998596191406,55.86000061035156,55.86000061035156,33862000,GOOGL
2018-03-09,57.49488830566406,58.04199981689453,58.04999923706055,56.714500427246094,56.974998474121094,42662000,GOOGL
2018-03-12,57.747005462646484,58.29650115966797,58.90800094604492,57.959999084472656,58.252498626708984,44306000,GOOGL
2018-03-13,56.4582633972168,56.99549865722656,58.900001525878906,56.72850036621094,58.59149932861328,43140000,GOOGL
2018-03-14,56.90302658081055,57.44449996948242,57.987998962402344,57.11750030517578,57.290000915527344,41870000,GOOGL
2018-03-15,56.98821258544922,57.53049850463867,58.125,56.78300094604492,57.47850036621094,33382000,GOOGL
2018-03-16,56.18634796142578,56.72100067138672,57.84049987792969,56.56800079345703,57.76750183105469,58656000,GOOGL
2018-03-19,54.48503494262695,55.003501892089844,55.96849822998047,54.44599914550781,55.88800048828125,63656000,GOOGL
2018-03-20,54.273555755615234,54.790000915527344,55.27750015258789,54.12099838256836,54.91999816894531,54598000,GOOGL
2018-03-21,54.18439865112305,54.70000076293945,55.435001373291016,54.36050033569336,54.628501892089844,44898000,GOOGL
2018-03-22,52.16114807128906,52.657501220703125,54.19599914550781,52.481998443603516,54.0004997253418,69312000,GOOGL
2018-03-23,50.843685150146484,51.32749938964844,53.3390007019043,51.243499755859375,52.56850051879883,49880000,GOOGL
2018-03-26,52.20770263671875,52.704498291015625,52.9635009765625,50.52899932861328,52.529998779296875,65984000,GOOGL
2018-03-27,49.8724250793457,50.34700012207031,53.22700119018555,49.88100051879883,53.19499969482422,60816000,GOOGL
2018-03-28,49.785255432128906,50.25899887084961,51.2495002746582,49.20000076293945,50.09550094604492,77698000,GOOGL
2018-03-29,51.36819076538086,51.856998443603516,52.40250015258789,50.20199966430664,50.56050109863281,69338000,GOOGL
2018-04-02,50.15424728393555,50.631500244140625,51.97650146484375,49.712501525878906,51.38100051879883,65068000,GOOGL
2018-04-03,50.45389938354492,50.933998107910156,51.25,49.86249923706055,50.807498931884766,51322000,GOOGL
2018-04-04,51.00019073486328,51.48550033569336,51.637001037597656,49.82550048828125,49.9114990234375,50724000,GOOGL
2018-04-05,51.14531326293945,51.63199996948242,52.33549880981445,51.20000076293945,52.31949996948242,35836000,GOOGL
2018-04-06,50.021507263183594,50.497501373291016,51.79999923706055,50.3125,51.154998779296875,40134000,GOOGL
2018-04-09,50.52374267578125,51.00450134277344,52.22949981689453,50.959999084472656,51.00199890136719,33220000,GOOGL
2018-04-10,51.33650207519531,51.82500076293945,52.06050109863281,50.77050018310547,51.51300048828125,36620000,GOOGL
2018-04-11,50.76988983154297,51.25299835205078,51.79349899291992,50.959999084472656,51.599998474121094,34060000,GOOGL
2018-04-12,51.3756217956543,51.864498138427734,52.23249816894531,51.3025016784668,51.57350158691406,32896000,GOOGL
2018-04-13,51.313720703125,51.801998138427734,52.64899826049805,51.50749969482422,52.34450149536133,25410000,GOOGL
2018-04-16,51.811973571777344,52.30500030517578,52.57149887084961,51.69599914550781,52.27750015258789,29776000,GOOGL
2018-04-17,53.459293365478516,53.96799850463867,54.25,52.85449981689453,53.060001373291016,54584000,GOOGL
2018-04-18,53.26266860961914,53.769500732421875,54.099998474121094,53.5260009765625,53.95050048828125,31126000,GOOGL
2018-04-19,53.95904541015625,54.47249984741211,54.8754997253418,53.45100021362305,53.45100021362305,39884000,GOOGL
2018-04-20,53.35826110839844,53.86600112915039,54.73749923706055,53.60499954223633,54.2135009765625,42434000,GOOGL
2018-04-23,53.184410095214844,53.69049835205078,54.400001525878906,53.33399963378906,54.14899826049805,69590000,GOOGL
2018-04-24,50.650028228759766,51.13199996948242,53.2244987487793,50.643001556396484,52.959999084472656,128220000,GOOGL
2018-04-25,50.6673698425293,51.14950180053711,51.80350112915039,50.85049819946289,51.48749923706055,57860000,GOOGL
2018-04-26,51.673789978027344,52.16550064086914,52.60100173950195,51.022499084472656,51.6609992980957,50926000,GOOGL
2018-04-27,51.08637619018555,51.5724983215332,52.584999084472656,51.37950134277344,52.277000427246094,40746000,GOOGL
2018-04-30,50.44894027709961,50.92900085449219,51.91849899291992,50.915000915527344,51.72100067138672,34492000,GOOGL
2018-05-01,51.546993255615234,52.037498474121094,52.08649826049805,50.53049850463867,50.814998626708984,35326000,GOOGL
2018-05-02,50.81892013549805,51.3025016784668,52.19900131225586,51.15800094604492,51.70000076293945,34698000,GOOGL
2018-05-03,50.831298828125,51.314998626708984,51.53450012207031,50.394500732421875,51.26850128173828,39282000,GOOGL
2018-05-04,52.05466079711914,52.54999923706055,52.59400177001953,50.90250015258789,50.980499267578125,36892000,GOOGL
2018-05-07,52.47367477416992,52.972999572753906,53.25,52.51350021362305,52.69449996948242,34400000,GOOGL
2018-05-08,52.43058776855469,52.929500579833984,53.26150131225586,52.582000732421875,53.23099899291992,26030000,GOOGL
2018-05-09,53.93427658081055,54.4474983215332,54.70000076293945,53.105499267578125,53.20500183105469,47160000,GOOGL
2018-05-10,54.75249099731445,55.27349853515625,55.47050094604492,54.694000244140625,54.75,36414000,GOOGL
2018-05-11,54.64897918701172,55.16899871826172,55.45050048828125,54.861000061035156,55.02050018310547,30504000,GOOGL
2018-05-14,54.80846405029297,55.33000183105469,55.907501220703125,55.2400016784668,55.278499603271484,39338000,GOOGL
2018-05-15,53.73220443725586,54.243499755859375,54.95600128173828,53.93899917602539,54.845001220703125,35738000,GOOGL
2018-05-16,53.693565368652344,54.204498291015625,54.71900177001953,54.08150100708008,54.25450134277344,25628000,GOOGL
2018-05-17,53.55339813232422,54.0629997253418,54.54999923706055,53.82099914550781,54.073001861572266,25738000,GOOGL
2018-05-18,52.97787857055664,53.481998443603516,53.686500549316406,53.23400115966797,53.29999923706055,35482000,GOOGL
2018-05-21,53.689605712890625,54.20050048828125,54.665000915527344,53.900001525878906,53.95000076293945,25180000,GOOGL
2018-05-22,53.258705139160156,53.765499114990234,54.59000015258789,53.612998962402344,54.4900016784668,22226000,GOOGL
2018-05-23,53.78618621826172,54.29800033569336,54.400001525878906,53.347999572753906,53.5,23740000,GOOGL
2018-05-24,53.76093292236328,54.272499084472656,54.35599899291992,53.6150016784668,54.345001220703125,20604000,GOOGL
2018-05-25,53.69307327270508,54.20399856567383,54.47850036621094,54.130001068115234,54.32749938964844,22224000,GOOGL
2018-05-29,52.90011215209961,53.403499603271484,54.06700134277344,53.15399932861328,53.79999923706055,36076000,GOOGL
2018-05-30,53.36568832397461,53.87350082397461,53.949501037597656,53.32749938964844,53.67399978637695,28686000,GOOGL
2018-05-31,54.4815673828125,55.0,55.5,53.900001525878906,54.099998474121094,79368000,GOOGL
2018-06-01,56.21508026123047,56.75,56.90800094604492,55.60049819946289,55.64350128173828,63202000,GOOGL
2018-06-04,57.10856628417969,57.652000427246094,57.893001556396484,56.849998474121094,56.92499923706055,44754000,GOOGL
2018-06-05,57.00851821899414,57.55099868774414,58.05500030517578,57.37300109863281,57.733001708984375,32964000,GOOGL
2018-06-06,56.80693817138672,57.34749984741211,57.73550033569336,56.816001892089844,57.63850021362305,34934000,GOOGL
2018-06-07,56.18634796142578,56.72100067138672,57.29349899291992,56.305999755859375,57.229000091552734,36108000,GOOGL
2018-06-08,56.101654052734375,56.635501861572266,56.93899917602539,56.1614990234375,56.56050109863281,27284000,GOOGL
2018-06-11,56.507293701171875,57.04499816894531,57.387001037597656,56.56999969482422,56.64699935913086,24796000,GOOGL
2018-06-12,56.86836242675781,57.40950012207031,57.4375,57.05099868774414,57.05099868774414,26092000,GOOGL
2018-06-13,56.67222595214844,57.21149826049805,57.78200149536133,57.16899871826172,57.61399841308594,34302000,GOOGL
2018-06-14,57.458740234375,58.00550079345703,58.29949951171875,57.529998779296875,57.61050033569336,35422000,GOOGL
2018-06-15,57.417137145996094,57.9635009765625,58.195499420166016,57.68450164794922,57.99599838256836,44438000,GOOGL
2018-06-18,58.621177673339844,59.17900085449219,59.20650100708008,57.54999923706055,57.634498596191406,33038000,GOOGL
2018-06-19,58.37898635864258,58.93450164794922,59.140499114990234,58.080501556396484,58.50550079345703,47282000,GOOGL
2018-06-20,58.645450592041016,59.20349884033203,60.074501037597656,59.10150146484375,59.165000915527344,51686000,GOOGL
2018-06-21,57.92083740234375,58.47200012207031,59.51649856567383,58.17399978637695,59.2755012512207,44966000,GOOGL
2018-06-22,57.91341781616211,58.464500427246094,58.75,57.98249816894531,58.574501037597656,34220000,GOOGL
2018-06-25,56.42705535888672,56.9640007019043,57.79949951171875,55.994998931884766,57.75,57682000,GOOGL
2018-06-26,56.09719467163086,56.63100051879883,57.34349822998047,56.45000076293945,57.207000732421875,34688000,GOOGL
2018-06-27,55.320587158203125,55.84700012207031,57.31050109863281,55.834999084472656,56.79999923706055,34538000,GOOGL
2018-06-28,55.807945251464844,56.3390007019043,56.70000076293945,55.30350112915039,55.61949920654297,29726000,GOOGL
2018-06-29,55.92730712890625,56.45949935913086,57.06800079345703,56.35100173950195,56.615501403808594,31562000,GOOGL
2018-07-02,56.567222595214844,57.105499267578125,57.14950180053711,55.33000183105469,55.76750183105469,23216000,GOOGL
2018-07-03,55.28789520263672,55.81399917602539,57.49549865722656,55.721500396728516,57.47100067138672,16448000,GOOGL
2018-07-05,56.526607513427734,57.06449890136719,57.207000732421875,56.15599822998047,56.22999954223633,28594000,GOOGL
2018-07-06,57.20960998535156,57.75400161743164,57.810001373291016,56.86199951171875,57.0885009765625,21820000,GOOGL
2018-07-09,57.8138542175293,58.36399841308594,58.39649963378906,57.86149978637695,58.0,21584000,GOOGL
2018-07-10,57.80693054199219,58.356998443603516,58.67499923706055,58.12799835205078,58.4995002746582,21334000,GOOGL
2018-07-11,58.02088928222656,58.573001861572266,59.02199935913086,57.76850128173828,57.78099822998047,33252000,GOOGL
2018-07-12,59.49684143066406,60.0629997253418,60.0994987487793,58.654998779296875,58.74300003051758,44148000,GOOGL
2018-07-13,59.65335464477539,60.22100067138672,60.52199935913086,59.76449966430664,60.13999938964844,32612000,GOOGL
2018-07-16,59.2615852355957,59.82550048828125,60.43550109863281,59.66999816894531,60.19049835205078,26784000,GOOGL
2018-07-17,60.082271575927734,60.65399932861328,60.9379997253418,59.099998474121094,59.137001037597656,40162000,GOOGL
2018-07-18,60.073856353759766,60.64550018310547,61.079498291015625,60.22800064086914,60.42649841308594,38948000,GOOGL
2018-07-19,59.389862060546875,59.95500183105469,60.82400131225586,59.88650131225586,60.33250045776367,38338000,GOOGL
2018-07-20,59.329444885253906,59.89400100708008,60.53850173950195,59.829498291015625,59.96200180053711,37938000,GOOGL
2018-07-23,59.9792594909668,60.54999923706055,60.755001068115234,59.60049819946289,59.78300094604492,65446000,GOOGL
2018-07-24,62.31453323364258,62.907501220703125,63.75,62.207000732421875,63.54999923706055,107600000,GOOGL
2018-07-25,63.19565200805664,63.797000885009766,63.9119987487793,62.45249938964844,62.63100051879883,51104000,GOOGL
2018-07-26,63.66914749145508,64.2750015258789,64.37000274658203,63.150001525878906,63.35900115966797,54686000,GOOGL
2018-07-27,62.05401611328125,62.644500732421875,64.5719985961914,62.2244987487793,64.45600128173828,48362000,GOOGL
2018-07-30,60.92228317260742,61.50199890136719,62.644500732421875,61.208499908447266,62.252498626708984,43896000,GOOGL
2018-07-31,60.78261184692383,61.361000061035156,62.06050109863281,60.80950164794922,61.58549880981445,39382000,GOOGL
2018-08-01,61.068397521972656,61.64950180053711,62.29499816894531,61.24700164794922,61.955501556396484,36994000,GOOGL
2018-08-02,61.4715576171875,62.05649948120117,62.22050094604492,60.90299987792969,60.92499923706055,34704000,GOOGL
2018-08-03,61.324459075927734,61.90800094604492,62.32600021362305,61.47100067138672,62.25899887084961,21264000,GOOGL
2018-08-06,61.30018997192383,61.88349914550781,62.12300109863281,61.5265007019043,62.080501556396484,22114000,GOOGL
2018-08-07,62.20012664794922,62.79199981689453,63.30400085449219,62.59000015258789,62.60049819946289,42506000,GOOGL
2018-08-08,62.472042083740234,63.06650161743164,63.58599853515625,62.60599899291992,62.83599853515625,34344000,GOOGL
2018-08-09,62.62705993652344,63.222999572753906,63.597999572753906,63.005001068115234,63.13650131225586,27326000,GOOGL
2018-08-10,62.035194396972656,62.6254997253418,63.060001373291016,62.358001708984375,62.95899963378906,26602000,GOOGL
2018-08-13,61.84351348876953,62.43199920654297,63.298500061035156,62.35150146484375,62.560001373291016,27500000,GOOGL
2018-08-14,62.31403350830078,62.90700149536133,63.02949905395508,61.97700119018555,62.625,28080000,GOOGL
2018-08-15,61.03024673461914,61.611000061035156,62.5989990234375,61.3120002746582,62.2140007019043,37052000,GOOGL
2018-08-16,60.626102447509766,61.202999114990234,62.185001373291016,60.98149871826172,62.0994987487793,32176000,GOOGL
2018-08-17,60.21946716308594,60.79249954223633,61.34749984741211,60.20000076293945,61.10200119018555,33092000,GOOGL
2018-08-20,60.5215950012207,61.09749984741211,61.295501708984375,60.435001373291016,61.03300094604492,22218000,GOOGL
2018-08-21,60.296730041503906,60.87049865722656,61.63800048828125,60.75149917602539,61.1510009765625,23082000,GOOGL
2018-08-22,60.511688232421875,61.087501525878906,61.326499938964844,60.6609992980957,60.71099853515625,22296000,GOOGL
2018-08-23,60.48246765136719,61.05799865722656,61.75849914550781,60.967498779296875,60.99399948120117,24666000,GOOGL
2018-08-24,61.25462341308594,61.837501525878906,61.869998931884766,61.07099914550781,61.29999923706055,24454000,GOOGL
2018-08-27,62.22142028808594,62.813499450683594,62.89350128173828,62.034000396728516,62.207000732421875,28580000,GOOGL
2018-08-28,61.70582580566406,62.292999267578125,62.827999114990234,62.14849853515625,62.79499816894531,27330000,GOOGL
2018-08-29,62.63646697998047,63.23249816894531,63.35850143432617,62.63999938964844,62.75,36926000,GOOGL
2018-08-30,62.13077926635742,62.72200012207031,63.4744987487793,62.36050033569336,63.16999816894531,30104000,GOOGL
2018-08-31,61.009456634521484,61.59000015258789,62.627498626708984,61.287498474121094,62.61050033569336,42308000,GOOGL
2018-09-04,59.994606018066406,60.56549835205078,61.39350128173828,60.327999114990234,61.125999450683594,41458000,GOOGL
2018-09-05,59.389862060546875,59.95500183105469,60.743499755859375,58.766998291015625,60.46099853515625,53988000,GOOGL
2018-09-06,58.64148712158203,59.199501037597656,59.949501037597656,58.18050003051758,59.92850112915039,46854000,GOOGL
2018-09-07,58.324501037597656,58.87950134277344,59.4275016784668,58.4635009765625,58.599998474121094,32658000,GOOGL
2018-09-10,58.19919204711914,58.75299835205078,59.33300018310547,58.53049850463867,59.209999084472656,27670000,GOOGL
2018-09-11,58.93865966796875,59.4995002746582,59.547000885009766,58.29750061035156,58.55500030517578,29254000,GOOGL
2018-09-12,58.02782440185547,58.58000183105469,59.53450012207031,58.30799865722656,59.099998474121094,35716000,GOOGL
2018-09-13,58.54985046386719,59.106998443603516,59.393001556396484,58.46099853515625,58.98500061035156,40068000,GOOGL
2018-09-14,58.343814849853516,58.89899826049805,59.400001525878906,58.67599868774414,59.400001525878906,24176000,GOOGL
2018-09-17,57.44487762451172,57.99150085449219,59.090999603271484,57.92300033569336,58.88850021362305,34096000,GOOGL
2018-09-18,57.80543899536133,58.355499267578125,59.06650161743164,58.07149887084961,58.132999420166016,32314000,GOOGL
2018-09-19,58.16006851196289,58.7135009765625,58.813499450683594,57.930999755859375,58.448001861572266,25962000,GOOGL
2018-09-20,59.01691436767578,59.57849884033203,59.70000076293945,58.8125,59.03350067138672,29244000,GOOGL
2018-09-21,58.0535774230957,58.60599899291992,59.82899856567383,58.60300064086914,59.74599838256836,91222000,GOOGL
2018-09-24,58.42207717895508,58.97800064086914,59.259498596191406,57.57500076293945,57.97050094604492,31150000,GOOGL
2018-09-25,59.13181686401367,59.69449996948242,59.84299850463867,58.704498291015625,59.212501525878906,33152000,GOOGL
2018-09-26,59.140235900878906,59.702999114990234,60.36199951171875,59.27000045776367,59.68450164794922,37650000,GOOGL
2018-09-27,59.79897689819336,60.36800003051758,60.84299850463867,59.90250015258789,60.0,36274000,GOOGL
2018-09-28,59.78510284423828,60.354000091552734,60.42250061035156,59.89149856567383,60.204498291015625,35612000,GOOGL
2018-10-01,59.85691452026367,60.42649841308594,61.209999084472656,60.15950012207031,60.650001525878906,33164000,GOOGL
2018-10-02,59.81283950805664,60.38199996948242,61.22600173950195,59.983001708984375,60.333499908447266,40180000,GOOGL
2018-10-03,60.00550079345703,60.576499938964844,60.70899963378906,60.10749816894531,60.599998474121094,26246000,GOOGL
2018-10-04,58.29874038696289,58.85350036621094,60.29499816894531,58.192501068115234,60.25149917602539,46576000,GOOGL
2018-10-05,57.84110641479492,58.39149856567383,59.099998474121094,57.715999603271484,58.79999923706055,31852000,GOOGL
2018-10-08,57.251216888427734,57.79600143432617,58.792999267578125,56.77000045776367,58.0,46190000,GOOGL
2018-10-09,56.71878433227539,57.25849914550781,58.07749938964844,57.208499908447266,57.56549835205078,33690000,GOOGL
2018-10-10,54.0932731628418,54.608001708984375,56.85100173950195,54.57550048828125,56.81999969482422,58980000,GOOGL
2018-10-11,54.02293395996094,54.5369987487793,55.803001403808594,53.794498443603516,53.95199966430664,67696000,GOOGL
2018-10-12,55.4988899230957,56.027000427246094,56.291500091552734,54.75149917602539,55.981998443603516,49370000,GOOGL
2018-10-15,54.60242462158203,55.12200164794922,56.09000015258789,54.9109992980957,55.900001525878906,30074000,GOOGL
2018-10-16,56.11997985839844,56.65399932861328,56.81850051879883,55.587501525878906,55.67399978637695,38378000,GOOGL
2018-10-17,55.84806442260742,56.37950134277344,57.349998474121094,55.70000076293945,57.0,35652000,GOOGL
2018-10-18,54.378055572509766,54.89550018310547,56.61750030517578,54.31700134277344,56.5,46152000,GOOGL
2018-10-19,54.738128662109375,55.25899887084961,56.04750061035156,54.85150146484375,55.18550109863281,41286000,GOOGL
2018-10-22,55.04471206665039,55.56850051879883,56.08449935913086,55.0,55.6254997253418,27116000,GOOGL
2018-10-23,55.22004318237305,55.74549865722656,55.900001525878906,53.95050048828125,54.56449890136719,37686000,GOOGL
2018-10-24,52.3577766418457,52.85599899291992,55.83100128173828,52.75299835205078,55.75,49286000,GOOGL
2018-10-25,54.65937423706055,55.179500579833984,55.89099884033203,53.77750015258789,54.01499938964844,72956000,GOOGL
2018-10-26,53.67673110961914,54.1875,55.849998474121094,52.11149978637695,52.416500091552734,106438000,GOOGL
2018-10-29,51.24882888793945,51.73649978637695,55.44150161743164,50.36000061035156,54.82699966430664,81290000,GOOGL
2018-10-30,51.980865478515625,52.47549819946289,52.54499816894531,50.69850158691406,51.0004997253418,59768000,GOOGL
2018-10-31,54.01500701904297,54.52899932861328,55.400001525878906,53.40999984741211,53.40999984741211,70916000,GOOGL
2018-11-01,53.78718185424805,54.29899978637695,54.994998931884766,53.89099884033203,54.56999969482422,40132000,GOOGL
2018-11-02,53.06951141357422,53.574501037597656,54.900001525878906,53.382999420166016,54.45000076293945,43438000,GOOGL
2018-11-05,52.28893280029297,52.7864990234375,53.66749954223633,51.70000076293945,53.62649917602539,45358000,GOOGL
2018-11-06,52.97441101074219,53.47850036621094,53.99100112915039,52.68050003051758,52.750999450683594,28660000,GOOGL
2018-11-07,54.88968276977539,55.4119987487793,55.496498107910156,54.02949905395508,54.17449951171875,43388000,GOOGL
2018-11-08,54.21560287475586,54.73149871826172,55.4109992980957,54.21799850463867,55.3650016784668,33694000,GOOGL
2018-11-09,53.34340286254883,53.85100173950195,54.41749954223633,53.2130012512207,54.20100021362305,34860000,GOOGL
2018-11-12,51.97343444824219,52.46799850463867,53.70500183105469,52.01750183105469,53.65650177001953,34002000,GOOGL
2018-11-13,51.90459060668945,52.39849853515625,53.333499908447266,52.02000045776367,52.740501403808594,25750000,GOOGL
2018-11-14,52.23197937011719,52.729000091552734,53.28950119018555,52.05550003051758,53.0,34666000,GOOGL
2018-11-15,53.04772186279297,53.5525016784668,53.94350051879883,52.06449890136719,52.573001861572266,41584000,GOOGL
2018-11-16,52.91002655029297,53.41350173950195,53.62200164794922,52.744998931884766,53.26150131225586,35366000,GOOGL
2018-11-19,50.88677978515625,51.37099838256836,53.400001525878906,51.14350128173828,53.169498443603516,45684000,GOOGL
2018-11-20,51.036842346191406,51.522499084472656,51.86750030517578,50.11050033569336,50.364498138427734,54458000,GOOGL
2018-11-21,51.67973709106445,52.17150115966797,52.73550033569336,51.972999572753906,52.265499114990234,29698000,GOOGL
2018-11-23,51.01951599121094,51.505001068115234,52.150001525878906,51.42599868774414,51.67499923706055,14178000,GOOGL
2018-11-26,52.299339294433594,52.797000885009766,52.849998474121094,51.98849868774414,52.20000076293945,31558000,GOOGL
2018-11-27,52.1180534362793,52.61399841308594,53.3380012512207,52.275001525878906,52.56700134277344,33048000,GOOGL
2018-11-28,54.0749397277832,54.589500427246094,54.643001556396484,52.147499084472656,52.87300109863281,46042000,GOOGL
2018-11-29,54.2131233215332,54.729000091552734,55.00749969482422,54.099998474121094,54.17649841308594,31004000,GOOGL
2018-11-30,54.95951843261719,55.48249816894531,55.48249816894531,54.159000396728516,54.78150177001953,59668000,GOOGL
2018-12-03,55.29186248779297,55.81800079345703,56.75,55.58649826049805,56.608001708984375,57532000,GOOGL
2018-12-04,52.622764587402344,53.12350082397461,55.71200180053711,53.03900146484375,55.64950180053711,45630000,GOOGL
2018-12-06,53.395896911621094,53.90399932861328,53.97100067138672,52.124000549316406,52.25,47436000,GOOGL
2018-12-07,51.83574295043945,52.32899856567383,54.25149917602539,51.96849822998047,53.61149978637695,42682000,GOOGL
2018-12-10,52.16264343261719,52.659000396728516,52.97999954223633,51.650001525878906,52.14699935913086,33652000,GOOGL
2018-12-11,52.5821418762207,53.08250045776367,53.52000045776367,52.505001068115234,53.34700012207031,33852000,GOOGL
2018-12-12,53.18044662475586,53.686500549316406,54.58649826049805,53.5984992980957,53.854000091552734,28960000,GOOGL
2018-12-13,53.17103958129883,53.676998138427734,54.42100143432617,53.2495002746582,53.78350067138672,24986000,GOOGL
2018-12-14,52.08982467651367,52.58549880981445,53.58599853515625,52.46849822998047,53.000999450683594,36358000,GOOGL
2018-12-17,50.799110412597656,51.282501220703125,53.11899948120117,50.83150100708008,52.35049819946289,49932000,GOOGL
2018-12-18,51.678741455078125,52.170501708984375,52.984500885009766,51.52399826049805,51.70000076293945,43640000,GOOGL
2018-12-19,51.28498077392578,51.77299880981445,53.785499572753906,50.971500396728516,52.364498138427734,58264000,GOOGL
2018-12-20,50.69658660888672,51.17900085449219,52.37200164794922,50.393001556396484,51.29999923706055,53674000,GOOGL
2018-12-21,49.09531784057617,49.5625,51.88349914550781,49.05950164794922,51.60200119018555,104656000,GOOGL
2018-12-24,48.76942443847656,49.23350143432617,50.60599899291992,48.882999420166016,49.215999603271484,36360000,GOOGL
2018-12-26,51.89864730834961,52.39250183105469,52.42250061035156,49.63249969482422,49.89950180053711,46318000,GOOGL
2018-12-27,52.148765563964844,52.64500045776367,52.66699981689453,50.349998474121094,51.310001373291016,45996000,GOOGL
2018-12-28,51.8406982421875,52.33399963378906,53.21149826049805,52.099998474121094,52.974998474121094,34398000,GOOGL
2018-12-31,51.75551223754883,52.24800109863281,53.14950180053711,51.652000427246094,52.89149856567383,33110000,GOOGL
2019-01-02,52.2369270324707,52.73400115966797,53.03950119018555,51.263999938964844,51.36000061035156,31868000,GOOGL
2019-01-03,50.79019546508789,51.27349853515625,53.3129997253418,51.118499755859375,52.53350067138672,41960000,GOOGL
2019-01-04,53.39540100097656,53.903499603271484,54.0,51.84299850463867,52.12799835205078,46022000,GOOGL
2019-01-07,53.28892517089844,53.79600143432617,54.1349983215332,53.13199996948242,54.048500061035156,47446000,GOOGL
2019-01-08,53.75696563720703,54.26850128173828,54.66749954223633,53.41749954223633,54.29999923706055,35414000,GOOGL
2019-01-09,53.57271957397461,54.08250045776367,54.582000732421875,53.71849822998047,54.39950180053711,26998000,GOOGL
2019-01-10,53.433048248291016,53.94150161743164,53.990501403808594,53.23400115966797,53.74700164794922,26598000,GOOGL
2019-01-11,52.72180938720703,53.2234992980957,53.66849899291992,52.82149887084961,53.494998931884766,30864000,GOOGL
2019-01-14,52.079925537109375,52.57550048828125,52.92250061035156,52.4275016784668,52.66699981689453,28490000,GOOGL
2019-01-15,53.81342697143555,54.32550048828125,54.41350173950195,52.72200012207031,52.9005012512207,37518000,GOOGL
2019-01-16,53.96200942993164,54.47549819946289,55.11800003051758,54.4005012512207,54.5,38280000,GOOGL
2019-01-17,54.437984466552734,54.95600128173828,55.03499984741211,54.16299819946289,54.39950180053711,24896000,GOOGL
2019-01-18,54.8431282043457,55.3650016784668,55.900001525878906,54.9640007019043,55.429500579833984,44892000,GOOGL
2019-01-22,53.42314529418945,53.93149948120117,54.94850158691406,53.544498443603516,54.79999923706055,39632000,GOOGL
2019-01-23,53.709415435791016,54.22050094604492,54.647499084472656,53.378501892089844,54.34299850463867,25194000,GOOGL
2019-01-24,53.68911361694336,54.20000076293945,54.400001525878906,53.500999450683594,54.1254997253418,29114000,GOOGL
2019-01-25,54.55636215209961,55.07550048828125,55.167999267578125,54.59000015258789,54.71149826049805,23260000,GOOGL
2019-01-28,53.48406219482422,53.99300003051758,54.66849899291992,53.730499267578125,54.503501892089844,29334000,GOOGL
2019-01-29,52.99867630004883,53.50299835205078,54.23649978637695,53.30099868774414,54.051998138427734,19704000,GOOGL
2019-01-30,54.382022857666016,54.89950180053711,54.97600173950195,53.832000732421875,53.86800003051758,29452000,GOOGL
2019-01-31,55.76387023925781,56.294498443603516,56.38349914550781,55.26250076293945,55.61199951171875,40232000,GOOGL
2019-02-01,55.40379333496094,55.930999755859375,56.720001220703125,55.712501525878906,56.114498138427734,33116000,GOOGL
2019-02-04,56.533050537109375,57.07099914550781,57.117000579833984,55.8754997253418,55.95050048828125,78408000,GOOGL
2019-02-05,57.05063247680664,57.59349822998047,57.63850021362305,56.18000030517578,56.48149871826172,82296000,GOOGL
2019-02-06,55.61528396606445,56.144500732421875,57.70000076293945,55.917999267578125,57.4635009765625,48256000,GOOGL
2019-02-07,54.774288177490234,55.295501708984375,55.5994987487793,54.679500579833984,55.590999603271484,38298000,GOOGL
2019-02-08,54.59945297241211,55.11899948120117,55.255001068115234,54.71200180053711,54.74399948120117,21766000,GOOGL
2019-02-11,54.586570739746094,55.10599899291992,55.67150115966797,55.0,55.1875,18498000,GOOGL
2019-02-12,55.84757614135742,56.37900161743164,56.643001556396484,55.550498962402344,55.550498962402344,35036000,GOOGL
2019-02-13,55.89957809448242,56.43149948120117,57.14250183105469,56.29999923706055,56.652000427246094,28042000,GOOGL
2019-02-14,55.92780685424805,56.459999084472656,56.80649948120117,55.85449981689453,56.25,21106000,GOOGL
2019-02-15,55.453819274902344,55.98149871826172,56.96500015258789,55.83599853515625,56.96500015258789,27826000,GOOGL
2019-02-19,55.794578552246094,56.32550048828125,56.481998443603516,55.832000732421875,55.832000732421875,21980000,GOOGL
2019-02-20,55.50136184692383,56.02949905395508,56.54650115966797,55.587501525878906,56.444000244140625,24090000,GOOGL
2019-02-21,54.69008255004883,55.21049880981445,55.95750045776367,54.89899826049805,55.93899917602539,33272000,GOOGL
2019-02-22,55.30176544189453,55.827999114990234,55.86249923706055,55.025001525878906,55.48500061035156,29436000,GOOGL
2019-02-25,55.339908599853516,55.86650085449219,56.27000045776367,55.705501556396484,56.096500396728516,26208000,GOOGL
2019-02-26,55.57170104980469,56.10049819946289,56.321998596191406,55.334999084472656,55.71849822998047,35026000,GOOGL
2019-02-27,55.61528396606445,56.144500732421875,56.2864990234375,55.428001403808594,55.70050048828125,22092000,GOOGL
2019-02-28,55.79655838012695,56.32749938964844,56.699501037597656,55.920501708984375,55.95000076293945,27422000,GOOGL
2019-03-01,56.884708404541016,57.42599868774414,57.5,56.54999923706055,56.54999923706055,34086000,GOOGL
2019-03-04,57.12739944458008,57.67100143432617,58.2760009765625,56.912498474121094,57.72800064086914,35490000,GOOGL
2019-03-05,57.9084587097168,58.45949935913086,58.824501037597656,57.6510009765625,57.79999923706055,40094000,GOOGL
2019-03-06,57.69796371459961,58.24700164794922,58.73699951171875,58.15250015258789,58.5880012512207,23602000,GOOGL
2019-03-07,57.00010681152344,57.54249954223633,58.17900085449219,57.08549880981445,58.025001525878906,30086000,GOOGL
2019-03-08,56.95651626586914,57.49850082397461,57.67250061035156,56.5099983215332,56.69499969482422,23694000,GOOGL
2019-03-11,58.4072151184082,58.9630012512207,58.99549865722656,57.57849884033203,57.599998474121094,30032000,GOOGL
2019-03-12,59.29823684692383,59.86249923706055,60.285499572753906,59.1150016784668,59.1150016784668,42220000,GOOGL
2019-03-13,59.38787841796875,59.952999114990234,60.35599899291992,59.89550018310547,60.29650115966797,25888000,GOOGL
2019-03-14,59.06446075439453,59.62649917602539,60.23500061035156,59.561500549316406,59.95100021362305,27302000,GOOGL
2019-03-15,58.95401382446289,59.51499938964844,60.08599853515625,59.35049819946289,59.900001525878906,51886000,GOOGL
2019-03-18,58.86733627319336,59.4275016784668,59.747501373291016,59.07400131225586,59.484500885009766,24442000,GOOGL
2019-03-19,59.556278228759766,60.12300109863281,60.170501708984375,59.472999572753906,59.58599853515625,29788000,GOOGL
2019-03-20,60.74348449707031,61.32149887084961,61.4995002746582,59.97949981689453,60.06999969482422,41508000,GOOGL
2019-03-21,61.22391128540039,61.80649948120117,61.821998596191406,60.82899856567383,61.0,28150000,GOOGL
2019-03-22,59.81333541870117,60.38249969482422,61.68149948120117,60.29999923706055,61.442501068115234,34422000,GOOGL
2019-03-25,59.30466842651367,59.86899948120117,60.47200012207031,59.5,59.97800064086914,27576000,GOOGL
2019-03-26,58.93122100830078,59.492000579833984,60.38249969482422,59.0880012512207,60.259498596191406,30752000,GOOGL
2019-03-27,58.345306396484375,58.9005012512207,59.59600067138672,58.21149826049805,59.59600067138672,29428000,GOOGL
2019-03-28,58.061004638671875,58.61349868774414,58.86249923706055,58.17150115966797,58.775001525878906,22402000,GOOGL
2019-03-29,58.289833068847656,58.84450149536133,59.19850158691406,58.319000244140625,59.00899887084961,30890000,GOOGL
2019-04-01,59.3839225769043,59.94900131225586,60.0099983215332,59.31800079345703,59.37699890136719,27706000,GOOGL
2019-04-02,59.70882797241211,60.277000427246094,60.29050064086914,59.5620002746582,60.002498626708984,18288000,GOOGL
2019-04-03,59.969844818115234,60.54050064086914,61.029998779296875,60.25400161743164,60.6349983215332,22180000,GOOGL
2019-04-04,60.39777374267578,60.97249984741211,61.02750015258789,60.45199966430664,60.56449890136719,21022000,GOOGL
2019-04-05,60.00154113769531,60.5724983215332,61.019500732421875,60.50149917602539,60.96500015258789,20012000,GOOGL
2019-04-08,59.844539642333984,60.41400146484375,60.6974983215332,60.23500061035156,60.55550003051758,21750000,GOOGL
2019-04-09,59.56767654418945,60.134498596191406,60.35749816894531,59.91899871826172,60.09450149536133,19668000,GOOGL
2019-04-10,59.7538948059082,60.3224983215332,60.446998596191406,60.03300094604492,60.25450134277344,15510000,GOOGL
2019-04-11,59.90941619873047,60.47949981689453,60.637001037597656,60.22700119018555,60.44499969482422,16998000,GOOGL
2019-04-12,60.56022644042969,61.13650131225586,61.15250015258789,60.66450119018555,60.78099822998047,24312000,GOOGL
2019-04-15,60.74843978881836,61.326499938964844,61.46500015258789,60.72800064086914,61.204498291015625,23796000,GOOGL
2019-04-16,61.01490020751953,61.59550094604492,61.79899978637695,61.25199890136719,61.5,22622000,GOOGL
2019-04-17,61.42251968383789,62.00699996948242,62.255001068115234,61.64500045776367,61.849998474121094,30366000,GOOGL
2019-04-18,61.48839569091797,62.07350158691406,62.297000885009766,61.97050094604492,62.25,24750000,GOOGL
2019-04-22,62.097103118896484,62.6879997253418,62.71699905395508,61.66849899291992,61.833499908447266,19084000,GOOGL
2019-04-23,62.93067169189453,63.52949905395508,63.721500396728516,62.5984992980957,62.832000732421875,31868000,GOOGL
2019-04-24,62.40863800048828,63.002498626708984,63.70000076293945,62.990501403808594,63.52949905395508,23396000,GOOGL
2019-04-25,62.76970672607422,63.367000579833984,63.63999938964844,62.900001525878906,63.51499938964844,31344000,GOOGL
2019-04-26,63.26894760131836,63.87099838256836,63.945499420166016,63.25,63.66899871826172,27228000,GOOGL
2019-04-29,64.1990966796875,64.80999755859375,64.84850311279297,63.58549880981445,64.02549743652344,72368000,GOOGL
2019-04-30,59.38292694091797,59.948001861572266,60.04899978637695,59.150001525878906,59.53150177001953,133178000,GOOGL
2019-05-01,58.113014221191406,58.66600036621094,59.962501525878906,58.58399963378906,59.875,74340000,GOOGL
2019-05-02,57.77572250366211,58.32550048828125,58.96900177001953,57.916500091552734,58.630001068115234,45098000,GOOGL
2019-05-03,58.9168701171875,59.477500915527344,59.56999969482422,58.6775016784668,58.87049865722656,41588000,GOOGL
2019-05-06,59.11052322387695,59.67300033569336,59.77149963378906,58.55799865722656,58.599998474121094,31774000,GOOGL
2019-05-07,58.38740158081055,58.94300079345703,59.73849868774414,58.25,59.29050064086914,36604000,GOOGL
2019-05-08,57.98720932006836,58.53900146484375,59.2135009765625,58.381500244140625,58.864498138427734,25520000,GOOGL
2019-05-09,57.84803771972656,58.39849853515625,58.70349884033203,57.731998443603516,58.130001068115234,29556000,GOOGL
2019-05-10,57.831687927246094,58.38199996948242,58.81399917602539,57.31850051879883,58.44200134277344,31650000,GOOGL
2019-05-13,56.293827056884766,56.829498291015625,57.5984992980957,56.275001525878906,57.262001037597656,45626000,GOOGL
2019-05-14,55.712852478027344,56.24300003051758,57.243499755859375,56.17649841308594,57.11600112915039,40392000,GOOGL
2019-05-15,57.98820114135742,58.540000915527344,58.915000915527344,56.06999969482422,56.127498626708984,59302000,GOOGL
2019-05-16,58.66674041748047,59.224998474121094,59.70800018310547,58.42250061035156,58.59199905395508,35308000,GOOGL
2019-05-17,57.88814926147461,58.43899917602539,59.31449890136719,58.32099914550781,58.791500091552734,25362000,GOOGL
2019-05-20,56.693519592285156,57.233001708984375,57.650001525878906,56.90700149536133,57.650001525878906,30602000,GOOGL
2019-05-21,57.17790985107422,57.72200012207031,57.900001525878906,57.16550064086914,57.7239990234375,20562000,GOOGL
2019-05-22,57.247745513916016,57.79249954223633,58.18899917602539,57.54999923706055,57.5625,18826000,GOOGL
2019-05-23,56.72720718383789,57.266998291015625,57.502498626708984,56.65800094604492,57.30350112915039,25214000,GOOGL
2019-05-24,56.39387130737305,56.93050003051758,57.71799850463867,56.83549880981445,57.599998474121094,18554000,GOOGL
2019-05-28,56.44093322753906,56.97800064086914,57.824501037597656,56.93349838256836,57.07400131225586,20948000,GOOGL
2019-05-29,55.469181060791016,55.99700164794922,56.75,55.59749984741211,56.6349983215332,36230000,GOOGL
2019-05-30,55.5419807434082,56.070499420166016,56.34000015258789,55.79499816894531,56.00749969482422,18088000,GOOGL
2019-05-31,54.80350875854492,55.32500076293945,55.66999816894531,55.16749954223633,55.28200149536133,31582000,GOOGL
2019-06-03,51.44744110107422,51.9370002746582,53.349998474121094,51.35150146484375,53.346500396728516,96890000,GOOGL
2019-06-04,52.22751998901367,52.7244987487793,52.922000885009766,51.80149841308594,52.2244987487793,60512000,GOOGL
2019-06-05,51.73965835571289,52.231998443603516,52.84049987792969,51.650001525878906,52.75,46988000,GOOGL
2019-06-06,51.894195556640625,52.38800048828125,52.5,51.7755012512207,52.31050109863281,29020000,GOOGL
2019-06-07,52.91497802734375,53.41849899291992,53.67150115966797,52.557498931884766,52.7140007019043,43828000,GOOGL
2019-06-10,53.627689361572266,54.13800048828125,54.742000579833984,53.763999938964844,53.849998474121094,28510000,GOOGL
2019-06-11,53.542503356933594,54.051998138427734,55.20050048828125,53.97850036621094,54.8494987487793,33508000,GOOGL
2019-06-12,53.44642639160156,53.95500183105469,54.125999450683594,53.47999954223633,53.997501373291016,23670000,GOOGL
2019-06-13,54.03630828857422,54.550498962402344,54.829498291015625,54.128501892089844,54.23550033569336,20814000,GOOGL
2019-06-14,53.80302429199219,54.314998626708984,54.737998962402344,54.07400131225586,54.48699951171875,24582000,GOOGL
2019-06-17,54.178951263427734,54.69449996948242,55.06399917602539,54.400001525878906,54.45500183105469,19770000,GOOGL
2019-06-18,54.74109649658203,55.262001037597656,55.93899917602539,55.03950119018555,55.57500076293945,34526000,GOOGL
2019-06-19,54.70494842529297,55.22549819946289,55.471500396728516,54.80149841308594,55.36199951171875,26714000,GOOGL
2019-06-20,55.13534927368164,55.65999984741211,56.13600158691406,55.349998474121094,56.084999084472656,24018000,GOOGL
2019-06-21,55.73811340332031,56.26850128173828,56.32849884033203,55.486000061035156,55.49300003051758,50774000,GOOGL
2019-06-24,55.30870819091797,55.834999084472656,56.17850112915039,55.66550064086914,56.0,24236000,GOOGL
2019-06-25,53.866432189941406,54.37900161743164,55.78499984741211,54.22999954223633,55.75400161743164,31644000,GOOGL
2019-06-26,53.50684356689453,54.01599884033203,54.75600051879883,53.68450164794922,54.54999923706055,34698000,GOOGL
2019-06-27,53.324092864990234,53.83150100708008,54.42300033569336,53.79249954223633,54.337501525878906,24078000,GOOGL
2019-06-28,53.629676818847656,54.13999938964844,54.13999938964844,53.689998626708984,53.86149978637695,33672000,GOOGL
2019-07-01,54.4815673828125,55.0,55.429500579833984,54.76649856567383,55.051998138427734,29196000,GOOGL
2019-07-02,55.10563278198242,55.630001068115234,55.644500732421875,54.98350143432617,55.24150085449219,20630000,GOOGL
2019-07-03,55.620235443115234,56.14950180053711,56.39950180053711,55.74250030517578,55.92499923706055,20154000,GOOGL
2019-07-05,56.09967041015625,56.63349914550781,56.73249816894531,55.875,55.96849822998047,29794000,GOOGL
2019-07-08,55.31315994262695,55.839500427246094,56.36050033569336,55.5880012512207,56.29349899291992,29888000,GOOGL
2019-07-09,55.68461990356445,56.214500427246094,56.393001556396484,55.35749816894531,55.51599884033203,29472000,GOOGL
2019-07-10,56.507789611816406,57.045501708984375,57.117000579833984,56.53300094604492,56.61600112915039,30710000,GOOGL
2019-07-11,56.66478729248047,57.20399856567383,57.6619987487793,56.97650146484375,57.30799865722656,26004000,GOOGL
2019-07-12,56.72720718383789,57.266998291015625,57.375,56.928001403808594,57.14649963378906,21878000,GOOGL
2019-07-15,56.9832649230957,57.5255012512207,57.534000396728516,57.0,57.266998291015625,21164000,GOOGL
2019-07-16,57.12937545776367,57.67300033569336,57.92900085449219,57.33649826049805,57.33649826049805,25352000,GOOGL
2019-07-17,56.796546936035156,57.33700180053711,57.922000885009766,57.33100128173828,57.54600143432617,19538000,GOOGL
2019-07-18,56.821311950683594,57.36199951171875,57.40850067138672,56.643001556396484,57.099998474121094,25450000,GOOGL
2019-07-19,56.0442008972168,56.57749938964844,57.57899856567383,56.5625,57.465999603271484,23184000,GOOGL
2019-07-22,56.42359161376953,56.96049880981445,57.000999450683594,56.260501861572266,56.77349853515625,28914000,GOOGL
2019-07-23,56.861427307128906,57.40250015258789,57.44300079345703,56.64250183105469,57.17250061035156,20648000,GOOGL
2019-07-24,56.449344635009766,56.98649978637695,57.27299880981445,56.425498962402344,56.63100051879883,27192000,GOOGL
2019-07-25,56.26163101196289,56.797000885009766,57.179500579833984,56.18550109863281,56.9474983215332,54762000,GOOGL
2019-07-26,61.67413330078125,62.26100158691406,63.419498443603516,61.400001525878906,61.400001525878906,121216000,GOOGL
2019-07-29,61.50672149658203,62.09199905395508,62.449501037597656,61.5099983215332,62.125,41382000,GOOGL
2019-07-30,60.821250915527344,61.400001525878906,61.84550094604492,61.26599884033203,61.349998474121094,28616000,GOOGL
2019-07-31,60.33586120605469,60.90999984741211,61.74549865722656,60.409000396728516,61.243499755859375,39960000,GOOGL
2019-08-01,60.01789474487305,60.5890007019043,61.814998626708984,60.349998474121094,60.881500244140625,35426000,GOOGL
2019-08-02,59.25218200683594,59.816001892089844,60.474998474121094,59.5,60.150001525878906,34910000,GOOGL
2019-08-05,57.193267822265625,57.73749923706055,58.84400177001953,57.13750076293945,58.64849853515625,47840000,GOOGL
2019-08-06,58.002071380615234,58.55400085449219,59.06999969482422,58.076499938964844,58.2760009765625,36014000,GOOGL
2019-08-07,58.24129867553711,58.795501708984375,58.993499755859375,57.54199981689453,57.88999938964844,30686000,GOOGL
2019-08-08,59.74102783203125,60.30950164794922,60.31399917602539,58.70000076293945,59.32149887084961,30116000,GOOGL
2019-08-09,58.88467025756836,59.44499969482422,60.222999572753906,59.24449920654297,59.9995002746582,20418000,GOOGL
2019-08-12,58.17145919799805,58.724998474121094,59.28049850463867,58.43600082397461,59.0,22064000,GOOGL
2019-08-13,59.27248764038086,59.83649826049805,60.27149963378906,58.64950180053711,58.717498779296875,28434000,GOOGL
2019-08-14,57.663787841796875,58.212501525878906,59.13949966430664,58.05350112915039,58.80350112915039,35430000,GOOGL
2019-08-15,57.914894104003906,58.465999603271484,58.82099914550781,58.150001525878906,58.42150115966797,28506000,GOOGL
2019-08-16,58.40473937988281,58.96049880981445,59.19200134277344,58.650001525878906,59.03950119018555,24916000,GOOGL
2019-08-19,59.45622634887695,60.02199935913086,60.46950149536133,59.52000045776367,59.59149932861328,24450000,GOOGL
2019-08-20,58.61870193481445,59.17649841308594,59.900001525878906,59.15250015258789,59.76750183105469,20206000,GOOGL
2019-08-21,59.01741027832031,59.57899856567383,60.02799987792969,59.395999908447266,59.79100036621094,14152000,GOOGL
2019-08-22,59.01443862915039,59.57600021362305,59.93899917602539,58.945499420166016,59.689998626708984,17352000,GOOGL
2019-08-23,57.135318756103516,57.67900085449219,59.78350067138672,57.5,59.25849914550781,36254000,GOOGL
2019-08-26,58.00701904296875,58.558998107910156,58.59299850463867,57.74250030517578,57.97249984741211,21166000,GOOGL
2019-08-27,57.989192962646484,58.54100036621094,59.25,58.22800064086914,59.150001525878906,23460000,GOOGL
2019-08-28,58.13431167602539,58.6875,58.92499923706055,58.01250076293945,58.243499755859375,16810000,GOOGL
2019-08-29,59.14915466308594,59.71200180053711,59.95949935913086,59.263999938964844,59.32099914550781,19636000,GOOGL
2019-08-30,58.96540451049805,59.5265007019043,60.01750183105469,59.2859992980957,60.01750183105469,18064000,GOOGL
2019-09-03,57.926292419433594,58.477500915527344,59.45399856567383,58.18550109863281,59.092498779296875,25908000,GOOGL
2019-09-04,58.55629348754883,59.11349868774414,59.24399948120117,58.576499938964844,58.97249984741211,21312000,GOOGL
2019-09-05,60.03820037841797,60.609500885009766,60.70000076293945,59.634498596191406,59.68299865722656,26394000,GOOGL
2019-09-06,59.747459411621094,60.316001892089844,60.647499084472656,60.16299819946289,60.457000732421875,18972000,GOOGL
2019-09-09,59.69545364379883,60.26350021362305,61.02750015258789,59.65850067138672,60.354000091552734,31854000,GOOGL
2019-09-10,59.716758728027344,60.28499984741211,60.5,59.800498962402344,59.804500579833984,27922000,GOOGL
2019-09-11,60.42500686645508,61.0,61.12350082397461,60.11399841308594,60.19449996948242,23522000,GOOGL
2019-09-12,61.16645431518555,61.74850082397461,62.12099838256836,61.12799835205078,61.173500061035156,31644000,GOOGL
2019-09-13,61.41707229614258,62.00149917602539,62.0525016784668,61.354000091552734,61.605499267578125,23676000,GOOGL
2019-09-16,61.00102233886719,61.58150100708008,61.95100021362305,61.259498596191406,61.52199935913086,28218000,GOOGL
2019-09-17,60.91435623168945,61.49399948120117,61.75,61.16749954223633,61.58150100708008,20806000,GOOGL
2019-09-18,61.051551818847656,61.63249969482422,61.8120002746582,60.82350158691406,61.512001037597656,17440000,GOOGL
2019-09-19,61.353675842285156,61.9375,62.21699905395508,61.615501403808594,61.61600112915039,16554000,GOOGL
2019-09-20,60.912376403808594,61.492000579833984,62.13999938964844,61.17900085449219,61.68199920654297,37692000,GOOGL
2019-09-23,61.152591705322266,61.734500885009766,61.98400115966797,61.18899917602539,61.32849884033203,20798000,GOOGL
2019-09-24,60.34230041503906,60.916500091552734,62.355499267578125,60.53200149536133,62.0,35804000,GOOGL
2019-09-25,61.70978546142578,62.297000885009766,62.4010009765625,60.459999084472656,60.800498962402344,26798000,GOOGL
2019-09-26,61.52900695800781,62.114498138427734,62.23350143432617,61.590999603271484,62.106998443603516,23166000,GOOGL
2019-09-27,60.71971130371094,61.29750061035156,62.2495002746582,60.7599983215332,62.14149856567383,34122000,GOOGL
2019-09-30,60.48147201538086,61.05699920654297,61.37049865722656,60.67100143432617,61.029998779296875,24470000,GOOGL
2019-10-01,59.73160934448242,60.29999923706055,61.643001556396484,60.27750015258789,61.1245002746582,24504000,GOOGL
2019-10-02,58.340850830078125,58.895999908447266,59.9379997253418,58.631500244140625,59.82500076293945,33030000,GOOGL
2019-10-03,58.910926818847656,59.471500396728516,59.54999923706055,58.15700149536133,59.16699981689453,28368000,GOOGL
2019-10-04,59.97727584838867,60.54800033569336,60.62300109863281,59.548500061035156,59.714500427246094,24282000,GOOGL
2019-10-07,59.843048095703125,60.412498474121094,60.945499420166016,60.21799850463867,60.349998474121094,17040000,GOOGL
2019-10-08,58.945594787597656,59.506500244140625,60.34349822998047,59.4739990234375,59.938499450683594,20086000,GOOGL
2019-10-09,59.553306579589844,60.119998931884766,60.42300033569336,59.90599822998047,60.06650161743164,15948000,GOOGL
2019-10-10,59.903472900390625,60.4734992980957,60.78099822998047,59.893001556396484,59.93000030517578,12842000,GOOGL
2019-10-11,60.21253967285156,60.785499572753906,61.4375,60.68199920654297,61.201499938964844,22330000,GOOGL
2019-10-14,60.31456756591797,60.88850021362305,61.29399871826172,60.59400177001953,60.69449996948242,13296000,GOOGL
2019-10-15,61.526527404785156,62.11199951171875,62.35649871826172,61.04600143432617,61.07500076293945,27584000,GOOGL
2019-10-16,61.56417465209961,62.150001525878906,62.70949935913086,61.92649841308594,62.09049987792969,22986000,GOOGL
2019-10-17,62.049556732177734,62.63999938964844,63.1875,62.493499755859375,62.56999969482422,20958000,GOOGL
2019-10-18,61.634010314941406,62.22050094604492,62.90549850463867,62.00699996948242,62.734500885009766,31624000,GOOGL
2019-10-21,61.62757110595703,62.2140007019043,62.675498962402344,61.9995002746582,62.435001373291016,18094000,GOOGL
2019-10-22,61.47502899169922,62.060001373291016,62.436500549316406,61.99250030517578,62.2239990234375,22862000,GOOGL
2019-10-23,62.28877639770508,62.881500244140625,62.902000427246094,62.010501861572266,62.010501861572266,21282000,GOOGL
2019-10-24,62.362083435058594,62.955501556396484,63.14500045776367,62.61750030517578,62.955501556396484,20224000,GOOGL
2019-10-25,62.619136810302734,63.21500015258789,63.400001525878906,62.45750045776367,62.599998474121094,27104000,GOOGL
2019-10-28,63.84150695800781,64.4489974975586,64.96199798583984,63.615501403808594,63.75,65428000,GOOGL
2019-10-29,62.43885040283203,63.03300094604492,64.04000091552734,62.78049850463867,63.79999923706055,52654000,GOOGL
2019-10-30,62.440834045410156,63.03499984741211,63.4010009765625,62.532501220703125,62.75749969482422,29204000,GOOGL
2019-10-31,62.34672546386719,62.939998626708984,63.32600021362305,62.4739990234375,63.0,31904000,GOOGL
2019-11-01,63.01288986206055,63.61249923706055,63.650001525878906,62.98550033569336,63.290000915527344,28812000,GOOGL
2019-11-04,63.872703552246094,64.48049926757812,64.625,63.80550003051758,63.80550003051758,30632000,GOOGL
2019-11-05,63.963348388671875,64.5719985961914,64.86199951171875,64.46900177001953,64.55999755859375,25148000,GOOGL
2019-11-06,63.94205093383789,64.55049896240234,64.64949798583984,64.1135025024414,64.50450134277344,24626000,GOOGL
2019-11-07,64.73104858398438,65.34700012207031,66.13249969482422,64.6875,64.71399688720703,45140000,GOOGL
2019-11-08,64.83305358886719,65.44999694824219,65.85549926757812,65.07599639892578,65.07599639892578,30392000,GOOGL
2019-11-11,64.30211639404297,64.91400146484375,65.24500274658203,64.79350280761719,65.19999694824219,17234000,GOOGL
2019-11-12,64.24911499023438,64.8604965209961,65.46749877929688,64.71199798583984,64.92849731445312,28852000,GOOGL
2019-11-13,64.1980972290039,64.80899810791016,65.1259994506836,64.60749816894531,64.65899658203125,20538000,GOOGL
2019-11-14,64.8404769897461,65.4574966430664,65.78600311279297,64.6969985961914,64.75,28948000,GOOGL
2019-11-15,66.04850006103516,66.677001953125,66.677001953125,65.59449768066406,65.75250244140625,39286000,GOOGL
2019-11-18,65.36995697021484,65.99199676513672,66.69599914550781,65.80799865722656,66.61699676513672,27984000,GOOGL
2019-11-19,65.01087951660156,65.62950134277344,66.33149719238281,65.5885009765625,66.33149719238281,21864000,GOOGL
2019-11-20,64.47944641113281,65.09300231933594,65.6604995727539,64.46050262451172,65.56800079345703,28892000,GOOGL
2019-11-21,64.3942642211914,65.00700378417969,65.55599975585938,64.5374984741211,64.9625015258789,25546000,GOOGL
2019-11-22,64.07379913330078,64.68350219726562,65.34500122070312,64.46800231933594,65.1500015258789,27776000,GOOGL
2019-11-25,64.66664123535156,65.28199768066406,65.52050018310547,64.78050231933594,64.81300354003906,23590000,GOOGL
2019-11-26,65.03118133544922,65.6500015258789,65.70050048828125,65.2020034790039,65.49549865722656,21910000,GOOGL
2019-11-27,64.98810577392578,65.60649871826172,65.88200378417969,65.47350311279297,65.77100372314453,18808000,GOOGL
2019-11-29,64.58988189697266,65.20449829101562,65.49749755859375,65.1614990234375,65.33000183105469,12802000,GOOGL
2019-12-02,63.8355712890625,64.44300079345703,65.27200317382812,64.01899719238281,65.12799835205078,26538000,GOOGL
2019-12-03,64.12679290771484,64.73699951171875,64.86150360107422,63.852500915527344,63.93299865722656,25270000,GOOGL
2019-12-04,65.32537841796875,65.9469985961914,66.2135009765625,65.15249633789062,65.30500030517578,35506000,GOOGL
2019-12-05,65.72261810302734,66.3479995727539,66.39900207519531,65.71600341796875,66.3499984741211,24408000,GOOGL
2019-12-06,66.33824920654297,66.96949768066406,67.12349700927734,66.5615005493164,66.63749694824219,32968000,GOOGL
2019-12-09,66.51654052734375,67.14949798583984,67.87750244140625,66.80349731445312,66.94300079345703,30842000,GOOGL
2019-12-10,66.51158905029297,67.14450073242188,67.4000015258789,66.69999694824219,66.99700164794922,17606000,GOOGL
2019-12-11,66.5789566040039,67.2125015258789,67.49449920654297,67.05500030517578,67.41500091552734,20480000,GOOGL
2019-12-12,66.78895568847656,67.42449951171875,67.72899627685547,66.91000366210938,67.1604995727539,29114000,GOOGL
2019-12-13,66.7087173461914,67.34349822998047,67.56749725341797,67.08300018310547,67.3949966430664,33170000,GOOGL
2019-12-16,67.3936996459961,68.03500366210938,68.17649841308594,67.53050231933594,67.75,28128000,GOOGL
2019-12-17,67.10594177246094,67.74449920654297,68.21649932861328,67.53849792480469,68.12049865722656,32948000,GOOGL
2019-12-18,66.9583511352539,67.59549713134766,67.97149658203125,67.52300262451172,67.8499984741211,23330000,GOOGL
2019-12-19,67.18270111083984,67.8219985961914,67.87650299072266,67.4375,67.59549713134766,28922000,GOOGL
2019-12-20,66.9241714477539,67.56099700927734,68.19999694824219,67.5364990234375,68.15499877929688,50090000,GOOGL
2019-12-23,66.89495086669922,67.53150177001953,68.09249877929688,67.4000015258789,67.9365005493164,19936000,GOOGL
2019-12-24,66.58786010742188,67.22149658203125,67.60050201416016,67.20850372314453,67.510498046875,13468000,GOOGL
2019-12-26,67.48137664794922,68.12349700927734,68.16000366210938,67.27549743652344,67.32749938964844,23662000,GOOGL
2019-12-27,67.09355163574219,67.73200225830078,68.35250091552734,67.6500015258789,68.19999694824219,23212000,GOOGL
2019-12-30,66.35408782958984,66.9854965209961,67.8499984741211,66.89199829101562,67.84049987792969,19994000,GOOGL
2019-12-31,66.33824920654297,66.96949768066406,67.03299713134766,66.60649871826172,66.78949737548828,19514000,GOOGL
2020-01-02,67.78894805908203,68.43399810791016,68.43399810791016,67.32450103759766,67.42050170898438,27278000,GOOGL
2020-01-03,67.43431091308594,68.07599639892578,68.6875,67.36599731445312,67.4000015258789,23408000,GOOGL
2020-01-06,69.23171997070312,69.8905029296875,69.91600036621094,67.55000305175781,67.58149719238281,46768000,GOOGL
2020-01-07,69.09798431396484,69.75550079345703,70.17500305175781,69.5780029296875,70.02300262451172,34330000,GOOGL
2020-01-08,69.58980560302734,70.25199890136719,70.59249877929688,69.63150024414062,69.74099731445312,35314000,GOOGL
2020-01-09,70.32035827636719,70.989501953125,71.43399810791016,70.510498046875,71.09649658203125,33200000,GOOGL
2020-01-10,70.7745132446289,71.447998046875,71.74700164794922,70.9800033569336,71.47350311279297,26258000,GOOGL
2020-01-13,71.32283020019531,72.00150299072266,72.0739974975586,71.26850128173828,71.76249694824219,30730000,GOOGL
2020-01-14,70.85525512695312,71.52950286865234,72.13150024414062,71.38849639892578,72.0,26076000,GOOGL
2020-01-15,71.2817153930664,71.95999908447266,72.03900146484375,71.58300018310547,71.6510009765625,21550000,GOOGL
2020-01-16,71.82454681396484,72.50800323486328,72.53500366210938,72.0,72.27249908447266,26080000,GOOGL
2020-01-17,73.27870178222656,73.97599792480469,74.02749633789062,72.82749938964844,73.12699890136719,52424000,GOOGL
2020-01-21,73.4139175415039,74.11250305175781,74.49400329589844,73.510498046875,73.94999694824219,48930000,GOOGL
2020-01-22,73.49414825439453,74.19349670410156,75.02899932861328,74.13300323486328,74.48650360107422,28458000,GOOGL
2020-01-23,73.53475952148438,74.2344970703125,74.67500305175781,74.01599884033203,74.37750244140625,26650000,GOOGL
2020-01-24,72.61749267578125,73.30850219726562,74.70999908447266,73.15899658203125,74.64099884033203,29786000,GOOGL
2020-01-27,70.91172790527344,71.58650207519531,71.8290023803711,70.9749984741211,71.5770034790039,34132000,GOOGL
2020-01-28,71.84137725830078,72.5250015258789,72.73999786376953,71.51799774169922,72.08699798583984,29724000,GOOGL
2020-01-29,72.1484603881836,72.83499908447266,73.20700073242188,72.26950073242188,72.9229965209961,21566000,GOOGL
2020-01-30,72.02710723876953,72.7125015258789,72.76249694824219,71.75,71.90499877929688,27110000,GOOGL
2020-01-31,70.96372985839844,71.63899993896484,73.4834976196289,71.35299682617188,73.39299774169922,43822000,GOOGL
2020-02-03,73.4312515258789,74.12999725341797,74.31500244140625,72.83049774169922,73.0824966430664,71636000,GOOGL
2020-02-04,71.58927154541016,72.27050018310547,73.36699676513672,71.10150146484375,72.72450256347656,95880000,GOOGL
2020-02-05,71.62097930908203,72.30249786376953,73.22899627685547,71.48400115966797,73.18049621582031,36376000,GOOGL
2020-02-06,73.10286712646484,73.79850006103516,74.0780029296875,72.52400207519531,72.5989990234375,37822000,GOOGL
2020-02-07,73.25839233398438,73.95549774169922,74.26249694824219,73.27050018310547,73.36949920654297,28360000,GOOGL
2020-02-10,74.72197723388672,75.43299865722656,75.44400024414062,73.76000213623047,73.86150360107422,38302000,GOOGL
2020-02-11,74.79130554199219,75.50299835205078,76.49400329589844,75.27249908447266,75.66349792480469,34852000,GOOGL
2020-02-12,75.21577453613281,75.93150329589844,76.01499938964844,75.43350219726562,75.79299926757812,31042000,GOOGL
2020-02-13,74.95623779296875,75.66950225830078,76.29750061035156,75.19999694824219,75.5,22914000,GOOGL
2020-02-14,75.2207260131836,75.9365005493164,76.00250244140625,75.27749633789062,75.72650146484375,23198000,GOOGL
2020-02-18,75.25588989257812,75.97200012207031,76.52799987792969,75.55049896240234,75.71700286865234,25642000,GOOGL
2020-02-19,75.52483367919922,76.24349975585938,76.53700256347656,76.04900360107422,76.36000061035156,22746000,GOOGL
2020-02-20,75.13453674316406,75.84950256347656,76.35350036621094,75.21299743652344,75.95050048828125,25962000,GOOGL
2020-02-21,73.47384643554688,74.1729965209961,75.54750061035156,73.92449951171875,75.22899627685547,42520000,GOOGL
2020-02-24,70.32380676269531,70.99299621582031,71.81900024414062,70.3395004272461,71.15249633789062,49560000,GOOGL
2020-02-25,68.66263580322266,69.31600189208984,71.84249877929688,69.02100372314453,71.55000305175781,51580000,GOOGL
2020-02-26,68.86817932128906,69.52349853515625,70.68350219726562,68.82749938964844,69.7490005493164,49776000,GOOGL
2020-02-27,65.12777709960938,65.74749755859375,68.47000122070312,65.71199798583984,67.95700073242188,62290000,GOOGL
2020-02-28,66.33131408691406,66.9625015258789,67.12249755859375,63.410499572753906,63.71549987792969,80198000,GOOGL
2020-03-02,68.66263580322266,69.31600189208984,69.37349700927734,66.26000213623047,67.56950378417969,55430000,GOOGL
2020-03-03,66.25553131103516,66.88600158691406,70.40950012207031,66.46199798583984,69.88400268554688,56602000,GOOGL
2020-03-04,68.42884826660156,69.08000183105469,69.13899993896484,66.8499984741211,67.947998046875,47598000,GOOGL
2020-03-05,65.11835479736328,65.73799896240234,67.68150329589844,65.08200073242188,67.27749633789062,54380000,GOOGL
2020-03-06,64.17631530761719,64.78700256347656,65.13749694824219,62.86050033569336,63.497501373291016,64640000,GOOGL
2020-03-09,60.21649932861328,60.78950119018555,62.63650131225586,59.902000427246094,60.24800109863281,69252000,GOOGL
2020-03-10,63.15751266479492,63.75849914550781,63.79249954223633,60.72549819946289,62.71950149536133,54872000,GOOGL
2020-03-11,59.974308013916016,60.54499816894531,62.846500396728516,59.55699920654297,62.41350173950195,54732000,GOOGL
2020-03-12,55.05363082885742,55.57749938964844,59.4375,55.423500061035156,56.13100051879883,94326000,GOOGL
2020-03-13,60.14121627807617,60.7135009765625,60.720001220703125,55.614498138427734,58.7495002746582,79400000,GOOGL
2020-03-16,53.14429473876953,53.650001525878906,57.27349853515625,53.354000091552734,54.480499267578125,96520000,GOOGL
2020-03-17,55.37605667114258,55.90299987792969,56.29999923706055,52.45500183105469,54.53200149536133,83194000,GOOGL
2020-03-18,54.045223236083984,54.55950164794922,55.2495002746582,51.849998474121094,52.99700164794922,93044000,GOOGL
2020-03-19,55.0595703125,55.583499908447266,57.63050079345703,52.77750015258789,54.4109992980957,74064000,GOOGL
2020-03-20,52.90705108642578,53.410499572753906,56.92399978637695,53.10499954223633,56.54499816894531,82878000,GOOGL
2020-03-23,52.209693908691406,52.70650100708008,53.34550094604492,50.44350051879883,52.81850051879883,83672000,GOOGL
2020-03-24,55.967926025390625,56.5004997253418,56.666500091552734,54.32149887084961,55.19900131225586,72468000,GOOGL
2020-03-25,54.56180191040039,55.08100128173828,57.30849838256836,54.1505012512207,56.229000091552734,90324000,GOOGL
2020-03-26,57.59791564941406,58.145999908447266,58.57400131225586,54.60150146484375,55.736000061035156,76562000,GOOGL
2020-03-27,54.98973846435547,55.51300048828125,57.5525016784668,55.20000076293945,56.37350082397461,62794000,GOOGL
2020-03-30,56.775245666503906,57.31549835205078,57.54999923706055,54.92449951171875,56.63199996948242,58736000,GOOGL
2020-03-31,57.54987335205078,58.09749984741211,58.66999816894531,56.83599853515625,57.436500549316406,65228000,GOOGL
2020-04-01,54.58557891845703,55.10499954223633,56.47100067138672,54.67449951171875,56.20000076293945,51970000,GOOGL
2020-04-02,55.32504653930664,55.85150146484375,56.13850021362305,54.65650177001953,55.0,56410000,GOOGL
2020-04-03,54.1200065612793,54.6349983215332,55.93949890136719,53.75400161743164,55.73550033569336,51374000,GOOGL
2020-04-06,58.601863861083984,59.15950012207031,59.537498474121094,56.25,56.650001525878906,63320000,GOOGL
2020-04-07,58.57065200805664,59.12799835205078,61.03900146484375,58.86249923706055,60.85049819946289,61620000,GOOGL
2020-04-08,59.7811393737793,60.349998474121094,60.744998931884766,59.1974983215332,60.154998779296875,40334000,GOOGL
2020-04-09,59.75984573364258,60.32849884033203,61.0994987487793,59.62099838256836,60.909000396728516,54028000,GOOGL
2020-04-13,59.95003128051758,60.52050018310547,60.72600173950195,59.11650085449219,60.07500076293945,38702000,GOOGL
2020-04-14,62.665199279785156,63.26150131225586,63.787498474121094,61.426998138427734,61.99850082397461,63358000,GOOGL
2020-04-15,62.27244186401367,62.8650016784668,63.75550079345703,61.70000076293945,62.32550048828125,42236000,GOOGL
2020-04-16,62.27887725830078,62.871498107910156,63.667999267578125,61.90999984741211,63.356998443603516,57896000,GOOGL
2020-04-17,63.34721374511719,63.95000076293945,64.5,63.29999923706055,64.08499908447266,51050000,GOOGL
2020-04-20,62.463111877441406,63.057498931884766,63.840999603271484,62.821998596191406,63.49449920654297,35292000,GOOGL
2020-04-21,60.036712646484375,60.608001708984375,62.5,60.25,62.135501861572266,49648000,GOOGL
2020-04-22,62.32741165161133,62.920501708984375,63.99399948120117,61.86000061035156,62.05550003051758,46296000,GOOGL
2020-04-23,62.959388732910156,63.55849838256836,64.40750122070312,63.0265007019043,63.2869987487793,34202000,GOOGL
2020-04-24,63.22834014892578,63.83000183105469,63.885501861572266,62.20000076293945,62.75,37402000,GOOGL
2020-04-27,62.94404602050781,63.542999267578125,64.70500183105469,63.25299835205078,64.5999984741211,44186000,GOOGL
2020-04-28,61.048583984375,61.62950134277344,64.23799896240234,61.51900100708008,64.16000366210938,80700000,GOOGL
2020-04-29,66.47643280029297,67.10900115966797,68.00749969482422,66.33650207519531,67.25,108358000,GOOGL
2020-04-30,66.7003173828125,67.33499908447266,67.5,66.07499694824219,66.56800079345703,55842000,GOOGL
2020-05-01,65.24514770507812,65.86599731445312,67.57150268554688,65.48300170898438,66.20449829101562,48872000,GOOGL
2020-05-04,65.5215072631836,66.1449966430664,66.22350311279297,64.80049896240234,65.40650177001953,30806000,GOOGL
2020-05-05,66.81519317626953,67.45099639892578,68.55049896240234,66.75150299072266,66.875,39666000,GOOGL
2020-05-06,66.63740539550781,67.27149963378906,68.43450164794922,67.25650024414062,67.9000015258789,31732000,GOOGL
2020-05-07,67.81864929199219,68.46399688720703,68.80000305175781,67.62699890136719,68.06549835205078,30652000,GOOGL
2020-05-08,68.56455993652344,69.21700286865234,69.83200073242188,68.60050201416016,69.09100341796875,33326000,GOOGL
2020-05-11,69.51798248291016,70.17949676513672,70.77649688720703,68.7750015258789,68.8395004272461,32718000,GOOGL
2020-05-12,68.11088562011719,68.75900268554688,70.71649932861328,68.72550201416016,70.41100311279297,33918000,GOOGL
2020-05-13,66.78103637695312,67.41649627685547,69.2665023803711,66.40049743652344,68.80799865722656,40368000,GOOGL
2020-05-14,67.2035140991211,67.84300231933594,67.86849975585938,66.16500091552734,66.6760025024414,36660000,GOOGL
2020-05-15,68.00587463378906,68.65299987792969,68.72899627685547,66.94999694824219,67.41300201416016,41544000,GOOGL
2020-05-18,68.60616302490234,69.25900268554688,69.63800048828125,67.70999908447266,68.0790023803711,47094000,GOOGL
2020-05-19,68.0722427368164,68.72000122070312,69.62449645996094,68.68800354003906,69.27400207519531,31586000,GOOGL
2020-05-20,69.79386138916016,70.45800018310547,70.60150146484375,69.37100219726562,69.45800018310547,38262000,GOOGL
2020-05-21,69.67450714111328,70.3375015258789,70.822998046875,69.71949768066406,70.54949951171875,30894000,GOOGL
2020-05-22,69.99595642089844,70.66200256347656,70.8499984741211,69.79750061035156,70.19499969482422,28544000,GOOGL
2020-05-26,70.39859008789062,71.06849670410156,72.25550079345703,70.97000122070312,72.0979995727539,44590000,GOOGL
2020-05-27,70.3446273803711,71.01399993896484,71.26750183105469,69.7300033569336,71.0,31684000,GOOGL
2020-05-28,70.24359130859375,70.91200256347656,72.2229995727539,69.9540023803711,70.0,35170000,GOOGL
2020-05-29,71.00038146972656,71.6760025024414,71.83650207519531,70.79900360107422,71.02149963378906,37044000,GOOGL
2020-06-01,71.06725311279297,71.74349975585938,72.0790023803711,71.11399841308594,71.28500366210938,25162000,GOOGL
2020-06-02,71.43574523925781,72.1155014038086,72.1500015258789,71.08049774169922,71.75,23442000,GOOGL
2020-06-03,71.28416442871094,71.9625015258789,72.45050048828125,71.58100128173828,72.13500213623047,27732000,GOOGL
2020-06-04,70.04843139648438,70.71499633789062,72.06600189208984,70.30049896240234,71.83899688720703,26982000,GOOGL
2020-06-05,71.32232666015625,72.0009994506836,72.31500244140625,70.38099670410156,70.78199768066406,42642000,GOOGL
2020-06-08,71.71954345703125,72.4020004272461,72.44999694824219,71.2239990234375,71.31400299072266,33878000,GOOGL
2020-06-09,71.91963195800781,72.60399627685547,73.38999938964844,72.11799621582031,72.26200103759766,33624000,GOOGL
2020-06-10,72.544677734375,73.23500061035156,73.63849639892578,72.71800231933594,73.07550048828125,31762000,GOOGL
2020-06-11,69.43428802490234,70.09500122070312,72.58000183105469,69.92050170898438,72.05149841308594,47144000,GOOGL
2020-06-12,69.98008728027344,70.64600372314453,71.72550201416016,69.29000091552734,71.29299926757812,36676000,GOOGL
2020-06-15,70.3674087524414,71.03700256347656,71.25,69.36000061035156,69.47450256347656,30468000,GOOGL
2020-06-16,71.64177703857422,72.32350158691406,72.8584976196289,71.44950103759766,72.44999694824219,30648000,GOOGL
2020-06-17,71.94242095947266,72.62699890136719,73.11000061035156,71.75650024414062,72.64700317382812,30610000,GOOGL
2020-06-18,71.03011322021484,71.70600128173828,72.64849853515625,71.31199645996094,72.49250030517578,34862000,GOOGL
2020-06-19,70.56057739257812,71.23200225830078,72.2249984741211,70.94999694824219,72.0,52784000,GOOGL
2020-06-22,71.84930419921875,72.53299713134766,72.54750061035156,70.95950317382812,71.25050354003906,29442000,GOOGL
2020-06-23,72.50902557373047,73.1989974975586,73.76000213623047,72.25,72.5999984741211,37752000,GOOGL
2020-06-24,70.95976257324219,71.63500213623047,73.78949737548828,71.5,73.16400146484375,31592000,GOOGL
2020-06-25,71.37581634521484,72.05500030517578,72.11599731445312,70.97699737548828,71.56099700927734,23958000,GOOGL
2020-06-26,67.48482513427734,68.12699890136719,71.85099792480469,67.75,71.63150024414062,97640000,GOOGL
2020-06-29,69.20000457763672,69.8584976196289,69.9000015258789,67.5824966430664,68.01699829101562,45074000,GOOGL
2020-06-30,70.23417663574219,70.90249633789062,71.19999694824219,69.34649658203125,69.84400177001953,40286000,GOOGL
2020-07-01,71.4203872680664,72.0999984741211,72.42400360107422,70.70899963378906,70.95850372314453,42182000,GOOGL
2020-07-02,72.80371856689453,73.49649810791016,74.4260025024414,72.55349731445312,72.59200286865234,57218000,GOOGL
2020-07-06,74.27570343017578,74.98249816894531,75.5,73.8489990234375,74.40750122070312,44712000,GOOGL
2020-07-07,73.79380798339844,74.49600219726562,76.06600189208984,74.48500061035156,74.80650329589844,42364000,GOOGL
2020-07-08,74.47135925292969,75.18000030517578,75.55850219726562,74.61499786376953,75.04000091552734,31766000,GOOGL
2020-07-09,75.2172622680664,75.93299865722656,76.45700073242188,74.77950286865234,75.49649810791016,41836000,GOOGL
2020-07-10,76.22516632080078,76.95050048828125,77.06700134277344,75.03600311279297,75.6624984741211,35918000,GOOGL
2020-07-13,74.8987808227539,75.61150360107422,78.81800079345703,75.3280029296875,77.49700164794922,42954000,GOOGL
2020-07-14,75.32623291015625,76.04299926757812,76.13999938964844,74.29650115966797,74.6395034790039,38108000,GOOGL
2020-07-15,75.12909698486328,75.84400177001953,76.81649780273438,74.8915023803711,76.1614990234375,31026000,GOOGL
2020-07-16,75.03202056884766,75.74600219726562,75.79550170898438,74.41349792480469,75.07499694824219,26484000,GOOGL
2020-07-17,75.12760925292969,75.84249877929688,76.17150115966797,74.90499877929688,75.84549713134766,34264000,GOOGL
2020-07-20,77.4549560546875,78.19200134277344,78.45050048828125,75.13500213623047,75.75,30166000,GOOGL
2020-07-21,77.06269836425781,77.7959976196289,79.35250091552734,77.63099670410156,79.25150299072266,27486000,GOOGL
2020-07-22,77.5049819946289,78.24250030517578,78.3489990234375,77.1614990234375,77.7854995727539,24482000,GOOGL
2020-07-23,75.12265014648438,75.8375015258789,78.51750183105469,75.42949676513672,78.29650115966797,33910000,GOOGL
2020-07-24,74.69967651367188,75.4104995727539,75.77149963378906,74.37950134277344,74.95950317382812,29902000,GOOGL
2020-07-27,75.75067138671875,76.47149658203125,76.87799835205078,75.61650085449219,75.66300201416016,27124000,GOOGL
2020-07-28,74.47383880615234,75.18250274658203,76.30049896240234,75.0260009765625,76.25,30910000,GOOGL
2020-07-29,75.45747375488281,76.17549896240234,76.66649627685547,75.15049743652344,75.25,22676000,GOOGL
2020-07-30,76.19346618652344,76.91850280761719,77.04450225830078,74.75849914550781,74.89849853515625,36042000,GOOGL
2020-07-31,73.69623565673828,74.39749908447266,75.2509994506836,72.69999694824219,74.85250091552734,91468000,GOOGL
2020-08-03,73.43917846679688,74.13800048828125,74.8864974975586,73.58599853515625,74.55000305175781,45482000,GOOGL
2020-08-04,72.97062683105469,73.66500091552734,74.65550231933594,73.20149993896484,74.33550262451172,37212000,GOOGL
2020-08-05,73.25739288330078,73.95449829101562,74.5,73.56099700927734,73.84100341796875,29134000,GOOGL
2020-08-06,74.5382080078125,75.24749755859375,75.3134994506836,73.59500122070312,73.80750274658203,33306000,GOOGL
2020-08-07,74.21232604980469,74.91850280761719,76.00450134277344,74.3134994506836,75.4520034790039,27718000,GOOGL
2020-08-10,74.13555145263672,74.84100341796875,75.35749816894531,73.87449645996094,74.54000091552734,20546000,GOOGL
2020-08-11,73.32923126220703,74.0270004272461,75.52200317382812,73.90950012207031,74.69999694824219,31098000,GOOGL
2020-08-12,74.65164947509766,75.36199951171875,75.58350372314453,74.25,74.35600280761719,22512000,GOOGL
2020-08-13,75.1176986694336,75.8324966430664,76.84850311279297,75.4104995727539,75.4104995727539,22388000,GOOGL
2020-08-14,74.52236938476562,75.23149871826172,75.989501953125,74.94999694824219,75.68049621582031,21942000,GOOGL
2020-08-17,75.0973892211914,75.81199645996094,76.18900299072266,75.25,75.79850006103516,19990000,GOOGL
2020-08-18,77.05575561523438,77.78900146484375,77.86849975585938,76.08350372314453,76.30599975585938,28378000,GOOGL
2020-08-19,76.50253295898438,77.23049926757812,78.44300079345703,77.0,77.62449645996094,30472000,GOOGL
2020-08-20,78.06961822509766,78.8125,79.00849914550781,76.7229995727539,76.99849700927734,26382000,GOOGL
2020-08-21,78.03593444824219,78.77850341796875,79.59400177001953,78.1155014038086,78.58999633789062,34838000,GOOGL
2020-08-24,78.51042175292969,79.25749969482422,80.43900299072266,78.75199890136719,79.62349700927734,25638000,GOOGL
2020-08-25,79.53565979003906,80.2925033569336,80.44400024414062,78.89399719238281,79.00499725341797,25150000,GOOGL
2020-08-26,81.43161010742188,82.20649719238281,82.6395034790039,80.04900360107422,80.31500244140625,52188000,GOOGL
2020-08-27,80.6584701538086,81.4260025024414,82.39949798583984,80.94049835205078,82.33049774169922,31350000,GOOGL
2020-08-28,81.19883728027344,81.97149658203125,82.06749725341797,81.28050231933594,81.47350311279297,22418000,GOOGL
2020-08-31,80.70850372314453,81.47650146484375,82.2249984741211,81.2665023803711,82.17849731445312,26422000,GOOGL
2020-09-01,81.97395324707031,82.75399780273438,82.96099853515625,81.47650146484375,81.60800170898438,22652000,GOOGL
2020-09-02,85.06009674072266,85.86949920654297,86.30500030517578,83.0094985961914,83.40049743652344,49522000,GOOGL
2020-09-03,80.70751190185547,81.47550201416016,85.0,80.385498046875,84.97599792480469,63726000,GOOGL
2020-09-04,78.31527709960938,79.06050109863281,81.74949645996094,76.89849853515625,80.44999694824219,55850000,GOOGL
2020-09-08,75.46192932128906,76.18000030517578,77.77749633789062,75.82499694824219,76.25,54032000,GOOGL
2020-09-09,76.63229370117188,77.36150360107422,77.93599700927734,76.25849914550781,77.44499969482422,39242000,GOOGL
2020-09-10,75.5832748413086,76.30249786376953,78.68299865722656,76.0,77.50900268554688,33024000,GOOGL
2020-09-11,75.07362365722656,75.78800201416016,76.93499755859375,74.6510009765625,76.40750122070312,30706000,GOOGL
2020-09-14,74.73039245605469,75.44149780273438,77.8499984741211,75.25550079345703,76.5824966430664,42660000,GOOGL
2020-09-15,76.0324935913086,76.75599670410156,77.54949951171875,76.1050033569336,76.39450073242188,23042000,GOOGL
2020-09-16,74.89185333251953,75.60449981689453,77.71849822998047,75.57949829101562,77.1240005493164,22128000,GOOGL
2020-09-17,73.65115356445312,74.35199737548828,74.93299865722656,73.12300109863281,74.29049682617188,40008000,GOOGL
2020-09-18,71.87059783935547,72.55449676513672,74.76000213623047,71.58100128173828,74.41500091552734,63056000,GOOGL
2020-09-21,70.83296966552734,71.50700378417969,72.00299835205078,70.13400268554688,71.58100128173828,56908000,GOOGL
2020-09-22,72.30298614501953,72.99099731445312,73.19850158691406,71.4749984741211,72.51599884033203,33950000,GOOGL
2020-09-23,69.80523681640625,70.46949768066406,72.65399932861328,70.13400268554688,72.60449981689453,37726000,GOOGL
2020-09-24,70.47240447998047,71.14299774169922,71.89949798583984,70.10749816894531,70.13400268554688,34552000,GOOGL
2020-09-25,71.27476501464844,71.9530029296875,72.2969970703125,70.38400268554688,71.25250244140625,30326000,GOOGL
2020-09-28,72.24552154541016,72.93299865722656,73.64949798583984,72.31400299072266,73.59950256347656,30784000,GOOGL
2020-09-29,72.61006164550781,73.3010025024414,73.5999984741211,72.69999694824219,73.19550323486328,31816000,GOOGL
2020-09-30,72.5892562866211,73.27999877929688,74.30999755859375,72.78800201416016,73.0469970703125,40924000,GOOGL
2020-10-01,73.6937484741211,74.3949966430664,74.75350189208984,73.83999633789062,74.18299865722656,32884000,GOOGL
2020-10-02,72.0939712524414,72.77999877929688,73.95149993896484,72.36750030517578,72.98149871826172,31222000,GOOGL
2020-10-05,73.44263458251953,74.1415023803711,74.23500061035156,73.00450134277344,73.13249969482422,21602000,GOOGL
2020-10-06,71.86713409423828,72.5510025024414,74.22599792480469,72.25050354003906,73.7750015258789,26096000,GOOGL
2020-10-07,72.26930236816406,72.95700073242188,73.44850158691406,71.6614990234375,72.96549987792969,36108000,GOOGL
2020-10-08,73.47236633300781,74.17150115966797,74.40149688720703,73.27249908447266,73.27249908447266,26076000,GOOGL
2020-10-09,74.81062316894531,75.52249908447266,75.59249877929688,74.3499984741211,74.64299774169922,32966000,GOOGL
2020-10-12,77.49210357666016,78.22949981689453,79.4209976196289,76.46499633789062,76.9000015258789,55344000,GOOGL
2020-10-13,77.61492919921875,78.35350036621094,79.25800323486328,77.93150329589844,78.85050201416016,39072000,GOOGL
2020-10-14,77.4351577758789,78.1719970703125,79.19249725341797,77.29499816894531,78.7300033569336,33174000,GOOGL
2020-10-15,77.04039764404297,77.77349853515625,78.56999969482422,77.05650329589844,77.2249984741211,31210000,GOOGL
2020-10-16,77.64615631103516,78.38500213623047,78.885498046875,77.88300323486328,78.09149932861328,34194000,GOOGL
2020-10-19,75.77644348144531,76.49749755859375,79.19650268554688,76.14600372314453,78.79650115966797,29734000,GOOGL
2020-10-20,76.8229751586914,77.55400085449219,78.69200134277344,76.0250015258789,76.15550231933594,41670000,GOOGL
2020-10-21,78.5520248413086,79.29949951171875,80.75700378417969,78.35700225830078,78.49250030517578,60322000,GOOGL
2020-10-22,79.57579040527344,80.33300018310547,80.6709976196289,78.8740005493164,79.25,30512000,GOOGL
2020-10-23,80.87937927246094,81.64900207519531,81.70600128173828,80.59549713134766,80.75250244140625,30548000,GOOGL
2020-10-26,78.46781921386719,79.2145004272461,81.47899627685547,78.38899993896484,80.75,35826000,GOOGL
2020-10-27,79.19043731689453,79.94400024414062,80.0999984741211,78.84950256347656,79.44650268554688,25902000,GOOGL
2020-10-28,74.82796478271484,75.54000091552734,77.69049835205078,75.42400360107422,77.50050354003906,45174000,GOOGL
2020-10-29,77.1102523803711,77.84400177001953,79.43699645996094,75.82749938964844,75.85099792480469,55406000,GOOGL
2020-10-30,80.04381561279297,80.80549621582031,84.06600189208984,80.07849884033203,83.37200164794922,99878000,GOOGL
2020-11-02,80.4504623413086,81.21600341796875,82.91200256347656,80.71199798583984,81.177001953125,44228000,GOOGL
2020-11-03,81.50739288330078,82.28299713134766,82.94999694824219,80.60549926757812,81.53800201416016,31432000,GOOGL
2020-11-04,86.46968841552734,87.2925033569336,88.50150299072266,85.1500015258789,85.27899932861328,71342000,GOOGL
2020-11-05,87.2943344116211,88.125,89.59100341796875,87.05149841308594,88.52249908447266,39758000,GOOGL
2020-11-06,87.15715026855469,87.98650360107422,88.42500305175781,86.83399963378906,87.56700134277344,28622000,GOOGL
2020-11-09,87.24083709716797,88.07099914550781,90.84449768066406,87.87750244140625,89.79900360107422,53440000,GOOGL
2020-11-10,86.0670166015625,86.88600158691406,87.96900177001953,85.80599975585938,86.4885025024414,43022000,GOOGL
2020-11-11,86.53803253173828,87.36150360107422,88.1449966430664,87.15299987792969,87.41999816894531,31838000,GOOGL
2020-11-12,86.31961822509766,87.14099884033203,88.2490005493164,86.89849853515625,87.0999984741211,26474000,GOOGL
2020-11-13,87.7777328491211,88.61299896240234,88.85649871826172,86.79900360107422,87.4000015258789,29744000,GOOGL
2020-11-16,87.86539459228516,88.70149993896484,89.71700286865234,88.06649780273438,88.20700073242188,25468000,GOOGL
2020-11-17,87.25273132324219,88.08300018310547,88.85700225830078,87.97450256347656,88.39299774169922,21314000,GOOGL
2020-11-18,86.21163940429688,87.03199768066406,88.25,86.92849731445312,87.83200073242188,20108000,GOOGL
2020-11-19,87.09967803955078,87.92849731445312,88.17449951171875,86.5009994506836,86.6614990234375,20106000,GOOGL
2020-11-20,86.00064086914062,86.81900024414062,88.41799926757812,86.75,88.0999984741211,27694000,GOOGL
2020-11-23,85.56380462646484,86.37799835205078,87.29949951171875,85.50900268554688,87.01100158691406,22530000,GOOGL
2020-11-24,87.36367797851562,88.19499969482422,88.3239974975586,86.0364990234375,86.375,27984000,GOOGL
2020-11-25,87.37506866455078,88.20649719238281,88.51899719238281,87.41799926757812,88.3905029296875,19600000,GOOGL
2020-11-27,88.50878143310547,89.35099792480469,89.85050201416016,88.22699737548828,88.22699737548828,14790000,GOOGL
2020-11-30,86.89315032958984,87.72000122070312,89.01699829101562,87.39199829101562,88.78250122070312,32418000,GOOGL
2020-12-01,88.92183685302734,89.76799774169922,91.08599853515625,88.15149688720703,88.33300018310547,37350000,GOOGL
2020-12-02,90.3884048461914,91.24849700927734,91.63700103759766,89.25849914550781,89.76799774169922,29424000,GOOGL
2020-12-03,90.2333755493164,91.09200286865234,92.19149780273438,90.8499984741211,91.0270004272461,24728000,GOOGL
2020-12-04,90.32847595214844,91.18800354003906,91.4749984741211,90.67949676513672,91.01100158691406,20544000,GOOGL
2020-12-07,89.9951400756836,90.85150146484375,91.4645004272461,90.1520004272461,90.77749633789062,22288000,GOOGL
2020-12-08,89.71280670166016,90.56649780273438,90.79850006103516,89.56400299072266,90.4260025024414,19936000,GOOGL
2020-12-09,88.05508422851562,88.89299774169922,91.41850280761719,88.0999984741211,90.51799774169922,31728000,GOOGL
2020-12-10,87.5494155883789,88.38249969482422,88.74949645996094,86.67649841308594,88.12999725341797,28688000,GOOGL
2020-12-11,87.90353393554688,88.73999786376953,88.8655014038086,87.63700103759766,88.0,18628000,GOOGL
2020-12-14,86.78715515136719,87.61299896240234,89.48999786376953,87.45649719238281,88.53600311279297,33050000,GOOGL
2020-12-15,87.22400665283203,88.05400085449219,88.19999694824219,87.08350372314453,87.99299621582031,21352000,GOOGL
2020-12-16,87.0313491821289,87.8594970703125,88.45549774169922,87.4530029296875,88.45549774169922,24676000,GOOGL
2020-12-17,86.20519256591797,87.02549743652344,88.33550262451172,86.55750274658203,88.19650268554688,34880000,GOOGL
2020-12-18,85.49742889404297,86.31099700927734,87.41799926757812,85.75,87.30850219726562,85256000,GOOGL
2020-12-21,85.9104995727539,86.72799682617188,86.8499984741211,84.69999694824219,85.45649719238281,33974000,GOOGL
2020-12-22,85.20026397705078,86.01100158691406,86.63050079345703,85.28900146484375,86.46649932861328,20370000,GOOGL
2020-12-23,85.59699249267578,86.4114990234375,87.20549774169922,86.05999755859375,86.19650268554688,22974000,GOOGL
2020-12-24,85.89069366455078,86.70800018310547,87.12049865722656,86.21749877929688,86.44999694824219,9312000,GOOGL
2020-12-28,87.8619384765625,88.697998046875,89.3499984741211,87.09100341796875,87.24549865722656,27650000,GOOGL
2020-12-29,87.05955505371094,87.88800048828125,89.42350006103516,87.75550079345703,89.36150360107422,19726000,GOOGL
2020-12-30,85.99421691894531,86.8125,88.38800048828125,86.4000015258789,88.25,21026000,GOOGL
2020-12-31,86.80599212646484,87.63200378417969,87.875,86.80449676513672,86.8635025024414,21070000,GOOGL
2021-01-04,85.49297332763672,86.30650329589844,88.12449645996094,85.35700225830078,88.0,37324000,GOOGL
2021-01-05,86.18241119384766,87.00250244140625,87.34149932861328,85.84500122070312,86.25450134277344,20360000,GOOGL
2021-01-06,85.3320083618164,86.14399719238281,87.19850158691406,84.80500030517578,85.01300048828125,46588000,GOOGL
2021-01-07,87.88076782226562,88.71700286865234,88.89099884033203,86.33799743652344,86.33799743652344,41936000,GOOGL
2021-01-08,89.04418182373047,89.8915023803711,89.96800231933594,88.06099700927734,88.85800170898438,35484000,GOOGL
2021-01-11,86.98674774169922,87.81449890136719,89.21900177001953,87.60700225830078,88.85099792480469,34796000,GOOGL
2021-01-12,86.0526351928711,86.87149810791016,88.3949966430664,85.81900024414062,87.26799774169922,29528000,GOOGL
2021-01-13,86.53903198242188,87.36250305175781,87.81950378417969,86.36599731445312,86.36599731445312,23432000,GOOGL
2021-01-14,85.73020935058594,86.5459976196289,88.37750244140625,86.30349731445312,87.44349670410156,29212000,GOOGL
2021-01-15,85.56676483154297,86.38099670410156,87.38099670410156,85.58550262451172,86.45099639892578,31444000,GOOGL
2021-01-19,88.38248443603516,89.22350311279297,90.19200134277344,86.6415023803711,87.1500015258789,41660000,GOOGL
2021-01-20,93.117431640625,94.00350189208984,94.98600006103516,90.97550201416016,91.31849670410156,64152000,GOOGL
2021-01-21,93.31950378417969,94.2074966430664,96.60399627685547,93.97049713134766,94.68250274658203,58634000,GOOGL
2021-01-22,93.73603820800781,94.62799835205078,95.21949768066406,93.82499694824219,94.572998046875,32744000,GOOGL
2021-01-25,93.82122039794922,94.71399688720703,96.09100341796875,92.95800018310547,95.63700103759766,50586000,GOOGL
2021-01-26,94.49829864501953,95.39749908447266,95.7874984741211,93.80650329589844,94.29949951171875,31462000,GOOGL
2021-01-27,90.08973693847656,90.9469985961914,94.02349853515625,89.86399841308594,93.74549865722656,82512000,GOOGL
2021-01-28,91.7865982055664,92.66000366210938,94.39949798583984,91.55000305175781,91.55000305175781,55278000,GOOGL
2021-01-29,90.50676727294922,91.36799621582031,92.37699890136719,90.0780029296875,91.70099639892578,44530000,GOOGL
2021-02-01,93.76130676269531,94.65350341796875,95.7770004272461,92.22949981689453,92.22949981689453,40252000,GOOGL
2021-02-02,95.051513671875,95.95600128173828,97.46849822998047,95.31849670410156,95.65650177001953,66332000,GOOGL
2021-02-03,101.9736557006836,102.94400024414062,105.33100128173828,100.67749786376953,103.28050231933594,97882000,GOOGL
2021-02-04,101.71363067626953,102.68150329589844,103.46499633789062,101.75499725341797,103.03099822998047,48596000,GOOGL
2021-02-05,103.45702362060547,104.44149780273438,104.7969970703125,102.5,102.97799682617188,29866000,GOOGL
2021-02-08,103.24356842041016,104.22599792480469,105.75,103.1675033569336,105.0,28828000,GOOGL
2021-02-09,102.79136657714844,103.76950073242188,104.92549896240234,103.5,103.73999786376953,21892000,GOOGL
2021-02-10,103.34063720703125,104.3239974975586,104.94400024414062,102.61199951171875,104.15699768066406,25102000,GOOGL
2021-02-11,103.45307922363281,104.4375,104.69999694824219,103.44300079345703,104.55000305175781,20480000,GOOGL
2021-02-12,103.76411437988281,104.75150299072266,104.9749984741211,103.67849731445312,103.9885025024414,18990000,GOOGL
2021-02-16,104.54022979736328,105.53500366210938,107.25700378417969,104.5875015258789,104.5875015258789,31004000,GOOGL
2021-02-17,104.9324951171875,105.93099975585938,106.12200164794922,104.4175033569336,104.6989974975586,20294000,GOOGL
2021-02-18,104.29801940917969,105.29049682617188,106.09950256347656,104.66649627685547,105.25,22546000,GOOGL
2021-02-19,103.45603942871094,104.44049835205078,105.92900085449219,104.17150115966797,105.3895034790039,37938000,GOOGL
2021-02-22,101.74482727050781,102.71299743652344,104.0165023803711,102.4000015258789,102.68000030517578,29466000,GOOGL
2021-02-23,102.0350570678711,103.00599670410156,103.625,99.5114974975586,100.69950103759766,34658000,GOOGL
2021-02-24,103.2083969116211,104.19049835205078,104.41600036621094,101.37650299072266,101.50199890136719,22608000,GOOGL
2021-02-25,99.8473892211914,100.79750061035156,104.1500015258789,100.32450103759766,102.79650115966797,41548000,GOOGL
2021-02-26,100.14257049560547,101.09549713134766,102.82599639892578,100.05049896240234,101.49749755859375,40042000,GOOGL
2021-03-01,102.507568359375,103.48300170898438,103.8115005493164,101.72100067138672,102.4000015258789,26060000,GOOGL
2021-03-02,102.25101470947266,103.2239990234375,104.73699951171875,102.83350372314453,103.24199676513672,25564000,GOOGL
2021-03-03,99.62252807617188,100.57050323486328,103.79949951171875,99.69999694824219,102.59750366210938,33892000,GOOGL
2021-03-04,100.73790740966797,101.69650268554688,103.72949981689453,100.27149963378906,100.74349975585938,49216000,GOOGL
2021-03-05,103.8651351928711,104.85350036621094,105.30999755859375,101.38899993896484,103.05750274658203,53100000,GOOGL
2021-03-08,99.42886352539062,100.375,105.68699645996094,100.2594985961914,104.2030029296875,36868000,GOOGL
2021-03-09,101.0563735961914,102.01799774169922,103.19599914550781,101.77999877929688,102.48750305175781,33920000,GOOGL
2021-03-10,100.8498306274414,101.80950164794922,103.06999969482422,100.96649932861328,103.06999969482422,27100000,GOOGL
2021-03-11,104.03701782226562,105.0270004272461,105.5634994506836,102.82250213623047,102.91100311279297,27702000,GOOGL
2021-03-12,101.5338363647461,102.5,103.88050079345703,101.62100219726562,103.82050323486328,33818000,GOOGL
2021-03-15,101.75373840332031,102.72200012207031,102.74949645996094,101.3895034790039,102.2490005493164,26168000,GOOGL
2021-03-16,103.21236419677734,104.19450378417969,105.68399810791016,102.9645004272461,103.29949951171875,31900000,GOOGL
2021-03-17,103.12965393066406,104.11100006103516,104.94999694824219,102.20600128173828,103.42350006103516,26382000,GOOGL
2021-03-18,100.11434173583984,101.06700134277344,103.4375,100.95899963378906,102.40899658203125,31700000,GOOGL
2021-03-19,100.3927001953125,101.3479995727539,101.85199737548828,100.14649963378906,101.48650360107422,46072000,GOOGL
2021-03-22,100.57743835449219,101.53450012207031,102.41699981689453,100.69999694824219,101.38150024414062,33536000,GOOGL
2021-03-23,101.10442352294922,102.06649780273438,103.20549774169922,101.4000015258789,101.99749755859375,28510000,GOOGL
2021-03-24,100.6685791015625,101.62650299072266,103.37999725341797,101.44999694824219,102.58799743652344,25218000,GOOGL
2021-03-25,100.66510772705078,101.62300109863281,102.28199768066406,99.80449676513672,101.45249938964844,35616000,GOOGL
2021-03-26,100.28225708007812,101.23650360107422,101.96949768066406,100.19249725341797,101.5895004272461,27978000,GOOGL
2021-03-29,101.32530975341797,102.28949737548828,102.46050262451172,100.27249908447266,101.10800170898438,26492000,GOOGL
2021-03-30,101.35900115966797,102.32350158691406,103.13349914550781,101.80750274658203,102.64900207519531,27312000,GOOGL
2021-03-31,102.15392303466797,103.1259994506836,104.31300354003906,102.3499984741211,102.72000122070312,42570000,GOOGL
2021-04-01,105.4852294921875,106.48899841308594,106.7874984741211,104.57150268554688,104.61250305175781,39880000,GOOGL
2021-04-05,109.90220642089844,110.947998046875,111.44950103759766,107.260498046875,107.35749816894531,48510000,GOOGL
2021-04-06,109.42176818847656,110.46299743652344,111.4000015258789,110.0895004272461,110.5459976196289,35240000,GOOGL
2021-04-07,110.89624786376953,111.95149993896484,112.2249984741211,110.65499877929688,110.65499877929688,24134000,GOOGL
2021-04-08,111.46086883544922,112.52149963378906,113.5895004272461,112.15049743652344,113.19999694824219,28664000,GOOGL
2021-04-09,112.46333312988281,113.53350067138672,113.69850158691406,111.86299896240234,112.27200317382812,26146000,GOOGL
2021-04-12,111.17310333251953,112.23100280761719,112.84449768066406,111.39099884033203,112.70600128173828,25024000,GOOGL
2021-04-13,111.65898895263672,112.72149658203125,113.17350006103516,112.15249633789062,112.54949951171875,25682000,GOOGL
2021-04-14,111.03887939453125,112.09549713134766,113.37149810791016,111.8010025024414,113.37149810791016,21002000,GOOGL
2021-04-15,113.18547058105469,114.26249694824219,114.80000305175781,112.55850219726562,113.09750366210938,29174000,GOOGL
2021-04-16,113.06163787841797,114.13749694824219,114.71199798583984,113.5459976196289,114.46199798583984,26282000,GOOGL
2021-04-19,113.40882873535156,114.48799896240234,115.20449829101562,113.50900268554688,113.50900268554688,30290000,GOOGL
2021-04-20,112.87639617919922,113.95050048828125,114.94999694824219,112.85600280761719,114.87449645996094,22288000,GOOGL
2021-04-21,112.84371948242188,113.9175033569336,114.0,112.24099731445312,113.60250091552734,23204000,GOOGL
2021-04-22,111.56438446044922,112.6259994506836,114.44400024414062,112.01599884033203,113.7699966430664,24146000,GOOGL
2021-04-23,113.91253662109375,114.99649810791016,115.30599975585938,113.0625,113.3499984741211,29066000,GOOGL
2021-04-26,114.40782165527344,115.49649810791016,116.22650146484375,114.86599731445312,115.22599792480469,32038000,GOOGL
2021-04-27,113.46925354003906,114.54900360107422,115.92250061035156,114.30799865722656,115.88150024414062,44386000,GOOGL
2021-04-28,116.84020233154297,117.9520034790039,121.56900024414062,117.66100311279297,119.625,81106000,GOOGL
2021-04-29,118.51029968261719,119.63800048828125,120.20800018310547,118.69249725341797,119.46150207519531,41234000,GOOGL
2021-04-30,116.5657958984375,117.67500305175781,119.09249877929688,117.3280029296875,118.4010009765625,44856000,GOOGL
2021-05-03,116.04971313476562,117.15399932861328,119.07749938964844,116.7750015258789,118.24549865722656,28242000,GOOGL
2021-05-04,114.2542953491211,115.34149932861328,116.24949645996094,112.83399963378906,115.67749786376953,44818000,GOOGL
2021-05-05,114.64753723144531,115.7385025024414,116.75,115.41400146484375,116.43150329589844,26636000,GOOGL
2021-05-06,115.76590728759766,116.86750030517578,116.86750030517578,114.6520004272461,115.31649780273438,25190000,GOOGL
2021-05-07,116.488037109375,117.59649658203125,118.5625,117.30799865722656,118.19450378417969,28898000,GOOGL
2021-05-10,113.50740051269531,114.5875015258789,116.55000305175781,114.22699737548828,116.40699768066406,30914000,GOOGL
2021-05-11,112.43311309814453,113.50299835205078,114.01399993896484,111.69599914550781,112.15350341796875,34186000,GOOGL
2021-05-12,108.97552490234375,110.01249694824219,112.39900207519531,109.68099975585938,111.30950164794922,46376000,GOOGL
2021-05-13,110.4014663696289,111.4520034790039,111.97200012207031,110.33599853515625,111.30599975585938,33204000,GOOGL
2021-05-14,112.84519958496094,113.91899871826172,114.23600006103516,112.5,112.927001953125,31996000,GOOGL
2021-05-17,113.36722564697266,114.44599914550781,114.48899841308594,112.77549743652344,113.17849731445312,21598000,GOOGL
2021-05-18,112.05718994140625,113.12349700927734,115.38400268554688,113.1094970703125,115.11750030517578,22204000,GOOGL
2021-05-19,112.50444793701172,113.57499694824219,113.74949645996094,111.27200317382812,111.42150115966797,23684000,GOOGL
2021-05-20,114.26024627685547,115.34750366210938,115.5999984741211,114.1760025024414,114.55000305175781,32352000,GOOGL
2021-05-21,113.62527465820312,114.70649719238281,115.94450378417969,114.46499633789062,115.87049865722656,40632000,GOOGL
2021-05-24,116.93925476074219,118.052001953125,118.27749633789062,115.5979995727539,115.74449920654297,31832000,GOOGL
2021-05-25,117.02987670898438,118.14350128173828,119.19999694824219,117.75,118.5999984741211,22440000,GOOGL
2021-05-26,117.89366912841797,119.0155029296875,119.44950103759766,118.322998046875,118.32599639892578,21572000,GOOGL
2021-05-27,117.02046203613281,118.13400268554688,119.45249938964844,117.81300354003906,119.45249938964844,35224000,GOOGL
2021-05-28,116.7317123413086,117.84249877929688,118.80349731445312,117.64250183105469,118.72100067138672,21482000,GOOGL
2021-06-01,117.93675231933594,119.05899810791016,119.2854995727539,117.71399688720703,118.72200012207031,23354000,GOOGL
2021-06-02,117.41223907470703,118.52950286865234,119.68199920654297,117.61799621582031,119.4574966430664,21158000,GOOGL
2021-06-03,116.27256774902344,117.37899780273438,117.85099792480469,116.47599792480469,117.2864990234375,18696000,GOOGL
2021-06-04,118.55039978027344,119.67849731445312,119.95149993896484,118.12049865722656,118.4635009765625,24458000,GOOGL
2021-06-07,118.98279571533203,120.11499786376953,120.22550201416016,119.05000305175781,119.47200012207031,24120000,GOOGL
2021-06-08,118.7916259765625,119.9219970703125,120.97599792480469,119.73899841308594,120.60050201416016,24240000,GOOGL
2021-06-09,119.26212310791016,120.39700317382812,120.64399719238281,119.84500122070312,120.57150268554688,17942000,GOOGL
2021-06-10,120.60883331298828,121.75650024414062,121.80000305175781,120.18900299072266,120.34600067138672,25904000,GOOGL
2021-06-11,120.36465454101562,121.51000213623047,122.08599853515625,120.947998046875,122.0,21958000,GOOGL
2021-06-14,121.29132843017578,122.44550323486328,122.44599914550781,120.9000015258789,121.61299896240234,22098000,GOOGL
2021-06-15,120.2750015258789,121.41950225830078,122.77549743652344,121.05599975585938,122.44999694824219,21562000,GOOGL
2021-06-16,119.63408660888672,120.77249908447266,121.88600158691406,119.47000122070312,121.5719985961914,26472000,GOOGL
2021-06-17,120.59595489501953,121.74349975585938,122.52249908447266,120.5,120.69750213623047,25842000,GOOGL
2021-06-18,118.97883605957031,120.11100006103516,121.60299682617188,120.01499938964844,121.36699676513672,46116000,GOOGL
2021-06-21,120.66429138183594,121.8125,122.0,119.89849853515625,120.50050354003906,27414000,GOOGL
2021-06-22,121.17741394042969,122.33049774169922,122.4000015258789,121.06400299072266,121.75,22390000,GOOGL
2021-06-23,120.975830078125,122.12699890136719,123.09549713134766,121.83450317382812,122.09349822998047,19148000,GOOGL
2021-06-24,121.34530639648438,122.5,123.05549621582031,122.30000305175781,122.69999694824219,21362000,GOOGL
2021-06-25,121.35374450683594,122.50849914550781,122.63300323486328,121.56500244140625,122.0,34594000,GOOGL
2021-06-28,121.38098907470703,122.53600311279297,122.78500366210938,121.40550231933594,122.67849731445312,28526000,GOOGL
2021-06-29,121.11995697021484,122.27249908447266,123.02100372314453,121.69100189208984,122.67050170898438,23108000,GOOGL
2021-06-30,120.93868255615234,122.0895004272461,122.25700378417969,121.35449981689453,121.99449920654297,24474000,GOOGL
2021-07-01,121.29034423828125,122.44450378417969,122.58699798583984,121.53150177001953,121.7249984741211,18110000,GOOGL
2021-07-02,124.07681274414062,125.25749969482422,125.40399932861328,123.05950164794922,123.1500015258789,25982000,GOOGL
2021-07-06,125.00054168701172,126.19000244140625,126.4280014038086,124.5824966430664,125.64849853515625,26404000,GOOGL
2021-07-07,125.28185272216797,126.4739990234375,127.28399658203125,126.15299987792969,127.16200256347656,24060000,GOOGL
2021-07-08,123.86531829833984,125.04399871826172,125.59549713134766,124.02200317382812,124.0260009765625,23790000,GOOGL
2021-07-09,124.33535766601562,125.51850128173828,125.7344970703125,124.55149841308594,125.0250015258789,18632000,GOOGL
2021-07-12,125.77861785888672,126.97550201416016,127.06950378417969,125.61100006103516,126.1780014038086,17668000,GOOGL
2021-07-13,126.14118194580078,127.34149932861328,128.0574951171875,126.67449951171875,127.03849792480469,19240000,GOOGL
2021-07-14,127.02823638916016,128.23699951171875,129.32650756835938,127.91449737548828,127.95800018310547,23742000,GOOGL
2021-07-15,125.80785369873047,127.00499725341797,128.6999969482422,126.52999877929688,128.6490020751953,24218000,GOOGL
2021-07-16,125.773193359375,126.97000122070312,127.8115005493164,126.15350341796875,127.66300201416016,20424000,GOOGL
2021-07-19,123.40372467041016,124.5780029296875,126.20500183105469,123.50499725341797,126.0895004272461,27968000,GOOGL
2021-07-20,125.01985168457031,126.20950317382812,127.04299926757812,124.35050201416016,125.52749633789062,26312000,GOOGL
2021-07-21,126.34673309326172,127.54900360107422,127.59600067138672,126.02349853515625,126.13349914550781,20746000,GOOGL
2021-07-22,127.21100616455078,128.42149353027344,128.48300170898438,127.4990005493164,127.84400177001953,14302000,GOOGL
2021-07-23,131.76119995117188,133.01499938964844,133.3990020751953,129.80050659179688,130.4304962158203,41506000,GOOGL
2021-07-26,132.77159118652344,134.03500366210938,134.23699951171875,132.30149841308594,133.32850646972656,30572000,GOOGL
2021-07-27,130.65670776367188,131.89999389648438,134.3990020751953,130.10400390625,134.25050354003906,54710000,GOOGL
2021-07-28,134.81117248535156,136.093994140625,138.2969970703125,135.27749633789062,136.31199645996094,95130000,GOOGL
2021-07-29,134.49765014648438,135.77749633789062,136.66099548339844,135.54299926757812,136.14999389648438,31716000,GOOGL
2021-07-30,133.45654296875,134.72650146484375,135.30450439453125,134.2550048828125,135.03500366210938,25576000,GOOGL
2021-08-02,133.5833740234375,134.85450744628906,135.3365020751953,133.79400634765625,135.11700439453125,21634000,GOOGL
2021-08-03,134.3515625,135.6300048828125,135.73199462890625,133.3195037841797,135.13499450683594,20762000,GOOGL
2021-08-04,133.85182189941406,135.12550354003906,135.64950561523438,134.48699951171875,135.34950256347656,19676000,GOOGL
2021-08-05,134.9672088623047,136.25149536132812,136.35000610351562,134.8459930419922,135.6804962158203,17870000,GOOGL
2021-08-06,134.45901489257812,135.73849487304688,136.47250366210938,135.2100067138672,136.04200744628906,20488000,GOOGL
2021-08-09,135.6224365234375,136.91299438476562,137.1840057373047,135.33949279785156,135.9425048828125,17760000,GOOGL
2021-08-10,135.51747131347656,136.8070068359375,137.7725067138672,136.364501953125,137.3419952392578,19414000,GOOGL
2021-08-11,134.99441528320312,136.2790069580078,137.6824951171875,136.27149963378906,137.18150329589844,15352000,GOOGL
2021-08-12,135.9008026123047,137.19400024414062,137.3000030517578,135.42550659179688,135.97549438476562,16506000,GOOGL
2021-08-13,136.4292755126953,137.7274932861328,137.85650634765625,137.0330047607422,137.25,15948000,GOOGL
2021-08-16,137.0058135986328,138.3094940185547,138.3625030517578,135.2989959716797,137.52499389648438,22384000,GOOGL
2021-08-17,135.3733367919922,136.6614990234375,138.2655029296875,136.08200073242188,137.75,21716000,GOOGL
2021-08-18,134.1722412109375,135.44900512695312,137.10450744628906,135.32150268554688,136.5,19258000,GOOGL
2021-08-19,134.4010772705078,135.67999267578125,136.3524932861328,134.25,134.4355010986328,21782000,GOOGL
2021-08-20,136.13409423828125,137.42950439453125,137.5540008544922,135.25,136.0,31194000,GOOGL
2021-08-23,138.72145080566406,140.04150390625,140.87449645996094,137.6074981689453,137.96949768066406,28454000,GOOGL
2021-08-24,139.92996215820312,141.26150512695312,142.0800018310547,140.3385009765625,140.6114959716797,19268000,GOOGL
2021-08-25,140.73976135253906,142.07899475097656,142.1894989013672,141.37600708007812,141.625,15848000,GOOGL
2021-08-26,140.10728454589844,141.4405059814453,142.41749572753906,141.35699462890625,141.75,20610000,GOOGL
2021-08-27,142.64662170410156,144.00399780273438,144.5124969482422,141.4969940185547,141.65249633789062,28780000,GOOGL
2021-08-30,143.2276153564453,144.5904998779297,145.9705047607422,144.16299438476562,144.39999389648438,24434000,GOOGL
2021-08-31,143.33358764648438,144.69749450683594,145.17149353027344,144.281005859375,145.14700317382812,22448000,GOOGL
2021-09-01,143.84671020507812,145.2154998779297,146.25399780273438,144.8834991455078,145.0,21936000,GOOGL
2021-09-02,141.93637084960938,143.28700256347656,145.51950073242188,143.18499755859375,145.21600341796875,32342000,GOOGL
2021-09-03,142.38461303710938,143.739501953125,144.15499877929688,142.40049743652344,143.08050537109375,19850000,GOOGL
2021-09-07,142.92054748535156,144.28050231933594,144.56500244140625,143.61900329589844,143.83450317382812,20124000,GOOGL
2021-09-08,142.33656311035156,143.6909942626953,144.39999389648438,143.0,144.10000610351562,18344000,GOOGL
2021-09-09,142.18800354003906,143.54100036621094,144.3105010986328,143.17750549316406,143.8404998779297,15314000,GOOGL
2021-09-10,139.54811096191406,140.87600708007812,144.718505859375,140.73800659179688,144.21249389648438,36840000,GOOGL
2021-09-13,140.99087524414062,142.33250427246094,142.9499969482422,141.25,141.94949340820312,22094000,GOOGL
2021-09-14,141.20089721679688,142.54449462890625,143.36300659179688,141.75,142.99549865722656,19674000,GOOGL
2021-09-15,143.06813049316406,144.42950439453125,144.45050048828125,141.34750366210938,142.77149963378906,27408000,GOOGL
2021-09-16,142.25634765625,143.61000061035156,144.3000030517578,142.40150451660156,143.95050048828125,26190000,GOOGL
2021-09-17,139.4728240966797,140.8000030517578,143.4499969482422,140.47000122070312,143.03050231933594,53384000,GOOGL
2021-09-20,137.4119415283203,138.71949768066406,139.0,136.32200622558594,138.1614990234375,46518000,GOOGL
2021-09-21,137.72247314453125,139.0330047607422,140.01150512695312,138.2779998779297,139.74949645996094,25332000,GOOGL
2021-09-22,138.96115112304688,140.2834930419922,140.88699340820312,138.55149841308594,139.3040008544922,25056000,GOOGL
2021-09-23,139.88490295410156,141.21600341796875,141.69650268554688,140.40150451660156,140.9875030517578,20952000,GOOGL
2021-09-24,140.8744659423828,142.21499633789062,142.33050537109375,140.24099731445312,140.5384979248047,22984000,GOOGL
2021-09-27,139.7422637939453,141.07200622558594,141.93850708007812,140.0675048828125,140.80450439453125,21882000,GOOGL
2021-09-28,134.54965209960938,135.8300018310547,139.09649658203125,135.36000061035156,138.65499877929688,45772000,GOOGL
2021-09-29,133.08709716796875,134.35350036621094,137.1510009765625,133.86500549316406,136.97999572753906,30848000,GOOGL
2021-09-30,132.41598510742188,133.67599487304688,135.54249572753906,133.55599975585938,134.26150512695312,37996000,GOOGL
2021-10-01,135.2559356689453,136.54299926757812,136.91050720214844,134.072998046875,134.44749450683594,35360000,GOOGL
2021-10-04,132.39962768554688,133.6595001220703,135.9604949951172,131.0500030517578,135.9604949951172,51202000,GOOGL
2021-10-05,134.74087524414062,136.0229949951172,137.22450256347656,134.04100036621094,134.04100036621094,32404000,GOOGL
2021-10-06,136.268310546875,137.56500244140625,137.75,134.5500030517578,134.75,24364000,GOOGL
2021-10-07,137.9126434326172,139.22500610351562,140.04200744628906,138.6510009765625,138.89199829101562,25110000,GOOGL
2021-10-08,138.46788024902344,139.78550720214844,140.33099365234375,139.21749877929688,139.57699584960938,26526000,GOOGL
2021-10-11,137.60458374023438,138.91400146484375,140.71200561523438,138.85899353027344,139.29200744628906,17954000,GOOGL
2021-10-12,135.162841796875,136.44900512695312,139.5070037841797,135.75999450683594,139.47999572753906,36332000,GOOGL
2021-10-13,136.28515625,137.58200073242188,138.0,136.5189971923828,137.40249633789062,19654000,GOOGL
2021-10-14,139.8205108642578,141.1510009765625,141.33749389648438,138.8249969482422,139.4739990234375,31894000,GOOGL
2021-10-15,140.03546142578125,141.3679962158203,141.71800231933594,140.7550048828125,141.614501953125,30274000,GOOGL
2021-10-18,141.4321746826172,142.7779998779297,142.79600524902344,141.0695037841797,141.07650756835938,20396000,GOOGL
2021-10-19,141.8868408203125,143.23699951171875,143.66250610351562,142.60000610351562,143.3874969482422,20164000,GOOGL
2021-10-20,140.43267822265625,141.7689971923828,143.54600524902344,141.37649536132812,143.33799743652344,23288000,GOOGL
2021-10-21,140.54856872558594,141.88600158691406,142.156005859375,140.5,141.7689971923828,26292000,GOOGL
2021-10-22,136.26979064941406,137.56649780273438,140.58299255371094,136.05599975585938,139.14999389648438,50588000,GOOGL
2021-10-25,136.1514434814453,137.44700622558594,138.0,135.4239959716797,137.5500030517578,34412000,GOOGL
2021-10-26,137.995361328125,139.30850219726562,140.08299255371094,138.30450439453125,139.2635040283203,49236000,GOOGL
2021-10-27,144.83926391601562,146.21749877929688,148.64999389648438,139.40499877929688,139.40499877929688,85782000,GOOGL
2021-10-28,144.4742431640625,145.8489990234375,147.1580047607422,144.6269989013672,147.13450622558594,36206000,GOOGL
2021-10-29,146.6505126953125,148.04600524902344,148.24200439453125,144.64950561523438,145.0780029296875,43320000,GOOGL
2021-11-01,142.14437866210938,143.4969940185547,148.04600524902344,143.22549438476562,148.04600524902344,46924000,GOOGL
2021-11-02,144.06163024902344,145.4324951171875,146.60899353027344,144.3354949951172,144.57949829101562,33482000,GOOGL
2021-11-03,145.2161865234375,146.59800720214844,146.66900634765625,144.59100341796875,145.90049743652344,27494000,GOOGL
2021-11-04,146.86993408203125,148.2675018310547,149.73350524902344,146.30799865722656,147.12449645996094,38412000,GOOGL
2021-11-05,147.4489288330078,148.8520050048828,150.32749938964844,148.19700622558594,149.16949462890625,38354000,GOOGL
2021-11-08,147.62625122070312,149.031005859375,150.61500549316406,148.4304962158203,149.8249969482422,23052000,GOOGL
2021-11-09,147.51478576660156,148.9185028076172,149.83450317382812,147.2449951171875,149.23300170898438,19530000,GOOGL
2021-11-10,144.51829528808594,145.89349365234375,148.07000732421875,144.53750610351562,147.5,29970000,GOOGL
2021-11-11,144.3925018310547,145.76649475097656,147.53550720214844,145.60049438476562,146.489501953125,16518000,GOOGL
2021-11-12,147.2765655517578,148.67799377441406,148.85000610351562,145.41099548339844,146.61549377441406,22360000,GOOGL
2021-11-15,147.05264282226562,148.45199584960938,149.54949951171875,147.5749969482422,148.90049743652344,23508000,GOOGL
2021-11-16,146.4821319580078,147.87600708007812,148.7624969482422,147.3125,148.14950561523438,18904000,GOOGL
2021-11-17,146.6514892578125,148.0469970703125,148.5594940185547,147.24000549316406,148.02749633789062,19594000,GOOGL
2021-11-18,148.4261474609375,149.8385009765625,150.58050537109375,147.88450622558594,148.2415008544922,35608000,GOOGL
2021-11-19,147.52273559570312,148.92649841308594,150.9665069580078,148.8990020751953,149.97549438476562,33682000,GOOGL
2021-11-22,144.92295837402344,146.302001953125,149.82949829101562,146.1475067138672,149.33250427246094,30594000,GOOGL
2021-11-23,144.40786743164062,145.78199768066406,146.66000366210938,144.11500549316406,146.1529998779297,27218000,GOOGL
2021-11-24,144.74264526367188,146.1199951171875,146.24949645996094,144.3730010986328,145.47349548339844,18040000,GOOGL
2021-11-26,140.84278869628906,142.18299865722656,144.5574951171875,141.84249877929688,144.34849548339844,30470000,GOOGL
2021-11-29,144.1587371826172,145.53050231933594,146.29750061035156,143.89349365234375,144.0,32596000,GOOGL
2021-11-30,140.5599822998047,141.8975067138672,146.0,141.60150146484375,145.0084991455078,42068000,GOOGL
2021-12-01,139.72193908691406,141.05149841308594,145.95050048828125,140.91200256347656,144.0,34020000,GOOGL
2021-12-02,141.61839294433594,142.96600341796875,143.864501953125,140.21449279785156,141.25,29194000,GOOGL
2021-12-03,140.66297912597656,142.00149536132812,144.39999389648438,140.30099487304688,143.68099975585938,41230000,GOOGL
2021-12-06,141.8056182861328,143.15499877929688,143.8524932861328,140.14999389648438,143.04049682617188,30618000,GOOGL
2021-12-07,145.88134765625,147.26950073242188,147.531005859375,145.2274932861328,145.59649658203125,32240000,GOOGL
2021-12-08,146.78968811035156,148.18649291992188,148.39300537109375,146.406005859375,147.59649658203125,24270000,GOOGL
2021-12-09,146.2468719482422,147.6385040283203,149.10000610351562,147.11500549316406,147.59100341796875,23270000,GOOGL
2021-12-10,146.60641479492188,148.00149536132812,148.9774932861328,146.70399475097656,148.6999969482422,24458000,GOOGL
2021-12-13,144.45193481445312,145.82650756835938,147.97000122070312,145.5175018310547,147.781494140625,27070000,GOOGL
2021-12-14,142.55052185058594,143.90699768066406,144.47999572753906,141.21499633789062,143.96800231933594,38446000,GOOGL
2021-12-15,145.06065368652344,146.4409942626953,146.7209930419922,141.67799377441406,143.40899658203125,36370000,GOOGL
2021-12-16,143.08346557617188,144.44500732421875,147.677001953125,143.60699462890625,147.17050170898438,33650000,GOOGL
2021-12-17,140.38909912109375,141.72500610351562,143.83450317382812,141.3000030517578,142.5,50416000,GOOGL
2021-12-20,140.27220153808594,141.60699462890625,141.77450561523438,139.3209991455078,140.0,27192000,GOOGL
2021-12-21,142.12013244628906,143.47250366210938,143.86900329589844,140.50250244140625,142.05349731445312,28756000,GOOGL
2021-12-22,145.03488159179688,146.4149932861328,146.5,143.0675048828125,143.0675048828125,26322000,GOOGL
2021-12-23,145.5316619873047,146.91650390625,148.24349975585938,146.45199584960938,146.5,26384000,GOOGL
2021-12-27,146.5123291015625,147.906494140625,148.343994140625,147.16949462890625,147.25599670410156,15976000,GOOGL
2021-12-28,145.30430603027344,146.68699645996094,148.2989959716797,146.05450439453125,148.23599243164062,18200000,GOOGL
2021-12-29,145.2726287841797,146.65499877929688,147.41700744628906,145.6475067138672,146.64450073242188,17788000,GOOGL
2021-12-30,144.82240295410156,146.20050048828125,147.3000030517578,145.9945068359375,146.69400024414062,15688000,GOOGL
2021-12-31,143.4866180419922,144.8520050048828,146.69850158691406,144.8520050048828,146.0500030517578,18136000,GOOGL
2022-01-03,143.62481689453125,144.9915008544922,145.8509979248047,143.71299743652344,145.05499267578125,28646000,GOOGL
2022-01-04,143.03839111328125,144.39950561523438,146.48500061035156,143.7165069580078,145.39599609375,28400000,GOOGL
2022-01-05,136.47633361816406,137.77499389648438,144.49949645996094,137.68800354003906,144.4199981689453,54618000,GOOGL
2022-01-06,136.44908142089844,137.74749755859375,139.94000244140625,136.55850219726562,136.99850463867188,37348000,GOOGL
2022-01-07,135.7254638671875,137.01699829101562,138.44850158691406,135.76649475097656,138.14549255371094,29760000,GOOGL
2022-01-10,137.36239624023438,138.66949462890625,138.8195037841797,133.1645050048828,135.0780029296875,44408000,GOOGL
2022-01-11,138.41880798339844,139.73599243164062,140.21600341796875,136.6925048828125,138.0070037841797,28730000,GOOGL
2022-01-12,140.0973663330078,141.4304962158203,142.60800170898438,140.6945037841797,141.14999389648438,26108000,GOOGL
2022-01-13,137.28067016601562,138.58700561523438,142.85000610351562,138.40899658203125,141.5399932861328,31436000,GOOGL
2022-01-14,138.16574096679688,139.48049926757812,140.74200439453125,136.99850463867188,137.07899475097656,29662000,GOOGL
2022-01-18,134.71607971191406,135.9980010986328,137.13150024414062,135.43850708007812,136.1750030517578,34872000,GOOGL
2022-01-19,133.8428955078125,135.1165008544922,137.95950317382812,135.0155029296875,136.52349853515625,28648000,GOOGL
2022-01-20,132.0509490966797,133.3074951171875,137.62600708007812,132.96449279785156,136.25,29908000,GOOGL
2022-01-21,129.122802734375,130.35150146484375,134.86549377441406,130.0865020751953,132.593505859375,55652000,GOOGL
2022-01-24,129.57102966308594,130.8040008544922,131.2030029296875,124.5,125.97799682617188,76622000,GOOGL
2022-01-25,125.73851776123047,126.93499755859375,129.3990020751953,126.50050354003906,128.74000549316406,46960000,GOOGL
2022-01-26,128.0148468017578,129.23300170898438,133.0,127.14199829101562,131.11900329589844,49130000,GOOGL
2022-01-27,127.78900146484375,129.0050048828125,132.65249633789062,128.9324951171875,131.3040008544922,31950000,GOOGL
2022-01-28,132.0940399169922,133.3509979248047,133.35650634765625,128.48500061035156,129.65899658203125,34362000,GOOGL
2022-01-31,134.02813720703125,135.30349731445312,135.47300720214844,132.20950317382812,134.16200256347656,39986000,GOOGL
2022-02-01,136.34654235839844,137.6439971923828,137.79299926757812,134.36849975585938,137.59449768066406,68644000,GOOGL
2022-02-02,146.6049346923828,148.0,151.54649353027344,145.5225067138672,151.25,123200000,GOOGL
2022-02-03,141.74122619628906,143.08999633789062,149.6750030517578,142.66549682617188,145.70550537109375,71518000,GOOGL
2022-02-04,141.94232177734375,143.29299926757812,144.875,140.51499938964844,143.4445037841797,57998000,GOOGL
2022-02-07,137.88888549804688,139.2010040283203,144.25,138.89999389648438,144.25,54974000,GOOGL
2022-02-08,138.08502197265625,139.3990020751953,140.0,137.01400756835938,139.02650451660156,54284000,GOOGL
2022-02-09,140.25735473632812,141.5919952392578,142.52450561523438,140.18699645996094,140.9635009765625,40144000,GOOGL
2022-02-10,137.31336975097656,138.6199951171875,141.4844970703125,137.95700073242188,139.70350646972656,39330000,GOOGL
2022-02-11,133.0167694091797,134.28250122070312,139.156494140625,133.39999389648438,138.60000610351562,39958000,GOOGL
2022-02-14,134.24855041503906,135.5260009765625,136.3000030517578,133.25650024414062,133.25650024414062,34302000,GOOGL
2022-02-15,135.3208465576172,136.60850524902344,138.10850524902344,135.82150268554688,137.57049560546875,26680000,GOOGL
2022-02-16,136.43971252441406,137.73800659179688,138.08599853515625,134.9239959716797,136.64649963378906,25022000,GOOGL
2022-02-17,131.28968811035156,132.53900146484375,137.11349487304688,132.47850036621094,136.2429962158203,38950000,GOOGL
2022-02-18,129.17381286621094,130.4029998779297,134.07000732421875,130.19650268554688,133.4669952392578,45620000,GOOGL
2022-02-22,128.5898895263672,129.81350708007812,132.1804962158203,128.22349548339844,129.83799743652344,44990000,GOOGL
2022-02-23,126.38534545898438,127.58799743652344,132.05099487304688,127.52749633789062,131.64849853515625,32786000,GOOGL
2022-02-24,131.44024658203125,132.6909942626953,133.0,124.95349884033203,124.95349884033203,54456000,GOOGL
2022-02-25,133.1920928955078,134.45950317382812,135.27149963378906,131.75149536132812,133.552001953125,36406000,GOOGL
2022-02-28,133.783935546875,135.0570068359375,135.75149536132812,132.59249877929688,133.0500030517578,38864000,GOOGL
2022-03-01,132.79782104492188,134.06149291992188,136.2554931640625,133.218505859375,134.8784942626953,26496000,GOOGL
2022-03-02,133.30303955078125,134.57150268554688,135.2624969482422,133.07150268554688,134.6280059814453,23520000,GOOGL
2022-03-03,132.63735961914062,133.89950561523438,136.4394989013672,133.02549743652344,136.00999450683594,24604000,GOOGL
2022-03-04,130.6631622314453,131.906494140625,133.85150146484375,130.33749389648438,132.92750549316406,30430000,GOOGL
2022-03-07,125.187255859375,126.37850189208984,131.73500061035156,126.29499816894531,131.48800659179688,45112000,GOOGL
2022-03-08,125.90641021728516,127.10449981689453,131.25,125.67449951171875,126.25,40428000,GOOGL
2022-03-09,132.16236877441406,133.4199981689453,133.73550415039062,129.90049743652344,131.25,37026000,GOOGL
2022-03-10,131.1812286376953,132.42950439453125,133.27200317382812,130.91250610351562,131.26600646972656,27102000,GOOGL
2022-03-11,128.64633178710938,129.87049865722656,133.79550170898438,129.63150024414062,133.48849487304688,31526000,GOOGL
2022-03-14,124.76378631591797,125.95099639892578,130.40899658203125,125.2750015258789,130.25,38812000,GOOGL
2022-03-15,127.98017883300781,129.197998046875,129.85450744628906,125.72049713134766,126.97599792480469,30920000,GOOGL
2022-03-16,132.0242156982422,133.28050231933594,133.33299255371094,128.7344970703125,130.73300170898438,35576000,GOOGL
2022-03-17,132.5774383544922,133.83900451660156,134.08050537109375,132.18499755859375,133.1490020751953,28264000,GOOGL
2022-03-18,134.8424072265625,136.12550354003906,136.24400329589844,132.2584991455078,133.42449951171875,44566000,GOOGL
2022-03-21,134.81861877441406,136.10150146484375,137.0500030517578,134.09249877929688,136.1634979248047,26832000,GOOGL
2022-03-22,138.5496063232422,139.8679962158203,141.0500030517578,136.10150146484375,136.10150146484375,35496000,GOOGL
2022-03-23,136.9720916748047,138.27549743652344,139.5885009765625,137.8350067138672,138.70249938964844,25154000,GOOGL
2022-03-24,140.23753356933594,141.57200622558594,141.61900329589844,137.75050354003906,139.1999969482422,26396000,GOOGL
2022-03-25,140.3376007080078,141.67300415039062,142.03500366210938,139.7375030517578,141.91600036621094,24126000,GOOGL
2022-03-28,140.12213134765625,141.45550537109375,142.00250244140625,139.81149291992188,140.90049743652344,35050000,GOOGL
2022-03-29,141.1622314453125,142.5054931640625,143.7935028076172,142.0384979248047,142.6475067138672,34318000,GOOGL
2022-03-30,140.6005859375,141.93850708007812,142.7205047607422,141.60000610351562,142.4600067138672,19884000,GOOGL
2022-03-31,137.7566680908203,139.0675048828125,142.10800170898438,139.02450561523438,142.05299377441406,37524000,GOOGL
2022-04-01,138.8294219970703,140.15049743652344,140.4709930419922,138.3074951171875,139.5,25942000,GOOGL
2022-04-04,141.6238555908203,142.97149658203125,143.71200561523438,140.3105010986328,140.35850524902344,25942000,GOOGL
2022-04-05,139.26577758789062,140.59100341796875,142.99049377441406,140.38250732421875,142.86900329589844,21418000,GOOGL
2022-04-06,135.26089477539062,136.54800415039062,139.36050415039062,135.51699829101562,138.75,32468000,GOOGL
2022-04-07,134.60763549804688,135.8885040283203,137.1645050048828,134.2274932861328,136.00999450683594,26234000,GOOGL
2022-04-08,132.03111267089844,133.28750610351562,135.6699981689453,132.9654998779297,135.58349609375,25142000,GOOGL
2022-04-11,127.60920715332031,128.82350158691406,132.09249877929688,128.6685028076172,131.82350158691406,36884000,GOOGL
2022-04-12,126.51066589355469,127.7145004272461,131.60000610351562,126.78900146484375,131.60000610351562,32710000,GOOGL
2022-04-13,128.6696014404297,129.8939971923828,130.33399963378906,127.74099731445312,128.0,27928000,GOOGL
2022-04-14,125.53543853759766,126.7300033569336,130.47950744628906,126.60099792480469,130.47950744628906,31598000,GOOGL
2022-04-18,126.4730224609375,127.67649841308594,128.21249389648438,126.18199920654297,127.0,20808000,GOOGL
2022-04-19,128.78353881835938,130.00900268554688,130.33299255371094,126.99949645996094,127.69149780273438,26490000,GOOGL
2022-04-20,126.83309936523438,128.0399932861328,131.3990020751953,127.5,130.89199829101562,31696000,GOOGL
2022-04-21,123.63800811767578,124.81449890136719,130.09849548339844,124.52649688720703,129.25,36446000,GOOGL
2022-04-22,118.50779724121094,119.635498046875,125.4020004272461,118.92500305175781,125.0,56884000,GOOGL
2022-04-25,121.91390991210938,123.0739974975586,123.27749633789062,118.51100158691406,119.10099792480469,46128000,GOOGL
2022-04-26,117.53160858154297,118.6500015258789,122.51000213623047,118.51100158691406,122.29450225830078,73054000,GOOGL
2022-04-27,113.2171630859375,114.29450225830078,117.24199676513672,112.73650360107422,114.46949768066406,91820000,GOOGL
2022-04-28,117.40531158447266,118.52249908447266,119.64949798583984,114.11499786376953,116.41500091552734,48884000,GOOGL
2022-04-29,113.03390502929688,114.1094970703125,117.91999816894531,113.81449890136719,116.7344970703125,42676000,GOOGL
2022-05-02,115.48409271240234,116.58300018310547,116.74549865722656,112.5999984741211,113.40499877929688,35534000,GOOGL
2022-05-03,116.22801971435547,117.33399963378906,118.44200134277344,116.03450012207031,116.43049621582031,24968000,GOOGL
2022-05-04,121.10855865478516,122.26100158691406,122.85449981689453,115.11599731445312,117.03150177001953,49916000,GOOGL
2022-05-05,115.40731811523438,116.50550079345703,121.03900146484375,115.00550079345703,120.2040023803711,45840000,GOOGL
2022-05-06,114.65547943115234,115.74649810791016,117.57150268554688,114.0155029296875,115.18450164794922,39710000,GOOGL
2022-05-09,111.45046997070312,112.51100158691406,115.0770034790039,112.00050354003906,113.25,40802000,GOOGL
2022-05-10,113.31669616699219,114.3949966430664,116.25,112.90049743652344,115.50749969482422,39900000,GOOGL
2022-05-11,112.53167724609375,113.60250091552734,116.364501953125,113.23650360107422,113.23650360107422,37534000,GOOGL
2022-05-12,111.78034210205078,112.84400177001953,114.29499816894531,109.82450103759766,111.37750244140625,53836000,GOOGL
2022-05-13,114.95660400390625,116.05049896240234,117.875,113.6050033569336,114.53299713134766,35038000,GOOGL
2022-05-16,113.36624145507812,114.44499969482422,116.16999816894531,113.8895034790039,114.95549774169922,25990000,GOOGL
2022-05-17,115.37513732910156,116.4729995727539,116.9000015258789,114.87000274658203,116.84049987792969,23054000,GOOGL
2022-05-18,110.84474182128906,111.89949798583984,115.4000015258789,111.55549621582031,115.0,35126000,GOOGL
2022-05-19,109.34352111816406,110.38400268554688,113.01000213623047,110.0,111.43150329589844,34144000,GOOGL
2022-05-20,107.88143920898438,108.90799713134766,112.18350219726562,105.79650115966797,111.95099639892578,48962000,GOOGL
2022-05-23,110.4371109008789,111.48799896240234,112.14749908447266,108.74099731445312,109.5875015258789,37184000,GOOGL
2022-05-24,104.97112274169922,105.97000122070312,106.45850372314453,101.8844985961914,105.77200317382812,76780000,GOOGL
2022-05-25,104.80767822265625,105.80500030517578,106.5,103.85649871826172,104.9854965209961,40258000,GOOGL
2022-05-26,106.77645874023438,107.7925033569336,108.64949798583984,105.2249984741211,105.677001953125,37948000,GOOGL
2022-05-27,111.25779724121094,112.31649780273438,112.31800079345703,109.13849639892578,109.48300170898438,37914000,GOOGL
2022-05-31,112.68968200683594,113.76200103759766,115.73500061035156,112.07849884033203,112.74649810791016,50012000,GOOGL
2022-06-01,112.8184585571289,113.89199829101562,117.10150146484375,113.25,114.8550033569336,36606000,GOOGL
2022-06-02,116.5137939453125,117.62249755859375,117.89949798583984,112.94650268554688,114.0,37992000,GOOGL
2022-06-03,113.46133422851562,114.54100036621094,116.32150268554688,113.51850128173828,116.0625,26136000,GOOGL
2022-06-06,115.7193603515625,116.82050323486328,119.34700012207031,116.16400146484375,116.70449829101562,33542000,GOOGL
2022-06-07,116.04525756835938,117.14949798583984,117.69100189208984,115.052001953125,115.48049926757812,31590000,GOOGL
2022-06-08,116.0893325805664,117.19400024414062,118.57050323486328,116.5999984741211,116.7614974975586,26108000,GOOGL
2022-06-09,113.7530517578125,114.83550262451172,118.29900360107422,114.7760009765625,116.32749938964844,25798000,GOOGL
2022-06-10,110.11368560791016,111.1614990234375,113.27899932861328,110.36599731445312,112.44499969482422,41452000,GOOGL
2022-06-13,105.38965606689453,106.39250183105469,108.79149627685547,106.11900329589844,106.7864990234375,47252000,GOOGL
2022-06-14,105.70960235595703,106.71549987792969,107.92449951171875,105.80000305175781,106.53500366210938,33706000,GOOGL
2022-06-15,108.72987365722656,109.7645034790039,111.42350006103516,107.66950225830078,108.54499816894531,39698000,GOOGL
2022-06-16,105.0340347290039,106.03350067138672,108.64849853515625,105.13800048828125,107.22100067138672,51684000,GOOGL
2022-06-17,106.1335678100586,107.14350128173828,108.69950103759766,105.0459976196289,106.03350067138672,51376000,GOOGL
2022-06-21,110.49258422851562,111.54399871826172,112.489501953125,108.5999984741211,108.92949676513672,47416000,GOOGL
2022-06-22,110.4366226196289,111.48750305175781,113.34649658203125,110.38249969482422,110.55650329589844,30774000,GOOGL
2022-06-23,111.18400573730469,112.24199676513672,112.74250030517578,110.50050354003906,112.23149871826172,28362000,GOOGL
2022-06-24,116.86296081542969,117.9749984741211,118.0790023803711,112.95249938964844,112.99500274658203,41164000,GOOGL
2022-06-27,114.74165344238281,115.83350372314453,118.57949829101562,115.17949676513672,118.27300262451172,36420000,GOOGL
2022-06-28,110.95171356201172,112.00749969482422,117.30950164794922,111.8479995727539,115.80249786376953,35792000,GOOGL
2022-06-29,110.64859771728516,111.70149993896484,113.1604995727539,110.87249755859375,111.552001953125,24716000,GOOGL
2022-06-30,107.9358901977539,108.96299743652344,110.88800048828125,106.75,110.0,43170000,GOOGL
2022-07-01,107.71253204345703,108.73750305175781,109.25,106.73049926757812,107.93299865722656,35476000,GOOGL
2022-07-05,112.19538879394531,113.26300048828125,113.37699890136719,105.73149871826172,107.10050201416016,39342000,GOOGL
2022-07-06,113.4920425415039,114.5719985961914,115.5895004272461,111.47599792480469,113.302001953125,37432000,GOOGL
2022-07-07,117.6633529663086,118.78299713134766,119.18949890136719,114.83350372314453,115.08000183105469,40936000,GOOGL
2022-07-08,118.22847747802734,119.35350036621094,119.68499755859375,116.90149688720703,117.25,38238000,GOOGL
2022-07-11,114.58613586425781,115.67649841308594,117.99800109863281,115.33049774169922,117.99800109863281,31196000,GOOGL
2022-07-12,112.94573974609375,114.02050018310547,116.9739990234375,113.69000244140625,116.21499633789062,29960000,GOOGL
2022-07-13,110.30387878417969,111.35350036621094,114.19599914550781,111.20149993896484,111.70099639892578,43722000,GOOGL
2022-07-14,109.32717895507812,110.36750030517578,111.09300231933594,108.37300109863281,110.21050262451172,37004000,GOOGL
2022-07-15,110.72388458251953,111.77749633789062,113.1405029296875,110.9000015258789,112.00050354003906,46770000,GOOGL
2022-07-18,108.00227355957031,109.02999877929688,113.68000030517578,108.37000274658203,112.63999938964844,43164600,GOOGL
2022-07-19,112.73722076416016,113.80999755859375,114.0199966430664,109.55999755859375,110.8499984741211,36530900,GOOGL
2022-07-20,112.82637786865234,113.9000015258789,115.4000015258789,112.4800033569336,113.16999816894531,35600400,GOOGL
2022-07-21,113.2622299194336,114.33999633789062,114.55000305175781,111.11000061035156,114.27999877929688,32676200,GOOGL
2022-07-22,106.88294219970703,107.9000015258789,112.33999633789062,106.5,111.0,48901200,GOOGL
2022-07-25,106.49662017822266,107.51000213623047,109.87000274658203,106.30000305175781,108.41000366210938,34690900,GOOGL
2022-07-26,104.03008270263672,105.0199966430664,107.19999694824219,104.06999969482422,106.5999984741211,47991000,GOOGL
2022-07-27,111.99429321289062,113.05999755859375,113.91000366210938,108.01000213623047,109.26000213623047,59858500,GOOGL
2022-07-28,113.14336395263672,114.22000122070312,114.33999633789062,111.45999908447266,112.37000274658203,32816600,GOOGL
2022-07-29,115.22356414794922,116.31999969482422,116.70999908447266,113.05999755859375,113.08000183105469,37223400,GOOGL
2022-08-01,113.77732849121094,114.86000061035156,116.72000122070312,114.33999633789062,115.30000305175781,26034300,GOOGL
2022-08-02,114.0447769165039,115.12999725341797,116.3499984741211,113.72000122070312,114.0,20236000,GOOGL
2022-08-03,116.96697998046875,118.08000183105469,118.62000274658203,115.4800033569336,115.70999908447266,28499000,GOOGL
2022-08-04,117.07594299316406,118.19000244140625,118.77999877929688,116.88999938964844,117.4800033569336,21602900,GOOGL
2022-08-05,116.36273956298828,117.47000122070312,118.11000061035156,116.0,116.2300033569336,19159500,GOOGL
2022-08-08,116.19434356689453,117.30000305175781,120.1500015258789,116.87999725341797,118.38999938964844,19138300,GOOGL
2022-08-09,115.53065490722656,116.62999725341797,117.31999969482422,115.70999908447266,117.13999938964844,19086500,GOOGL
2022-08-10,118.57170867919922,119.69999694824219,120.91999816894531,118.41000366210938,118.77999877929688,30930400,GOOGL
2022-08-11,117.71981811523438,118.83999633789062,121.48999786376953,118.55999755859375,121.27999877929688,24293700,GOOGL
2022-08-12,120.53303527832031,121.68000030517578,121.68000030517578,119.45999908447266,120.26000213623047,19096300,GOOGL
2022-08-15,120.92926788330078,122.08000183105469,122.30000305175781,120.61000061035156,121.12999725341797,19494800,GOOGL
2022-08-16,120.5528564453125,121.69999694824219,122.43000030517578,120.63999938964844,121.5199966430664,19041200,GOOGL
2022-08-17,118.4231185913086,119.55000305175781,121.29000091552734,119.37999725341797,120.12000274658203,22847000,GOOGL
2022-08-18,119.03726959228516,120.16999816894531,120.81999969482422,118.72000122070312,119.43000030517578,17987700,GOOGL
2022-08-19,116.10517120361328,117.20999908447266,119.1500015258789,116.76000213623047,119.05999755859375,21809500,GOOGL
2022-08-22,113.1631851196289,114.23999786376953,115.62999725341797,113.8499984741211,115.19999694824219,21456600,GOOGL
2022-08-23,112.78675842285156,113.86000061035156,115.01000213623047,113.43000030517578,113.4800033569336,15870400,GOOGL
2022-08-24,112.61836242675781,113.69000244140625,114.77999877929688,112.87000274658203,113.5,17734600,GOOGL
2022-08-25,115.55045318603516,116.6500015258789,116.72000122070312,114.11000061035156,114.23999786376953,16956800,GOOGL
2022-08-26,109.29994201660156,110.33999633789062,115.12000274658203,110.19000244140625,114.72000122070312,37245700,GOOGL
2022-08-29,108.38860321044922,109.41999816894531,110.94999694824219,108.80000305175781,109.98999786376953,21191200,GOOGL
2022-08-30,107.91312408447266,108.94000244140625,110.5,107.80000305175781,110.16999816894531,27513300,GOOGL
2022-08-31,107.19991302490234,108.22000122070312,110.8499984741211,108.12999725341797,110.6500015258789,28627000,GOOGL
2022-09-01,108.70559692382812,109.73999786376953,110.44999694824219,107.36000061035156,108.27999877929688,28360900,GOOGL
2022-09-02,106.83341217041016,107.8499984741211,110.73999786376953,107.26000213623047,110.58999633789062,24160700,GOOGL
2022-09-06,105.8031997680664,106.80999755859375,108.02999877929688,105.77999877929688,107.30000305175781,25068300,GOOGL
2022-09-07,108.4183120727539,109.44999694824219,109.9800033569336,106.9000015258789,107.05999755859375,23167000,GOOGL
2022-09-08,107.35840606689453,108.37999725341797,109.5999984741211,107.16000366210938,108.04000091552734,24238300,GOOGL
2022-09-09,109.60701751708984,110.6500015258789,110.98999786376953,109.0199966430664,109.06999969482422,23197700,GOOGL
2022-09-12,109.81503295898438,110.86000061035156,111.62000274658203,109.93000030517578,110.98999786376953,22966800,GOOGL
2022-09-13,103.33668518066406,104.31999969482422,108.30000305175781,104.08999633789062,107.80000305175781,38172900,GOOGL
2022-09-14,104.0102767944336,105.0,105.27999877929688,103.66000366210938,104.56999969482422,26395100,GOOGL
2022-09-15,101.93998718261719,102.91000366210938,105.2699966430664,102.3499984741211,104.02999877929688,34188300,GOOGL
2022-09-16,101.83101654052734,102.80000305175781,103.12999725341797,100.94000244140625,102.06999969482422,42797200,GOOGL
2022-09-19,102.09847259521484,103.06999969482422,103.33000183105469,101.55000305175781,101.75,23036800,GOOGL
2022-09-20,100.18665313720703,101.13999938964844,102.37000274658203,100.5199966430664,102.08000183105469,26517100,GOOGL
2022-09-21,98.34418487548828,99.27999877929688,102.87999725341797,99.2699966430664,101.66999816894531,31487300,GOOGL
2022-09-22,99.1960678100586,100.13999938964844,101.23999786376953,98.79000091552734,98.81999969482422,34298600,GOOGL
2022-09-23,97.80928039550781,98.73999786376953,99.66000366210938,97.47000122070312,99.62999725341797,31625400,GOOGL
2022-09-26,97.24464416503906,98.16999816894531,99.87999725341797,97.80000305175781,98.0999984741211,27072700,GOOGL
2022-09-27,96.58097076416016,97.5,100.0,96.87000274658203,99.43000030517578,30072800,GOOGL
2022-09-28,99.10693359375,100.05000305175781,100.69999694824219,97.11000061035156,97.6500015258789,32466300,GOOGL
2022-09-29,96.50172424316406,97.41999816894531,98.63999938964844,95.95999908447266,98.63999938964844,31047200,GOOGL
2022-09-30,94.74840545654297,95.6500015258789,98.9000015258789,95.55999755859375,97.05000305175781,32941500,GOOGL
2022-10-03,97.710205078125,98.63999938964844,99.29000091552734,96.5199966430664,96.76000213623047,27982000,GOOGL
2022-10-04,100.68193817138672,101.63999938964844,101.83999633789062,100.37999725341797,100.44000244140625,28850800,GOOGL
2022-10-05,100.47392272949219,101.43000030517578,101.93000030517578,98.80000305175781,99.83000183105469,22176900,GOOGL
2022-10-06,100.46401977539062,101.41999816894531,102.93000030517578,100.58999633789062,100.68000030517578,22324000,GOOGL
2022-10-07,97.74983978271484,98.68000030517578,100.52999877929688,98.30000305175781,99.8499984741211,27502800,GOOGL
2022-10-10,96.93757629394531,97.86000061035156,99.0999984741211,97.01000213623047,99.0,18225100,GOOGL
2022-10-11,96.26397705078125,97.18000030517578,99.25,96.30999755859375,97.43000030517578,26507100,GOOGL
2022-10-12,96.64039611816406,97.55999755859375,98.75,96.73999786376953,97.30000305175781,21876400,GOOGL
2022-10-13,98.12625122070312,99.05999755859375,99.77999877929688,94.37999725341797,95.1500015258789,34574500,GOOGL
2022-10-14,95.64982604980469,96.55999755859375,100.69000244140625,96.37000274658203,99.98999786376953,25410700,GOOGL
2022-10-17,99.0276870727539,99.97000122070312,100.93000030517578,98.83000183105469,98.86000061035156,28419200,GOOGL
2022-10-18,99.82012939453125,100.7699966430664,103.47000122070312,99.97000122070312,103.12999725341797,24060700,GOOGL
2022-10-19,98.6908950805664,99.62999725341797,101.0199966430664,98.91999816894531,100.01000213623047,23811100,GOOGL
2022-10-20,99.0276870727539,99.97000122070312,102.31999969482422,99.38999938964844,100.0,25323200,GOOGL
2022-10-21,100.1767349243164,101.12999725341797,101.30999755859375,97.72000122070312,97.8499984741211,32458700,GOOGL
2022-10-24,101.55364990234375,102.5199966430664,102.75,99.9800033569336,101.80000305175781,27176400,GOOGL
2022-10-25,103.49517822265625,104.4800033569336,104.81999969482422,102.72000122070312,102.9000015258789,40611400,GOOGL
2022-10-26,94.03520965576172,94.93000030517578,98.30999755859375,94.69000244140625,96.43000030517578,88114100,GOOGL
2022-10-27,91.3507308959961,92.22000122070312,95.43000030517578,91.80000305175781,94.5199966430664,60710900,GOOGL
2022-10-28,95.38236999511719,96.29000091552734,96.55000305175781,92.12999725341797,92.2699966430664,43697300,GOOGL
2022-10-31,93.61914825439453,94.51000213623047,96.02999877929688,93.9800033569336,95.41999816894531,31675000,GOOGL
2022-11-01,89.61722564697266,90.47000122070312,96.02999877929688,90.37000274658203,95.44999694824219,47161400,GOOGL
2022-11-02,86.15021514892578,86.97000122070312,91.18000030517578,86.87999725341797,90.94000244140625,57038300,GOOGL
2022-11-03,82.6435775756836,83.43000030517578,86.5199966430664,83.33999633789062,86.31999969482422,61288000,GOOGL
2022-11-04,85.76390075683594,86.58000183105469,86.63999938964844,83.70999908447266,85.4000015258789,51124900,GOOGL
2022-11-07,87.65589141845703,88.48999786376953,88.9000015258789,86.8499984741211,87.27999877929688,34078900,GOOGL
2022-11-08,88.06201934814453,88.9000015258789,90.31999969482422,87.58999633789062,88.9000015258789,30429000,GOOGL
2022-11-09,86.49691772460938,87.31999969482422,89.44000244140625,87.27999877929688,88.44999694824219,31769100,GOOGL
2022-11-10,93.05451965332031,93.94000244140625,94.38999938964844,91.61000061035156,92.25,51620100,GOOGL
2022-11-11,95.50125122070312,96.41000366210938,96.93000030517578,93.91999816894531,94.69000244140625,33090500,GOOGL
2022-11-14,94.79792022705078,95.69999694824219,96.79000091552734,94.51000213623047,95.08999633789062,30179500,GOOGL
2022-11-15,97.5121078491211,98.44000244140625,100.13999938964844,96.70999908447266,98.26000213623047,41640800,GOOGL
2022-11-16,97.91825103759766,98.8499984741211,99.63999938964844,97.63999938964844,97.9000015258789,29105200,GOOGL
2022-11-17,97.432861328125,98.36000061035156,99.27999877929688,96.79000091552734,96.97000122070312,26052600,GOOGL
2022-11-18,96.5116195678711,97.43000030517578,98.9000015258789,96.37000274658203,98.7699966430664,28342300,GOOGL
2022-11-21,94.6988754272461,95.5999984741211,98.4000015258789,95.36000061035156,97.29000091552734,21647400,GOOGL
2022-11-22,96.13521575927734,97.05000305175781,97.22000122070312,94.05000305175781,95.94999694824219,23438500,GOOGL
2022-11-23,97.53190612792969,98.45999908447266,98.76000213623047,97.08999633789062,97.08999633789062,18868100,GOOGL
2022-11-25,96.54135131835938,97.45999908447266,98.63999938964844,97.4000015258789,98.23999786376953,9701400,GOOGL
2022-11-28,95.14463806152344,96.05000305175781,97.58000183105469,95.61000061035156,97.04000091552734,26237500,GOOGL
2022-11-29,94.29275512695312,95.19000244140625,96.12000274658203,94.11000061035156,95.7300033569336,20061700,GOOGL
2022-11-30,100.03805541992188,100.98999786376953,101.04000091552734,94.41999816894531,94.81999969482422,43647500,GOOGL
2022-12-01,100.03805541992188,100.98999786376953,102.25,100.25,101.0199966430664,28687100,GOOGL
2022-12-02,99.49325561523438,100.44000244140625,100.7699966430664,98.9000015258789,99.05000305175781,21480700,GOOGL
2022-12-05,98.54229736328125,99.4800033569336,101.37999725341797,99.0,99.4000015258789,24405100,GOOGL
2022-12-06,96.06587219238281,96.9800033569336,99.77999877929688,96.41999816894531,99.30000305175781,24910700,GOOGL
2022-12-07,94.04509735107422,94.94000244140625,96.87999725341797,94.72000122070312,96.41000366210938,31045400,GOOGL
2022-12-08,92.8266830444336,93.70999908447266,95.58000183105469,93.44999694824219,95.37999725341797,32213300,GOOGL
2022-12-09,91.9549789428711,92.83000183105469,94.26000213623047,92.75,93.7699966430664,28225400,GOOGL
2022-12-12,92.43045043945312,93.30999755859375,93.55999755859375,91.61000061035156,92.70999908447266,29420000,GOOGL
2022-12-13,94.72858428955078,95.62999725341797,99.52999877929688,95.02999877929688,97.76000213623047,40593700,GOOGL
2022-12-14,94.17388153076172,95.06999969482422,96.87000274658203,93.5999984741211,95.19999694824219,28733600,GOOGL
2022-12-15,90.0035629272461,90.86000061035156,93.63999938964844,90.01000213623047,93.12999725341797,40107000,GOOGL
2022-12-16,89.40921020507812,90.26000213623047,91.33000183105469,89.5199966430664,90.76000213623047,58011800,GOOGL
2022-12-19,87.60636138916016,88.44000244140625,90.55999755859375,88.20999908447266,90.26000213623047,29493000,GOOGL
2022-12-20,88.1808853149414,89.0199966430664,89.18000030517578,87.44000244140625,88.11000061035156,23453800,GOOGL
2022-12-21,88.7356185913086,89.58000183105469,90.22000122070312,88.31999969482422,89.08000183105469,24745600,GOOGL
2022-12-22,86.93277740478516,87.76000213623047,88.54000091552734,86.31999969482422,88.16000366210938,27658300,GOOGL
2022-12-23,88.388916015625,89.2300033569336,89.55000305175781,87.06999969482422,87.11000061035156,23003000,GOOGL
2022-12-27,86.56625366210938,87.38999938964844,88.94000244140625,87.01000213623047,88.80000305175781,20097300,GOOGL
2022-12-28,85.20918273925781,86.0199966430664,88.04000091552734,85.94000244140625,86.9800033569336,19523200,GOOGL
2022-12-29,87.61625671386719,88.44999694824219,88.8499984741211,86.61000061035156,86.62000274658203,23333500,GOOGL
2022-12-30,87.39834594726562,88.2300033569336,88.30000305175781,86.56999969482422,86.9800033569336,23986300,GOOGL
2023-01-03,88.27994537353516,89.12000274658203,91.05000305175781,88.5199966430664,89.58999633789062,28131200,GOOGL
2023-01-04,87.249755859375,88.08000183105469,90.6500015258789,87.2699966430664,90.3499984741211,34854800,GOOGL
2023-01-05,85.38748931884766,86.19999694824219,87.56999969482422,85.9000015258789,87.47000122070312,27194400,GOOGL
2023-01-06,86.5167236328125,87.33999633789062,87.69000244140625,84.86000061035156,86.79000091552734,41381500,GOOGL
2023-01-09,87.19032287597656,88.0199966430664,90.05000305175781,87.86000061035156,88.36000061035156,29003900,GOOGL
2023-01-10,87.5865478515625,88.41999816894531,88.66999816894531,85.83000183105469,85.9800033569336,30467800,GOOGL
2023-01-11,90.6573257446289,91.5199966430664,91.5999984741211,89.01000213623047,89.18000030517578,26862000,GOOGL
2023-01-12,90.27100372314453,91.12999725341797,91.87000274658203,89.75,91.4800033569336,30258100,GOOGL
2023-01-13,91.25167083740234,92.12000274658203,92.19000244140625,90.12999725341797,90.8499984741211,26329200,GOOGL
2023-01-17,90.42950439453125,91.29000091552734,92.25,90.05000305175781,92.05999755859375,32602400,GOOGL
2023-01-18,90.26111602783203,91.12000274658203,92.80000305175781,90.63999938964844,92.13999938964844,29116700,GOOGL
2023-01-19,92.17290496826172,93.05000305175781,93.61000061035156,90.62999725341797,90.72000122070312,37000400,GOOGL
2023-01-20,97.0960693359375,98.0199966430664,98.30000305175781,95.0199966430664,95.0999984741211,63191100,GOOGL
2023-01-23,98.84938049316406,99.79000091552734,100.04000091552734,97.5,97.94999694824219,40005100,GOOGL
2023-01-24,96.7790756225586,97.69999694824219,99.61000061035156,97.19999694824219,98.0999984741211,33078500,GOOGL
2023-01-25,94.32244873046875,95.22000122070312,96.16000366210938,93.76000213623047,95.56999969482422,42330000,GOOGL
2023-01-26,96.60078430175781,97.5199966430664,97.56999969482422,95.37999725341797,96.5,30114000,GOOGL
2023-01-27,98.43334197998047,99.37000274658203,100.31999969482422,97.30999755859375,97.30999755859375,33879800,GOOGL
2023-01-30,96.02625274658203,96.94000244140625,98.29000091552734,96.4000015258789,97.4800033569336,27226200,GOOGL
2023-01-31,97.90834045410156,98.83999633789062,98.87999725341797,96.81999969482422,96.87000274658203,29870700,GOOGL
2023-02-01,99.48335266113281,100.43000030517578,101.19000244140625,97.58000183105469,98.70999908447266,35531100,GOOGL
2023-02-02,106.72444152832031,107.73999786376953,107.8499984741211,105.61000061035156,105.80000305175781,69883800,GOOGL
2023-02-03,103.79235076904297,104.77999877929688,107.80999755859375,102.58000183105469,102.93000030517578,65309300,GOOGL
2023-02-06,101.93006134033203,102.9000015258789,104.36000061035156,101.87999725341797,102.4000015258789,31999600,GOOGL
2023-02-07,106.6253890991211,107.63999938964844,108.18000030517578,103.12000274658203,103.22000122070312,49010200,GOOGL
2023-02-08,98.43334197998047,99.37000274658203,103.13999938964844,98.04000091552734,102.05000305175781,94743500,GOOGL
2023-02-09,94.11444091796875,95.01000213623047,100.02999877929688,93.62999725341797,100.0,119455000,GOOGL
2023-02-10,93.6785888671875,94.56999969482422,96.75,94.25,95.44999694824219,54980700,GOOGL
2023-02-13,93.71820831298828,94.61000061035156,95.19999694824219,93.83999633789062,94.73999786376953,50076100,GOOGL
2023-02-14,93.78754425048828,94.68000030517578,94.8499984741211,92.26000213623047,94.43000030517578,54726100,GOOGL
2023-02-15,96.02625274658203,96.94000244140625,97.12000274658203,94.1500015258789,94.48999786376953,50169000,GOOGL
2023-02-16,94.6097183227539,95.51000213623047,97.68000030517578,94.73999786376953,95.37000274658203,42462600,GOOGL
2023-02-17,93.46065521240234,94.3499984741211,95.55999755859375,93.20999908447266,94.8499984741211,34284100,GOOGL
2023-02-21,90.92479705810547,91.79000091552734,93.0999984741211,91.72000122070312,93.0,33629300,GOOGL
2023-02-22,90.78611755371094,91.6500015258789,92.11000061035156,90.61000061035156,91.69999694824219,30884000,GOOGL
2023-02-23,90.03326416015625,90.88999938964844,91.94000244140625,89.76000213623047,91.91999816894531,41206400,GOOGL
2023-02-24,88.28986358642578,89.12999725341797,89.88999938964844,88.58000183105469,89.44000244140625,36585100,GOOGL
2023-02-27,89.02288818359375,89.87000274658203,90.16000366210938,89.33999633789062,89.87000274658203,27502300,GOOGL
2023-02-28,89.21109771728516,90.05999755859375,91.2300033569336,89.31999969482422,89.33000183105469,30142000,GOOGL
2023-03-01,89.50826263427734,90.36000061035156,91.02999877929688,89.66999816894531,89.9800033569336,31111200,GOOGL
2023-03-02,91.1328125,92.0,92.27999877929688,89.58999633789062,89.66000366210938,32204400,GOOGL
2023-03-03,92.76725006103516,93.6500015258789,93.7300033569336,92.44999694824219,92.4800033569336,35160100,GOOGL
2023-03-06,94.23330688476562,95.12999725341797,95.97000122070312,94.0,94.0199966430664,32639300,GOOGL
2023-03-07,92.97528076171875,93.86000061035156,95.66999816894531,93.52999877929688,94.9800033569336,27835500,GOOGL
2023-03-08,93.3615951538086,94.25,95.95999908447266,94.0,94.12000274658203,34103300,GOOGL
2023-03-09,91.44978332519531,92.31999969482422,95.52999877929688,91.9000015258789,94.05000305175781,28813500,GOOGL
2023-03-10,89.77571105957031,90.62999725341797,92.79000091552734,90.4000015258789,92.16999816894531,35941000,GOOGL
2023-03-13,90.25118255615234,91.11000061035156,92.56999969482422,89.41999816894531,90.08999633789062,37335600,GOOGL
2023-03-14,93.08424377441406,93.97000122070312,94.36000061035156,92.44000244140625,92.55999755859375,36050200,GOOGL
2023-03-15,95.20405578613281,96.11000061035156,96.93000030517578,92.63999938964844,93.22000122070312,50622100,GOOGL
2023-03-16,99.37437438964844,100.31999969482422,101.19000244140625,95.5,96.19999694824219,65492000,GOOGL
2023-03-17,100.66212463378906,101.62000274658203,102.83999633789062,100.0999984741211,100.26000213623047,61028500,GOOGL
2023-03-20,100.26590728759766,101.22000122070312,101.75,99.87000274658203,100.12000274658203,32960400,GOOGL
2023-03-21,103.9310302734375,104.91999816894531,105.0999984741211,101.22000122070312,101.25,42110300,GOOGL
2023-03-22,102.39563751220703,103.37000274658203,106.58999633789062,103.33000183105469,104.2699966430664,43427400,GOOGL
2023-03-23,104.60462188720703,105.5999984741211,106.30000305175781,104.45999908447266,105.05999755859375,40797800,GOOGL
2023-03-24,104.44612884521484,105.44000244140625,105.48999786376953,103.83999633789062,104.98999786376953,30393300,GOOGL
2023-03-27,101.49420928955078,102.45999908447266,104.76000213623047,101.93000030517578,104.62000274658203,31120900,GOOGL
2023-03-28,100.07768249511719,101.02999877929688,102.44999694824219,99.73999786376953,102.44000244140625,32057900,GOOGL
2023-03-29,100.43429565429688,101.38999938964844,102.48999786376953,100.6500015258789,102.27999877929688,28779600,GOOGL
2023-03-30,99.93900299072266,100.88999938964844,101.16000366210938,99.77999877929688,100.91000366210938,33086200,GOOGL
2023-03-31,102.75225067138672,103.7300033569336,103.88999938964844,101.04000091552734,101.30000305175781,36863400,GOOGL
2023-04-03,103.37631225585938,104.36000061035156,104.52999877929688,101.93000030517578,102.38999938964844,25035400,GOOGL
2023-04-04,103.73291015625,104.72000122070312,105.58000183105469,104.04000091552734,104.33000183105469,24420100,GOOGL
2023-04-05,103.48527526855469,104.47000122070312,106.0999984741211,103.66000366210938,105.77999877929688,28290500,GOOGL
2023-04-06,107.39801788330078,108.41999816894531,109.16999816894531,104.33000183105469,105.26000213623047,48711500,GOOGL
2023-04-10,105.43669128417969,106.44000244140625,107.58999633789062,105.12000274658203,106.9800033569336,27067400,GOOGL
2023-04-11,104.35696411132812,105.3499984741211,106.7300033569336,104.68000030517578,106.55000305175781,26311800,GOOGL
2023-04-12,103.65365600585938,104.63999938964844,106.75,104.33999633789062,106.58000183105469,24370300,GOOGL
2023-04-13,106.4173583984375,107.43000030517578,107.48999786376953,105.83999633789062,105.83999633789062,24843600,GOOGL
2023-04-14,107.84379577636719,108.87000274658203,108.94000244140625,106.83999633789062,106.88999938964844,26578000,GOOGL
2023-04-17,104.97112274169922,105.97000122070312,106.16000366210938,104.5199966430664,104.66000366210938,37571200,GOOGL
2023-04-18,103.51497650146484,104.5,106.54000091552734,104.06999969482422,106.48999786376953,26596400,GOOGL
2023-04-19,103.19801330566406,104.18000030517578,104.9800033569336,103.06999969482422,103.58000183105469,20905700,GOOGL
2023-04-20,104.29753112792969,105.29000091552734,106.25,103.87000274658203,103.91000366210938,27820800,GOOGL
2023-04-21,104.41639709472656,105.41000366210938,106.0,104.77999877929688,105.47000122070312,25800100,GOOGL
2023-04-24,104.97112274169922,105.97000122070312,106.62999725341797,104.69999694824219,105.48999786376953,23542800,GOOGL
2023-04-25,102.8711166381836,103.8499984741211,106.69000244140625,103.83999633789062,105.83000183105469,46664100,GOOGL
2023-04-26,102.732421875,103.70999908447266,106.3499984741211,102.62999725341797,104.91999816894531,53347600,GOOGL
2023-04-27,106.57585144042969,107.58999633789062,108.37000274658203,103.54000091552734,104.44999694824219,50089200,GOOGL
2023-04-28,106.32820129394531,107.33999633789062,107.3499984741211,105.08999633789062,107.04000091552734,36139800,GOOGL
2023-05-01,106.18953704833984,107.19999694824219,107.98999786376953,106.81999969482422,106.83999633789062,26681700,GOOGL
2023-05-02,104.32726287841797,105.31999969482422,107.19999694824219,103.70999908447266,107.13999938964844,30997200,GOOGL
2023-05-03,104.41639709472656,105.41000366210938,107.48999786376953,104.95999908447266,105.52999877929688,21795400,GOOGL
2023-05-04,103.70318603515625,104.69000244140625,105.5999984741211,103.97000122070312,105.48999786376953,23419500,GOOGL
2023-05-05,104.57489776611328,105.56999969482422,105.87999725341797,104.11000061035156,104.81999969482422,26639300,GOOGL
2023-05-08,106.75415802001953,107.7699966430664,107.95999908447266,105.16000366210938,105.18000030517578,26511400,GOOGL
2023-05-09,106.33811950683594,107.3499984741211,110.1500015258789,107.19000244140625,108.38999938964844,36360100,GOOGL
2023-05-10,110.69664001464844,111.75,112.94000244140625,107.93000030517578,107.97000122070312,63153400,GOOGL
2023-05-11,115.47122192382812,116.56999969482422,117.91999816894531,114.41000366210938,115.4000015258789,78900000,GOOGL
2023-05-12,116.40235900878906,117.51000213623047,118.02999877929688,116.11000061035156,116.68000030517578,41102300,GOOGL
2023-05-15,115.41178131103516,116.51000213623047,118.4800033569336,116.01000213623047,116.11000061035156,36266800,GOOGL
2023-05-16,118.38349914550781,119.51000213623047,120.75,116.43000030517578,116.48999786376953,45035600,GOOGL
2023-05-17,119.70095825195312,120.83999633789062,121.66999816894531,118.88999938964844,119.61000061035156,33323600,GOOGL
2023-05-18,121.67221069335938,122.83000183105469,123.30999755859375,120.83000183105469,120.94999694824219,35234200,GOOGL
2023-05-19,121.60285949707031,122.76000213623047,125.97000122070312,122.1500015258789,123.55000305175781,41353400,GOOGL
2023-05-22,123.87127685546875,125.05000305175781,126.43000030517578,122.73999786376953,122.94000244140625,35253000,GOOGL
2023-05-23,121.4047622680664,122.55999755859375,124.62999725341797,122.20999908447266,124.16000366210938,34046300,GOOGL
2023-05-24,119.7603988647461,120.9000015258789,121.91000366210938,119.86000061035156,121.12000274658203,34182600,GOOGL
2023-05-25,122.31607818603516,123.4800033569336,125.31999969482422,121.95999908447266,124.5199966430664,42317000,GOOGL
2023-05-26,123.43543243408203,124.61000061035156,125.26000213623047,122.44999694824219,123.16999816894531,35635900,GOOGL
2023-05-30,122.5042724609375,123.66999816894531,125.66000366210938,122.0,125.63999938964844,35076700,GOOGL
2023-05-31,121.71182250976562,122.87000274658203,124.05999755859375,122.5,122.75,37325800,GOOGL
2023-06-01,122.55381774902344,123.72000122070312,124.41999816894531,122.62000274658203,122.81999969482422,30772700,GOOGL
2023-06-02,123.49486541748047,124.66999816894531,126.1500015258789,123.76000213623047,123.98999786376953,26980100,GOOGL
2023-06-05,124.82222747802734,126.01000213623047,127.43000030517578,123.83999633789062,124.01000213623047,32305500,GOOGL
2023-06-06,126.10997009277344,127.30999755859375,128.2899932861328,125.36000061035156,126.01000213623047,26638300,GOOGL
2023-06-07,121.34530639648438,122.5,129.0399932861328,122.12000274658203,126.97000122070312,52539000,GOOGL
2023-06-08,120.98868560791016,122.13999938964844,123.2300033569336,121.23999786376953,122.2300033569336,29389200,GOOGL
2023-06-09,121.07786560058594,122.2300033569336,123.76000213623047,121.91000366210938,122.25,23778300,GOOGL
2023-06-12,122.4745864868164,123.63999938964844,124.05000305175781,121.66000366210938,122.79000091552734,28306400,GOOGL
2023-06-13,122.66278076171875,123.83000183105469,125.16000366210938,123.18000030517578,124.9800033569336,22278300,GOOGL
2023-06-14,122.5042724609375,123.66999816894531,124.05000305175781,121.44999694824219,123.0999984741211,30592300,GOOGL
2023-06-15,123.91091918945312,125.08999633789062,125.45999908447266,122.4000015258789,123.13999938964844,35246300,GOOGL
2023-06-16,122.3656005859375,123.52999877929688,126.11000061035156,123.27999877929688,125.93000030517578,45535600,GOOGL
2023-06-20,121.93966674804688,123.0999984741211,124.56999969482422,122.13999938964844,122.93000030517578,26097500,GOOGL
2023-06-21,119.41370391845703,120.55000305175781,122.66000366210938,120.0999984741211,122.4000015258789,30306300,GOOGL
2023-06-22,121.98917388916016,123.1500015258789,123.23999786376953,118.83000183105469,120.0,26952200,GOOGL
2023-06-23,121.18682098388672,122.33999633789062,122.79000091552734,121.05999755859375,121.37999725341797,34913600,GOOGL
2023-06-26,117.22451782226562,118.33999633789062,122.0,118.2699966430664,120.76000213623047,33969900,GOOGL
2023-06-27,117.2146224975586,118.33000183105469,119.08000183105469,116.0999984741211,117.08000183105469,39535900,GOOGL
2023-06-28,119.04718780517578,120.18000030517578,120.38999938964844,116.8499984741211,117.08999633789062,27091400,GOOGL
2023-06-29,117.97736358642578,119.0999984741211,120.05999755859375,118.30000305175781,119.23999786376953,24090900,GOOGL
2023-06-30,118.57170867919922,119.69999694824219,121.08000183105469,119.69000244140625,120.16999816894531,29532200,GOOGL
2023-07-03,118.76983642578125,119.9000015258789,120.19000244140625,118.81999969482422,119.23999786376953,14467900,GOOGL
2023-07-05,120.60237884521484,121.75,122.61000061035156,119.2300033569336,119.23999786376953,27584800,GOOGL
2023-07-06,118.97783660888672,120.11000061035156,120.30000305175781,118.4000015258789,119.80000305175781,24745200,GOOGL
2023-07-07,118.35379028320312,119.4800033569336,121.05000305175781,119.4000015258789,120.0999984741211,21709500,GOOGL
2023-07-10,115.35235595703125,116.44999694824219,118.30999755859375,116.13999938964844,118.30000305175781,35315200,GOOGL
2023-07-11,116.03582763671875,117.13999938964844,117.70999908447266,115.3499984741211,116.29000091552734,23078800,GOOGL
2023-07-12,117.80897521972656,118.93000030517578,120.33000183105469,118.41000366210938,118.80000305175781,30404400,GOOGL
2023-07-13,123.3660888671875,124.54000091552734,124.83000183105469,120.44999694824219,120.93000030517578,44297900,GOOGL
2023-07-14,124.23778533935547,125.41999816894531,126.77999877929688,123.48999786376953,124.80000305175781,33283100,GOOGL
2023-07-17,123.47505187988281,124.6500015258789,127.0999984741211,124.19999694824219,125.94000244140625,25716200,GOOGL
2023-07-18,122.59346008300781,123.76000213623047,124.68000030517578,122.95999908447266,124.5999984741211,26193600,GOOGL
2023-07-19,120.8797378540039,122.02999877929688,125.18000030517578,121.80000305175781,124.5999984741211,37224000,GOOGL
2023-07-20,118.07642364501953,119.19999694824219,124.08999633789062,118.22000122070312,121.41999816894531,37906800,GOOGL
2023-07-21,118.8886947631836,120.0199966430664,120.98999786376953,118.7300033569336,120.62000274658203,72937900,GOOGL
2023-07-24,120.38446044921875,121.52999877929688,123.0,120.9800033569336,121.66000366210938,29686100,GOOGL
2023-07-25,121.05804443359375,122.20999908447266,123.1500015258789,121.0199966430664,121.36000061035156,52509600,GOOGL
2023-07-26,128.05148315429688,129.27000427246094,130.97999572753906,128.32000732421875,130.07000732421875,61682100,GOOGL
2023-07-27,128.18026733398438,129.39999389648438,133.24000549316406,128.7899932861328,131.6699981689453,44952100,GOOGL
2023-07-28,131.33030700683594,132.5800018310547,133.74000549316406,130.57000732421875,130.77999877929688,36591200,GOOGL
2023-07-31,131.468994140625,132.72000122070312,133.52999877929688,131.77999877929688,132.72999572753906,28055500,GOOGL
2023-08-01,130.3100128173828,131.5500030517578,132.6300048828125,130.67999267578125,130.77999877929688,23166800,GOOGL
2023-08-02,127.1698989868164,128.3800048828125,130.08999633789062,127.55999755859375,129.4499969482422,26273300,GOOGL
2023-08-03,127.23922729492188,128.4499969482422,129.38999938964844,127.41999816894531,127.97000122070312,20089500,GOOGL
2023-08-04,126.90243530273438,128.11000061035156,131.50999450683594,127.91000366210938,129.27999877929688,26147200,GOOGL
2023-08-07,130.29019165039062,131.52999877929688,131.61000061035156,129.02000427246094,129.16000366210938,22746300,GOOGL
2023-08-08,130.1614227294922,131.39999389648438,131.50999450683594,129.5399932861328,130.6199951171875,23535200,GOOGL
2023-08-09,128.4378662109375,129.66000366210938,132.0399932861328,129.0,131.66000366210938,24912900,GOOGL
2023-08-10,128.46754455566406,129.69000244140625,132.0500030517578,129.4499969482422,131.32000732421875,20857800,GOOGL
2023-08-11,128.33877563476562,129.55999755859375,129.92999267578125,128.1699981689453,128.66000366210938,19591100,GOOGL
2023-08-14,130.09207153320312,131.3300018310547,131.3699951171875,128.9600067138672,129.38999938964844,24695600,GOOGL
2023-08-15,128.55670166015625,129.77999877929688,131.4199981689453,129.27999877929688,131.10000610351562,19770700,GOOGL
2023-08-16,127.48687744140625,128.6999969482422,130.27999877929688,127.87000274658203,128.6999969482422,25216100,GOOGL
2023-08-17,128.69537353515625,129.9199981689453,131.99000549316406,129.2899932861328,129.8000030517578,33446300,GOOGL
2023-08-18,126.25856018066406,127.45999908447266,129.25,126.37999725341797,128.50999450683594,30504800,GOOGL
2023-08-21,127.15997314453125,128.3699951171875,128.72999572753906,126.55999755859375,127.18000030517578,25248700,GOOGL
2023-08-22,127.8633041381836,129.0800018310547,130.27999877929688,128.32000732421875,128.50999450683594,22054900,GOOGL
2023-08-23,131.12228393554688,132.3699951171875,133.41000366210938,129.8699951171875,130.17999267578125,27819700,GOOGL
2023-08-24,128.55670166015625,129.77999877929688,134.25,129.57000732421875,133.9499969482422,28500700,GOOGL
2023-08-25,128.65574645996094,129.8800048828125,130.75999450683594,127.25,129.5399932861328,26762900,GOOGL
2023-08-28,129.7751007080078,131.00999450683594,132.5399932861328,130.13999938964844,131.30999755859375,20543300,GOOGL
2023-08-29,133.30154418945312,134.57000732421875,136.57000732421875,132.24000549316406,132.24000549316406,43075600,GOOGL
2023-08-30,134.59918212890625,135.8800048828125,136.27999877929688,134.07000732421875,134.77999877929688,28315800,GOOGL
2023-08-31,134.886474609375,136.1699981689453,138.0,135.7899932861328,136.00999450683594,30053800,GOOGL
2023-09-01,134.38128662109375,135.66000366210938,137.4600067138672,134.85000610351562,137.4600067138672,21543700,GOOGL
2023-09-05,134.49024963378906,135.77000427246094,136.4199981689453,134.5800018310547,135.44000244140625,19403100,GOOGL
2023-09-06,133.19259643554688,134.4600067138672,136.52999877929688,133.6699981689453,136.02000427246094,18684500,GOOGL
2023-09-07,133.98504638671875,135.25999450683594,135.5800018310547,132.9499969482422,133.58999633789062,18844300,GOOGL
2023-09-08,135.09449768066406,136.3800048828125,136.66000366210938,134.85000610351562,134.91000366210938,23558300,GOOGL
2023-09-11,135.62940979003906,136.9199981689453,137.47999572753906,135.7899932861328,136.5399932861328,20763400,GOOGL
2023-09-12,134.06430053710938,135.33999633789062,136.8699951171875,135.19000244140625,136.25999450683594,18405500,GOOGL
2023-09-13,135.42135620117188,136.7100067138672,136.89999389648438,134.14999389648438,135.08999633789062,20749500,GOOGL
2023-09-14,136.7982635498047,138.10000610351562,138.6999969482422,136.24000549316406,137.60000610351562,24751000,GOOGL
2023-09-15,136.10488891601562,137.39999389648438,138.52000427246094,136.47999572753906,137.97999572753906,38919600,GOOGL
2023-09-18,136.9072265625,138.2100067138672,139.16000366210938,136.61000061035156,136.61000061035156,21861300,GOOGL
2023-09-19,136.73883056640625,138.0399932861328,138.41000366210938,136.6199951171875,137.4199981689453,20353700,GOOGL
2023-09-20,132.47935485839844,133.74000549316406,138.0800018310547,133.6199951171875,138.0800018310547,29927500,GOOGL
2023-09-21,129.21047973632812,130.44000244140625,132.22999572753906,130.07000732421875,131.44000244140625,31503900,GOOGL
2023-09-22,129.0222625732422,130.25,132.02999877929688,129.60000610351562,130.75999450683594,26397300,GOOGL
2023-09-25,129.87416076660156,131.11000061035156,131.1699981689453,128.9600067138672,129.8300018310547,20094600,GOOGL
2023-09-26,127.35811614990234,128.57000732421875,130.36000061035156,127.22000122070312,129.77000427246094,25718700,GOOGL
2023-09-27,129.30950927734375,130.5399932861328,130.89999389648438,128.57000732421875,128.57000732421875,22746500,GOOGL
2023-09-28,131.06285095214844,132.30999755859375,133.3000030517578,129.7899932861328,129.83999633789062,22513100,GOOGL
2023-09-29,129.6265411376953,130.86000061035156,134.0500030517578,130.36000061035156,133.27999877929688,30859800,GOOGL
2023-10-02,132.90530395507812,134.1699981689453,134.4199981689453,131.1699981689453,131.2100067138672,22288000,GOOGL
2023-10-03,131.1817169189453,132.42999267578125,134.25999450683594,131.83999633789062,133.94000244140625,22989400,GOOGL
2023-10-04,133.96524047851562,135.24000549316406,135.57000732421875,132.52999877929688,132.7899932861328,26752300,GOOGL
2023-10-05,133.79684448242188,135.07000732421875,135.49000549316406,133.4499969482422,135.07000732421875,19832600,GOOGL
2023-10-06,136.2831573486328,137.5800018310547,138.16000366210938,134.00999450683594,134.00999450683594,27597600,GOOGL
2023-10-09,137.11524963378906,138.4199981689453,138.94000244140625,135.61000061035156,136.94000244140625,19278100,GOOGL
2023-10-10,136.7586212158203,138.05999755859375,139.72000122070312,137.3300018310547,138.5,27786600,GOOGL
2023-10-11,139.2251739501953,140.5500030517578,141.11000061035156,138.5800018310547,138.5800018310547,25884300,GOOGL
2023-10-12,137.66006469726562,138.97000122070312,141.22000122070312,138.25999450683594,141.0500030517578,24765500,GOOGL
2023-10-13,136.06524658203125,137.36000061035156,140.0,136.6199951171875,139.3800048828125,23420500,GOOGL
2023-10-16,137.78884887695312,139.10000610351562,139.6300048828125,137.99000549316406,138.1699981689453,28501900,GOOGL
2023-10-17,138.40298461914062,139.72000122070312,139.89999389648438,137.17999267578125,138.6300048828125,23515800,GOOGL
2023-10-18,136.6595916748047,137.9600067138672,140.72000122070312,137.3800048828125,139.4499969482422,23375000,GOOGL
2023-10-19,136.4515838623047,137.75,139.66000366210938,137.3800048828125,138.5,26066000,GOOGL
2023-10-20,134.3218231201172,135.60000610351562,137.8699951171875,135.0800018310547,137.3300018310547,26335700,GOOGL
2023-10-23,135.21334838867188,136.5,137.66000366210938,133.9499969482422,135.0399932861328,26317900,GOOGL
2023-10-24,137.50157165527344,138.80999755859375,139.36000061035156,137.4199981689453,137.8300018310547,44814300,GOOGL
2023-10-25,124.4260025024414,125.61000061035156,128.30999755859375,125.06999969482422,128.16000366210938,84366200,GOOGL
2023-10-26,121.12738800048828,122.27999877929688,124.33000183105469,121.2699966430664,123.2699966430664,57061100,GOOGL
2023-10-27,121.0184326171875,122.16999816894531,123.30999755859375,120.20999908447266,122.87999725341797,44566500,GOOGL
2023-10-30,123.28683471679688,124.45999908447266,125.4000015258789,122.75,123.20999908447266,28940100,GOOGL
2023-10-31,122.91041564941406,124.08000183105469,125.37000274658203,122.69000244140625,125.05999755859375,26292300,GOOGL
2023-11-01,125.2580795288086,126.44999694824219,126.48999786376953,123.72000122070312,124.06999969482422,30082400,GOOGL
2023-11-02,126.28827667236328,127.48999786376953,128.97999572753906,126.93000030517578,128.4199981689453,27124600,GOOGL
2023-11-03,127.88311004638672,129.10000610351562,129.52999877929688,127.86000061035156,128.02000427246094,26393100,GOOGL
2023-11-06,129.0222625732422,130.25,130.33999633789062,128.6699981689453,129.0500030517578,19052700,GOOGL
2023-11-07,129.7354736328125,130.97000122070312,131.91000366210938,129.8800048828125,130.7100067138672,29757300,GOOGL
2023-11-08,130.59727478027344,131.83999633789062,132.2100067138672,130.77999877929688,130.97000122070312,26425800,GOOGL
2023-11-09,129.0123748779297,130.24000549316406,132.5500030517578,130.07000732421875,131.9600067138672,23747800,GOOGL
2023-11-10,131.3402099609375,132.58999633789062,132.8000030517578,129.41000366210938,130.10000610351562,26913300,GOOGL
2023-11-13,130.84487915039062,132.08999633789062,132.58999633789062,131.25,131.77999877929688,18324800,GOOGL
2023-11-14,132.36048889160156,133.6199951171875,135.6999969482422,133.32000732421875,134.19000244140625,32395200,GOOGL
2023-11-15,133.35107421875,134.6199951171875,135.02999877929688,133.57000732421875,134.8699951171875,23861500,GOOGL
2023-11-16,135.63929748535156,136.92999267578125,137.22000122070312,134.32000732421875,135.19000244140625,28013200,GOOGL
2023-11-17,134.03457641601562,135.30999755859375,136.05999755859375,133.64999389648438,136.0,37240600,GOOGL
2023-11-20,134.9657440185547,136.25,136.66000366210938,133.6199951171875,133.69000244140625,27815500,GOOGL
2023-11-21,135.678955078125,136.97000122070312,137.17999267578125,135.9600067138672,136.2899932861328,22635300,GOOGL
2023-11-22,137.18458557128906,138.49000549316406,139.4199981689453,137.47000122070312,137.47000122070312,17813900,GOOGL
2023-11-24,135.40158081054688,136.69000244140625,138.1300048828125,135.99000549316406,138.02999877929688,12514300,GOOGL
2023-11-27,135.12420654296875,136.41000366210938,138.4199981689453,136.0,136.02999877929688,23436500,GOOGL
2023-11-28,135.90675354003906,137.1999969482422,137.25,135.4199981689453,136.0800018310547,18730000,GOOGL
2023-11-29,133.7175750732422,134.99000549316406,138.2899932861328,134.83999633789062,137.57000732421875,23967200,GOOGL
2023-11-30,131.28076171875,132.52999877929688,135.5500030517578,131.27999877929688,135.0500030517578,38988300,GOOGL
2023-12-01,130.61708068847656,131.86000061035156,132.11000061035156,130.6699981689453,131.86000061035156,31442300,GOOGL
2023-12-04,128.05148315429688,129.27000427246094,130.02999877929688,127.9000015258789,129.8800048828125,36669900,GOOGL
2023-12-05,129.7552947998047,130.99000549316406,132.13999938964844,128.25,128.9499969482422,27384800,GOOGL
2023-12-06,128.79441833496094,130.02000427246094,131.83999633789062,129.8800048828125,131.44000244140625,23576200,GOOGL
2023-12-07,135.63929748535156,136.92999267578125,138.55999755859375,134.6999969482422,135.0399932861328,56767100,GOOGL
2023-12-08,133.7175750732422,134.99000549316406,136.39999389648438,134.02999877929688,134.1999969482422,32260100,GOOGL
2023-12-11,132.03359985351562,133.2899932861328,133.33999633789062,131.36000061035156,132.3800048828125,31138000,GOOGL
2023-12-12,131.2708740234375,132.52000427246094,133.0,131.25999450683594,131.80999755859375,29032800,GOOGL
2023-12-13,131.32040405273438,132.57000732421875,133.5,131.57000732421875,133.3800048828125,30104800,GOOGL
2023-12-14,130.6963348388672,131.94000244140625,133.72000122070312,129.69000244140625,133.3800048828125,38722400,GOOGL
2023-12-15,131.35012817382812,132.60000610351562,133.50999450683594,131.17999267578125,131.6199951171875,50847100,GOOGL
2023-12-18,134.5199432373047,135.8000030517578,137.14999389648438,132.42999267578125,132.6300048828125,32258000,GOOGL
2023-12-19,135.3619384765625,136.64999389648438,137.47000122070312,136.0800018310547,136.83999633789062,25476800,GOOGL
2023-12-20,137.0360107421875,138.33999633789062,141.6999969482422,138.07000732421875,138.97000122070312,49107200,GOOGL
2023-12-21,139.09640502929688,140.4199981689453,140.69000244140625,139.17999267578125,139.49000549316406,27488300,GOOGL
2023-12-22,140.1563262939453,141.49000549316406,141.99000549316406,140.7100067138672,140.77000427246094,26532200,GOOGL
2023-12-26,140.18605041503906,141.52000427246094,142.67999267578125,141.19000244140625,141.58999633789062,16780300,GOOGL
2023-12-27,139.04685974121094,140.3699951171875,142.0800018310547,139.88999938964844,141.58999633789062,19628600,GOOGL
2023-12-28,138.90818786621094,140.22999572753906,141.13999938964844,139.75,140.77999877929688,16045700,GOOGL
2023-12-29,138.37327575683594,139.69000244140625,140.36000061035156,138.77999877929688,139.6300048828125,18733000,GOOGL
2024-01-02,136.86761474609375,138.1699981689453,139.4499969482422,136.47999572753906,138.5500030517578,23711200,GOOGL
2024-01-03,137.61053466796875,138.9199981689453,139.6300048828125,137.0800018310547,137.25,24212100,GOOGL
2024-01-04,135.10438537597656,136.38999938964844,139.16000366210938,136.35000610351562,138.4199981689453,27137700,GOOGL
2024-01-05,134.45059204101562,135.72999572753906,137.16000366210938,135.14999389648438,136.75,22513900,GOOGL
2024-01-08,137.5313262939453,138.83999633789062,139.00999450683594,136.25999450683594,136.2899932861328,21404000,GOOGL
2024-01-09,139.6214141845703,140.9499969482422,141.49000549316406,138.14999389648438,138.5,24759600,GOOGL
2024-01-10,140.93885803222656,142.27999877929688,143.0,140.91000366210938,141.0,21320200,GOOGL
2024-01-11,140.74075317382812,142.0800018310547,145.22000122070312,140.63999938964844,143.49000549316406,24008700,GOOGL
2024-01-12,141.30540466308594,142.64999389648438,143.1999969482422,141.82000732421875,142.6699981689453,18785500,GOOGL
2024-01-16,141.14691162109375,142.49000549316406,144.35000610351562,141.4499969482422,142.0,22670500,GOOGL
2024-01-17,140.1365203857422,141.47000122070312,141.83999633789062,138.89999389648438,141.35000610351562,20968600,GOOGL
2024-01-18,142.1275634765625,143.47999572753906,144.2100067138672,141.99000549316406,142.0500030517578,25746400,GOOGL
2024-01-19,145.00021362304688,146.3800048828125,146.4499969482422,144.3800048828125,144.74000549316406,34271900,GOOGL
2024-01-22,144.6138916015625,145.99000549316406,148.38999938964844,145.83999633789062,147.10000610351562,32200400,GOOGL
2024-01-23,145.65399169921875,147.0399932861328,147.17999267578125,145.5,145.88999938964844,21636100,GOOGL
2024-01-24,147.29837036132812,148.6999969482422,149.85000610351562,148.10000610351562,148.5399932861328,25233500,GOOGL
2024-01-25,150.4384765625,151.8699951171875,153.0500030517578,149.5399932861328,150.07000732421875,29149100,GOOGL
2024-01-26,150.75546264648438,152.19000244140625,152.5399932861328,151.00999450683594,151.10000610351562,26115500,GOOGL
2024-01-29,152.06301879882812,153.50999450683594,153.77999877929688,151.42999267578125,152.05999755859375,27784300,GOOGL
2024-01-30,150.03233337402344,151.4600067138672,153.6199951171875,151.19000244140625,152.8000030517578,36331800,GOOGL
2024-01-31,138.77943420410156,140.10000610351562,144.0,139.8699951171875,143.6199951171875,71910000,GOOGL
2024-02-01,139.82943725585938,141.16000366210938,143.05999755859375,140.7899932861328,142.1199951171875,40466500,GOOGL
2024-02-02,141.0379180908203,142.3800048828125,142.6199951171875,136.5,139.25999450683594,62499600,GOOGL
2024-02-05,142.32568359375,143.67999267578125,145.47000122070312,142.77999877929688,142.82000732421875,38505400,GOOGL
2024-02-06,142.74171447753906,144.10000610351562,145.36000061035156,143.19000244140625,144.64999389648438,29128200,GOOGL
2024-02-07,144.16812133789062,145.5399932861328,145.6199951171875,143.92999267578125,144.75999450683594,25208900,GOOGL
2024-02-08,144.53466796875,145.91000366210938,146.3300018310547,145.10000610351562,145.8300018310547,22563800,GOOGL
2024-02-09,147.5955352783203,149.0,149.44000244140625,146.17999267578125,146.67999267578125,26829500,GOOGL
2024-02-12,146.1393585205078,147.52999877929688,149.33999633789062,147.3699951171875,148.4199981689453,21564100,GOOGL
2024-02-13,143.77191162109375,145.13999938964844,146.6699981689453,143.69000244140625,144.9199981689453,27837700,GOOGL
2024-02-14,144.5643768310547,145.94000244140625,146.52000427246094,144.08999633789062,146.0800018310547,22704200,GOOGL
2024-02-15,141.4242706298828,142.77000427246094,143.52000427246094,140.4600067138672,143.13999938964844,37590700,GOOGL
2024-02-16,139.19546508789062,140.52000427246094,143.19000244140625,140.13999938964844,142.99000549316406,31468900,GOOGL
2024-02-20,139.789794921875,141.1199951171875,142.0800018310547,139.49000549316406,139.66000366210938,25144700,GOOGL
2024-02-21,141.20631408691406,142.5500030517578,142.69000244140625,140.67999267578125,141.4499969482422,23223300,GOOGL
2024-02-22,142.73179626464844,144.08999633789062,145.0,142.8000030517578,144.92999267578125,27191900,GOOGL
2024-02-23,142.60304260253906,143.9600067138672,144.67999267578125,143.42999267578125,143.6699981689453,19493800,GOOGL
2024-02-26,136.27330017089844,137.57000732421875,142.44000244140625,137.38999938964844,142.13999938964844,53641800,GOOGL
2024-02-27,137.5709228515625,138.8800048828125,139.25,137.08999633789062,138.02000427246094,33099200,GOOGL
2024-02-28,135.09449768066406,136.3800048828125,138.00999450683594,135.41000366210938,137.89999389648438,37328600,GOOGL
2024-02-29,137.15489196777344,138.4600067138672,138.86000061035156,136.39999389648438,137.27999877929688,42133000,GOOGL
2024-03-01,135.84732055664062,137.13999938964844,138.8699951171875,136.9199981689453,138.42999267578125,31151100,GOOGL
2024-03-04,132.0930633544922,133.35000610351562,135.66000366210938,131.91000366210938,135.66000366210938,55999400,GOOGL
2024-03-05,131.41946411132812,132.6699981689453,133.24000549316406,130.6699981689453,131.8800048828125,40194800,GOOGL
2024-03-06,130.1614227294922,131.39999389648438,133.5800018310547,130.85000610351562,133.1199951171875,35318600,GOOGL
2024-03-07,133.11334228515625,134.3800048828125,134.94000244140625,131.61000061035156,132.7899932861328,37738200,GOOGL
2024-03-08,134.1336212158203,135.41000366210938,138.08999633789062,134.0,134.2100067138672,39370400,GOOGL
2024-03-11,136.372314453125,137.6699981689453,139.10000610351562,136.1300048828125,136.1300048828125,32437800,GOOGL
2024-03-12,137.1945037841797,138.5,139.3800048828125,137.02999877929688,137.02999877929688,27563400,GOOGL
2024-03-13,138.47230529785156,139.7899932861328,141.08999633789062,138.99000549316406,139.0,23347200,GOOGL
2024-03-14,141.75115966796875,143.10000610351562,143.58999633789062,140.4600067138672,141.19000244140625,42753400,GOOGL
2024-03-15,139.84921264648438,141.17999267578125,143.17999267578125,140.02999877929688,142.5,49475400,GOOGL
2024-03-18,146.2879638671875,147.67999267578125,152.14999389648438,147.1699981689453,148.61000061035156,69273700,GOOGL
2024-03-19,145.64410400390625,147.02999877929688,148.7899932861328,146.0800018310547,148.16000366210938,24070400,GOOGL
2024-03-20,147.33798217773438,148.74000549316406,148.86000061035156,146.74000549316406,148.0,21311500,GOOGL
2024-03-21,146.20872497558594,147.60000610351562,150.3699951171875,146.89999389648438,149.47000122070312,24755600,GOOGL
2024-03-22,149.34886169433594,150.77000427246094,151.5800018310547,148.97999572753906,149.1199951171875,29211800,GOOGL
2024-03-25,148.65542602539062,150.07000732421875,150.3800048828125,147.82000732421875,149.94000244140625,19229300,GOOGL
2024-03-26,149.2498016357422,150.6699981689453,152.25999450683594,149.97999572753906,150.22000122070312,22149100,GOOGL
2024-03-27,149.44790649414062,150.8699951171875,151.63999938964844,148.89999389648438,151.17999267578125,22879200,GOOGL
2024-03-28,149.50732421875,150.92999267578125,151.42999267578125,150.1699981689453,150.85000610351562,24485400,GOOGL
2024-04-01,154.0243682861328,155.49000549316406,155.74000549316406,150.61000061035156,150.69000244140625,31730800,GOOGL
2024-04-02,153.10311889648438,154.55999755859375,154.6999969482422,152.14999389648438,153.5,24586000,GOOGL
2024-04-03,153.45970153808594,154.9199981689453,155.0800018310547,152.72999572753906,153.60000610351562,24705000,GOOGL
2024-04-04,149.11109924316406,150.52999877929688,154.77000427246094,150.4499969482422,153.5,34724700,GOOGL
2024-04-05,151.06256103515625,152.5,153.4199981689453,149.60000610351562,150.02999877929688,23459200,GOOGL
2024-04-08,153.390380859375,154.85000610351562,155.27000427246094,152.61000061035156,152.77999877929688,20702000,GOOGL
2024-04-09,155.1239013671875,156.60000610351562,158.55999755859375,155.19000244140625,156.08999633789062,31079500,GOOGL
2024-04-10,154.66822814941406,156.13999938964844,156.61000061035156,154.67999267578125,156.2100067138672,22838600,GOOGL
2024-04-11,157.9073944091797,159.41000366210938,159.67999267578125,156.4600067138672,156.91000366210938,27166400,GOOGL
2024-04-12,156.24322509765625,157.72999572753906,160.22000122070312,157.13999938964844,157.9600067138672,25353700,GOOGL
2024-04-15,153.40029907226562,154.86000061035156,159.24000549316406,154.58999633789062,158.86000061035156,27136500,GOOGL
2024-04-16,152.94459533691406,154.39999389648438,155.64999389648438,153.42999267578125,154.19000244140625,20779500,GOOGL
2024-04-17,154.0045623779297,155.47000122070312,157.0800018310547,154.5800018310547,155.6199951171875,21763100,GOOGL
2024-04-18,154.53945922851562,156.00999450683594,156.94000244140625,154.6199951171875,155.33999633789062,19883000,GOOGL
2024-04-19,152.63755798339844,154.08999633789062,156.36000061035156,152.3000030517578,156.1999969482422,32615600,GOOGL
2024-04-22,154.806884765625,156.27999877929688,157.63999938964844,154.05999755859375,154.30999755859375,26446200,GOOGL
2024-04-23,156.7682342529297,158.25999450683594,158.97000122070312,156.27999877929688,156.9600067138672,21151600,GOOGL
2024-04-24,157.6300506591797,159.1300048828125,159.57000732421875,157.1699981689453,157.49000549316406,22779100,GOOGL
2024-04-25,154.529541015625,156.0,156.49000549316406,150.8699951171875,151.3300018310547,57109700,GOOGL
2024-04-26,170.32919311523438,171.9499969482422,174.7100067138672,169.64999389648438,174.3699951171875,64665300,GOOGL
2024-04-29,164.5838623046875,166.14999389648438,169.5500030517578,165.2100067138672,169.05999755859375,45610000,GOOGL
2024-04-30,161.24566650390625,162.77999877929688,168.10000610351562,162.60000610351562,165.61000061035156,33562900,GOOGL
2024-05-01,162.3154754638672,163.86000061035156,167.1199951171875,163.08999633789062,164.3000030517578,33493200,GOOGL
2024-05-02,165.04942321777344,166.6199951171875,166.72999572753906,163.88999938964844,164.7899932861328,24294500,GOOGL
2024-05-03,165.66358947753906,167.24000549316406,167.9600067138672,163.0500030517578,167.55999755859375,34662400,GOOGL
2024-05-06,166.5155029296875,168.10000610351562,168.13999938964844,166.02999877929688,167.4600067138672,21871300,GOOGL
2024-05-07,169.63580322265625,171.25,171.75999450683594,168.38999938964844,168.5,28039700,GOOGL
2024-05-08,167.78343200683594,169.3800048828125,170.14999389648438,168.74000549316406,169.0,19569100,GOOGL
2024-05-09,168.3579559326172,169.9600067138672,170.69000244140625,168.17999267578125,169.38999938964844,15346700,GOOGL
2024-05-10,167.060302734375,168.64999389648438,169.85000610351562,166.19000244140625,168.02999877929688,29799900,GOOGL
2024-05-13,167.54568481445312,169.13999938964844,169.27999877929688,164.0,164.25999450683594,31327600,GOOGL
2024-05-14,168.73439025878906,170.33999633789062,171.25,168.8000030517578,169.77000427246094,25127100,GOOGL
2024-05-15,170.8839111328125,172.50999450683594,172.64999389648438,170.50999450683594,170.6300048828125,26948400,GOOGL
2024-05-16,172.5381622314453,174.17999267578125,175.1199951171875,172.69000244140625,173.2899932861328,27867900,GOOGL
2024-05-17,174.40045166015625,176.05999755859375,176.27000427246094,173.69000244140625,174.17999267578125,24479300,GOOGL
2024-05-20,175.2523651123047,176.9199981689453,178.77000427246094,176.0800018310547,176.19000244140625,22554400,GOOGL
2024-05-21,176.17359924316406,177.85000610351562,178.14999389648438,175.80999755859375,176.89999389648438,16989400,GOOGL
2024-05-22,174.71743774414062,176.3800048828125,177.14999389648438,175.2100067138672,176.63999938964844,17880000,GOOGL
2024-05-23,171.9141387939453,173.5500030517578,178.25,172.9499969482422,177.07000732421875,21024900,GOOGL
2024-05-24,173.3405303955078,174.99000549316406,175.77000427246094,173.64999389648438,174.97999572753906,16579400,GOOGL
2024-05-28,174.73724365234375,176.39999389648438,177.27000427246094,174.3699951171875,174.4499969482422,20572200,GOOGL
2024-05-29,174.24197387695312,175.89999389648438,176.83999633789062,174.72000122070312,175.42999267578125,23388700,GOOGL
2024-05-30,170.48768615722656,172.11000061035156,175.22000122070312,171.7899932861328,175.1999969482422,22931500,GOOGL
2024-05-31,170.87400817871094,172.5,173.05999755859375,169.44000244140625,171.86000061035156,37638900,GOOGL
2024-06-03,171.53770446777344,173.1699981689453,174.52999877929688,171.16000366210938,172.5399932861328,27459100,GOOGL
2024-06-04,172.15184020996094,173.7899932861328,173.85000610351562,171.88999938964844,173.27999877929688,26879600,GOOGL
2024-06-05,173.75660705566406,175.41000366210938,176.64999389648438,173.92999267578125,175.1999969482422,22068500,GOOGL
2024-06-06,175.0641326904297,176.72999572753906,177.14999389648438,175.75,175.89999389648438,23251000,GOOGL
2024-06-07,172.81553649902344,174.4600067138672,177.8699951171875,174.3000030517578,177.0500030517578,19661400,GOOGL
2024-06-10,173.55931091308594,175.00999450683594,177.05999755859375,172.75999450683594,174.97000122070312,23726700,GOOGL
2024-06-11,175.15597534179688,176.6199951171875,176.83999633789062,173.77000427246094,176.22000122070312,21540600,GOOGL
2024-06-12,176.31629943847656,177.7899932861328,180.41000366210938,176.11000061035156,178.25,27864700,GOOGL
2024-06-13,173.70809936523438,175.16000366210938,176.74000549316406,174.8800048828125,176.11000061035156,20913300,GOOGL
2024-06-14,175.32456970214844,176.7899932861328,177.05999755859375,174.14999389648438,174.22000122070312,18063600,GOOGL
2024-06-17,175.77084350585938,177.24000549316406,178.36000061035156,174.80999755859375,175.4600067138672,19618500,GOOGL
2024-06-18,173.638671875,175.08999633789062,177.38999938964844,174.10000610351562,177.13999938964844,21869900,GOOGL
2024-06-20,174.83863830566406,176.3000030517578,177.2899932861328,174.99000549316406,175.3699951171875,20160100,GOOGL
2024-06-21,178.14105224609375,179.6300048828125,180.85000610351562,176.61000061035156,177.0,57759000,GOOGL
2024-06-24,177.7344512939453,179.22000122070312,180.88999938964844,178.6699981689453,180.16000366210938,18298000,GOOGL
2024-06-25,182.50454711914062,184.02999877929688,184.2899932861328,179.4199981689453,179.6199951171875,23130200,GOOGL
2024-06-26,182.35580444335938,183.8800048828125,184.50999450683594,182.47999572753906,182.6300048828125,19839000,GOOGL
2024-06-27,183.8731231689453,185.41000366210938,186.0500030517578,184.02000427246094,184.17999267578125,18848900,GOOGL
2024-06-28,180.64012145996094,182.14999389648438,185.1300048828125,181.9600067138672,184.32000732421875,29156600,GOOGL
2024-07-01,181.47317504882812,182.99000549316406,183.8800048828125,181.3000030517578,183.02999877929688,16006100,GOOGL
2024-07-02,183.70452880859375,185.24000549316406,185.57000732421875,181.55999755859375,182.0500030517578,17372500,GOOGL
2024-07-03,184.27972412109375,185.82000732421875,186.08999633789062,184.0,184.85000610351562,10242100,GOOGL
2024-07-05,189.02011108398438,190.60000610351562,190.86000061035156,185.8000030517578,185.86000061035156,20967500,GOOGL
2024-07-08,187.46311950683594,189.02999877929688,190.1699981689453,187.77999877929688,189.89999389648438,21035900,GOOGL
2024-07-09,187.4135284423828,188.97999572753906,191.36000061035156,188.72000122070312,190.30999755859375,15121400,GOOGL
2024-07-10,189.59527587890625,191.17999267578125,191.75,189.02999877929688,189.14999389648438,15952500,GOOGL
2024-07-11,184.03179931640625,185.57000732421875,190.86000061035156,185.0800018310547,189.85000610351562,25625800,GOOGL
2024-07-12,183.53591918945312,185.07000732421875,187.11000061035156,184.49000549316406,185.0800018310547,22898400,GOOGL
2024-07-15,184.9838409423828,186.52999877929688,188.24000549316406,184.9199981689453,184.9199981689453,16474000,GOOGL
2024-07-16,182.3954620361328,183.9199981689453,188.67999267578125,183.3699951171875,187.36000061035156,18290700,GOOGL
2024-07-17,179.51950073242188,181.02000427246094,183.5500030517578,179.89999389648438,182.97000122070312,20734100,GOOGL
2024-07-18,176.2171173095703,177.69000244140625,182.5,176.47000122070312,181.92999267578125,25315700,GOOGL
2024-07-19,176.18734741210938,177.66000366210938,180.2899932861328,177.1300048828125,178.8800048828125,18881900,GOOGL
2024-07-22,180.16412353515625,181.6699981689453,182.6999969482422,180.22999572753906,180.58999633789062,24100300,GOOGL
2024-07-23,180.2831268310547,181.7899932861328,183.61000061035156,181.5399932861328,182.0500030517578,36352700,GOOGL
2024-07-24,171.19906616210938,172.6300048828125,176.19000244140625,171.82000732421875,173.60000610351562,49585200,GOOGL
2024-07-25,165.89340209960938,167.27999877929688,173.4199981689453,167.19000244140625,172.52000427246094,44852000,GOOGL
2024-07-26,165.61572265625,167.0,168.08999633789062,164.05999755859375,167.14999389648438,41336900,GOOGL
2024-07-29,168.12474060058594,169.52999877929688,170.42999267578125,167.99000549316406,168.8300018310547,20293800,GOOGL
2024-07-30,168.87843322753906,170.2899932861328,171.22999572753906,168.44000244140625,170.24000549316406,18959700,GOOGL
2024-07-31,170.1180877685547,171.5399932861328,174.25,170.00999450683594,173.24000549316406,25729100,GOOGL
2024-08-01,169.3445587158203,170.75999450683594,174.0500030517578,168.8800048828125,170.25,24531400,GOOGL
2024-08-02,165.27853393554688,166.66000366210938,168.50999450683594,164.6699981689453,166.44000244140625,29130100,GOOGL
2024-08-05,157.92994689941406,159.25,164.42999267578125,154.92999267578125,155.5,53630700,GOOGL
2024-08-06,156.97789001464844,158.2899932861328,160.57000732421875,156.41000366210938,159.3300018310547,49004600,GOOGL
2024-08-07,157.62252807617188,158.94000244140625,162.97999572753906,158.47000122070312,161.25,25138600,GOOGL
2024-08-08,160.68690490722656,162.02999877929688,163.69000244140625,160.2100067138672,160.50999450683594,25578800,GOOGL
2024-08-09,162.31333923339844,163.6699981689453,163.7899932861328,159.05999755859375,160.00999450683594,28602300,GOOGL
2024-08-12,160.94473266601562,162.2899932861328,164.89999389648438,161.83999633789062,164.35000610351562,15895300,GOOGL
2024-08-13,162.7992401123047,164.16000366210938,164.72999572753906,162.97000122070312,163.41000366210938,18551700,GOOGL
2024-08-14,159.0406494140625,160.3699951171875,163.22000122070312,157.7100067138672,162.39999389648438,40591100,GOOGL
2024-08-15,159.96299743652344,161.3000030517578,161.63999938964844,159.61000061035156,160.5,31524300,GOOGL
2024-08-16,161.60919189453125,162.9600067138672,165.05999755859375,161.1300048828125,161.47000122070312,24208600,GOOGL
2024-08-19,165.2884521484375,166.6699981689453,166.69000244140625,164.25999450683594,165.27999877929688,22416200,GOOGL
2024-08-20,165.79421997070312,167.17999267578125,168.63999938964844,166.82000732421875,166.89999389648438,18341500,GOOGL
2024-08-21,164.4752960205078,165.85000610351562,166.85000610351562,164.6699981689453,165.14999389648438,22902000,GOOGL
2024-08-22,162.44223022460938,163.8000030517578,167.58999633789062,163.30999755859375,167.25999450683594,22493300,GOOGL
2024-08-23,164.24716186523438,165.6199951171875,166.17999267578125,163.8300018310547,164.72000122070312,13955700,GOOGL
2024-08-26,164.78269958496094,166.16000366210938,167.5500030517578,164.4600067138672,166.3800048828125,14190400,GOOGL
2024-08-27,163.31492614746094,164.67999267578125,166.44000244140625,164.4600067138672,165.83999633789062,11821900,GOOGL
2024-08-28,161.50010681152344,162.85000610351562,165.60000610351562,161.52999877929688,165.0399932861328,16407400,GOOGL
2024-08-29,160.4390106201172,161.77999877929688,165.97000122070312,160.25,164.30999755859375,19699800,GOOGL
2024-08-30,162.02574157714844,163.3800048828125,163.66000366210938,161.69000244140625,162.6199951171875,22123800,GOOGL
2024-09-03,156.0556182861328,157.36000061035156,161.85000610351562,156.47999572753906,161.72000122070312,38945300,GOOGL
2024-09-04,155.15316772460938,156.4499969482422,159.0,155.9600067138672,156.66000366210938,19353800,GOOGL
2024-09-05,155.93661499023438,157.24000549316406,159.4499969482422,155.97999572753906,156.3000030517578,18688700,GOOGL
2024-09-06,149.6690216064453,150.9199981689453,157.8300018310547,150.5500030517578,157.3000030517578,37912100,GOOGL
2024-09-09,147.6730194091797,148.7100067138672,153.39999389648438,147.22000122070312,152.50999450683594,39260500,GOOGL
2024-09-10,147.6233673095703,148.66000366210938,151.27000427246094,148.33999633789062,150.4499969482422,31118800,GOOGL
2024-09-11,150.10594177246094,151.16000366210938,151.5,147.52000427246094,149.9199981689453,29607700,GOOGL
2024-09-12,153.611328125,154.69000244140625,154.82000732421875,152.64999389648438,153.8000030517578,29621500,GOOGL
2024-09-13,156.36199951171875,157.4600067138672,158.3800048828125,155.2100067138672,155.42999267578125,29591200,GOOGL
2024-09-16,156.9578094482422,158.05999755859375,158.25,156.60000610351562,157.30999755859375,18379800,GOOGL
2024-09-17,158.20904541015625,159.32000732421875,160.5500030517578,158.3800048828125,159.02000427246094,20715600,GOOGL
2024-09-18,158.69561767578125,159.80999755859375,160.5,158.60000610351562,159.86000061035156,23677300,GOOGL
2024-09-19,161.00936889648438,162.13999938964844,163.7899932861328,161.33999633789062,163.7100067138672,26587700,GOOGL
2024-09-20,162.4492645263672,163.58999633789062,163.72999572753906,162.05999755859375,163.5,40896400,GOOGL
2024-09-23,160.72137451171875,161.85000610351562,165.49000549316406,161.6699981689453,164.35000610351562,24150900,GOOGL
2024-09-24,161.15829467773438,162.2899932861328,163.22000122070312,160.69000244140625,163.02999877929688,23332100,GOOGL
2024-09-25,160.3638916015625,161.49000549316406,162.80999755859375,161.3000030517578,161.47000122070312,18869200,GOOGL
2024-09-26,161.59524536132812,162.72999572753906,164.0800018310547,162.27999877929688,163.63999938964844,20319300,GOOGL
2024-09-27,162.80674743652344,163.9499969482422,165.6999969482422,162.6300048828125,162.80999755859375,21101300,GOOGL
2024-09-30,164.69351196289062,165.85000610351562,166.14999389648438,163.25999450683594,163.32000732421875,20413900,GOOGL
2024-10-01,165.82554626464844,166.99000549316406,169.16000366210938,164.5800018310547,167.69000244140625,28338100,GOOGL
2024-10-02,164.7034149169922,165.86000061035156,167.52000427246094,164.72999572753906,166.4199981689453,17760200,GOOGL
2024-10-03,164.7034149169922,165.86000061035156,166.63999938964844,163.9199981689453,164.41000366210938,15073100,GOOGL
2024-10-04,165.89505004882812,167.05999755859375,168.22999572753906,165.47999572753906,168.05999755859375,19047400,GOOGL
2024-10-07,161.84352111816406,162.97999572753906,168.47999572753906,162.75,167.72000122070312,22463100,GOOGL
2024-10-08,163.2337646484375,164.3800048828125,164.72999572753906,162.8699951171875,163.94000244140625,23072700,GOOGL
2024-10-09,160.73133850097656,161.86000061035156,164.83999633789062,159.74000549316406,163.4499969482422,31181800,GOOGL
2024-10-10,160.9497833251953,162.0800018310547,163.07000732421875,160.39999389648438,160.8699951171875,14144100,GOOGL
2024-10-11,162.10171508789062,163.24000549316406,163.89999389648438,161.24000549316406,162.1300048828125,15344300,GOOGL
2024-10-14,163.80972290039062,164.9600067138672,166.22999572753906,163.39999389648438,163.63999938964844,19016100,GOOGL
2024-10-15,164.3062286376953,165.4600067138672,167.67999267578125,164.6300048828125,165.7899932861328,20247200,GOOGL
2024-10-16,164.00830078125,165.16000366210938,165.8000030517578,163.74000549316406,164.52999877929688,16406000,GOOGL
2024-10-17,161.79383850097656,162.92999267578125,166.3699951171875,162.75999450683594,165.72999572753906,21453400,GOOGL
2024-10-18,162.28045654296875,163.4199981689453,164.7100067138672,163.0800018310547,163.19000244140625,19757700,GOOGL
2024-10-21,162.9259033203125,164.07000732421875,164.5,162.6199951171875,162.9499969482422,20946500,GOOGL
2024-10-22,163.98846435546875,165.13999938964844,165.77000427246094,162.97999572753906,162.97999572753906,16568100,GOOGL
2024-10-23,161.64492797851562,162.77999877929688,165.82000732421875,161.92999267578125,164.75999450683594,18280500,GOOGL
2024-10-24,161.58529663085938,162.72000122070312,163.3300018310547,161.00999450683594,162.8300018310547,22412500,GOOGL
2024-10-25,164.11753845214844,165.27000427246094,165.58999633789062,163.4199981689453,163.6699981689453,19828900,GOOGL
2024-10-28,165.5574493408203,166.72000122070312,168.75,163.9499969482422,168.75,32138600,GOOGL
2024-10-29,168.4967803955078,169.67999267578125,170.3800048828125,167.08999633789062,167.72999572753906,42169000,GOOGL
2024-10-30,173.24346923828125,174.4600067138672,182.02000427246094,174.05999755859375,180.67999267578125,68890800,GOOGL
2024-10-31,169.91680908203125,171.11000061035156,176.82000732421875,171.0,173.1300048828125,44769000,GOOGL
2024-11-01,170.09556579589844,171.2899932861328,172.32000732421875,168.8800048828125,170.07000732421875,31796500,GOOGL
2024-11-04,168.05987548828125,169.24000549316406,170.72999572753906,168.00999450683594,169.92999267578125,21492700,GOOGL
2024-11-05,168.556396484375,169.74000549316406,170.52999877929688,168.83999633789062,169.42999267578125,18242100,GOOGL
2024-11-06,175.27915954589844,176.50999450683594,176.94000244140625,173.5,173.8000030517578,33695500,GOOGL
2024-11-07,179.48960876464844,180.75,181.0800018310547,177.19000244140625,177.41000366210938,25352900,GOOGL
2024-11-08,177.10633850097656,178.35000610351562,180.89999389648438,178.0800018310547,180.64999389648438,22006200,GOOGL
2024-11-11,179.0924072265625,180.35000610351562,180.5500030517578,178.47000122070312,178.5800018310547,17450400,GOOGL
2024-11-12,180.3535614013672,181.6199951171875,182.49000549316406,179.38999938964844,179.82000732421875,25134900,GOOGL
2024-11-13,177.6326446533203,178.8800048828125,180.9600067138672,178.5399932861328,180.4600067138672,23184000,GOOGL
2024-11-14,174.3556365966797,175.5800018310547,178.82000732421875,174.32000732421875,178.27999877929688,31007500,GOOGL
2024-11-15,171.28721618652344,172.49000549316406,174.13999938964844,171.22000122070312,173.72999572753906,32504600,GOOGL
2024-11-18,174.0775909423828,175.3000030517578,175.44000244140625,172.89999389648438,173.4199981689453,20135300,GOOGL
2024-11-19,176.87794494628906,178.1199951171875,178.8699951171875,173.55999755859375,173.72000122070312,23434900,GOOGL
2024-11-20,174.7528533935547,175.97999572753906,177.67999267578125,173.77999877929688,177.33999633789062,18997100,GOOGL
2024-11-21,166.46112060546875,167.6300048828125,174.1300048828125,163.6999969482422,173.89999389648438,59734400,GOOGL
2024-11-22,163.611083984375,164.75999450683594,166.4600067138672,163.89999389648438,165.85000610351562,38604600,GOOGL
2024-11-25,166.48094177246094,167.64999389648438,168.6300048828125,165.61000061035156,166.08999633789062,33135300,GOOGL
2024-11-26,167.94070434570312,169.1199951171875,169.82000732421875,167.5800018310547,167.6300048828125,20486700,GOOGL
2024-11-27,168.04994201660156,169.22999572753906,169.47999572753906,168.02000427246094,169.0,19266500,GOOGL
2024-11-29,167.77188110351562,168.9499969482422,169.42999267578125,167.16000366210938,168.5,14257200,GOOGL
2024-12-02,170.29415893554688,171.49000549316406,172.0800018310547,168.57000732421875,168.77000427246094,23789100,GOOGL
2024-12-03,170.14523315429688,171.33999633789062,172.67999267578125,170.85000610351562,171.49000549316406,22248700,GOOGL
2024-12-04,173.15408325195312,174.3699951171875,174.91000366210938,171.05999755859375,171.14999389648438,31615100,GOOGL
2024-12-05,171.43614196777344,172.63999938964844,176.05999755859375,172.3300018310547,175.36000061035156,21356200,GOOGL
2024-12-06,173.49171447753906,174.7100067138672,175.0800018310547,171.86000061035156,172.02999877929688,21462400,GOOGL
2024-12-09,174.34671020507812,175.3699951171875,176.25999450683594,173.64999389648438,173.9600067138672,25389600,GOOGL
2024-12-10,184.08949279785156,185.1699981689453,186.36000061035156,181.0500030517578,182.85000610351562,54813000,GOOGL
2024-12-11,194.25982666015625,195.39999389648438,195.61000061035156,184.85000610351562,185.30999755859375,67894100,GOOGL
2024-12-12,190.83990478515625,191.9600067138672,195.17999267578125,191.7100067138672,195.0,34817500,GOOGL
2024-12-13,188.71240234375,189.82000732421875,192.72999572753906,189.63999938964844,191.00999450683594,25143500,GOOGL
2024-12-16,195.51246643066406,196.66000366210938,199.0,192.6199951171875,192.8699951171875,44934900,GOOGL
2024-12-17,194.27969360351562,195.4199981689453,201.4199981689453,194.97999572753906,197.25,43504000,GOOGL
2024-12-18,187.30067443847656,188.39999389648438,197.0,187.74000549316406,195.22000122070312,34166100,GOOGL
2024-12-19,187.41000366210938,188.50999450683594,193.02999877929688,188.3800048828125,191.6300048828125,32265200,GOOGL
2024-12-20,190.29312133789062,191.41000366210938,192.88999938964844,185.22000122070312,185.77999877929688,63462900,GOOGL
2024-12-23,193.49432373046875,194.6300048828125,195.10000610351562,190.14999389648438,192.6199951171875,25675000,GOOGL
2024-12-24,194.96566772460938,196.11000061035156,196.11000061035156,193.77999877929688,194.83999633789062,10403300,GOOGL
2024-12-26,194.4586639404297,195.60000610351562,196.75,194.3800048828125,195.14999389648438,12046600,GOOGL
2024-12-27,191.63522338867188,192.75999450683594,195.32000732421875,190.64999389648438,194.9499969482422,18891400,GOOGL
2024-12-30,190.1240997314453,191.24000549316406,192.5500030517578,189.1199951171875,189.8000030517578,14264700,GOOGL
2024-12-31,188.19540405273438,189.3000030517578,191.9600067138672,188.50999450683594,191.0800018310547,17466900,GOOGL
