Date,Adj Close,Close,High,Low,Open,Volume,Ticker
2015-01-02,39.607200622558594,46.7599983215332,47.41999816894531,46.540000915527344,46.65999984741211,27913900,MSFT
2015-01-05,39.24296188354492,46.33000183105469,46.72999954223633,46.25,46.369998931884766,39673900,MSFT
2015-01-06,38.6669921875,45.650001525878906,46.75,45.540000915527344,46.380001068115234,36447900,MSFT
2015-01-07,39.15824890136719,46.22999954223633,46.459999084472656,45.4900016784668,45.97999954223633,29114100,MSFT
2015-01-08,40.31021499633789,47.59000015258789,47.75,46.720001220703125,46.75,29645200,MSFT
2015-01-09,39.97140121459961,47.189998626708984,47.81999969482422,46.900001525878906,47.61000061035156,23944200,MSFT
2015-01-12,39.47166442871094,46.599998474121094,47.540000915527344,46.36000061035156,47.41999816894531,23651900,MSFT
2015-01-13,39.268375396728516,46.36000061035156,47.90999984741211,46.060001373291016,46.970001220703125,35270600,MSFT
2015-01-14,38.92955780029297,45.959999084472656,46.2400016784668,45.619998931884766,45.959999084472656,29719600,MSFT
2015-01-15,38.522979736328125,45.47999954223633,46.380001068115234,45.40999984741211,46.220001220703125,32750800,MSFT
2015-01-16,39.1667366027832,46.2400016784668,46.279998779296875,45.16999816894531,45.310001373291016,35695300,MSFT
2015-01-20,39.293785095214844,46.38999938964844,46.650001525878906,45.56999969482422,46.29999923706055,36161900,MSFT
2015-01-21,38.895660400390625,45.91999816894531,46.13999938964844,45.47999954223633,45.939998626708984,39081100,MSFT
2015-01-22,39.92058563232422,47.130001068115234,47.13999938964844,46.08000183105469,46.380001068115234,35898000,MSFT
2015-01-23,39.962921142578125,47.18000030517578,47.38999938964844,46.79999923706055,47.36000061035156,26211600,MSFT
2015-01-26,39.818939208984375,47.0099983215332,47.130001068115234,46.2400016784668,47.0,42525500,MSFT
2015-01-27,36.13435363769531,42.65999984741211,43.20000076293945,42.11000061035156,42.95000076293945,169164000,MSFT
2015-01-28,34.88920593261719,41.189998626708984,42.790000915527344,41.15999984741211,42.7400016784668,84507100,MSFT
2015-01-29,35.583770751953125,42.0099983215332,42.119998931884766,40.790000915527344,40.93000030517578,63585300,MSFT
2015-01-30,34.22005844116211,40.400001525878906,41.58000183105469,40.349998474121094,41.54999923706055,78004900,MSFT
2015-02-02,34.96543884277344,41.279998779296875,41.369998931884766,40.22999954223633,40.59000015258789,50352500,MSFT
2015-02-03,35.23649215698242,41.599998474121094,41.93000030517578,41.04999923706055,41.630001068115234,52082400,MSFT
2015-02-04,35.439796447753906,41.84000015258789,42.209999084472656,41.36000061035156,41.939998626708984,41614800,MSFT
2015-02-05,35.956485748291016,42.45000076293945,42.63999938964844,41.86000061035156,42.220001220703125,36548200,MSFT
2015-02-06,35.9225959777832,42.40999984741211,42.790000915527344,42.150001525878906,42.68000030517578,34616600,MSFT
2015-02-09,35.880245208740234,42.36000061035156,42.7400016784668,42.209999084472656,42.2400016784668,31381100,MSFT
2015-02-10,36.08353805541992,42.599998474121094,42.77000045776367,42.18000030517578,42.7400016784668,29670700,MSFT
2015-02-11,35.89717483520508,42.380001068115234,42.650001525878906,42.209999084472656,42.650001525878906,38262500,MSFT
2015-02-12,36.498573303222656,43.09000015258789,43.09000015258789,42.5099983215332,42.65999984741211,33268800,MSFT
2015-02-13,37.15925598144531,43.869998931884766,43.869998931884766,43.150001525878906,43.380001068115234,40264900,MSFT
2015-02-17,37.17631530761719,43.58000183105469,44.0,43.189998626708984,43.970001220703125,33695700,MSFT
2015-02-18,37.13365936279297,43.529998779296875,43.70000076293945,43.38999938964844,43.630001068115234,27111700,MSFT
2015-02-19,37.10807418823242,43.5,43.529998779296875,43.04999923706055,43.18000030517578,27603400,MSFT
2015-02-20,37.41517639160156,43.86000061035156,43.880001068115234,43.290000915527344,43.5099983215332,29721100,MSFT
2015-02-23,37.66256332397461,44.150001525878906,44.189998626708984,43.650001525878906,43.70000076293945,32518800,MSFT
2015-02-24,37.61137771606445,44.09000015258789,44.29999923706055,43.91999816894531,44.150001525878906,25271700,MSFT
2015-02-25,37.52608108520508,43.9900016784668,44.09000015258789,43.79999923706055,43.95000076293945,29759800,MSFT
2015-02-26,37.585792541503906,44.060001373291016,44.22999954223633,43.88999938964844,43.9900016784668,28957300,MSFT
2015-02-27,37.406654357910156,43.849998474121094,44.20000076293945,43.65999984741211,44.130001068115234,33807700,MSFT
2015-03-02,37.43223571777344,43.880001068115234,44.189998626708984,43.54999923706055,43.66999816894531,31924000,MSFT
2015-03-03,36.9203987121582,43.279998779296875,43.83000183105469,43.09000015258789,43.560001373291016,31748600,MSFT
2015-03-04,36.73274230957031,43.060001373291016,43.209999084472656,42.880001068115234,43.0099983215332,25748700,MSFT
2015-03-05,36.7753791809082,43.11000061035156,43.2400016784668,42.81999969482422,43.06999969482422,23193500,MSFT
2015-03-06,36.135597229003906,42.36000061035156,43.11000061035156,42.150001525878906,43.0,36248800,MSFT
2015-03-09,36.55360412597656,42.849998474121094,43.130001068115234,42.189998626708984,42.189998626708984,32108000,MSFT
2015-03-10,35.85408020019531,42.029998779296875,42.709999084472656,42.029998779296875,42.349998474121094,39159700,MSFT
2015-03-11,35.811405181884766,41.97999954223633,42.369998931884766,41.84000015258789,42.310001373291016,32215300,MSFT
2015-03-12,34.99249267578125,41.02000045776367,41.650001525878906,40.86000061035156,41.33000183105469,59992500,MSFT
2015-03-13,35.299591064453125,41.380001068115234,41.470001220703125,40.61000061035156,40.70000076293945,58007700,MSFT
2015-03-16,35.45314025878906,41.560001373291016,41.63999938964844,41.279998779296875,41.470001220703125,35273500,MSFT
2015-03-17,35.572574615478516,41.70000076293945,41.83000183105469,41.150001525878906,41.369998931884766,31673400,MSFT
2015-03-18,36.2550163269043,42.5,42.83000183105469,41.33000183105469,41.43000030517578,44194800,MSFT
2015-03-19,36.075870513916016,42.290000915527344,42.59000015258789,42.220001220703125,42.2599983215332,33879100,MSFT
2015-03-20,36.57918167114258,42.880001068115234,42.97999954223633,42.4900016784668,42.560001373291016,71904500,MSFT
2015-03-23,36.5621337890625,42.86000061035156,43.130001068115234,42.779998779296875,42.880001068115234,26246100,MSFT
2015-03-24,36.596248626708984,42.900001525878906,43.16999816894531,42.75,42.779998779296875,25513300,MSFT
2015-03-25,35.36784744262695,41.459999084472656,42.93000030517578,41.439998626708984,42.91999816894531,43469900,MSFT
2015-03-26,35.15457534790039,41.209999084472656,41.61000061035156,40.91999816894531,41.220001220703125,37495600,MSFT
2015-03-27,34.94984436035156,40.970001220703125,41.43000030517578,40.83000183105469,41.119998931884766,34401400,MSFT
2015-03-30,34.94131088256836,40.959999084472656,41.540000915527344,40.90999984741211,41.099998474121094,35049700,MSFT
2015-03-31,34.685386657714844,40.65999984741211,41.029998779296875,40.540000915527344,40.779998779296875,34887200,MSFT
2015-04-01,34.7365837097168,40.720001220703125,40.7599983215332,40.310001373291016,40.599998474121094,36865300,MSFT
2015-04-02,34.36975860595703,40.290000915527344,40.7400016784668,40.119998931884766,40.65999984741211,37487500,MSFT
2015-04-06,35.444602966308594,41.54999923706055,41.779998779296875,40.18000030517578,40.34000015258789,39223700,MSFT
2015-04-07,35.42754364013672,41.529998779296875,41.90999984741211,41.310001373291016,41.61000061035156,28809400,MSFT
2015-04-08,35.33370590209961,41.41999816894531,41.689998626708984,41.040000915527344,41.459999084472656,24753400,MSFT
2015-04-09,35.38490676879883,41.47999954223633,41.619998931884766,41.25,41.25,25723900,MSFT
2015-04-10,35.589630126953125,41.720001220703125,41.95000076293945,41.40999984741211,41.630001068115234,28022000,MSFT
2015-04-13,35.623748779296875,41.7599983215332,42.060001373291016,41.38999938964844,41.400001525878906,30276700,MSFT
2015-04-14,35.5299186706543,41.650001525878906,42.029998779296875,41.38999938964844,41.79999923706055,24244400,MSFT
2015-04-15,36.0502815246582,42.2599983215332,42.459999084472656,41.68000030517578,41.7599983215332,27343600,MSFT
2015-04-16,35.9649772644043,42.15999984741211,42.34000015258789,41.81999969482422,41.95000076293945,22509700,MSFT
2015-04-17,35.50431823730469,41.619998931884766,41.7400016784668,41.15999984741211,41.66999816894531,42387600,MSFT
2015-04-20,36.60477828979492,42.90999984741211,43.16999816894531,41.68000030517578,41.72999954223633,46057700,MSFT
2015-04-21,36.37446212768555,42.63999938964844,43.150001525878906,42.529998779296875,43.0,26013800,MSFT
2015-04-22,36.67301559448242,42.9900016784668,43.130001068115234,42.54999923706055,42.66999816894531,25064300,MSFT
2015-04-23,36.971595764160156,43.34000015258789,43.61000061035156,42.79999923706055,42.88999938964844,46309500,MSFT
2015-04-24,40.835941314697266,47.869998931884766,48.13999938964844,45.650001525878906,45.65999984741211,130933700,MSFT
2015-04-27,40.97242736816406,48.029998779296875,48.130001068115234,47.220001220703125,47.22999954223633,59248200,MSFT
2015-04-28,41.93639373779297,49.15999984741211,49.209999084472656,47.70000076293945,47.779998779296875,60730800,MSFT
2015-04-29,41.851078033447266,49.060001373291016,49.310001373291016,48.5,48.720001220703125,47804600,MSFT
2015-04-30,41.49279022216797,48.63999938964844,49.540000915527344,48.599998474121094,48.70000076293945,64725500,MSFT
2015-05-01,41.50985336303711,48.65999984741211,48.880001068115234,48.400001525878906,48.58000183105469,38937300,MSFT
2015-05-04,41.15156936645508,48.2400016784668,48.869998931884766,48.18000030517578,48.369998931884766,34039500,MSFT
2015-05-05,40.605613708496094,47.599998474121094,48.15999984741211,47.310001373291016,47.81999969482422,50369200,MSFT
2015-05-06,39.47957992553711,46.279998779296875,47.77000045776367,46.02000045776367,47.56999969482422,52433000,MSFT
2015-05-07,39.837860107421875,46.70000076293945,47.09000015258789,46.15999984741211,46.27000045776367,32971700,MSFT
2015-05-08,40.733577728271484,47.75,47.97999954223633,47.52000045776367,47.54999923706055,35364900,MSFT
2015-05-11,40.40940856933594,47.369998931884766,47.90999984741211,47.369998931884766,47.54999923706055,24609400,MSFT
2015-05-12,40.39236068725586,47.349998474121094,47.68000030517578,46.41999816894531,46.849998474121094,29928300,MSFT
2015-05-13,40.63121032714844,47.630001068115234,48.31999969482422,47.56999969482422,48.189998626708984,34184600,MSFT
2015-05-14,41.56104278564453,48.720001220703125,48.81999969482422,48.029998779296875,48.029998779296875,32980900,MSFT
2015-05-15,41.2027587890625,48.29999923706055,48.90999984741211,48.04999923706055,48.869998931884766,28642700,MSFT
2015-05-18,40.95537185668945,48.0099983215332,48.220001220703125,47.61000061035156,47.97999954223633,24136500,MSFT
2015-05-19,40.85234069824219,47.58000183105469,47.810001373291016,47.18000030517578,47.560001373291016,28574800,MSFT
2015-05-20,40.85234069824219,47.58000183105469,47.93000030517578,47.27000045776367,47.38999938964844,25047900,MSFT
2015-05-21,40.71495819091797,47.41999816894531,47.599998474121094,47.0099983215332,47.279998779296875,22410700,MSFT
2015-05-22,40.268497467041016,46.900001525878906,47.349998474121094,46.81999969482422,47.29999923706055,25720600,MSFT
2015-05-26,40.00231170654297,46.59000015258789,46.880001068115234,46.189998626708984,46.83000183105469,29581900,MSFT
2015-05-27,40.87809753417969,47.61000061035156,47.77000045776367,46.619998931884766,46.81999969482422,27335600,MSFT
2015-05-28,40.74071502685547,47.45000076293945,48.02000045776367,47.38999938964844,47.5,19283700,MSFT
2015-05-29,40.23414611816406,46.86000061035156,47.56999969482422,46.59000015258789,47.43000030517578,36519600,MSFT
2015-06-01,40.55183410644531,47.22999954223633,47.77000045776367,46.619998931884766,47.060001373291016,28837300,MSFT
2015-06-02,40.285648345947266,46.91999816894531,47.349998474121094,46.619998931884766,46.93000030517578,21498300,MSFT
2015-06-03,40.22555923461914,46.849998474121094,47.7400016784668,46.81999969482422,47.369998931884766,28002200,MSFT
2015-06-04,39.80484390258789,46.36000061035156,47.15999984741211,46.20000076293945,46.790000915527344,27745500,MSFT
2015-06-05,39.615943908691406,46.13999938964844,46.52000045776367,45.84000015258789,46.310001373291016,25438100,MSFT
2015-06-08,39.2639274597168,45.72999954223633,46.43000030517578,45.66999816894531,46.29999923706055,22121600,MSFT
2015-06-09,39.19523620605469,45.650001525878906,45.939998626708984,45.459999084472656,45.7599983215332,24406100,MSFT
2015-06-10,40.019508361816406,46.61000061035156,46.83000183105469,45.689998626708984,45.790000915527344,28417400,MSFT
2015-06-11,39.873538970947266,46.439998626708984,46.91999816894531,46.130001068115234,46.65999984741211,27347800,MSFT
2015-06-12,39.46998596191406,45.970001220703125,46.470001220703125,45.900001525878906,46.220001220703125,23931000,MSFT
2015-06-15,39.049278259277344,45.47999954223633,45.650001525878906,45.02000045776367,45.45000076293945,33254500,MSFT
2015-06-16,39.34977340698242,45.83000183105469,46.2400016784668,45.29999923706055,45.349998474121094,27070300,MSFT
2015-06-17,39.46998596191406,45.970001220703125,46.06999969482422,45.36000061035156,45.72999954223633,28704100,MSFT
2015-06-18,40.11394119262695,46.720001220703125,46.79999923706055,46.16999816894531,46.220001220703125,32658300,MSFT
2015-06-19,39.58161926269531,46.099998474121094,46.83000183105469,45.9900016784668,46.790000915527344,63837000,MSFT
2015-06-22,39.69321823120117,46.22999954223633,46.720001220703125,46.15999984741211,46.33000183105469,20318100,MSFT
2015-06-23,39.41846466064453,45.90999984741211,46.279998779296875,45.619998931884766,46.130001068115234,25896500,MSFT
2015-06-24,39.186641693115234,45.63999938964844,46.25,45.54999923706055,45.66999816894531,34890900,MSFT
2015-06-25,39.19523620605469,45.650001525878906,46.060001373291016,45.5,46.029998779296875,20616000,MSFT
2015-06-26,38.86037826538086,45.2599983215332,46.279998779296875,45.029998779296875,45.650001525878906,49835300,MSFT
2015-06-29,38.09623718261719,44.369998931884766,45.22999954223633,44.36000061035156,45.040000915527344,34081700,MSFT
2015-06-30,37.90733337402344,44.150001525878906,44.720001220703125,43.939998626708984,44.709999084472656,35945400,MSFT
2015-07-01,38.1649055480957,44.45000076293945,45.22999954223633,44.099998474121094,44.459999084472656,28343900,MSFT
2015-07-02,38.12199020385742,44.400001525878906,44.75,44.060001373291016,44.47999954223633,21752000,MSFT
2015-07-06,38.11338424682617,44.38999938964844,44.47999954223633,43.95000076293945,43.959999084472656,23034000,MSFT
2015-07-07,38.0361213684082,44.29999923706055,44.4900016784668,43.31999969482422,44.34000015258789,36435800,MSFT
2015-07-08,37.98461151123047,44.2400016784668,44.900001525878906,44.029998779296875,44.439998626708984,39785900,MSFT
2015-07-09,38.225013732910156,44.52000045776367,45.220001220703125,44.5,44.75,32424700,MSFT
2015-07-10,38.302284240722656,44.61000061035156,45.13999938964844,44.56999969482422,45.0099983215332,25465800,MSFT
2015-07-13,39.10078430175781,45.540000915527344,45.619998931884766,44.95000076293945,44.97999954223633,28178300,MSFT
2015-07-14,39.16947937011719,45.619998931884766,45.959999084472656,45.310001373291016,45.45000076293945,22880300,MSFT
2015-07-15,39.289695739746094,45.7599983215332,45.88999938964844,45.43000030517578,45.68000030517578,26629600,MSFT
2015-07-16,40.06242370605469,46.65999984741211,46.689998626708984,45.970001220703125,46.0099983215332,26271700,MSFT
2015-07-17,40.028072357177734,46.619998931884766,46.779998779296875,46.2599983215332,46.54999923706055,29467100,MSFT
2015-07-20,40.285648345947266,46.91999816894531,47.130001068115234,46.439998626708984,46.650001525878906,30631900,MSFT
2015-07-21,40.59477233886719,47.279998779296875,47.33000183105469,46.47999954223633,46.779998779296875,42781900,MSFT
2015-07-22,39.10078430175781,45.540000915527344,46.93000030517578,45.20000076293945,45.439998626708984,59152400,MSFT
2015-07-23,39.59020233154297,46.11000061035156,46.22999954223633,45.099998474121094,45.27000045776367,33934000,MSFT
2015-07-24,39.44422912597656,45.939998626708984,46.31999969482422,45.79999923706055,45.90999984741211,32333200,MSFT
2015-07-27,38.93766403198242,45.349998474121094,46.0099983215332,45.25,45.939998626708984,39701400,MSFT
2015-07-28,38.92906188964844,45.34000015258789,45.63999938964844,44.790000915527344,45.58000183105469,34328900,MSFT
2015-07-29,39.7447395324707,46.290000915527344,46.779998779296875,45.2599983215332,45.400001525878906,40945900,MSFT
2015-07-30,40.25132369995117,46.880001068115234,47.400001525878906,45.93000030517578,46.2599983215332,39777900,MSFT
2015-07-31,40.096771240234375,46.70000076293945,47.369998931884766,46.5,47.290000915527344,31201500,MSFT
2015-08-03,40.191219329833984,46.810001373291016,47.0,46.45000076293945,46.97999954223633,24125900,MSFT
2015-08-04,40.8179931640625,47.540000915527344,47.709999084472656,46.68000030517578,46.75,33403900,MSFT
2015-08-05,40.85234069824219,47.58000183105469,48.40999984741211,47.540000915527344,47.97999954223633,26959700,MSFT
2015-08-06,40.028072357177734,46.619998931884766,47.77000045776367,46.33000183105469,47.709999084472656,27368000,MSFT
2015-08-07,40.1311149597168,46.7400016784668,46.779998779296875,46.2599983215332,46.38999938964844,19163000,MSFT
2015-08-10,40.63768768310547,47.33000183105469,47.4900016784668,46.84000015258789,46.95000076293945,23079900,MSFT
2015-08-11,39.8477783203125,46.40999984741211,46.939998626708984,45.900001525878906,46.81999969482422,29237400,MSFT
2015-08-12,40.1311149597168,46.7400016784668,46.900001525878906,45.709999084472656,46.189998626708984,30181400,MSFT
2015-08-13,40.12253189086914,46.72999954223633,47.099998474121094,46.4900016784668,47.060001373291016,22627200,MSFT
2015-08-14,40.354347229003906,47.0,47.099998474121094,46.52000045776367,46.529998779296875,21473400,MSFT
2015-08-17,40.62909698486328,47.31999969482422,47.45000076293945,46.56999969482422,46.810001373291016,21099700,MSFT
2015-08-18,40.853816986083984,47.27000045776367,47.43000030517578,46.70000076293945,46.84000015258789,23574100,MSFT
2015-08-19,40.28340148925781,46.61000061035156,47.08000183105469,46.29999923706055,46.779998779296875,31485500,MSFT
2015-08-20,39.46234893798828,45.65999984741211,46.470001220703125,45.65999984741211,46.06999969482422,36238200,MSFT
2015-08-21,37.223899841308594,43.06999969482422,45.47999954223633,43.06999969482422,45.29999923706055,70053100,MSFT
2015-08-24,36.02257537841797,41.68000030517578,42.689998626708984,39.720001220703125,40.45000076293945,88753700,MSFT
2015-08-25,34.976810455322266,40.470001220703125,43.2400016784668,40.38999938964844,42.56999969482422,70616600,MSFT
2015-08-26,36.91276168823242,42.709999084472656,42.84000015258789,41.060001373291016,42.0099983215332,63408000,MSFT
2015-08-27,37.94124221801758,43.900001525878906,43.95000076293945,42.93000030517578,43.22999954223633,50943200,MSFT
2015-08-28,37.9671745300293,43.93000030517578,44.150001525878906,43.38999938964844,43.400001525878906,28246700,MSFT
2015-08-31,37.612831115722656,43.52000045776367,43.93000030517578,43.099998474121094,43.560001373291016,34441700,MSFT
2015-09-01,36.1435661315918,41.81999969482422,42.59000015258789,41.65999984741211,42.16999816894531,49688900,MSFT
2015-09-02,37.474544525146484,43.36000061035156,43.380001068115234,41.880001068115234,42.36000061035156,37671500,MSFT
2015-09-03,37.59552001953125,43.5,43.97999954223633,43.279998779296875,43.40999984741211,28285200,MSFT
2015-09-04,36.82632827758789,42.61000061035156,43.040000915527344,42.20000076293945,42.810001373291016,37138800,MSFT
2015-09-08,37.932594299316406,43.88999938964844,44.0,43.20000076293945,43.29999923706055,32469800,MSFT
2015-09-09,37.223899841308594,43.06999969482422,44.400001525878906,42.90999984741211,44.209999084472656,33469500,MSFT
2015-09-10,37.414031982421875,43.290000915527344,43.790000915527344,42.75,43.119998931884766,31366600,MSFT
2015-09-11,37.57823944091797,43.47999954223633,43.59000015258789,42.939998626708984,43.13999938964844,27132500,MSFT
2015-09-14,37.19796371459961,43.040000915527344,43.439998626708984,42.86000061035156,43.43000030517578,23656000,MSFT
2015-09-15,38.0103874206543,43.97999954223633,44.290000915527344,43.08000183105469,43.189998626708984,28882200,MSFT
2015-09-16,38.28694152832031,44.29999923706055,44.380001068115234,43.84000015258789,43.970001220703125,23372200,MSFT
2015-09-17,38.24374008178711,44.25,45.0,44.08000183105469,44.290000915527344,32768200,MSFT
2015-09-18,37.57823944091797,43.47999954223633,43.9900016784668,43.33000183105469,43.5,63143700,MSFT
2015-09-21,38.12273406982422,44.11000061035156,44.470001220703125,43.599998474121094,43.619998931884766,26177200,MSFT
2015-09-22,37.94124221801758,43.900001525878906,44.04999923706055,43.310001373291016,43.380001068115234,28085900,MSFT
2015-09-23,37.915306091308594,43.869998931884766,44.16999816894531,43.5099983215332,43.93000030517578,17145200,MSFT
2015-09-24,37.94987869262695,43.90999984741211,44.130001068115234,43.27000045776367,43.45000076293945,27905600,MSFT
2015-09-25,37.97581100463867,43.939998626708984,44.72999954223633,43.7599983215332,44.47999954223633,29384600,MSFT
2015-09-28,37.414031982421875,43.290000915527344,44.09000015258789,43.209999084472656,43.83000183105469,27613800,MSFT
2015-09-29,37.54368209838867,43.439998626708984,43.56999969482422,43.04999923706055,43.369998931884766,32763600,MSFT
2015-09-30,38.25236511230469,44.2599983215332,44.29999923706055,43.65999984741211,43.880001068115234,34958900,MSFT
2015-10-01,38.55487060546875,44.61000061035156,44.75,43.75,44.75,28657900,MSFT
2015-10-02,39.38457107543945,45.56999969482422,45.56999969482422,43.91999816894531,44.27000045776367,41839000,MSFT
2015-10-05,40.30068588256836,46.630001068115234,46.88999938964844,45.70000076293945,45.75,34369300,MSFT
2015-10-06,40.40439224243164,46.75,47.18000030517578,46.220001220703125,46.33000183105469,27017200,MSFT
2015-10-07,40.447608947753906,46.79999923706055,47.349998474121094,45.95000076293945,47.099998474121094,27711500,MSFT
2015-10-08,41.009376525878906,47.45000076293945,47.52000045776367,46.5,46.560001373291016,33772700,MSFT
2015-10-09,40.71553421020508,47.11000061035156,47.540000915527344,46.91999816894531,47.45000076293945,28600600,MSFT
2015-10-12,40.620460510253906,47.0,47.06999969482422,46.5,46.97999954223633,19769100,MSFT
2015-10-13,40.52538299560547,46.88999938964844,47.130001068115234,46.560001373291016,46.560001373291016,19987800,MSFT
2015-10-14,40.34388732910156,46.68000030517578,47.099998474121094,46.529998779296875,46.650001525878906,24697800,MSFT
2015-10-15,40.62910079956055,47.0099983215332,47.029998779296875,46.529998779296875,47.0099983215332,27189400,MSFT
2015-10-16,41.06122589111328,47.5099983215332,47.540000915527344,46.900001525878906,47.02000045776367,26450300,MSFT
2015-10-19,41.15631103515625,47.619998931884766,47.880001068115234,47.02000045776367,47.41999816894531,29387600,MSFT
2015-10-20,41.285926818847656,47.77000045776367,47.810001373291016,47.02000045776367,47.439998626708984,30802200,MSFT
2015-10-21,40.793312072753906,47.20000076293945,47.9900016784668,47.11000061035156,47.91999816894531,25144300,MSFT
2015-10-22,41.51064682006836,48.029998779296875,48.95000076293945,47.09000015258789,47.529998779296875,56637100,MSFT
2015-10-23,45.69369125366211,52.869998931884766,54.06999969482422,52.25,52.29999923706055,135227100,MSFT
2015-10-26,46.88639450073242,54.25,54.31999969482422,52.5,52.529998779296875,64633300,MSFT
2015-10-27,46.40239715576172,53.689998626708984,54.369998931884766,53.58000183105469,53.9900016784668,50999900,MSFT
2015-10-28,46.653038024902344,53.97999954223633,53.97999954223633,52.86000061035156,53.540000915527344,47000800,MSFT
2015-10-29,46.1171760559082,53.36000061035156,53.83000183105469,53.220001220703125,53.540000915527344,30202100,MSFT
2015-10-30,45.49491500854492,52.63999938964844,53.9900016784668,52.619998931884766,53.31999969482422,46619800,MSFT
2015-11-02,46.01347732543945,53.2400016784668,53.36000061035156,52.619998931884766,52.849998474121094,30285000,MSFT
2015-11-03,46.79995346069336,54.150001525878906,54.38999938964844,52.900001525878906,52.93000030517578,36596900,MSFT
2015-11-04,47.016014099121094,54.400001525878906,54.880001068115234,54.060001373291016,54.18000030517578,37087800,MSFT
2015-11-05,46.99873352050781,54.380001068115234,54.70000076293945,54.0,54.4900016784668,31468500,MSFT
2015-11-06,47.46543884277344,54.91999816894531,54.97999954223633,53.959999084472656,54.09000015258789,32851200,MSFT
2015-11-09,46.808589935302734,54.15999984741211,54.869998931884766,53.560001373291016,54.54999923706055,32513100,MSFT
2015-11-10,46.246829986572266,53.5099983215332,54.130001068115234,53.27000045776367,54.06999969482422,55283700,MSFT
2015-11-11,46.36783981323242,53.650001525878906,54.20000076293945,53.459999084472656,53.70000076293945,36516300,MSFT
2015-11-12,46.082618713378906,53.31999969482422,53.97999954223633,53.189998626708984,53.47999954223633,35361100,MSFT
2015-11-13,45.66777420043945,52.84000015258789,53.290000915527344,52.529998779296875,53.06999969482422,36848200,MSFT
2015-11-16,46.47154235839844,53.77000045776367,53.88999938964844,52.849998474121094,53.08000183105469,32165200,MSFT
2015-11-17,46.08870315551758,52.970001220703125,53.529998779296875,52.849998474121094,53.16999816894531,31551300,MSFT
2015-11-18,46.854366302490234,53.849998474121094,53.97999954223633,52.97999954223633,53.0,29710000,MSFT
2015-11-19,46.93268966674805,53.939998626708984,54.65999984741211,53.779998779296875,53.9900016784668,28149200,MSFT
2015-11-20,47.150203704833984,54.189998626708984,54.29999923706055,53.27000045776367,54.25,37147600,MSFT
2015-11-23,47.150203704833984,54.189998626708984,54.459999084472656,53.75,54.25,28235900,MSFT
2015-11-24,47.202415466308594,54.25,54.439998626708984,53.58000183105469,53.91999816894531,24600000,MSFT
2015-11-25,46.71516036987305,53.689998626708984,54.22999954223633,53.689998626708984,54.09000015258789,21005100,MSFT
2015-11-27,46.92398452758789,53.93000030517578,54.08000183105469,53.790000915527344,53.79999923706055,9009100,MSFT
2015-11-30,47.2894172668457,54.349998474121094,54.959999084472656,54.0,54.540000915527344,56241400,MSFT
2015-12-01,48.04640197753906,55.220001220703125,55.22999954223633,54.29999923706055,54.40999984741211,39952800,MSFT
2015-12-02,48.037689208984375,55.209999084472656,55.959999084472656,55.060001373291016,55.31999969482422,47274900,MSFT
2015-12-03,47.15892028808594,54.20000076293945,55.77000045776367,53.93000030517578,55.4900016784668,38627800,MSFT
2015-12-04,48.64676284790039,55.90999984741211,56.22999954223633,54.099998474121094,54.119998931884766,43963700,MSFT
2015-12-07,48.55976486206055,55.810001373291016,55.970001220703125,55.290000915527344,55.790000915527344,30709800,MSFT
2015-12-08,48.54233932495117,55.790000915527344,56.099998474121094,54.9900016784668,55.470001220703125,32878000,MSFT
2015-12-09,47.83757400512695,54.97999954223633,55.869998931884766,54.5099983215332,55.369998931884766,36373200,MSFT
2015-12-10,48.08992385864258,55.27000045776367,55.65999984741211,55.0099983215332,55.38999938964844,31775800,MSFT
2015-12-11,47.0370979309082,54.060001373291016,55.099998474121094,54.0099983215332,54.709999084472656,39549500,MSFT
2015-12-14,47.97679901123047,55.13999938964844,55.209999084472656,53.68000030517578,54.33000183105469,46768900,MSFT
2015-12-15,48.02900314331055,55.20000076293945,55.900001525878906,55.09000015258789,55.65999984741211,39843000,MSFT
2015-12-16,48.83818435668945,56.130001068115234,56.25,54.7599983215332,55.540000915527344,37503300,MSFT
2015-12-17,48.46404266357422,55.70000076293945,56.790000915527344,55.529998779296875,56.36000061035156,41280900,MSFT
2015-12-18,47.09800338745117,54.130001068115234,56.0,54.029998779296875,55.77000045776367,84684200,MSFT
2015-12-21,47.70706558227539,54.83000183105469,55.349998474121094,54.22999954223633,54.880001068115234,37246300,MSFT
2015-12-22,48.159523010253906,55.349998474121094,55.47999954223633,54.5,54.9900016784668,28322200,MSFT
2015-12-23,48.56844711303711,55.81999969482422,55.880001068115234,55.439998626708984,55.70000076293945,27279800,MSFT
2015-12-24,48.43792724609375,55.66999816894531,55.959999084472656,55.43000030517578,55.86000061035156,9558500,MSFT
2015-12-28,48.68157196044922,55.95000076293945,55.95000076293945,54.97999954223633,55.349998474121094,22458300,MSFT
2015-12-29,49.20361328125,56.54999923706055,56.849998474121094,56.060001373291016,56.290000915527344,27731400,MSFT
2015-12-30,48.99479675292969,56.310001373291016,56.779998779296875,56.290000915527344,56.470001220703125,21704500,MSFT
2015-12-31,48.27263259887695,55.47999954223633,56.189998626708984,55.41999816894531,56.040000915527344,27334100,MSFT
2016-01-04,47.68095397949219,54.79999923706055,54.79999923706055,53.38999938964844,54.31999969482422,53778000,MSFT
2016-01-05,47.89848327636719,55.04999923706055,55.38999938964844,54.540000915527344,54.93000030517578,34079700,MSFT
2016-01-06,47.02838897705078,54.04999923706055,54.400001525878906,53.63999938964844,54.31999969482422,39518900,MSFT
2016-01-07,45.392616271972656,52.16999816894531,53.4900016784668,52.06999969482422,52.70000076293945,56564900,MSFT
2016-01-08,45.53184127807617,52.33000183105469,53.279998779296875,52.150001525878906,52.369998931884766,48754000,MSFT
2016-01-11,45.505733489990234,52.29999923706055,52.849998474121094,51.459999084472656,52.5099983215332,36943800,MSFT
2016-01-12,45.92338562011719,52.779998779296875,53.099998474121094,52.060001373291016,52.7599983215332,36095500,MSFT
2016-01-13,44.93147659301758,51.63999938964844,54.06999969482422,51.29999923706055,53.79999923706055,66883600,MSFT
2016-01-14,46.210506439208984,53.11000061035156,53.41999816894531,51.56999969482422,52.0,52381900,MSFT
2016-01-15,44.36592483520508,50.9900016784668,51.970001220703125,50.34000015258789,51.310001373291016,71820700,MSFT
2016-01-19,43.991783142089844,50.560001373291016,51.68000030517578,50.060001373291016,51.47999954223633,43564500,MSFT
2016-01-20,44.19190216064453,50.790000915527344,51.380001068115234,49.099998474121094,49.97999954223633,63273000,MSFT
2016-01-21,43.92216873168945,50.47999954223633,51.58000183105469,50.29999923706055,51.0,40191200,MSFT
2016-01-22,45.497047424316406,52.290000915527344,52.33000183105469,51.2599983215332,51.40999984741211,37555800,MSFT
2016-01-25,45.062007904052734,51.790000915527344,52.650001525878906,51.650001525878906,51.939998626708984,34707700,MSFT
2016-01-26,45.392616271972656,52.16999816894531,52.439998626708984,51.54999923706055,51.790000915527344,28900800,MSFT
2016-01-27,44.566043853759766,51.220001220703125,52.20000076293945,51.02000045776367,52.0099983215332,36775200,MSFT
2016-01-28,45.296913146972656,52.060001373291016,52.209999084472656,51.25,51.86000061035156,62513800,MSFT
2016-01-29,47.93328094482422,55.09000015258789,55.09000015258789,54.0,54.72999954223633,83611700,MSFT
2016-02-01,47.602657318115234,54.709999084472656,55.09000015258789,54.5,54.880001068115234,44208500,MSFT
2016-02-02,46.114803314208984,53.0,54.2599983215332,52.650001525878906,54.16999816894531,56313800,MSFT
2016-02-03,45.38393020629883,52.15999984741211,53.38999938964844,51.2599983215332,53.25,57559800,MSFT
2016-02-04,45.244712829589844,52.0,52.810001373291016,51.369998931884766,52.099998474121094,46987100,MSFT
2016-02-05,43.64373779296875,50.15999984741211,52.0,49.560001373291016,51.939998626708984,62009000,MSFT
2016-02-08,42.99119186401367,49.40999984741211,49.56999969482422,48.189998626708984,49.54999923706055,59290500,MSFT
2016-02-09,42.87807083129883,49.279998779296875,50.2400016784668,48.66999816894531,49.02000045776367,46740500,MSFT
2016-02-10,43.252193450927734,49.709999084472656,50.38999938964844,49.52000045776367,49.88999938964844,38237000,MSFT
2016-02-11,43.23479080200195,49.689998626708984,50.11000061035156,48.5099983215332,48.68000030517578,48878600,MSFT
2016-02-12,43.9395751953125,50.5,50.68000030517578,49.75,50.25,34243300,MSFT
2016-02-16,44.77210235595703,51.09000015258789,51.09000015258789,50.130001068115234,50.900001525878906,37291200,MSFT
2016-02-17,45.9376220703125,52.41999816894531,52.77000045776367,51.45000076293945,51.4900016784668,40789000,MSFT
2016-02-18,45.73606491088867,52.189998626708984,52.95000076293945,52.099998474121094,52.33000183105469,27176000,MSFT
2016-02-19,45.41182327270508,51.81999969482422,52.279998779296875,51.529998779296875,51.970001220703125,33559100,MSFT
2016-02-22,46.13917541503906,52.650001525878906,53.0,52.279998779296875,52.279998779296875,25008300,MSFT
2016-02-23,44.85096740722656,51.18000030517578,52.369998931884766,50.97999954223633,52.34000015258789,28895300,MSFT
2016-02-24,45.00869369506836,51.36000061035156,51.5,50.20000076293945,50.689998626708984,33014500,MSFT
2016-02-25,45.65719985961914,52.099998474121094,52.099998474121094,50.61000061035156,51.72999954223633,26939500,MSFT
2016-02-26,44.95611572265625,51.29999923706055,52.68000030517578,51.099998474121094,52.599998474121094,35975900,MSFT
2016-02-29,44.58806228637695,50.880001068115234,51.650001525878906,50.65999984741211,51.349998474121094,31654000,MSFT
2016-03-01,46.07784652709961,52.58000183105469,52.59000015258789,50.91999816894531,50.970001220703125,33024500,MSFT
2016-03-02,46.4020881652832,52.95000076293945,52.959999084472656,52.15999984741211,52.40999984741211,29289900,MSFT
2016-03-03,45.87627410888672,52.349998474121094,52.970001220703125,51.779998779296875,52.970001220703125,24427800,MSFT
2016-03-04,45.59584426879883,52.029998779296875,52.45000076293945,51.709999084472656,52.400001525878906,33034200,MSFT
2016-03-07,44.719520568847656,51.029998779296875,51.79999923706055,50.58000183105469,51.560001373291016,38407800,MSFT
2016-03-08,45.26284408569336,51.650001525878906,52.130001068115234,50.599998474121094,50.79999923706055,33835100,MSFT
2016-03-09,46.305686950683594,52.84000015258789,52.849998474121094,51.86000061035156,51.88999938964844,28251600,MSFT
2016-03-10,45.61338806152344,52.04999923706055,52.939998626708984,51.15999984741211,52.93000030517578,38387800,MSFT
2016-03-11,46.507232666015625,53.06999969482422,53.06999969482422,52.380001068115234,53.0,32275700,MSFT
2016-03-14,46.594871520996094,53.16999816894531,53.59000015258789,52.630001068115234,52.709999084472656,24083600,MSFT
2016-03-15,46.96293640136719,53.59000015258789,53.59000015258789,52.7400016784668,52.75,21104800,MSFT
2016-03-16,47.62895202636719,54.349998474121094,54.599998474121094,53.400001525878906,53.45000076293945,31691700,MSFT
2016-03-17,47.90061569213867,54.65999984741211,55.0,54.0,54.209999084472656,28223900,MSFT
2016-03-18,46.87530517578125,53.4900016784668,54.970001220703125,53.45000076293945,54.91999816894531,67625500,MSFT
2016-03-21,47.19955062866211,53.86000061035156,53.93000030517578,52.93000030517578,53.25,23925700,MSFT
2016-03-22,47.38357925415039,54.06999969482422,54.25,53.459999084472656,53.61000061035156,23124100,MSFT
2016-03-23,47.295936584472656,53.970001220703125,54.2400016784668,53.7400016784668,54.11000061035156,20129000,MSFT
2016-03-24,47.50627136230469,54.209999084472656,54.33000183105469,53.72999954223633,53.84000015258789,19950000,MSFT
2016-03-28,46.91912841796875,53.540000915527344,54.290000915527344,53.33000183105469,54.209999084472656,17025100,MSFT
2016-03-29,47.9444465637207,54.709999084472656,54.86000061035156,53.45000076293945,53.65999984741211,23924300,MSFT
2016-03-30,48.24238967895508,55.04999923706055,55.63999938964844,54.900001525878906,54.93000030517578,23008300,MSFT
2016-03-31,48.40012741088867,55.22999954223633,55.59000015258789,54.86000061035156,54.95000076293945,26360500,MSFT
2016-04-01,48.698081970214844,55.56999969482422,55.61000061035156,54.56999969482422,55.04999923706055,24399200,MSFT
2016-04-04,48.57539749145508,55.43000030517578,55.65999984741211,55.0,55.43000030517578,18928800,MSFT
2016-04-05,47.81298065185547,54.560001373291016,55.29999923706055,54.459999084472656,55.189998626708984,19272300,MSFT
2016-04-06,48.303741455078125,55.119998931884766,55.20000076293945,54.209999084472656,54.36000061035156,21188700,MSFT
2016-04-07,47.72534942626953,54.459999084472656,54.90999984741211,54.22999954223633,54.869998931884766,19225100,MSFT
2016-04-08,47.69029998779297,54.41999816894531,55.279998779296875,54.31999969482422,54.66999816894531,22167200,MSFT
2016-04-11,47.593910217285156,54.310001373291016,55.150001525878906,54.29999923706055,54.4900016784668,21414200,MSFT
2016-04-12,47.89185333251953,54.650001525878906,54.779998779296875,53.7599983215332,54.369998931884766,24944300,MSFT
2016-04-13,48.50530242919922,55.349998474121094,55.439998626708984,54.88999938964844,55.119998931884766,20818000,MSFT
2016-04-14,48.51405715942383,55.36000061035156,55.58000183105469,55.06999969482422,55.220001220703125,20877100,MSFT
2016-04-15,48.768192291259766,55.650001525878906,55.91999816894531,55.11000061035156,55.29999923706055,28793800,MSFT
2016-04-18,49.478023529052734,56.459999084472656,56.59000015258789,55.209999084472656,55.4900016784668,23786000,MSFT
2016-04-19,49.416683197021484,56.38999938964844,56.77000045776367,55.68000030517578,56.630001068115234,29596800,MSFT
2016-04-20,48.715614318847656,55.59000015258789,56.5,55.4900016784668,56.290000915527344,36195700,MSFT
2016-04-21,48.88210678100586,55.779998779296875,56.22999954223633,55.41999816894531,55.79999923706055,38909100,MSFT
2016-04-22,45.37677001953125,51.779998779296875,52.43000030517578,50.77000045776367,51.90999984741211,126834100,MSFT
2016-04-25,45.665950775146484,52.11000061035156,52.130001068115234,51.630001068115234,51.779998779296875,33226900,MSFT
2016-04-26,45.07880401611328,51.439998626708984,52.349998474121094,51.09000015258789,52.2599983215332,33532600,MSFT
2016-04-27,44.64063262939453,50.939998626708984,51.5,50.54999923706055,51.47999954223633,43369300,MSFT
2016-04-28,43.729251861572266,49.900001525878906,50.77000045776367,49.560001373291016,50.619998931884766,43134800,MSFT
2016-04-29,43.70295333862305,49.869998931884766,50.25,49.349998474121094,49.349998474121094,48411700,MSFT
2016-05-02,44.35144805908203,50.61000061035156,50.75,49.779998779296875,50.0,33114500,MSFT
2016-05-03,43.62409210205078,49.779998779296875,50.40999984741211,49.599998474121094,50.34000015258789,26460200,MSFT
2016-05-04,43.70295333862305,49.869998931884766,50.060001373291016,49.459999084472656,49.84000015258789,24257600,MSFT
2016-05-05,43.764286041259766,49.939998626708984,50.29999923706055,49.72999954223633,49.869998931884766,25390700,MSFT
2016-05-06,44.15865707397461,50.38999938964844,50.38999938964844,49.65999984741211,49.91999816894531,24787300,MSFT
2016-05-09,43.87822341918945,50.06999969482422,50.59000015258789,50.0,50.4900016784668,17951600,MSFT
2016-05-10,44.710750579833984,51.02000045776367,51.099998474121094,50.189998626708984,50.33000183105469,22891000,MSFT
2016-05-11,44.737037658691406,51.04999923706055,51.779998779296875,51.0,51.130001068115234,24039100,MSFT
2016-05-12,45.14016342163086,51.5099983215332,51.810001373291016,50.91999816894531,51.20000076293945,24102800,MSFT
2016-05-13,44.76334762573242,51.08000183105469,51.900001525878906,51.040000915527344,51.439998626708984,22592300,MSFT
2016-05-16,45.420589447021484,51.83000183105469,51.959999084472656,50.75,50.79999923706055,20032000,MSFT
2016-05-17,44.57340621948242,50.5099983215332,51.72999954223633,50.36000061035156,51.720001220703125,27803500,MSFT
2016-05-18,44.838157653808594,50.810001373291016,51.13999938964844,50.29999923706055,50.47999954223633,24907500,MSFT
2016-05-19,44.405757904052734,50.31999969482422,50.619998931884766,49.81999969482422,50.470001220703125,23842400,MSFT
2016-05-20,44.670494079589844,50.619998931884766,51.220001220703125,50.400001525878906,50.47999954223633,23905800,MSFT
2016-05-23,44.14982986450195,50.029998779296875,50.68000030517578,49.97999954223633,50.599998474121094,26118700,MSFT
2016-05-24,45.52649688720703,51.59000015258789,51.709999084472656,50.400001525878906,50.70000076293945,34757900,MSFT
2016-05-25,45.994197845458984,52.119998931884766,52.4900016784668,51.790000915527344,51.91999816894531,24040200,MSFT
2016-05-26,45.791221618652344,51.88999938964844,51.97999954223633,51.36000061035156,51.93000030517578,24335200,MSFT
2016-05-27,46.17070007324219,52.31999969482422,52.31999969482422,51.77000045776367,51.91999816894531,17721400,MSFT
2016-05-31,46.770751953125,53.0,53.0,52.08000183105469,52.2599983215332,37653100,MSFT
2016-06-01,46.63838195800781,52.849998474121094,52.95000076293945,52.439998626708984,52.439998626708984,25324800,MSFT
2016-06-02,46.311866760253906,52.47999954223633,52.7400016784668,51.84000015258789,52.63999938964844,22840800,MSFT
2016-06-03,45.70297622680664,51.790000915527344,52.41999816894531,51.599998474121094,52.380001068115234,23368300,MSFT
2016-06-06,46.00300979614258,52.130001068115234,52.349998474121094,51.88999938964844,51.9900016784668,18243300,MSFT
2016-06-07,45.976539611816406,52.099998474121094,52.72999954223633,52.099998474121094,52.2400016784668,20866800,MSFT
2016-06-08,45.92359161376953,52.040000915527344,52.439998626708984,51.869998931884766,52.02000045776367,21149400,MSFT
2016-06-09,45.552947998046875,51.619998931884766,52.0,51.4900016784668,52.0,20305700,MSFT
2016-06-10,45.42940902709961,51.47999954223633,52.04999923706055,51.040000915527344,51.04999923706055,25833200,MSFT
2016-06-13,44.24690246582031,50.13999938964844,50.720001220703125,49.060001373291016,49.58000183105469,83217800,MSFT
2016-06-14,43.97334671020508,49.83000183105469,50.099998474121094,49.56999969482422,49.900001525878906,42577100,MSFT
2016-06-15,43.84978485107422,49.689998626708984,50.119998931884766,49.689998626708984,49.779998779296875,33757600,MSFT
2016-06-16,44.46752166748047,50.38999938964844,50.470001220703125,49.5099983215332,49.52000045776367,31188600,MSFT
2016-06-17,44.23807907104492,50.130001068115234,50.43000030517578,49.81999969482422,50.40999984741211,45710500,MSFT
2016-06-20,44.18513870239258,50.06999969482422,50.83000183105469,50.029998779296875,50.63999938964844,35607900,MSFT
2016-06-21,45.173500061035156,51.189998626708984,51.43000030517578,50.15999984741211,50.20000076293945,34097800,MSFT
2016-06-22,44.997005462646484,50.9900016784668,51.459999084472656,50.95000076293945,51.08000183105469,28816800,MSFT
2016-06-23,45.80888366699219,51.90999984741211,52.060001373291016,51.150001525878906,51.279998779296875,29028800,MSFT
2016-06-24,43.97334671020508,49.83000183105469,50.939998626708984,49.52000045776367,49.810001373291016,133503000,MSFT
2016-06-27,42.737876892089844,48.43000030517578,49.150001525878906,48.040000915527344,49.099998474121094,50216300,MSFT
2016-06-28,43.629173278808594,49.439998626708984,49.470001220703125,48.66999816894531,48.91999816894531,38140700,MSFT
2016-06-29,44.59989929199219,50.540000915527344,50.720001220703125,49.79999923706055,49.90999984741211,31304000,MSFT
2016-06-30,45.15583801269531,51.16999816894531,51.29999923706055,50.5,50.720001220703125,28527800,MSFT
2016-07-01,45.14702606201172,51.15999984741211,51.720001220703125,51.06999969482422,51.130001068115234,21400400,MSFT
2016-07-05,45.15583801269531,51.16999816894531,51.279998779296875,50.7400016784668,50.83000183105469,24806400,MSFT
2016-07-06,45.34115982055664,51.380001068115234,51.540000915527344,50.38999938964844,50.779998779296875,28167500,MSFT
2016-07-07,45.34115982055664,51.380001068115234,51.61000061035156,51.06999969482422,51.41999816894531,19585200,MSFT
2016-07-08,46.15303039550781,52.29999923706055,52.36000061035156,51.54999923706055,51.72999954223633,28391000,MSFT
2016-07-11,46.408939361572266,52.59000015258789,52.83000183105469,52.470001220703125,52.5,22269200,MSFT
2016-07-12,46.956085205078125,53.209999084472656,53.400001525878906,52.790000915527344,52.939998626708984,27317600,MSFT
2016-07-13,47.22081756591797,53.5099983215332,53.86000061035156,53.18000030517578,53.560001373291016,25356800,MSFT
2016-07-14,47.42378234863281,53.7400016784668,53.9900016784668,53.58000183105469,53.84000015258789,24545500,MSFT
2016-07-15,47.38848876953125,53.70000076293945,54.0,53.209999084472656,53.95000076293945,32024400,MSFT
2016-07-18,47.61793899536133,53.959999084472656,54.34000015258789,53.54999923706055,53.70000076293945,31433900,MSFT
2016-07-19,46.85017395019531,53.09000015258789,53.900001525878906,52.93000030517578,53.709999084472656,53336500,MSFT
2016-07-20,49.3387336730957,55.90999984741211,56.84000015258789,55.529998779296875,56.150001525878906,89893300,MSFT
2016-07-21,49.24166488647461,55.79999923706055,56.22999954223633,55.7599983215332,55.97999954223633,32776700,MSFT
2016-07-22,49.921173095703125,56.56999969482422,56.630001068115234,55.779998779296875,56.08000183105469,32157200,MSFT
2016-07-25,50.06235885620117,56.72999954223633,56.7400016784668,56.2599983215332,56.470001220703125,25610600,MSFT
2016-07-26,50.08884048461914,56.7599983215332,57.290000915527344,56.5099983215332,56.52000045776367,28079000,MSFT
2016-07-27,49.58583068847656,56.189998626708984,56.79999923706055,56.11000061035156,56.61000061035156,32327500,MSFT
2016-07-28,49.60346984863281,56.209999084472656,56.369998931884766,55.720001220703125,56.0,37550400,MSFT
2016-07-29,50.01823043823242,56.68000030517578,56.7599983215332,56.04999923706055,56.2599983215332,30558700,MSFT
2016-08-01,49.93000030517578,56.58000183105469,56.75,56.13999938964844,56.599998474121094,26003400,MSFT
2016-08-02,49.93000030517578,56.58000183105469,56.900001525878906,56.310001373291016,56.849998474121094,35122000,MSFT
2016-08-03,50.2741584777832,56.970001220703125,57.11000061035156,56.4900016784668,56.68000030517578,22075600,MSFT
2016-08-04,50.64480209350586,57.38999938964844,57.52000045776367,56.66999816894531,56.79999923706055,26587700,MSFT
2016-08-05,51.147796630859375,57.959999084472656,58.209999084472656,57.45000076293945,57.650001525878906,29335200,MSFT
2016-08-08,51.23603439331055,58.060001373291016,58.09000015258789,57.779998779296875,58.060001373291016,19473500,MSFT
2016-08-09,51.35957717895508,58.20000076293945,58.5,58.02000045776367,58.16999816894531,16920700,MSFT
2016-08-10,51.20073699951172,58.02000045776367,58.31999969482422,57.81999969482422,58.15999984741211,15756900,MSFT
2016-08-11,51.44783401489258,58.29999923706055,58.45000076293945,58.029998779296875,58.029998779296875,18162300,MSFT
2016-08-12,51.13014602661133,57.939998626708984,58.189998626708984,57.619998931884766,58.029998779296875,21655200,MSFT
2016-08-15,51.28899002075195,58.119998931884766,58.5,57.959999084472656,58.0099983215332,19283900,MSFT
2016-08-16,51.00483322143555,57.439998626708984,57.619998931884766,57.27000045776367,57.61000061035156,20523500,MSFT
2016-08-17,51.11138916015625,57.560001373291016,57.68000030517578,57.22999954223633,57.540000915527344,18856400,MSFT
2016-08-18,51.146915435791016,57.599998474121094,57.70000076293945,57.27000045776367,57.41999816894531,14214300,MSFT
2016-08-19,51.1646614074707,57.619998931884766,57.72999954223633,57.20000076293945,57.43000030517578,17271000,MSFT
2016-08-22,51.20906066894531,57.66999816894531,57.75,57.2599983215332,57.599998474121094,15221900,MSFT
2016-08-23,51.40443420410156,57.88999938964844,58.18000030517578,57.849998474121094,57.900001525878906,18732400,MSFT
2016-08-24,51.457706451416016,57.95000076293945,58.040000915527344,57.720001220703125,57.79999923706055,18151500,MSFT
2016-08-25,51.653053283691406,58.16999816894531,58.290000915527344,57.779998779296875,57.880001068115234,18552600,MSFT
2016-08-26,51.52873992919922,58.029998779296875,58.70000076293945,57.689998626708984,58.279998779296875,20971200,MSFT
2016-08-29,51.59089279174805,58.099998474121094,58.599998474121094,58.099998474121094,58.18000030517578,16417200,MSFT
2016-08-30,51.40443420410156,57.88999938964844,58.189998626708984,57.61000061035156,57.97999954223633,16930200,MSFT
2016-08-31,51.022605895996094,57.459999084472656,57.79999923706055,57.29999923706055,57.650001525878906,20860300,MSFT
2016-09-01,51.138031005859375,57.59000015258789,57.81999969482422,57.0099983215332,57.0099983215332,26075400,MSFT
2016-09-02,51.20906066894531,57.66999816894531,58.189998626708984,57.41999816894531,57.66999816894531,18900500,MSFT
2016-09-06,51.155792236328125,57.61000061035156,57.79999923706055,57.209999084472656,57.779998779296875,16278400,MSFT
2016-09-07,51.200191497802734,57.65999984741211,57.84000015258789,57.40999984741211,57.470001220703125,17493400,MSFT
2016-09-08,50.99595642089844,57.43000030517578,57.790000915527344,57.18000030517578,57.630001068115234,20146100,MSFT
2016-09-09,49.91263198852539,56.209999084472656,57.52000045776367,56.209999084472656,56.790000915527344,35113900,MSFT
2016-09-12,50.65852737426758,57.04999923706055,57.209999084472656,55.61000061035156,56.0,29303000,MSFT
2016-09-13,50.19679260253906,56.529998779296875,56.650001525878906,56.04999923706055,56.5,30130200,MSFT
2016-09-14,49.957035064697266,56.2599983215332,56.630001068115234,56.029998779296875,56.38999938964844,24062500,MSFT
2016-09-15,50.78284454345703,57.189998626708984,57.349998474121094,55.97999954223633,56.150001525878906,26847000,MSFT
2016-09-16,50.83613204956055,57.25,57.630001068115234,56.75,57.630001068115234,44607000,MSFT
2016-09-19,50.551979064941406,56.93000030517578,57.75,56.849998474121094,57.27000045776367,20937100,MSFT
2016-09-20,50.4454231262207,56.810001373291016,57.349998474121094,56.75,57.349998474121094,17384000,MSFT
2016-09-21,51.288978576660156,57.7599983215332,57.849998474121094,57.08000183105469,57.5099983215332,33707300,MSFT
2016-09-22,51.34226608276367,57.81999969482422,58.0,57.630001068115234,57.91999816894531,19822200,MSFT
2016-09-23,50.99595642089844,57.43000030517578,57.90999984741211,57.380001068115234,57.869998931884766,19955300,MSFT
2016-09-26,50.52532958984375,56.900001525878906,57.13999938964844,56.83000183105469,57.08000183105469,21688700,MSFT
2016-09-27,51.457706451416016,57.95000076293945,58.060001373291016,56.68000030517578,56.93000030517578,28065100,MSFT
2016-09-28,51.52873992919922,58.029998779296875,58.060001373291016,57.66999816894531,57.880001068115234,20536400,MSFT
2016-09-29,50.96931076049805,57.400001525878906,58.16999816894531,57.209999084472656,57.810001373291016,25463500,MSFT
2016-09-30,51.146915435791016,57.599998474121094,57.77000045776367,57.34000015258789,57.56999969482422,29910800,MSFT
2016-10-03,50.987083435058594,57.41999816894531,57.54999923706055,57.060001373291016,57.40999984741211,19189500,MSFT
2016-10-04,50.82725143432617,57.2400016784668,57.599998474121094,56.970001220703125,57.27000045776367,20085900,MSFT
2016-10-05,51.182430267333984,57.63999938964844,57.959999084472656,57.2599983215332,57.290000915527344,16726400,MSFT
2016-10-06,51.271240234375,57.7400016784668,57.86000061035156,57.279998779296875,57.7400016784668,16212600,MSFT
2016-10-07,51.32450485229492,57.79999923706055,57.97999954223633,57.41999816894531,57.849998474121094,20089000,MSFT
2016-10-10,51.53761672973633,58.040000915527344,58.38999938964844,57.869998931884766,57.90999984741211,18196500,MSFT
2016-10-11,50.78284454345703,57.189998626708984,58.02000045776367,56.88999938964844,57.88999938964844,26497400,MSFT
2016-10-12,50.71179962158203,57.11000061035156,57.27000045776367,56.400001525878906,57.11000061035156,22177500,MSFT
2016-10-13,50.54309844970703,56.91999816894531,57.29999923706055,56.31999969482422,56.70000076293945,25313700,MSFT
2016-10-14,50.987083435058594,57.41999816894531,57.7400016784668,57.119998931884766,57.119998931884766,27402500,MSFT
2016-10-17,50.80949783325195,57.220001220703125,57.459999084472656,56.869998931884766,57.36000061035156,23830000,MSFT
2016-10-18,51.200191497802734,57.65999984741211,57.95000076293945,57.40999984741211,57.529998779296875,19149500,MSFT
2016-10-19,51.08476638793945,57.529998779296875,57.84000015258789,57.400001525878906,57.470001220703125,22878400,MSFT
2016-10-20,50.83613204956055,57.25,57.52000045776367,56.65999984741211,57.5,49455600,MSFT
2016-10-21,52.97612762451172,59.65999984741211,60.45000076293945,59.4900016784668,60.279998779296875,80032200,MSFT
2016-10-24,54.16598129272461,61.0,61.0,59.93000030517578,59.939998626708984,54067000,MSFT
2016-10-25,54.15712356567383,60.9900016784668,61.369998931884766,60.79999923706055,60.849998474121094,35137200,MSFT
2016-10-26,53.837467193603516,60.630001068115234,61.20000076293945,60.470001220703125,60.810001373291016,29911600,MSFT
2016-10-27,53.366844177246094,60.099998474121094,60.83000183105469,60.09000015258789,60.61000061035156,28479900,MSFT
2016-10-28,53.162601470947266,59.869998931884766,60.52000045776367,59.58000183105469,60.0099983215332,33574700,MSFT
2016-10-31,53.20700454711914,59.91999816894531,60.41999816894531,59.91999816894531,60.15999984741211,26434700,MSFT
2016-11-01,53.100433349609375,59.79999923706055,60.02000045776367,59.25,59.970001220703125,24533000,MSFT
2016-11-02,52.77189254760742,59.43000030517578,59.93000030517578,59.29999923706055,59.81999969482422,22147000,MSFT
2016-11-03,52.57654571533203,59.209999084472656,59.63999938964844,59.11000061035156,59.529998779296875,21600400,MSFT
2016-11-04,52.1325569152832,58.709999084472656,59.279998779296875,58.52000045776367,58.650001525878906,28697000,MSFT
2016-11-07,53.65098571777344,60.41999816894531,60.52000045776367,59.779998779296875,59.779998779296875,31664800,MSFT
2016-11-08,53.695377349853516,60.470001220703125,60.779998779296875,60.150001525878906,60.54999923706055,22935400,MSFT
2016-11-09,53.42899703979492,60.16999816894531,60.59000015258789,59.20000076293945,60.0,49632500,MSFT
2016-11-10,52.123687744140625,58.70000076293945,60.4900016784668,57.630001068115234,60.47999954223633,57822400,MSFT
2016-11-11,52.4078254699707,59.02000045776367,59.119998931884766,58.0099983215332,58.22999954223633,38767800,MSFT
2016-11-14,51.60865783691406,58.119998931884766,59.08000183105469,57.279998779296875,59.02000045776367,41328400,MSFT
2016-11-15,52.627769470214844,58.869998931884766,59.4900016784668,58.31999969482422,58.33000183105469,35904100,MSFT
2016-11-16,53.3250732421875,59.650001525878906,59.65999984741211,58.810001373291016,58.939998626708984,27332500,MSFT
2016-11-17,54.2100944519043,60.63999938964844,60.95000076293945,59.970001220703125,60.40999984741211,32132700,MSFT
2016-11-18,53.95085144042969,60.349998474121094,61.13999938964844,60.29999923706055,60.779998779296875,27686300,MSFT
2016-11-21,54.40675735473633,60.86000061035156,60.970001220703125,60.41999816894531,60.5,19652600,MSFT
2016-11-22,54.639183044433594,61.119998931884766,61.2599983215332,60.810001373291016,60.97999954223633,23206700,MSFT
2016-11-23,53.99555206298828,60.400001525878906,61.099998474121094,60.25,61.0099983215332,21848900,MSFT
2016-11-25,54.111759185791016,60.529998779296875,60.529998779296875,60.130001068115234,60.29999923706055,8409600,MSFT
2016-11-28,54.18328094482422,60.61000061035156,61.02000045776367,60.209999084472656,60.34000015258789,20732600,MSFT
2016-11-29,54.61238098144531,61.09000015258789,61.40999984741211,60.52000045776367,60.650001525878906,22366700,MSFT
2016-11-30,53.87039566040039,60.2599983215332,61.18000030517578,60.220001220703125,60.86000061035156,34655400,MSFT
2016-12-01,52.92277908325195,59.20000076293945,60.150001525878906,58.939998626708984,60.11000061035156,34542100,MSFT
2016-12-02,52.96748352050781,59.25,59.470001220703125,58.79999923706055,59.08000183105469,25515700,MSFT
2016-12-05,53.83464431762695,60.220001220703125,60.59000015258789,59.560001373291016,59.70000076293945,23552700,MSFT
2016-12-06,53.59326934814453,59.95000076293945,60.459999084472656,59.79999923706055,60.43000030517578,19907000,MSFT
2016-12-07,54.86268997192383,61.369998931884766,61.380001068115234,59.79999923706055,60.0099983215332,30809000,MSFT
2016-12-08,54.540863037109375,61.0099983215332,61.58000183105469,60.84000015258789,61.29999923706055,21220800,MSFT
2016-12-09,55.399070739746094,61.970001220703125,61.9900016784668,61.130001068115234,61.18000030517578,27349400,MSFT
2016-12-12,55.577857971191406,62.16999816894531,62.29999923706055,61.720001220703125,61.81999969482422,20198100,MSFT
2016-12-13,56.301979064941406,62.97999954223633,63.41999816894531,62.2400016784668,62.5,35718900,MSFT
2016-12-14,56.033790588378906,62.68000030517578,63.45000076293945,62.529998779296875,63.0,30352700,MSFT
2016-12-15,55.94438934326172,62.58000183105469,63.150001525878906,62.29999923706055,62.70000076293945,27669900,MSFT
2016-12-16,55.694068908691406,62.29999923706055,62.95000076293945,62.119998931884766,62.95000076293945,42453100,MSFT
2016-12-19,56.874107360839844,63.619998931884766,63.77000045776367,62.41999816894531,62.560001373291016,34338200,MSFT
2016-12-20,56.802589416503906,63.540000915527344,63.79999923706055,63.029998779296875,63.689998626708984,26028400,MSFT
2016-12-21,56.802589416503906,63.540000915527344,63.70000076293945,63.119998931884766,63.43000030517578,17096300,MSFT
2016-12-22,56.81153869628906,63.54999923706055,64.0999984741211,63.40999984741211,63.84000015258789,22176600,MSFT
2016-12-23,56.5344123840332,63.2400016784668,63.540000915527344,62.79999923706055,63.45000076293945,12403800,MSFT
2016-12-27,56.57017517089844,63.279998779296875,64.06999969482422,63.209999084472656,63.209999084472656,11763200,MSFT
2016-12-28,56.3109130859375,62.9900016784668,63.400001525878906,62.83000183105469,63.400001525878906,14653300,MSFT
2016-12-29,56.23046875,62.900001525878906,63.20000076293945,62.72999954223633,62.86000061035156,10250600,MSFT
2016-12-30,55.55104064941406,62.13999938964844,62.9900016784668,62.029998779296875,62.959999084472656,25579900,MSFT
2017-01-03,55.94438934326172,62.58000183105469,62.84000015258789,62.130001068115234,62.790000915527344,20694100,MSFT
2017-01-04,55.694068908691406,62.29999923706055,62.75,62.119998931884766,62.47999954223633,21340000,MSFT
2017-01-05,55.694068908691406,62.29999923706055,62.65999984741211,62.029998779296875,62.189998626708984,24876000,MSFT
2017-01-06,56.17681884765625,62.84000015258789,63.150001525878906,62.040000915527344,62.29999923706055,19922900,MSFT
2017-01-09,55.99803161621094,62.63999938964844,63.08000183105469,62.540000915527344,62.7599983215332,20382700,MSFT
2017-01-10,55.98015213012695,62.619998931884766,63.06999969482422,62.279998779296875,62.72999954223633,18593000,MSFT
2017-01-11,56.489715576171875,63.189998626708984,63.22999954223633,62.43000030517578,62.61000061035156,21517300,MSFT
2017-01-12,55.9712028503418,62.61000061035156,63.400001525878906,61.95000076293945,63.060001373291016,20968200,MSFT
2017-01-13,56.05166244506836,62.70000076293945,62.869998931884766,62.349998474121094,62.619998931884766,19422300,MSFT
2017-01-17,55.89969253540039,62.529998779296875,62.70000076293945,62.029998779296875,62.68000030517578,20664000,MSFT
2017-01-18,55.87287902832031,62.5,62.70000076293945,62.119998931884766,62.66999816894531,19670100,MSFT
2017-01-19,55.694068908691406,62.29999923706055,62.97999954223633,62.20000076293945,62.2400016784668,18451700,MSFT
2017-01-20,56.087425231933594,62.7400016784668,62.81999969482422,62.369998931884766,62.66999816894531,30213500,MSFT
2017-01-23,56.28408432006836,62.959999084472656,63.119998931884766,62.56999969482422,62.70000076293945,23097600,MSFT
2017-01-24,56.78471755981445,63.52000045776367,63.7400016784668,62.939998626708984,63.20000076293945,24672900,MSFT
2017-01-25,56.92776107788086,63.68000030517578,64.0999984741211,63.45000076293945,63.95000076293945,23672700,MSFT
2017-01-26,57.455196380615234,64.2699966430664,64.54000091552734,63.54999923706055,64.12000274658203,43554600,MSFT
2017-01-27,58.80506896972656,65.77999877929688,65.91000366210938,64.88999938964844,65.38999938964844,44818000,MSFT
2017-01-30,58.2239990234375,65.12999725341797,65.79000091552734,64.80000305175781,65.69000244140625,31651400,MSFT
2017-01-31,57.79489517211914,64.6500015258789,65.1500015258789,64.26000213623047,64.86000061035156,25270500,MSFT
2017-02-01,56.83837127685547,63.58000183105469,64.62000274658203,63.470001220703125,64.36000061035156,39671500,MSFT
2017-02-02,56.471832275390625,63.16999816894531,63.40999984741211,62.75,63.25,45827000,MSFT
2017-02-03,56.92776107788086,63.68000030517578,63.70000076293945,63.06999969482422,63.5,30301800,MSFT
2017-02-06,56.89199447631836,63.63999938964844,63.650001525878906,63.13999938964844,63.5,19796400,MSFT
2017-02-07,56.70426940917969,63.43000030517578,63.779998779296875,63.22999954223633,63.7400016784668,20277200,MSFT
2017-02-08,56.623809814453125,63.34000015258789,63.810001373291016,63.220001220703125,63.56999969482422,18096400,MSFT
2017-02-09,57.267452239990234,64.05999755859375,64.44000244140625,63.31999969482422,63.52000045776367,22644400,MSFT
2017-02-10,57.21381759643555,64.0,64.30000305175781,63.97999954223633,64.25,18170700,MSFT
2017-02-13,57.857479095458984,64.72000122070312,64.86000061035156,64.12999725341797,64.23999786376953,22920100,MSFT
2017-02-14,58.073326110839844,64.56999969482422,64.72000122070312,64.0199966430664,64.41000366210938,23108400,MSFT
2017-02-15,58.037349700927734,64.52999877929688,64.56999969482422,64.16000366210938,64.5,17005200,MSFT
2017-02-16,58.02835464477539,64.5199966430664,65.23999786376953,64.44000244140625,64.73999786376953,20546300,MSFT
2017-02-17,58.11830520629883,64.62000274658203,64.69000244140625,64.30000305175781,64.47000122070312,21248800,MSFT
2017-02-21,58.00138473510742,64.48999786376953,64.94999694824219,64.44999694824219,64.61000061035156,20655900,MSFT
2017-02-22,57.88446807861328,64.36000061035156,64.38999938964844,64.05000305175781,64.33000183105469,19292700,MSFT
2017-02-23,58.11830520629883,64.62000274658203,64.7300033569336,64.19000244140625,64.41999816894531,20273100,MSFT
2017-02-24,58.11830520629883,64.62000274658203,64.80000305175781,64.13999938964844,64.52999877929688,21796800,MSFT
2017-02-27,57.76755142211914,64.2300033569336,64.54000091552734,64.05000305175781,64.54000091552734,15871500,MSFT
2017-02-28,57.54269790649414,63.97999954223633,64.19999694824219,63.7599983215332,64.08000183105469,23239800,MSFT
2017-03-01,58.40610885620117,64.94000244140625,64.98999786376953,64.0199966430664,64.12999725341797,26937500,MSFT
2017-03-02,57.569679260253906,64.01000213623047,64.75,63.880001068115234,64.69000244140625,24539600,MSFT
2017-03-03,57.78553009033203,64.25,64.27999877929688,63.619998931884766,63.9900016784668,18135900,MSFT
2017-03-06,57.80351257324219,64.2699966430664,64.55999755859375,63.810001373291016,63.970001220703125,18750300,MSFT
2017-03-07,57.920433044433594,64.4000015258789,64.77999877929688,64.19000244140625,64.19000244140625,18521000,MSFT
2017-03-08,58.451072692871094,64.98999786376953,65.08000183105469,64.25,64.26000213623047,21510900,MSFT
2017-03-09,58.217247009277344,64.7300033569336,65.19999694824219,64.4800033569336,65.19000244140625,19846800,MSFT
2017-03-10,58.397117614746094,64.93000030517578,65.26000213623047,64.75,65.11000061035156,19538200,MSFT
2017-03-13,58.19925308227539,64.70999908447266,65.19000244140625,64.56999969482422,65.01000213623047,20100000,MSFT
2017-03-14,57.929439544677734,64.41000366210938,64.55000305175781,64.1500015258789,64.52999877929688,14280200,MSFT
2017-03-15,58.235225677490234,64.75,64.91999816894531,64.25,64.55000305175781,24833800,MSFT
2017-03-16,58.136287689208984,64.63999938964844,64.76000213623047,64.30000305175781,64.75,20674300,MSFT
2017-03-17,58.3431396484375,64.87000274658203,65.23999786376953,64.68000030517578,64.91000366210938,49219700,MSFT
2017-03-20,58.397117614746094,64.93000030517578,65.18000030517578,64.72000122070312,64.91000366210938,14598100,MSFT
2017-03-21,57.749568939208984,64.20999908447266,65.5,64.12999725341797,65.19000244140625,26640500,MSFT
2017-03-22,58.4870491027832,65.02999877929688,65.13999938964844,64.12000274658203,64.12000274658203,20680000,MSFT
2017-03-23,58.3431396484375,64.87000274658203,65.23999786376953,64.7699966430664,64.94000244140625,19269200,MSFT
2017-03-24,58.44209671020508,64.9800033569336,65.44999694824219,64.76000213623047,65.36000061035156,22617100,MSFT
2017-03-27,58.550025939941406,65.0999984741211,65.22000122070312,64.3499984741211,64.62999725341797,18614700,MSFT
2017-03-28,58.72089767456055,65.29000091552734,65.47000122070312,64.6500015258789,64.95999908447266,20080400,MSFT
2017-03-29,58.88277816772461,65.47000122070312,65.5,64.94999694824219,65.12000274658203,13618400,MSFT
2017-03-30,59.098628997802734,65.70999908447266,65.9800033569336,65.36000061035156,65.41999816894531,15122800,MSFT
2017-03-31,59.233543395996094,65.86000061035156,66.19000244140625,65.44999694824219,65.6500015258789,21040300,MSFT
2017-04-03,58.95473861694336,65.55000305175781,65.94000244140625,65.19000244140625,65.80999755859375,20400900,MSFT
2017-04-04,59.116615295410156,65.7300033569336,65.80999755859375,65.27999877929688,65.38999938964844,12997400,MSFT
2017-04-05,58.96371078491211,65.55999755859375,66.3499984741211,65.44000244140625,66.30000305175781,21448600,MSFT
2017-04-06,59.116615295410156,65.7300033569336,66.05999755859375,65.4800033569336,65.5999984741211,18103500,MSFT
2017-04-07,59.071651458740234,65.68000030517578,65.95999908447266,65.44000244140625,65.8499984741211,14108500,MSFT
2017-04-10,58.93674087524414,65.52999877929688,65.81999969482422,65.36000061035156,65.61000061035156,17952700,MSFT
2017-04-11,58.89177703857422,65.4800033569336,65.61000061035156,64.8499984741211,65.5999984741211,18791500,MSFT
2017-04-12,58.66692352294922,65.2300033569336,65.51000213623047,65.11000061035156,65.41999816894531,17108500,MSFT
2017-04-13,58.41509246826172,64.94999694824219,65.86000061035156,64.94999694824219,65.29000091552734,17896500,MSFT
2017-04-17,58.89177703857422,65.4800033569336,65.48999786376953,65.01000213623047,65.04000091552734,16689300,MSFT
2017-04-18,58.81080627441406,65.38999938964844,65.70999908447266,65.16000366210938,65.33000183105469,15155600,MSFT
2017-04-19,58.49605178833008,65.04000091552734,65.75,64.88999938964844,65.6500015258789,26992800,MSFT
2017-04-20,58.909759521484375,65.5,65.75,65.13999938964844,65.45999908447266,22299500,MSFT
2017-04-21,59.719200134277344,66.4000015258789,66.69999694824219,65.44999694824219,65.66999816894531,32522600,MSFT
2017-04-24,60.735504150390625,67.52999877929688,67.66000366210938,67.0999984741211,67.4800033569336,29770000,MSFT
2017-04-25,61.086273193359375,67.91999816894531,68.04000091552734,67.5999984741211,67.9000015258789,30242700,MSFT
2017-04-26,61.00532913208008,67.83000183105469,68.30999755859375,67.62000274658203,68.08000183105469,26190800,MSFT
2017-04-27,61.401039123535156,68.2699966430664,68.37999725341797,67.58000183105469,68.1500015258789,34971000,MSFT
2017-04-28,61.57194519042969,68.45999908447266,69.13999938964844,67.69000244140625,68.91000366210938,39548800,MSFT
2017-05-01,62.42637252807617,69.41000366210938,69.55000305175781,68.5,68.68000030517578,31954400,MSFT
2017-05-02,62.32742691040039,69.30000305175781,69.70999908447266,69.12999725341797,69.70999908447266,23906100,MSFT
2017-05-03,62.129573822021484,69.08000183105469,69.37999725341797,68.70999908447266,69.37999725341797,28928000,MSFT
2017-05-04,61.88671875,68.80999755859375,69.08000183105469,68.63999938964844,69.02999877929688,21749400,MSFT
2017-05-05,62.05759811401367,69.0,69.02999877929688,68.48999786376953,68.9000015258789,19128800,MSFT
2017-05-08,62.00363540649414,68.94000244140625,69.05000305175781,68.41999816894531,68.97000122070312,18566100,MSFT
2017-05-09,62.093605041503906,69.04000091552734,69.27999877929688,68.68000030517578,68.86000061035156,22858400,MSFT
2017-05-10,62.33641815185547,69.30999755859375,69.55999755859375,68.91999816894531,68.98999786376953,17977800,MSFT
2017-05-11,61.57194519042969,68.45999908447266,68.7300033569336,68.12000274658203,68.36000061035156,28789400,MSFT
2017-05-12,61.49997329711914,68.37999725341797,68.61000061035156,68.04000091552734,68.61000061035156,18714100,MSFT
2017-05-15,61.54497528076172,68.43000030517578,68.4800033569336,67.56999969482422,68.13999938964844,31530300,MSFT
2017-05-16,62.78417205810547,69.41000366210938,69.44000244140625,68.16000366210938,68.2300033569336,34956000,MSFT
2017-05-17,61.03841018676758,67.4800033569336,69.0999984741211,67.43000030517578,68.88999938964844,30548800,MSFT
2017-05-18,61.24646759033203,67.70999908447266,68.12999725341797,67.13999938964844,67.4000015258789,25201300,MSFT
2017-05-19,61.22836685180664,67.69000244140625,68.0999984741211,67.43000030517578,67.5,26961100,MSFT
2017-05-22,61.91581726074219,68.44999694824219,68.5,67.5,67.88999938964844,16237600,MSFT
2017-05-23,62.12386703491211,68.68000030517578,68.75,68.37999725341797,68.72000122070312,15425800,MSFT
2017-05-24,62.20527648925781,68.7699966430664,68.87999725341797,68.44999694824219,68.87000274658203,14593900,MSFT
2017-05-25,62.974143981933594,69.62000274658203,69.87999725341797,68.91000366210938,68.97000122070312,21854100,MSFT
2017-05-26,63.281673431396484,69.95999908447266,70.22000122070312,69.5199966430664,69.80000305175781,19827900,MSFT
2017-05-30,63.68872833251953,70.41000366210938,70.41000366210938,69.7699966430664,69.79000091552734,17072800,MSFT
2017-05-31,63.17313003540039,69.83999633789062,70.73999786376953,69.80999755859375,70.52999877929688,30436400,MSFT
2017-06-01,63.4083137512207,70.0999984741211,70.61000061035156,69.44999694824219,70.23999786376953,21603600,MSFT
2017-06-02,64.90985107421875,71.76000213623047,71.86000061035156,70.23999786376953,70.44000244140625,34770300,MSFT
2017-06-05,65.3802261352539,72.27999877929688,72.88999938964844,71.80999755859375,71.97000122070312,33316800,MSFT
2017-06-06,65.5973129272461,72.5199966430664,72.62000274658203,72.2699966430664,72.30000305175781,31511100,MSFT
2017-06-07,65.47972106933594,72.38999938964844,72.7699966430664,71.94999694824219,72.63999938964844,22301800,MSFT
2017-06-08,65.08171844482422,71.94999694824219,72.5199966430664,71.5,72.51000213623047,24588300,MSFT
2017-06-09,63.6072998046875,70.31999969482422,72.08000183105469,68.58999633789062,72.04000091552734,49187400,MSFT
2017-06-12,63.11886978149414,69.77999877929688,69.94000244140625,68.12999725341797,69.25,47761700,MSFT
2017-06-13,63.905826568603516,70.6500015258789,70.81999969482422,69.95999908447266,70.0199966430664,25258600,MSFT
2017-06-14,63.56207275390625,70.2699966430664,71.0999984741211,69.43000030517578,70.91000366210938,25510700,MSFT
2017-06-15,63.2274055480957,69.9000015258789,70.20999908447266,68.80000305175781,69.2699966430664,26068700,MSFT
2017-06-16,63.3178596496582,70.0,70.02999877929688,69.22000122070312,69.7300033569336,48345100,MSFT
2017-06-19,64.10481262207031,70.87000274658203,70.94000244140625,70.3499984741211,70.5,23798300,MSFT
2017-06-20,63.2364616394043,69.91000366210938,70.87000274658203,69.87000274658203,70.81999969482422,21512200,MSFT
2017-06-21,63.56207275390625,70.2699966430664,70.62000274658203,69.94000244140625,70.20999908447266,19891100,MSFT
2017-06-22,63.55305862426758,70.26000213623047,70.58999633789062,69.70999908447266,70.54000091552734,22965700,MSFT
2017-06-23,64.41236877441406,71.20999908447266,71.25,69.91999816894531,70.08999633789062,27617300,MSFT
2017-06-26,63.79726791381836,70.52999877929688,71.70999908447266,70.44000244140625,71.4000015258789,19607000,MSFT
2017-06-27,62.603267669677734,69.20999908447266,70.18000030517578,69.18000030517578,70.11000061035156,25215100,MSFT
2017-06-28,63.136940002441406,69.80000305175781,69.83999633789062,68.79000091552734,69.20999908447266,25806200,MSFT
2017-06-29,61.95199966430664,68.48999786376953,69.48999786376953,68.08999633789062,69.37999725341797,28918700,MSFT
2017-06-30,62.34998321533203,68.93000030517578,69.37999725341797,68.73999786376953,68.77999877929688,24161100,MSFT
2017-07-03,61.66254806518555,68.16999816894531,69.5999984741211,68.0199966430664,69.33000183105469,16165500,MSFT
2017-07-05,62.48570251464844,69.08000183105469,69.44000244140625,68.22000122070312,68.26000213623047,21176300,MSFT
2017-07-06,62.02436065673828,68.56999969482422,68.77999877929688,68.12000274658203,68.2699966430664,21117600,MSFT
2017-07-07,62.82939910888672,69.45999908447266,69.83999633789062,68.69999694824219,68.69999694824219,16878300,MSFT
2017-07-10,63.29978942871094,69.9800033569336,70.25,69.19999694824219,69.45999908447266,15014500,MSFT
2017-07-11,63.30882263183594,69.98999786376953,70.68000030517578,69.75,70.0,17460000,MSFT
2017-07-12,64.35806274414062,71.1500015258789,71.27999877929688,70.55000305175781,70.69000244140625,17750900,MSFT
2017-07-13,64.91890716552734,71.7699966430664,72.04000091552734,71.30999755859375,71.5,20269800,MSFT
2017-07-14,65.83248901367188,72.77999877929688,73.2699966430664,71.95999908447266,72.23999786376953,25868100,MSFT
2017-07-17,66.34806060791016,73.3499984741211,73.44999694824219,72.72000122070312,72.80000305175781,21803900,MSFT
2017-07-18,66.3028335571289,73.30000305175781,73.38999938964844,72.66000366210938,73.08999633789062,26435300,MSFT
2017-07-19,66.80937957763672,73.86000061035156,74.04000091552734,73.44999694824219,73.5,22416200,MSFT
2017-07-20,67.13504791259766,74.22000122070312,74.30000305175781,73.27999877929688,74.18000030517578,42361000,MSFT
2017-07-21,66.74605560302734,73.79000091552734,74.29000091552734,73.16999816894531,73.44999694824219,46717100,MSFT
2017-07-24,66.57421875,73.5999984741211,73.75,73.12999725341797,73.52999877929688,21394800,MSFT
2017-07-25,67.10787200927734,74.19000244140625,74.30999755859375,73.5,73.80000305175781,22018700,MSFT
2017-07-26,66.98124694824219,74.05000305175781,74.37999725341797,73.80999755859375,74.33999633789062,16252200,MSFT
2017-07-27,66.17620849609375,73.16000366210938,74.41999816894531,72.31999969482422,73.76000213623047,36844200,MSFT
2017-07-28,66.06768035888672,73.04000091552734,73.30999755859375,72.54000091552734,72.66999816894531,18306700,MSFT
2017-07-31,65.76012420654297,72.69999694824219,73.44000244140625,72.41000366210938,73.30000305175781,23600100,MSFT
2017-08-01,65.6515884399414,72.58000183105469,73.41999816894531,72.48999786376953,73.0999984741211,22132300,MSFT
2017-08-02,65.36215209960938,72.26000213623047,72.55999755859375,71.44000244140625,72.55000305175781,26499200,MSFT
2017-08-03,65.26260375976562,72.1500015258789,72.44000244140625,71.8499984741211,72.19000244140625,18214400,MSFT
2017-08-04,65.7420425415039,72.68000030517578,73.04000091552734,72.23999786376953,72.4000015258789,22579000,MSFT
2017-08-07,65.48875427246094,72.4000015258789,72.9000015258789,72.26000213623047,72.80000305175781,18705700,MSFT
2017-08-08,65.84154510498047,72.79000091552734,73.12999725341797,71.75,72.08999633789062,22044600,MSFT
2017-08-09,65.55208587646484,72.47000122070312,72.51000213623047,72.05000305175781,72.25,22213400,MSFT
2017-08-10,64.59326934814453,71.41000366210938,72.19000244140625,71.3499984741211,71.9000015258789,24734500,MSFT
2017-08-11,65.5792236328125,72.5,72.69999694824219,71.27999877929688,71.61000061035156,21443700,MSFT
2017-08-14,66.56515502929688,73.58999633789062,73.72000122070312,72.94999694824219,73.05999755859375,20096600,MSFT
2017-08-15,66.58334350585938,73.22000122070312,73.58999633789062,73.04000091552734,73.58999633789062,19181400,MSFT
2017-08-16,66.97437286376953,73.6500015258789,74.0999984741211,73.16999816894531,73.33999633789062,18150400,MSFT
2017-08-17,65.83767700195312,72.4000015258789,73.87000274658203,72.4000015258789,73.58000183105469,22977500,MSFT
2017-08-18,65.91950988769531,72.48999786376953,72.83999633789062,71.93000030517578,72.2699966430664,18761500,MSFT
2017-08-21,65.61032104492188,72.1500015258789,72.4800033569336,71.69999694824219,72.47000122070312,17734800,MSFT
2017-08-22,66.52880096435547,73.16000366210938,73.23999786376953,72.3499984741211,72.3499984741211,14343700,MSFT
2017-08-23,66.12867736816406,72.72000122070312,73.1500015258789,72.52999877929688,72.95999908447266,13766500,MSFT
2017-08-24,66.10139465332031,72.69000244140625,72.86000061035156,72.06999969482422,72.73999786376953,17098300,MSFT
2017-08-25,66.21959686279297,72.81999969482422,73.3499984741211,72.4800033569336,72.86000061035156,12794300,MSFT
2017-08-28,66.22870635986328,72.83000183105469,73.08999633789062,72.55000305175781,73.05999755859375,14569700,MSFT
2017-08-29,66.42875671386719,73.05000305175781,73.16000366210938,72.05000305175781,72.25,11478400,MSFT
2017-08-30,67.30174255371094,74.01000213623047,74.20999908447266,72.83000183105469,73.01000213623047,16897800,MSFT
2017-08-31,67.99285125732422,74.7699966430664,74.95999908447266,73.80000305175781,74.02999877929688,27652800,MSFT
2017-09-01,67.23808288574219,73.94000244140625,74.73999786376953,73.63999938964844,74.70999908447266,21736200,MSFT
2017-09-05,66.93799591064453,73.61000061035156,73.88999938964844,72.9800033569336,73.33999633789062,21556000,MSFT
2017-09-06,66.74700927734375,73.4000015258789,74.04000091552734,73.3499984741211,73.73999786376953,16535800,MSFT
2017-09-07,67.60182189941406,74.33999633789062,74.5999984741211,73.5999984741211,73.68000030517578,17471200,MSFT
2017-09-08,67.27445983886719,73.9800033569336,74.44000244140625,73.83999633789062,74.33000183105469,14703800,MSFT
2017-09-11,67.98377227783203,74.76000213623047,74.94000244140625,74.30999755859375,74.30999755859375,17910400,MSFT
2017-09-12,67.9110107421875,74.68000030517578,75.23999786376953,74.37000274658203,74.76000213623047,14394900,MSFT
2017-09-13,68.39299011230469,75.20999908447266,75.2300033569336,74.55000305175781,74.93000030517578,13380800,MSFT
2017-09-14,67.99285125732422,74.7699966430664,75.48999786376953,74.5199966430664,75.0,15733900,MSFT
2017-09-15,68.48393249511719,75.30999755859375,75.38999938964844,74.06999969482422,74.83000183105469,38578400,MSFT
2017-09-18,68.34751892089844,75.16000366210938,75.97000122070312,75.04000091552734,75.2300033569336,23307000,MSFT
2017-09-19,68.60211944580078,75.44000244140625,75.70999908447266,75.01000213623047,75.20999908447266,16093300,MSFT
2017-09-20,68.14745330810547,74.94000244140625,75.55000305175781,74.30999755859375,75.3499984741211,21587900,MSFT
2017-09-21,67.48360443115234,74.20999908447266,75.23999786376953,74.11000061035156,75.11000061035156,19186100,MSFT
2017-09-22,67.6655044555664,74.41000366210938,74.51000213623047,73.8499984741211,73.98999786376953,14111400,MSFT
2017-09-25,66.6197280883789,73.26000213623047,74.25,72.91999816894531,74.08999633789062,24149200,MSFT
2017-09-26,66.6197280883789,73.26000213623047,73.80999755859375,72.98999786376953,73.66999816894531,18019600,MSFT
2017-09-27,67.15623474121094,73.8499984741211,74.16999816894531,73.16999816894531,73.55000305175781,19565100,MSFT
2017-09-28,67.17442321777344,73.87000274658203,73.97000122070312,73.30999755859375,73.54000091552734,10883800,MSFT
2017-09-29,67.73824310302734,74.48999786376953,74.54000091552734,73.87999725341797,73.94000244140625,17079100,MSFT
2017-10-02,67.84736633300781,74.61000061035156,75.01000213623047,74.30000305175781,74.70999908447266,15304800,MSFT
2017-10-03,67.52908325195312,74.26000213623047,74.87999725341797,74.19000244140625,74.66999816894531,12190400,MSFT
2017-10-04,67.92015075683594,74.69000244140625,74.72000122070312,73.70999908447266,74.08999633789062,13317700,MSFT
2017-10-05,69.08407592773438,75.97000122070312,76.12000274658203,74.95999908447266,75.22000122070312,21195300,MSFT
2017-10-06,69.11138153076172,76.0,76.02999877929688,75.54000091552734,75.66999816894531,13959800,MSFT
2017-10-09,69.37506866455078,76.29000091552734,76.55000305175781,75.86000061035156,75.97000122070312,11386500,MSFT
2017-10-10,69.37506866455078,76.29000091552734,76.62999725341797,76.13999938964844,76.33000183105469,13944500,MSFT
2017-10-11,69.49329376220703,76.41999816894531,76.45999908447266,75.94999694824219,76.36000061035156,15388900,MSFT
2017-10-12,70.12986755371094,77.12000274658203,77.29000091552734,76.37000274658203,76.48999786376953,16876500,MSFT
2017-10-13,70.46629333496094,77.48999786376953,77.87000274658203,77.29000091552734,77.58999633789062,15335700,MSFT
2017-10-16,70.61182403564453,77.6500015258789,77.80999755859375,77.3499984741211,77.41999816894531,12380100,MSFT
2017-10-17,70.5572509765625,77.58999633789062,77.62000274658203,77.25,77.47000122070312,16824000,MSFT
2017-10-18,70.57542419433594,77.61000061035156,77.8499984741211,77.37000274658203,77.66999816894531,13300700,MSFT
2017-10-19,70.8482666015625,77.91000366210938,77.93000030517578,77.3499984741211,77.56999969482422,15092800,MSFT
2017-10-20,71.66666412353516,78.80999755859375,78.97000122070312,78.22000122070312,78.31999969482422,22866400,MSFT
2017-10-23,71.68486022949219,78.83000183105469,79.33999633789062,78.76000213623047,78.98999786376953,20627200,MSFT
2017-10-24,71.71216583251953,78.86000061035156,79.19999694824219,78.45999908447266,78.9000015258789,17517200,MSFT
2017-10-25,71.50299835205078,78.62999725341797,79.0999984741211,78.01000213623047,78.58000183105469,20410800,MSFT
2017-10-26,71.6212158203125,78.76000213623047,79.41999816894531,78.75,79.19999694824219,32120700,MSFT
2017-10-27,76.21345520019531,83.80999755859375,86.19999694824219,83.61000061035156,84.37000274658203,71066700,MSFT
2017-10-30,76.28621673583984,83.88999938964844,84.33000183105469,83.11000061035156,83.69999694824219,31756700,MSFT
2017-10-31,75.64058685302734,83.18000030517578,84.36000061035156,83.11000061035156,84.36000061035156,27086600,MSFT
2017-11-01,75.64058685302734,83.18000030517578,83.76000213623047,82.87999725341797,83.68000030517578,22307400,MSFT
2017-11-02,76.43172454833984,84.05000305175781,84.45999908447266,83.12000274658203,83.3499984741211,23992900,MSFT
2017-11-03,76.51358032226562,84.13999938964844,84.54000091552734,83.4000015258789,84.08000183105469,17633500,MSFT
2017-11-06,76.81363677978516,84.47000122070312,84.69999694824219,84.08000183105469,84.19999694824219,19860900,MSFT
2017-11-07,76.63175964355469,84.2699966430664,84.9000015258789,83.93000030517578,84.7699966430664,17939700,MSFT
2017-11-08,76.89550018310547,84.55999755859375,84.61000061035156,83.83000183105469,84.13999938964844,18034200,MSFT
2017-11-09,76.46808624267578,84.08999633789062,84.2699966430664,82.9000015258789,84.11000061035156,21178400,MSFT
2017-11-10,76.26803588867188,83.87000274658203,84.0999984741211,83.2300033569336,83.79000091552734,19397800,MSFT
2017-11-13,76.3226089477539,83.93000030517578,83.94000244140625,83.45999908447266,83.66000366210938,14196900,MSFT
2017-11-14,76.43172454833984,84.05000305175781,84.0999984741211,82.9800033569336,83.5,18801300,MSFT
2017-11-15,75.8376693725586,82.9800033569336,83.69000244140625,82.69000244140625,83.47000122070312,19383100,MSFT
2017-11-16,76.0387191772461,83.19999694824219,83.41999816894531,82.94000244140625,83.0999984741211,20962800,MSFT
2017-11-17,75.30757904052734,82.4000015258789,83.12000274658203,82.23999786376953,83.12000274658203,22079000,MSFT
2017-11-20,75.42639923095703,82.52999877929688,82.58999633789062,82.25,82.4000015258789,16315000,MSFT
2017-11-21,76.51396942138672,83.72000122070312,83.83999633789062,82.73999786376953,82.73999786376953,21237500,MSFT
2017-11-22,75.95647430419922,83.11000061035156,83.9000015258789,83.04000091552734,83.83000183105469,20553100,MSFT
2017-11-24,76.09356689453125,83.26000213623047,83.43000030517578,82.77999877929688,83.01000213623047,7425600,MSFT
2017-11-27,76.65105438232422,83.87000274658203,83.9800033569336,83.30000305175781,83.30999755859375,18265200,MSFT
2017-11-28,77.57412719726562,84.87999725341797,85.05999755859375,84.0199966430664,84.06999969482422,21926000,MSFT
2017-11-29,76.16666412353516,83.33999633789062,84.91999816894531,83.18000030517578,84.70999908447266,27381100,MSFT
2017-11-30,76.92523193359375,84.16999816894531,84.5199966430664,83.33999633789062,83.51000213623047,33054600,MSFT
2017-12-01,77.00747680664062,84.26000213623047,84.80999755859375,83.22000122070312,83.5999984741211,29532100,MSFT
2017-12-04,74.10118865966797,81.08000183105469,84.43000030517578,80.69999694824219,84.41999816894531,39094900,MSFT
2017-12-05,74.56730651855469,81.58999633789062,82.68000030517578,80.9800033569336,81.33999633789062,26152300,MSFT
2017-12-06,75.65489959716797,82.77999877929688,83.13999938964844,81.43000030517578,81.55000305175781,26162100,MSFT
2017-12-07,75.38983917236328,82.48999786376953,82.80000305175781,82.0,82.54000091552734,23184500,MSFT
2017-12-08,76.91610717773438,84.16000366210938,84.58000183105469,83.33000183105469,83.62999725341797,24489100,MSFT
2017-12-11,77.89400482177734,85.2300033569336,85.37000274658203,84.12000274658203,84.29000091552734,22857900,MSFT
2017-12-12,78.21385192871094,85.58000183105469,86.05000305175781,85.08000183105469,85.30999755859375,23924100,MSFT
2017-12-13,78.0036849975586,85.3499984741211,86.0,85.16999816894531,85.73999786376953,22062700,MSFT
2017-12-14,77.4005126953125,84.69000244140625,85.87000274658203,84.52999877929688,85.43000030517578,19306000,MSFT
2017-12-15,79.37457275390625,86.8499984741211,87.08999633789062,84.87999725341797,85.26000213623047,53936700,MSFT
2017-12-18,78.94501495361328,86.37999725341797,87.5,86.2300033569336,87.12000274658203,22283800,MSFT
2017-12-19,78.44236755371094,85.83000183105469,86.3499984741211,85.2699966430664,86.3499984741211,23524800,MSFT
2017-12-20,78.15904998779297,85.5199966430664,86.30000305175781,84.70999908447266,86.19999694824219,23674900,MSFT
2017-12-21,78.1407470703125,85.5,86.0999984741211,85.4000015258789,86.05000305175781,17990700,MSFT
2017-12-22,78.14991760253906,85.51000213623047,85.62999725341797,84.91999816894531,85.4000015258789,14145800,MSFT
2017-12-26,78.04936218261719,85.4000015258789,85.52999877929688,85.02999877929688,85.30999755859375,9891200,MSFT
2017-12-27,78.33268737792969,85.70999908447266,85.9800033569336,85.22000122070312,85.6500015258789,14678000,MSFT
2017-12-28,78.34183502197266,85.72000122070312,85.93000030517578,85.55000305175781,85.9000015258789,10594300,MSFT
2017-12-29,78.17731475830078,85.54000091552734,86.05000305175781,85.5,85.62999725341797,18717400,MSFT
2018-01-02,78.55203247070312,85.94999694824219,86.30999755859375,85.5,86.12999725341797,22483800,MSFT
2018-01-03,78.91759490966797,86.3499984741211,86.51000213623047,85.97000122070312,86.05999755859375,26061400,MSFT
2018-01-04,79.61219787597656,87.11000061035156,87.66000366210938,86.56999969482422,86.58999633789062,21912000,MSFT
2018-01-05,80.59923553466797,88.19000244140625,88.41000366210938,87.43000030517578,87.66000366210938,23407100,MSFT
2018-01-08,80.68148040771484,88.27999877929688,88.58000183105469,87.5999984741211,88.19999694824219,22113000,MSFT
2018-01-09,80.62664031982422,88.22000122070312,88.7300033569336,87.86000061035156,88.6500015258789,19484300,MSFT
2018-01-10,80.26107025146484,87.81999969482422,88.19000244140625,87.41000366210938,87.86000061035156,18652200,MSFT
2018-01-11,80.49869537353516,88.08000183105469,88.12999725341797,87.23999786376953,88.12999725341797,17808900,MSFT
2018-01-12,81.88786315917969,89.5999984741211,89.77999877929688,88.44999694824219,88.66999816894531,24271500,MSFT
2018-01-16,80.74544525146484,88.3499984741211,90.79000091552734,88.01000213623047,90.0999984741211,36599700,MSFT
2018-01-17,82.38138580322266,90.13999938964844,90.27999877929688,88.75,89.08000183105469,25621200,MSFT
2018-01-18,82.34484100341797,90.0999984741211,90.66999816894531,89.66000366210938,89.80000305175781,24159700,MSFT
2018-01-19,82.25341796875,90.0,90.61000061035156,89.66000366210938,90.13999938964844,36875000,MSFT
2018-01-22,83.724853515625,91.61000061035156,91.62000274658203,89.73999786376953,90.0,23601600,MSFT
2018-01-23,83.98989868164062,91.9000015258789,92.30000305175781,91.54000091552734,91.9000015258789,23412800,MSFT
2018-01-24,83.91678619384766,91.81999969482422,93.43000030517578,91.58000183105469,92.55000305175781,33277500,MSFT
2018-01-25,84.38288116455078,92.33000183105469,93.23999786376953,91.93000030517578,92.47000122070312,26383200,MSFT
2018-01-26,85.96397399902344,94.05999755859375,94.05999755859375,92.58000183105469,93.12000274658203,29172200,MSFT
2018-01-29,85.83602905273438,93.91999816894531,95.44999694824219,93.72000122070312,95.13999938964844,31569900,MSFT
2018-01-30,84.7575912475586,92.73999786376953,93.66000366210938,92.0999984741211,93.30000305175781,38635100,MSFT
2018-01-31,86.83220672607422,95.01000213623047,95.4000015258789,93.51000213623047,93.75,48756300,MSFT
2018-02-01,86.14676666259766,94.26000213623047,96.06999969482422,93.58000183105469,94.79000091552734,47227900,MSFT
2018-02-02,83.8802490234375,91.77999877929688,93.97000122070312,91.5,93.63999938964844,47867800,MSFT
2018-02-05,80.42557525634766,88.0,93.23999786376953,88.0,90.55999755859375,51031500,MSFT
2018-02-06,83.46896362304688,91.33000183105469,91.4800033569336,85.25,86.88999938964844,67998600,MSFT
2018-02-07,81.89701843261719,89.61000061035156,91.7699966430664,89.19999694824219,90.48999786376953,41107600,MSFT
2018-02-08,77.69294738769531,85.01000213623047,89.87999725341797,84.76000213623047,89.70999908447266,55628700,MSFT
2018-02-09,80.590087890625,88.18000030517578,88.93000030517578,83.83000183105469,86.30000305175781,63499100,MSFT
2018-02-12,81.45832824707031,89.12999725341797,89.77999877929688,87.93000030517578,88.73999786376953,35720300,MSFT
2018-02-13,82.09806823730469,89.83000183105469,90.0,87.80000305175781,88.93000030517578,26407700,MSFT
2018-02-14,83.38356018066406,90.80999755859375,90.98999786376953,88.41000366210938,88.51000213623047,34960900,MSFT
2018-02-15,85.08228302001953,92.66000366210938,92.72000122070312,90.62000274658203,91.20999908447266,27823900,MSFT
2018-02-16,84.47627258300781,92.0,93.5,91.80000305175781,92.44999694824219,30596900,MSFT
2018-02-20,85.13737487792969,92.72000122070312,93.05999755859375,91.01000213623047,91.4800033569336,30911700,MSFT
2018-02-21,84.00796508789062,91.48999786376953,93.36000061035156,91.48999786376953,92.9800033569336,26922500,MSFT
2018-02-22,84.22833251953125,91.7300033569336,92.7300033569336,91.36000061035156,92.05000305175781,24392800,MSFT
2018-02-23,86.36779022216797,94.05999755859375,94.06999969482422,92.36000061035156,93.5999984741211,26329200,MSFT
2018-02-26,87.6165542602539,95.41999816894531,95.44999694824219,94.25,94.4000015258789,30199800,MSFT
2018-02-27,86.49635314941406,94.19999694824219,95.83999633789062,94.19999694824219,95.73999786376953,25869100,MSFT
2018-02-28,86.10151672363281,93.7699966430664,95.70999908447266,93.62999725341797,94.83999633789062,31167300,MSFT
2018-03-01,85.25675201416016,92.8499984741211,94.56999969482422,91.83999633789062,93.98999786376953,37135600,MSFT
2018-03-02,85.4404067993164,93.05000305175781,93.1500015258789,90.86000061035156,91.58000183105469,32830400,MSFT
2018-03-05,85.98214721679688,93.63999938964844,94.2699966430664,92.26000213623047,92.33999633789062,23901600,MSFT
2018-03-06,85.68828582763672,93.31999969482422,94.48999786376953,92.94000244140625,94.33999633789062,22175800,MSFT
2018-03-07,86.18415832519531,93.86000061035156,93.94000244140625,92.43000030517578,93.16000366210938,26716100,MSFT
2018-03-08,86.70753479003906,94.43000030517578,95.0999984741211,93.7699966430664,94.2699966430664,25887800,MSFT
2018-03-09,88.64498138427734,96.54000091552734,96.54000091552734,95.0,95.29000091552734,36937300,MSFT
2018-03-12,88.85617065429688,96.7699966430664,97.20999908447266,96.04000091552734,96.5,26073700,MSFT
2018-03-13,86.68915557861328,94.41000366210938,97.23999786376953,93.97000122070312,97.0,35387800,MSFT
2018-03-14,86.17496490478516,93.8499984741211,95.41000366210938,93.5,95.12000274658203,32132000,MSFT
2018-03-15,86.47799682617188,94.18000030517578,94.58000183105469,92.83000183105469,93.52999877929688,27611000,MSFT
2018-03-16,86.8636245727539,94.5999984741211,95.37999725341797,93.91999816894531,94.68000030517578,49081300,MSFT
2018-03-19,85.29348754882812,92.88999938964844,93.9000015258789,92.11000061035156,93.73999786376953,33344100,MSFT
2018-03-20,85.51384735107422,93.12999725341797,93.7699966430664,93.0,93.05000305175781,23075200,MSFT
2018-03-21,84.91699981689453,92.4800033569336,94.05000305175781,92.20999908447266,92.93000030517578,24457100,MSFT
2018-03-22,82.44698333740234,89.79000091552734,91.75,89.66000366210938,91.2699966430664,38604700,MSFT
2018-03-23,80.05045318603516,87.18000030517578,90.45999908447266,87.08000183105469,89.5,44068900,MSFT
2018-03-26,86.11068725585938,93.77999877929688,94.0,90.4000015258789,90.61000061035156,56396800,MSFT
2018-03-27,82.15316772460938,89.47000122070312,95.13999938964844,88.51000213623047,94.94000244140625,56569000,MSFT
2018-03-28,82.07971954345703,89.38999938964844,91.2300033569336,88.87000274658203,89.81999969482422,52501100,MSFT
2018-03-29,83.80596160888672,91.2699966430664,92.29000091552734,88.4000015258789,90.18000030517578,45867500,MSFT
2018-04-02,81.28084564208984,88.5199966430664,90.87999725341797,87.51000213623047,90.47000122070312,48515400,MSFT
2018-04-03,82.37352752685547,89.70999908447266,90.05000305175781,87.88999938964844,89.58000183105469,37213800,MSFT
2018-04-04,84.77926635742188,92.33000183105469,92.76000213623047,87.7300033569336,87.8499984741211,35560000,MSFT
2018-04-05,84.82516479492188,92.37999725341797,93.06999969482422,91.4000015258789,92.44000244140625,29771900,MSFT
2018-04-06,82.85100555419922,90.2300033569336,92.45999908447266,89.4800033569336,91.48999786376953,38026000,MSFT
2018-04-09,83.34683227539062,90.7699966430664,93.16999816894531,90.62000274658203,91.04000091552734,31533900,MSFT
2018-04-10,85.28429412841797,92.87999725341797,93.27999877929688,91.63999938964844,92.38999938964844,26812000,MSFT
2018-04-11,84.34770202636719,91.86000061035156,93.29000091552734,91.4800033569336,92.01000213623047,24872100,MSFT
2018-04-12,85.92704772949219,93.58000183105469,94.16000366210938,92.43000030517578,92.43000030517578,26758900,MSFT
2018-04-13,85.46794128417969,93.08000183105469,94.18000030517578,92.44000244140625,94.05000305175781,23346100,MSFT
2018-04-16,86.46879577636719,94.16999816894531,94.66000366210938,93.41999816894531,94.06999969482422,20288100,MSFT
2018-04-17,88.21340942382812,96.06999969482422,96.54000091552734,94.87999725341797,95.0,26771000,MSFT
2018-04-18,88.55314636230469,96.44000244140625,96.72000122070312,95.5199966430664,96.22000122070312,21043300,MSFT
2018-04-19,88.25012969970703,96.11000061035156,97.06999969482422,95.33999633789062,96.44000244140625,23552500,MSFT
2018-04-20,87.23094177246094,95.0,96.11000061035156,94.05000305175781,95.91000366210938,31154400,MSFT
2018-04-23,87.55230712890625,95.3499984741211,96.29000091552734,94.62999725341797,95.73999786376953,22331800,MSFT
2018-04-24,85.50468444824219,93.12000274658203,96.47000122070312,92.41000366210938,96.23999786376953,34524800,MSFT
2018-04-25,84.76091766357422,92.30999755859375,93.30000305175781,90.27999877929688,93.30000305175781,33729300,MSFT
2018-04-26,86.55143737792969,94.26000213623047,95.1500015258789,93.0999984741211,93.55000305175781,42529000,MSFT
2018-04-27,87.98385620117188,95.81999969482422,97.9000015258789,93.91000366210938,97.5999984741211,48272800,MSFT
2018-04-30,85.87197875976562,93.5199966430664,96.4000015258789,93.1500015258789,96.33000183105469,41523600,MSFT
2018-05-01,87.23094177246094,95.0,95.29000091552734,92.79000091552734,93.20999908447266,31408900,MSFT
2018-05-02,85.86276245117188,93.51000213623047,95.16999816894531,93.19000244140625,94.98999786376953,27471000,MSFT
2018-05-03,86.3769760131836,94.06999969482422,94.93000030517578,92.44999694824219,92.95999908447266,31142500,MSFT
2018-05-04,87.37783813476562,95.16000366210938,95.37000274658203,92.91999816894531,93.31999969482422,22531300,MSFT
2018-05-07,88.35116577148438,96.22000122070312,96.70999908447266,95.0999984741211,95.16999816894531,24242000,MSFT
2018-05-08,87.97470092773438,95.80999755859375,96.16000366210938,95.05999755859375,95.8499984741211,23484600,MSFT
2018-05-09,89.01226806640625,96.94000244140625,96.97000122070312,95.05000305175781,96.01000213623047,27327400,MSFT
2018-05-10,89.90296173095703,97.91000366210938,97.94999694824219,97.05000305175781,97.45999908447266,22388100,MSFT
2018-05-11,89.71009826660156,97.69999694824219,97.87000274658203,97.04000091552734,97.80000305175781,16778300,MSFT
2018-05-14,90.01311492919922,98.02999877929688,98.69000244140625,97.30999755859375,97.91999816894531,19454100,MSFT
2018-05-15,89.3612060546875,97.31999969482422,97.8499984741211,96.33999633789062,97.23999786376953,24594000,MSFT
2018-05-16,89.59178161621094,97.1500015258789,97.4000015258789,96.62000274658203,97.36000061035156,17384700,MSFT
2018-05-17,88.69722747802734,96.18000030517578,97.54000091552734,95.83000183105469,96.76000213623047,17246700,MSFT
2018-05-18,88.86322021484375,96.36000061035156,96.93000030517578,96.01000213623047,96.01000213623047,17865800,MSFT
2018-05-21,90.0067367553711,97.5999984741211,98.01000213623047,96.80000305175781,97.0,19422500,MSFT
2018-05-22,89.91451263427734,97.5,98.16999816894531,97.19999694824219,97.68000030517578,15441200,MSFT
2018-05-23,90.98426055908203,98.66000366210938,98.7300033569336,96.31999969482422,96.70999908447266,21251200,MSFT
2018-05-24,90.6614990234375,98.30999755859375,98.94000244140625,96.80999755859375,98.7300033569336,26649300,MSFT
2018-05-25,90.70761108398438,98.36000061035156,98.9800033569336,97.86000061035156,98.30000305175781,18363900,MSFT
2018-05-29,90.38482666015625,98.01000213623047,98.87999725341797,97.2300033569336,97.83999633789062,28671000,MSFT
2018-05-30,91.25167083740234,98.94999694824219,99.25,97.91000366210938,98.30999755859375,22158500,MSFT
2018-05-31,91.15028381347656,98.83999633789062,99.98999786376953,98.61000061035156,99.29000091552734,34140900,MSFT
2018-06-01,92.94856262207031,100.79000091552734,100.86000061035156,99.16999816894531,99.27999877929688,28655600,MSFT
2018-06-04,93.76007080078125,101.66999816894531,101.86000061035156,100.8499984741211,101.26000213623047,27281600,MSFT
2018-06-05,94.2396240234375,102.19000244140625,102.33000183105469,101.52999877929688,102.0,23514400,MSFT
2018-06-06,94.51628875732422,102.48999786376953,102.5999984741211,101.9000015258789,102.4800033569336,21122900,MSFT
2018-06-07,93.03154754638672,100.87999725341797,102.69000244140625,100.37999725341797,102.6500015258789,28232200,MSFT
2018-06-08,93.72320556640625,101.62999725341797,101.94999694824219,100.54000091552734,101.08999633789062,22165100,MSFT
2018-06-11,93.18832397460938,101.05000305175781,101.58999633789062,100.66999816894531,101.01000213623047,23490900,MSFT
2018-06-12,93.42809295654297,101.30999755859375,101.44999694824219,100.75,101.0999984741211,18325200,MSFT
2018-06-13,93.00389099121094,100.8499984741211,102.01000213623047,100.55999755859375,101.72000122070312,29492900,MSFT
2018-06-14,93.529541015625,101.41999816894531,102.02999877929688,101.0,101.6500015258789,25691800,MSFT
2018-06-15,92.33989715576172,100.12999725341797,101.52999877929688,100.06999969482422,101.51000213623047,65738600,MSFT
2018-06-18,93.01310729980469,100.86000061035156,101.11000061035156,99.41999816894531,100.01000213623047,23586000,MSFT
2018-06-19,93.01310729980469,100.86000061035156,101.0,99.5,99.6500015258789,28653100,MSFT
2018-06-20,93.94452667236328,101.87000274658203,102.5199966430664,101.12000274658203,101.37000274658203,26180800,MSFT
2018-06-21,93.27131652832031,101.13999938964844,102.45999908447266,100.87999725341797,102.08000183105469,23198200,MSFT
2018-06-22,92.59811401367188,100.41000366210938,100.7699966430664,99.62999725341797,100.41000366210938,38923100,MSFT
2018-06-25,90.73529052734375,98.38999938964844,100.11000061035156,97.30000305175781,100.0,35433300,MSFT
2018-06-26,91.37157440185547,99.08000183105469,100.08000183105469,98.75,98.81999969482422,26897200,MSFT
2018-06-27,89.95142364501953,97.54000091552734,100.0199966430664,97.4000015258789,99.58000183105469,31298400,MSFT
2018-06-28,90.95661163330078,98.62999725341797,99.11000061035156,97.26000213623047,97.37999725341797,26650700,MSFT
2018-06-29,90.93814849853516,98.61000061035156,99.91000366210938,98.33000183105469,98.93000030517578,28053200,MSFT
2018-07-02,92.22925567626953,100.01000213623047,100.05999755859375,98.0,98.0999984741211,19564500,MSFT
2018-07-03,91.34392547607422,99.05000305175781,100.62999725341797,98.94000244140625,100.4800033569336,14670300,MSFT
2018-07-05,91.99868774414062,99.76000213623047,99.91999816894531,99.02999877929688,99.5,18977400,MSFT
2018-07-06,93.2897720336914,101.16000366210938,101.43000030517578,99.66999816894531,99.88999938964844,19234600,MSFT
2018-07-09,93.92607116699219,101.8499984741211,102.25,101.25,101.6500015258789,18212000,MSFT
2018-07-10,94.17509460449219,102.12000274658203,102.51000213623047,101.86000061035156,102.0,19293100,MSFT
2018-07-11,94.04592895507812,101.9800033569336,102.33999633789062,101.0999984741211,101.1500015258789,19644600,MSFT
2018-07-12,96.08401489257812,104.19000244140625,104.41000366210938,102.7300033569336,102.7699966430664,24335900,MSFT
2018-07-13,97.2275619506836,105.43000030517578,105.5999984741211,104.08999633789062,104.37000274658203,24635200,MSFT
2018-07-16,96.7480239868164,104.91000366210938,105.81999969482422,104.5199966430664,105.4000015258789,21786900,MSFT
2018-07-17,97.70709228515625,105.94999694824219,106.5,104.31999969482422,104.61000061035156,25901700,MSFT
2018-07-18,96.94168090820312,105.12000274658203,106.05000305175781,104.72000122070312,105.94000244140625,29493900,MSFT
2018-07-19,96.2776870727539,104.4000015258789,105.30999755859375,103.88999938964844,104.93000030517578,40171600,MSFT
2018-07-20,98.00220489501953,106.2699966430664,108.19999694824219,106.08000183105469,108.08000183105469,56004000,MSFT
2018-07-23,99.5699462890625,107.97000122070312,108.13999938964844,106.12999725341797,106.30000305175781,29707000,MSFT
2018-07-24,99.2840805053711,107.66000366210938,108.81999969482422,107.26000213623047,108.56999969482422,26316600,MSFT
2018-07-25,102.20743560791016,110.83000183105469,111.1500015258789,107.5999984741211,107.95999908447266,30702100,MSFT
2018-07-26,101.09159088134766,109.62000274658203,111.0,109.5,110.73999786376953,31372100,MSFT
2018-07-27,99.30252075195312,107.68000030517578,110.18000030517578,106.13999938964844,110.18000030517578,37005300,MSFT
2018-07-30,97.17222595214844,105.37000274658203,107.52999877929688,104.76000213623047,107.19000244140625,34668300,MSFT
2018-07-31,97.82697296142578,106.08000183105469,106.72000122070312,105.37999725341797,106.48999786376953,27655200,MSFT
2018-08-01,98.01143646240234,106.27999877929688,106.44999694824219,105.41999816894531,106.02999877929688,23628700,MSFT
2018-08-02,99.2010498046875,107.56999969482422,108.08999633789062,104.83999633789062,105.4000015258789,26104300,MSFT
2018-08-03,99.63449096679688,108.04000091552734,108.05000305175781,106.81999969482422,107.80000305175781,18659600,MSFT
2018-08-06,99.7175064086914,108.12999725341797,108.41999816894531,107.55999755859375,108.12000274658203,20265900,MSFT
2018-08-07,100.40914916992188,108.87999725341797,109.0999984741211,108.16999816894531,108.55999755859375,16080200,MSFT
2018-08-08,100.97169494628906,109.48999786376953,109.75,108.76000213623047,109.33000183105469,15487500,MSFT
2018-08-09,101.13768768310547,109.66999816894531,110.16000366210938,109.5999984741211,109.70999908447266,13677200,MSFT
2018-08-10,100.51982879638672,109.0,109.69000244140625,108.37999725341797,109.41999816894531,18183700,MSFT
2018-08-13,99.79127502441406,108.20999908447266,109.58000183105469,108.0999984741211,109.23999786376953,18472500,MSFT
2018-08-14,101.03627014160156,109.55999755859375,109.75,108.04000091552734,108.55999755859375,16788300,MSFT
2018-08-15,99.66615295410156,107.66000366210938,108.98999786376953,106.81999969482422,108.48999786376953,29982800,MSFT
2018-08-16,99.64762115478516,107.63999938964844,108.86000061035156,107.30000305175781,108.30000305175781,21384300,MSFT
2018-08-17,99.59207916259766,107.58000183105469,107.9000015258789,106.69000244140625,107.36000061035156,18061500,MSFT
2018-08-20,98.9347915649414,106.87000274658203,107.9000015258789,106.4800033569336,107.51000213623047,17914200,MSFT
2018-08-21,98.1108627319336,105.9800033569336,107.3499984741211,105.8499984741211,106.91999816894531,22881900,MSFT
2018-08-22,99.1106948852539,107.05999755859375,107.33999633789062,105.77999877929688,105.8499984741211,18000600,MSFT
2018-08-23,99.57353973388672,107.55999755859375,108.18000030517578,106.87000274658203,107.1500015258789,18167700,MSFT
2018-08-24,100.35120391845703,108.4000015258789,108.55999755859375,107.55999755859375,107.66999816894531,17234000,MSFT
2018-08-27,101.46210479736328,109.5999984741211,109.63999938964844,108.51000213623047,109.2699966430664,19662300,MSFT
2018-08-28,102.07310485839844,110.26000213623047,110.5,109.79000091552734,109.94000244140625,19151500,MSFT
2018-08-29,103.70240783691406,112.0199966430664,112.02999877929688,110.2699966430664,110.44999694824219,20818000,MSFT
2018-08-30,103.63760375976562,111.94999694824219,112.61000061035156,111.44000244140625,111.66999816894531,22798700,MSFT
2018-08-31,103.9893798828125,112.33000183105469,112.77999877929688,111.5199966430664,111.69000244140625,23222700,MSFT
2018-09-04,103.41541290283203,111.70999908447266,111.95999908447266,110.22000122070312,110.8499984741211,22634600,MSFT
2018-09-05,100.43453979492188,108.48999786376953,111.41999816894531,108.0999984741211,111.01000213623047,32872400,MSFT
2018-09-06,100.66596221923828,108.73999786376953,108.98999786376953,107.51000213623047,108.25,23477600,MSFT
2018-09-07,100.17532348632812,108.20999908447266,108.72000122070312,107.2300033569336,108.2300033569336,22498600,MSFT
2018-09-10,101.2584457397461,109.37999725341797,109.63999938964844,108.36000061035156,108.83999633789062,20727900,MSFT
2018-09-11,102.98033142089844,111.23999786376953,111.58999633789062,108.88999938964844,108.9000015258789,24301800,MSFT
2018-09-12,103.41541290283203,111.70999908447266,111.8499984741211,110.51000213623047,111.43000030517578,18891100,MSFT
2018-09-13,104.5263442993164,112.91000366210938,113.7300033569336,112.12000274658203,112.12000274658203,26055600,MSFT
2018-09-14,104.95218658447266,113.37000274658203,113.7300033569336,112.44000244140625,113.36000061035156,19122300,MSFT
2018-09-17,103.81348419189453,112.13999938964844,113.69999694824219,111.86000061035156,113.69000244140625,20736500,MSFT
2018-09-18,104.8040542602539,113.20999908447266,113.69999694824219,111.72000122070312,112.19000244140625,22170900,MSFT
2018-09-19,103.40617370605469,111.69999694824219,113.31999969482422,111.04000091552734,113.05000305175781,21728400,MSFT
2018-09-20,105.13729858398438,113.56999969482422,113.80000305175781,111.93000030517578,112.27999877929688,23714500,MSFT
2018-09-21,105.77607727050781,114.26000213623047,115.29000091552734,113.51000213623047,114.0,71229700,MSFT
2018-09-24,106.1556396484375,114.66999816894531,114.9000015258789,112.22000122070312,113.02999877929688,27334500,MSFT
2018-09-25,105.95195770263672,114.44999694824219,115.0999984741211,113.75,114.80000305175781,22668000,MSFT
2018-09-26,105.5168685913086,113.9800033569336,115.05999755859375,113.73999786376953,114.47000122070312,19352000,MSFT
2018-09-27,105.9149398803711,114.41000366210938,114.91000366210938,114.19999694824219,114.77999877929688,19091300,MSFT
2018-09-28,105.87791442871094,114.37000274658203,114.56999969482422,113.68000030517578,114.19000244140625,21647800,MSFT
2018-10-01,107.02584838867188,115.61000061035156,115.68000030517578,114.7300033569336,114.75,18883100,MSFT
2018-10-02,106.59999084472656,115.1500015258789,115.83999633789062,114.44000244140625,115.30000305175781,20787200,MSFT
2018-10-03,106.61852264404297,115.16999816894531,116.18000030517578,114.93000030517578,115.41999816894531,16648000,MSFT
2018-10-04,104.41522216796875,112.79000091552734,114.76000213623047,111.62999725341797,114.61000061035156,34821700,MSFT
2018-10-05,103.80422973632812,112.12999725341797,113.16999816894531,110.63999938964844,112.62999725341797,29068900,MSFT
2018-10-08,102.61927795410156,110.8499984741211,112.02999877929688,109.33999633789062,111.66000366210938,29640600,MSFT
2018-10-09,103.92459869384766,112.26000213623047,113.08000183105469,110.80000305175781,111.13999938964844,26198600,MSFT
2018-10-10,98.27750396728516,106.16000366210938,111.5,105.79000091552734,111.23999786376953,61376300,MSFT
2018-10-11,98.04607391357422,105.91000366210938,108.93000030517578,104.19999694824219,105.3499984741211,63904300,MSFT
2018-10-12,101.43433380126953,109.56999969482422,111.23999786376953,107.12000274658203,109.01000213623047,47742100,MSFT
2018-10-15,99.61062622070312,107.5999984741211,109.4800033569336,106.94999694824219,108.91000366210938,32068100,MSFT
2018-10-16,102.75814819335938,111.0,111.41000366210938,108.94999694824219,109.54000091552734,31610200,MSFT
2018-10-17,102.48968505859375,110.70999908447266,111.80999755859375,109.55000305175781,111.68000030517578,26548200,MSFT
2018-10-18,100.44377899169922,108.5,110.52999877929688,107.83000183105469,110.0999984741211,32506200,MSFT
2018-10-19,100.59186553955078,108.66000366210938,110.86000061035156,108.20999908447266,108.93000030517578,32785500,MSFT
2018-10-22,101.48985290527344,109.62999725341797,110.54000091552734,108.23999786376953,109.31999969482422,26545600,MSFT
2018-10-23,100.07350158691406,108.0999984741211,108.97000122070312,105.11000061035156,107.7699966430664,43770400,MSFT
2018-10-24,94.72262573242188,102.31999969482422,108.48999786376953,101.58999633789062,108.41000366210938,63897800,MSFT
2018-10-25,100.25861358642578,108.30000305175781,109.2699966430664,106.1500015258789,106.55000305175781,61646800,MSFT
2018-10-26,99.01811981201172,106.95999908447266,108.75,104.76000213623047,105.69000244140625,55523100,MSFT
2018-10-29,96.13905334472656,103.8499984741211,108.69999694824219,101.62999725341797,108.11000061035156,55162000,MSFT
2018-10-30,96.02796936035156,103.7300033569336,104.37999725341797,100.11000061035156,103.66000366210938,65350900,MSFT
2018-10-31,98.8792495727539,106.80999755859375,108.13999938964844,105.38999938964844,105.44000244140625,51062400,MSFT
2018-11-01,98.05533599853516,105.91999816894531,107.31999969482422,105.52999877929688,107.05000305175781,33384200,MSFT
2018-11-02,98.27750396728516,106.16000366210938,107.31999969482422,104.9800033569336,106.4800033569336,37680200,MSFT
2018-11-05,99.52727508544922,107.51000213623047,107.73999786376953,105.9000015258789,106.37000274658203,27922100,MSFT
2018-11-06,99.7217025756836,107.72000122070312,108.83999633789062,106.27999877929688,107.37999725341797,24340200,MSFT
2018-11-07,103.64685821533203,111.95999908447266,112.23999786376953,109.4000015258789,109.44000244140625,37901700,MSFT
2018-11-08,103.45244598388672,111.75,112.20999908447266,110.91000366210938,111.80000305175781,25644100,MSFT
2018-11-09,101.43433380126953,109.56999969482422,111.44999694824219,108.76000213623047,110.8499984741211,32039200,MSFT
2018-11-12,98.9347915649414,106.87000274658203,109.95999908447266,106.0999984741211,109.41999816894531,33621800,MSFT
2018-11-13,98.99960327148438,106.94000244140625,108.73999786376953,106.63999938964844,107.55000305175781,35374600,MSFT
2018-11-14,97.59567260742188,104.97000122070312,108.26000213623047,104.47000122070312,108.0999984741211,39495100,MSFT
2018-11-15,99.743408203125,107.27999877929688,107.80000305175781,103.91000366210938,104.98999786376953,38505200,MSFT
2018-11-16,100.68243408203125,108.29000091552734,108.87999725341797,106.80000305175781,107.08000183105469,33502100,MSFT
2018-11-19,97.27027130126953,104.62000274658203,108.55999755859375,103.55000305175781,108.2699966430664,44773900,MSFT
2018-11-20,94.564697265625,101.70999908447266,102.97000122070312,99.3499984741211,101.80000305175781,64052500,MSFT
2018-11-21,95.86634063720703,103.11000061035156,104.43000030517578,102.23999786376953,103.5999984741211,28130600,MSFT
2018-11-23,95.82915496826172,103.06999969482422,103.80999755859375,102.0,102.16999816894531,13823100,MSFT
2018-11-26,98.99030303955078,106.47000122070312,106.62999725341797,104.58000183105469,104.79000091552734,32336200,MSFT
2018-11-27,99.61325073242188,107.13999938964844,107.33000183105469,105.36000061035156,106.2699966430664,29124500,MSFT
2018-11-28,103.3136215209961,111.12000274658203,111.33000183105469,107.86000061035156,107.88999938964844,46788500,MSFT
2018-11-29,102.44898223876953,110.19000244140625,111.12000274658203,109.02999877929688,110.33000183105469,28123200,MSFT
2018-11-30,103.09980773925781,110.88999938964844,110.97000122070312,109.36000061035156,110.69999694824219,33665600,MSFT
2018-12-03,104.21549224853516,112.08999633789062,113.41999816894531,110.7300033569336,113.0,34732800,MSFT
2018-12-04,100.89630889892578,108.5199966430664,112.63999938964844,108.20999908447266,111.94000244140625,45197000,MSFT
2018-12-06,101.51920318603516,109.19000244140625,109.23999786376953,105.0,105.81999969482422,49107400,MSFT
2018-12-07,97.45620727539062,104.81999969482422,109.44999694824219,104.30000305175781,108.37999725341797,45044900,MSFT
2018-12-10,100.03160858154297,107.58999633789062,107.9800033569336,103.88999938964844,104.80000305175781,40801500,MSFT
2018-12-11,100.96137237548828,108.58999633789062,110.94999694824219,107.44000244140625,109.80000305175781,42381900,MSFT
2018-12-12,101.41693878173828,109.08000183105469,111.2699966430664,109.04000091552734,110.88999938964844,36183000,MSFT
2018-12-13,101.76095581054688,109.44999694824219,110.87000274658203,108.62999725341797,109.58000183105469,31333400,MSFT
2018-12-14,98.58123016357422,106.02999877929688,109.26000213623047,105.5,108.25,47043100,MSFT
2018-12-17,95.66180419921875,102.88999938964844,105.80000305175781,101.70999908447266,105.41000366210938,56957300,MSFT
2018-12-18,96.66593933105469,103.97000122070312,104.51000213623047,102.5199966430664,103.75,49319200,MSFT
2018-12-19,96.40562438964844,103.69000244140625,106.87999725341797,101.3499984741211,103.6500015258789,68198200,MSFT
2018-12-20,94.37875366210938,101.51000213623047,104.30999755859375,98.77999877929688,103.05000305175781,70334200,MSFT
2018-12-21,91.32918548583984,98.2300033569336,103.0,97.45999908447266,101.62999725341797,111242100,MSFT
2018-12-24,87.51719665527344,94.12999725341797,97.97000122070312,93.9800033569336,97.68000030517578,43935200,MSFT
2018-12-26,93.4954833984375,100.55999755859375,100.69000244140625,93.95999908447266,95.13999938964844,51634800,MSFT
2018-12-27,94.07194519042969,101.18000030517578,101.19000244140625,96.4000015258789,99.30000305175781,49498500,MSFT
2018-12-28,93.33744812011719,100.38999938964844,102.41000366210938,99.5199966430664,102.08999633789062,38196300,MSFT
2018-12-31,94.43455505371094,101.56999969482422,102.4000015258789,100.44000244140625,101.29000091552734,33173800,MSFT
2019-01-02,94.01616668701172,101.12000274658203,101.75,98.94000244140625,99.55000305175781,35329300,MSFT
2019-01-03,90.55751037597656,97.4000015258789,100.19000244140625,97.19999694824219,100.0999984741211,42579100,MSFT
2019-01-04,94.76924896240234,101.93000030517578,102.51000213623047,98.93000030517578,99.72000122070312,44060600,MSFT
2019-01-07,94.8901138305664,102.05999755859375,103.2699966430664,100.9800033569336,101.63999938964844,35656100,MSFT
2019-01-08,95.57813262939453,102.80000305175781,103.97000122070312,101.70999908447266,103.04000091552734,31514400,MSFT
2019-01-09,96.94483947753906,104.2699966430664,104.87999725341797,103.23999786376953,103.86000061035156,32280800,MSFT
2019-01-10,96.32190704345703,103.5999984741211,103.75,102.37999725341797,103.22000122070312,30067600,MSFT
2019-01-11,95.57813262939453,102.80000305175781,103.44000244140625,101.63999938964844,103.19000244140625,28314200,MSFT
2019-01-14,94.8808364868164,102.05000305175781,102.87000274658203,101.26000213623047,101.9000015258789,28437100,MSFT
2019-01-15,97.63286590576172,105.01000213623047,105.05000305175781,101.87999725341797,102.51000213623047,31587600,MSFT
2019-01-16,97.97686767578125,105.37999725341797,106.26000213623047,104.95999908447266,105.26000213623047,29853900,MSFT
2019-01-17,98.6648941040039,106.12000274658203,106.62999725341797,104.76000213623047,105.0,28393000,MSFT
2019-01-18,100.14318084716797,107.70999908447266,107.9000015258789,105.91000366210938,107.45999908447266,37427600,MSFT
2019-01-22,98.25582885742188,105.68000030517578,107.0999984741211,104.86000061035156,106.75,32371300,MSFT
2019-01-23,99.21342468261719,106.70999908447266,107.04000091552734,105.33999633789062,106.12000274658203,25874300,MSFT
2019-01-24,98.7392578125,106.19999694824219,107.0,105.33999633789062,106.86000061035156,23164800,MSFT
2019-01-25,99.64112854003906,107.16999816894531,107.87999725341797,106.19999694824219,107.23999786376953,31225600,MSFT
2019-01-28,97.6979751586914,105.08000183105469,106.4800033569336,104.66000366210938,106.26000213623047,29476700,MSFT
2019-01-29,95.70830535888672,102.94000244140625,104.97000122070312,102.16999816894531,104.87999725341797,31490500,MSFT
2019-01-30,98.90662384033203,106.37999725341797,106.37999725341797,104.33000183105469,104.62000274658203,49471900,MSFT
2019-01-31,97.0936279296875,104.43000030517578,105.22000122070312,103.18000030517578,103.80000305175781,55636400,MSFT
2019-02-01,95.55953216552734,102.77999877929688,104.0999984741211,102.3499984741211,103.77999877929688,35535700,MSFT
2019-02-04,98.31158447265625,105.73999786376953,105.80000305175781,102.7699966430664,102.87000274658203,31315100,MSFT
2019-02-05,99.68761444091797,107.22000122070312,107.2699966430664,105.95999908447266,106.05999755859375,27325400,MSFT
2019-02-06,98.58123016357422,106.02999877929688,107.0,105.52999877929688,107.0,20609800,MSFT
2019-02-07,97.87458038330078,105.2699966430664,105.58999633789062,104.29000091552734,105.19000244140625,29760700,MSFT
2019-02-08,98.24650573730469,105.66999816894531,105.77999877929688,104.26000213623047,104.38999938964844,21461100,MSFT
2019-02-11,97.85601806640625,105.25,106.58000183105469,104.97000122070312,106.19999694824219,18914100,MSFT
2019-02-12,99.38078308105469,106.88999938964844,107.13999938964844,105.4800033569336,106.13999938964844,25056600,MSFT
2019-02-13,99.30641174316406,106.80999755859375,107.77999877929688,106.70999908447266,107.5,18394900,MSFT
2019-02-14,99.39008331298828,106.9000015258789,107.29000091552734,105.66000366210938,106.30999755859375,21784700,MSFT
2019-02-15,100.61734771728516,108.22000122070312,108.30000305175781,107.36000061035156,107.91000366210938,26606900,MSFT
2019-02-19,100.57088470458984,108.16999816894531,108.66000366210938,107.77999877929688,107.79000091552734,18038500,MSFT
2019-02-20,100.04800415039062,107.1500015258789,107.94000244140625,106.29000091552734,107.86000061035156,21607700,MSFT
2019-02-21,102.158203125,109.41000366210938,109.4800033569336,106.87000274658203,106.9000015258789,29063200,MSFT
2019-02-22,103.61479949951172,110.97000122070312,111.19999694824219,109.81999969482422,110.05000305175781,27763200,MSFT
2019-02-25,104.19367980957031,111.58999633789062,112.18000030517578,111.26000213623047,111.76000213623047,23750600,MSFT
2019-02-26,104.91268920898438,112.36000061035156,113.23999786376953,111.16999816894531,111.26000213623047,21536700,MSFT
2019-02-27,104.73526763916016,112.16999816894531,112.36000061035156,110.87999725341797,111.69000244140625,21487100,MSFT
2019-02-28,104.60454559326172,112.02999877929688,112.87999725341797,111.7300033569336,112.04000091552734,29083900,MSFT
2019-03-01,105.0713882446289,112.52999877929688,113.0199966430664,111.66999816894531,112.88999938964844,23501200,MSFT
2019-03-04,104.81930541992188,112.26000213623047,113.25,110.80000305175781,113.0199966430664,26608000,MSFT
2019-03-05,104.2964096069336,111.69999694824219,112.38999938964844,111.2300033569336,112.25,19538300,MSFT
2019-03-06,104.34310150146484,111.75,112.66000366210938,111.43000030517578,111.87000274658203,17687000,MSFT
2019-03-07,103.07323455810547,110.38999938964844,111.55000305175781,109.87000274658203,111.4000015258789,25339000,MSFT
2019-03-08,103.18529510498047,110.51000213623047,110.70999908447266,108.80000305175781,109.16000366210938,22818400,MSFT
2019-03-11,105.35152435302734,112.83000183105469,112.94999694824219,110.9800033569336,110.98999786376953,26491600,MSFT
2019-03-12,106.08914947509766,113.62000274658203,113.98999786376953,112.6500015258789,112.81999969482422,26132700,MSFT
2019-03-13,106.91083526611328,114.5,115.0,113.77999877929688,114.12999725341797,35513800,MSFT
2019-03-14,106.99483489990234,114.58999633789062,115.19999694824219,114.33000183105469,114.54000091552734,30763400,MSFT
2019-03-15,108.22737121582031,115.91000366210938,117.25,114.58999633789062,115.33999633789062,54681100,MSFT
2019-03-18,109.77734375,117.56999969482422,117.61000061035156,116.05000305175781,116.16999816894531,31207600,MSFT
2019-03-19,109.8520278930664,117.6500015258789,118.44000244140625,116.98999786376953,118.08999633789062,37588700,MSFT
2019-03-20,109.73067474365234,117.5199966430664,118.75,116.70999908447266,117.38999938964844,28113300,MSFT
2019-03-21,112.251708984375,120.22000122070312,120.81999969482422,117.08999633789062,117.13999938964844,29854400,MSFT
2019-03-22,109.29182434082031,117.05000305175781,119.58999633789062,117.04000091552734,119.5,33624500,MSFT
2019-03-25,109.86136627197266,117.66000366210938,118.01000213623047,116.31999969482422,116.55999755859375,27067100,MSFT
2019-03-26,110.0948257446289,117.91000366210938,118.70999908447266,116.8499984741211,118.62000274658203,26097700,MSFT
2019-03-27,109.0303726196289,116.7699966430664,118.20999908447266,115.5199966430664,117.87999725341797,22733400,MSFT
2019-03-28,109.17977142333984,116.93000030517578,117.58000183105469,116.12999725341797,117.44000244140625,18334800,MSFT
2019-03-29,110.12281799316406,117.94000244140625,118.31999969482422,116.95999908447266,118.06999969482422,25399800,MSFT
2019-04-01,111.13124084472656,119.0199966430664,119.11000061035156,118.0999984741211,118.94999694824219,22789100,MSFT
2019-04-02,111.28994750976562,119.19000244140625,119.4800033569336,118.5199966430664,119.05999755859375,18142300,MSFT
2019-04-03,112.01828002929688,119.97000122070312,120.43000030517578,119.1500015258789,119.86000061035156,22860700,MSFT
2019-04-04,111.44869232177734,119.36000061035156,120.2300033569336,118.37999725341797,120.0999984741211,20112800,MSFT
2019-04-05,111.94356536865234,119.88999938964844,120.2300033569336,119.37000274658203,119.38999938964844,15826200,MSFT
2019-04-08,111.98092651367188,119.93000030517578,120.0199966430664,118.63999938964844,119.80999755859375,15116200,MSFT
2019-04-09,111.37401580810547,119.27999877929688,119.54000091552734,118.58000183105469,118.62999725341797,17612000,MSFT
2019-04-10,112.22370147705078,120.19000244140625,120.3499984741211,119.54000091552734,119.76000213623047,16477200,MSFT
2019-04-11,112.35441589355469,120.33000183105469,120.8499984741211,119.91999816894531,120.54000091552734,14209100,MSFT
2019-04-12,112.93330383300781,120.94999694824219,120.9800033569336,120.37000274658203,120.63999938964844,19745100,MSFT
2019-04-15,113.02669525146484,121.05000305175781,121.58000183105469,120.56999969482422,120.94000244140625,15792600,MSFT
2019-04-16,112.76524353027344,120.7699966430664,121.6500015258789,120.0999984741211,121.63999938964844,14071800,MSFT
2019-04-17,113.6989517211914,121.7699966430664,121.8499984741211,120.54000091552734,121.23999786376953,19300900,MSFT
2019-04-18,115.19291687011719,123.37000274658203,123.5199966430664,121.30000305175781,122.19000244140625,27991000,MSFT
2019-04-22,115.55706787109375,123.76000213623047,124.0,122.56999969482422,122.62000274658203,15648700,MSFT
2019-04-23,117.12572479248047,125.44000244140625,125.58000183105469,123.83000183105469,124.0999984741211,24025500,MSFT
2019-04-24,116.7242431640625,125.01000213623047,125.8499984741211,124.5199966430664,125.79000091552734,31257000,MSFT
2019-04-25,120.5898208618164,129.14999389648438,131.3699951171875,128.8300018310547,130.05999755859375,38033900,MSFT
2019-04-26,121.28076934814453,129.88999938964844,130.52000427246094,129.02000427246094,129.6999969482422,23654900,MSFT
2019-04-29,121.16869354248047,129.77000427246094,130.17999267578125,129.35000610351562,129.89999389648438,16324200,MSFT
2019-04-30,121.94371032714844,130.60000610351562,130.6999969482422,129.38999938964844,129.80999755859375,24166500,MSFT
2019-05-01,119.40399169921875,127.87999725341797,130.64999389648438,127.69999694824219,130.52999877929688,26821700,MSFT
2019-05-02,117.84468841552734,126.20999908447266,128.0,125.5199966430664,127.9800033569336,27350200,MSFT
2019-05-03,120.3563461303711,128.89999389648438,129.42999267578125,127.25,127.36000061035156,24911100,MSFT
2019-05-06,119.65608978271484,128.14999389648438,128.55999755859375,126.11000061035156,126.38999938964844,24239800,MSFT
2019-05-07,117.20040130615234,125.5199966430664,127.18000030517578,124.22000122070312,126.45999908447266,36017700,MSFT
2019-05-08,117.19107818603516,125.51000213623047,126.37000274658203,124.75,125.44000244140625,28419000,MSFT
2019-05-09,117.18173217773438,125.5,125.79000091552734,123.56999969482422,124.29000091552734,27235800,MSFT
2019-05-10,118.70370483398438,127.12999725341797,127.93000030517578,123.81999969482422,124.91000366210938,30915100,MSFT
2019-05-13,115.17424774169922,123.3499984741211,125.55000305175781,123.04000091552734,124.11000061035156,33944900,MSFT
2019-05-14,116.46278381347656,124.7300033569336,125.87999725341797,123.69999694824219,123.87000274658203,25266300,MSFT
2019-05-15,118.10282135009766,126.0199966430664,126.70999908447266,123.69999694824219,124.26000213623047,24722700,MSFT
2019-05-16,120.82999420166016,128.92999267578125,129.3800048828125,126.45999908447266,126.75,30112200,MSFT
2019-05-17,120.0240478515625,128.07000732421875,130.4600067138672,127.91999816894531,128.30999755859375,25770500,MSFT
2019-05-20,118.29025268554688,126.22000122070312,127.58999633789062,125.76000213623047,126.5199966430664,23706900,MSFT
2019-05-21,118.92753601074219,126.9000015258789,127.52999877929688,126.58000183105469,127.43000030517578,15293300,MSFT
2019-05-22,119.64915466308594,127.66999816894531,128.24000549316406,126.5199966430664,126.62000274658203,15396500,MSFT
2019-05-23,118.25276947021484,126.18000030517578,126.29000091552734,124.73999786376953,126.19999694824219,23603800,MSFT
2019-05-24,118.30901336669922,126.23999786376953,127.41999816894531,125.97000122070312,126.91000366210938,14123400,MSFT
2019-05-28,118.2340316772461,126.16000366210938,128.0,126.05000305175781,126.9800033569336,23128400,MSFT
2019-05-29,117.0906753540039,124.94000244140625,125.38999938964844,124.04000091552734,125.37999725341797,22763100,MSFT
2019-05-30,117.83106231689453,125.7300033569336,125.76000213623047,124.77999877929688,125.26000213623047,16829600,MSFT
2019-05-31,115.90985107421875,123.68000030517578,124.62000274658203,123.31999969482422,124.2300033569336,26646800,MSFT
2019-06-03,112.31110382080078,119.83999633789062,124.37000274658203,119.01000213623047,123.8499984741211,37983600,MSFT
2019-06-04,115.42250061035156,123.16000366210938,123.27999877929688,120.6500015258789,121.27999877929688,29382600,MSFT
2019-06-05,117.92479705810547,125.83000183105469,125.87000274658203,124.20999908447266,124.94999694824219,24926100,MSFT
2019-06-06,119.78974151611328,127.81999969482422,127.97000122070312,125.5999984741211,126.44000244140625,21459000,MSFT
2019-06-07,123.14483642578125,131.39999389648438,132.25,128.25999450683594,129.19000244140625,33885600,MSFT
2019-06-10,124.26945495605469,132.60000610351562,134.0800018310547,132.0,132.39999389648438,26477100,MSFT
2019-06-11,123.80085754394531,132.10000610351562,134.24000549316406,131.27999877929688,133.8800048828125,23913700,MSFT
2019-06-12,123.22916412353516,131.49000549316406,131.97000122070312,130.7100067138672,131.39999389648438,17092500,MSFT
2019-06-13,124.00702667236328,132.32000732421875,133.0,131.55999755859375,131.97999572753906,17200800,MSFT
2019-06-14,124.12885284423828,132.4499969482422,133.7899932861328,131.63999938964844,132.25999450683594,17821700,MSFT
2019-06-17,124.50373077392578,132.85000610351562,133.72999572753906,132.52999877929688,132.6300048828125,14517800,MSFT
2019-06-18,126.66860961914062,135.16000366210938,135.24000549316406,133.57000732421875,134.19000244140625,25934500,MSFT
2019-06-19,127.16532135009766,135.69000244140625,135.92999267578125,133.80999755859375,135.0,23744400,MSFT
2019-06-20,128.34617614746094,136.9499969482422,137.66000366210938,135.72000122070312,137.4499969482422,33042600,MSFT
2019-06-21,128.36488342285156,136.97000122070312,137.72999572753906,136.4600067138672,136.5800018310547,36727900,MSFT
2019-06-24,129.12396240234375,137.77999877929688,138.39999389648438,137.0,137.0,20628800,MSFT
2019-06-25,125.04730224609375,133.42999267578125,137.58999633789062,132.72999572753906,137.25,33327400,MSFT
2019-06-26,125.515869140625,133.92999267578125,135.74000549316406,133.60000610351562,134.35000610351562,23657700,MSFT
2019-06-27,125.72203826904297,134.14999389648438,134.7100067138672,133.50999450683594,134.13999938964844,16557500,MSFT
2019-06-28,125.5439682006836,133.9600067138672,134.60000610351562,133.16000366210938,134.57000732421875,30043000,MSFT
2019-07-01,127.15589904785156,135.67999267578125,136.6999969482422,134.97000122070312,136.6300048828125,22613500,MSFT
2019-07-02,127.9993896484375,136.5800018310547,136.58999633789062,135.33999633789062,136.1199951171875,15237800,MSFT
2019-07-03,128.82412719726562,137.4600067138672,137.74000549316406,136.2899932861328,136.8000030517578,13629300,MSFT
2019-07-05,128.44924926757812,137.05999755859375,137.3300018310547,135.72000122070312,135.94000244140625,18141100,MSFT
2019-07-08,128.35552978515625,136.9600067138672,137.10000610351562,135.3699951171875,136.39999389648438,16779700,MSFT
2019-07-09,127.88700103759766,136.4600067138672,136.97000122070312,135.8000030517578,136.0,19953100,MSFT
2019-07-10,129.1896209716797,137.85000610351562,138.5800018310547,137.02000427246094,137.1300048828125,24204400,MSFT
2019-07-11,129.70506286621094,138.39999389648438,139.22000122070312,137.8699951171875,138.1999969482422,22327900,MSFT
2019-07-12,130.17361450195312,138.89999389648438,139.1300048828125,138.00999450683594,138.85000610351562,18936800,MSFT
2019-07-15,130.17361450195312,138.89999389648438,139.5399932861328,138.4600067138672,139.44000244140625,16651500,MSFT
2019-07-16,128.4679718017578,137.0800018310547,139.0500030517578,136.52000427246094,138.9600067138672,22726100,MSFT
2019-07-17,127.7088851928711,136.27000427246094,137.92999267578125,136.22000122070312,137.6999969482422,20211000,MSFT
2019-07-18,127.84941101074219,136.4199981689453,136.6199951171875,134.6699981689453,135.5500030517578,30381800,MSFT
2019-07-19,128.03688049316406,136.6199951171875,140.6699981689453,136.4499969482422,140.22000122070312,48992400,MSFT
2019-07-22,129.73318481445312,138.42999267578125,139.19000244140625,137.3300018310547,137.41000366210938,25074900,MSFT
2019-07-23,130.5391387939453,139.2899932861328,139.99000549316406,138.02999877929688,139.75999450683594,18034600,MSFT
2019-07-24,131.87928771972656,140.72000122070312,140.74000549316406,138.85000610351562,138.89999389648438,20738300,MSFT
2019-07-25,131.3826141357422,140.19000244140625,140.61000061035156,139.32000732421875,140.42999267578125,18356900,MSFT
2019-07-26,132.46031188964844,141.33999633789062,141.67999267578125,140.3000030517578,140.3699951171875,19037600,MSFT
2019-07-29,132.16983032226562,141.02999877929688,141.50999450683594,139.3699951171875,141.5,16605900,MSFT
2019-07-30,131.5325469970703,140.35000610351562,141.22000122070312,139.8000030517578,140.13999938964844,16846500,MSFT
2019-07-31,127.7088851928711,136.27000427246094,140.49000549316406,135.0800018310547,140.3300018310547,38598800,MSFT
2019-08-01,129.3864288330078,138.05999755859375,140.94000244140625,136.92999267578125,137.0,40557500,MSFT
2019-08-02,128.29928588867188,136.89999389648438,138.32000732421875,135.25999450683594,138.08999633789062,30791600,MSFT
2019-08-05,123.9039306640625,132.2100067138672,133.92999267578125,130.77999877929688,133.3000030517578,42749600,MSFT
2019-08-06,126.22813415527344,134.69000244140625,135.67999267578125,133.2100067138672,133.8000030517578,32696700,MSFT
2019-08-07,126.7811050415039,135.27999877929688,135.64999389648438,131.8300018310547,133.7899932861328,33414500,MSFT
2019-08-08,130.16427612304688,138.88999938964844,138.99000549316406,135.92999267578125,136.60000610351562,27496500,MSFT
2019-08-09,129.0584716796875,137.7100067138672,139.3800048828125,136.4600067138672,138.61000061035156,23466700,MSFT
2019-08-12,127.25900268554688,135.7899932861328,137.86000061035156,135.24000549316406,137.07000732421875,20484300,MSFT
2019-08-13,129.8925323486328,138.60000610351562,138.8000030517578,135.0,136.0500030517578,25154600,MSFT
2019-08-14,125.98084259033203,133.97999572753906,136.9199981689453,133.6699981689453,136.36000061035156,32527300,MSFT
2019-08-15,125.69880676269531,133.67999267578125,134.5800018310547,132.25,134.38999938964844,28074400,MSFT
2019-08-16,128.00247192382812,136.1300048828125,136.4600067138672,134.72000122070312,134.8800048828125,24449100,MSFT
2019-08-19,130.1463623046875,138.41000366210938,138.5500030517578,136.88999938964844,137.85000610351562,24355700,MSFT
2019-08-20,129.06504821777344,137.25999450683594,138.7100067138672,137.24000549316406,138.2100067138672,21170800,MSFT
2019-08-21,130.503662109375,138.7899932861328,139.49000549316406,138.0,138.5500030517578,14970300,MSFT
2019-08-22,129.55397033691406,137.77999877929688,139.1999969482422,136.2899932861328,138.66000366210938,18697000,MSFT
2019-08-23,125.42607116699219,133.38999938964844,138.35000610351562,132.8000030517578,137.19000244140625,38508600,MSFT
2019-08-26,127.36310577392578,135.4499969482422,135.55999755859375,133.89999389648438,134.99000549316406,20312600,MSFT
2019-08-27,127.63573455810547,135.74000549316406,136.72000122070312,134.66000366210938,136.38999938964844,23102100,MSFT
2019-08-28,127.46651458740234,135.55999755859375,135.75999450683594,133.5500030517578,134.8800048828125,17393300,MSFT
2019-08-29,129.8737030029297,138.1199951171875,138.44000244140625,136.91000366210938,137.25,20168700,MSFT
2019-08-30,129.6291961669922,137.86000061035156,139.17999267578125,136.27000427246094,139.14999389648438,23940100,MSFT
2019-09-03,127.91786193847656,136.0399932861328,137.1999969482422,135.6999969482422,136.61000061035156,18869300,MSFT
2019-09-04,129.41293334960938,137.6300048828125,137.69000244140625,136.47999572753906,137.3000030517578,17995900,MSFT
2019-09-05,131.68844604492188,140.0500030517578,140.3800048828125,138.75999450683594,139.11000061035156,26101800,MSFT
2019-09-06,130.79518127441406,139.10000610351562,140.17999267578125,138.1999969482422,140.02999877929688,20824500,MSFT
2019-09-09,129.30947875976562,137.52000427246094,139.75,136.4600067138672,139.58999633789062,25773900,MSFT
2019-09-10,127.95548248291016,136.0800018310547,136.88999938964844,134.50999450683594,136.8000030517578,28903400,MSFT
2019-09-11,127.99310302734375,136.1199951171875,136.27000427246094,135.08999633789062,135.91000366210938,24726100,MSFT
2019-09-12,129.30947875976562,137.52000427246094,138.4199981689453,136.8699951171875,137.85000610351562,27010000,MSFT
2019-09-13,129.1214599609375,137.32000732421875,138.05999755859375,136.57000732421875,137.77999877929688,23363100,MSFT
2019-09-16,128.19058227539062,136.3300018310547,136.6999969482422,135.66000366210938,135.8300018310547,16731400,MSFT
2019-09-17,129.18727111816406,137.38999938964844,137.52000427246094,136.42999267578125,136.9600067138672,17814200,MSFT
2019-09-18,130.2498016357422,138.52000427246094,138.6699981689453,136.52999877929688,137.36000061035156,23982100,MSFT
2019-09-19,132.64761352539062,141.07000732421875,142.3699951171875,140.07000732421875,140.3000030517578,35772100,MSFT
2019-09-20,131.1148681640625,139.44000244140625,141.64999389648438,138.25,141.00999450683594,39167300,MSFT
2019-09-23,130.83279418945312,139.13999938964844,139.6300048828125,138.44000244140625,139.22999572753906,17139300,MSFT
2019-09-24,129.17787170410156,137.3800048828125,140.69000244140625,136.8800048828125,140.36000061035156,29773200,MSFT
2019-09-25,131.03965759277344,139.36000061035156,139.9600067138672,136.02999877929688,137.5,21382000,MSFT
2019-09-26,131.20889282226562,139.5399932861328,140.17999267578125,138.44000244140625,139.44000244140625,17456600,MSFT
2019-09-27,129.5070037841797,137.72999572753906,140.36000061035156,136.64999389648438,140.14999389648438,22477700,MSFT
2019-09-30,130.72938537597656,139.02999877929688,139.22000122070312,137.77999877929688,138.0500030517578,17280900,MSFT
2019-10-01,128.88636779785156,137.07000732421875,140.25,137.0,139.66000366210938,21466600,MSFT
2019-10-02,126.61085510253906,134.64999389648438,136.3699951171875,133.5800018310547,136.25,30521700,MSFT
2019-10-03,128.1435089111328,136.27999877929688,136.75,133.22000122070312,134.9499969482422,24132900,MSFT
2019-10-04,129.8737030029297,138.1199951171875,138.25,136.4199981689453,136.75,22897700,MSFT
2019-10-07,128.9333953857422,137.1199951171875,138.17999267578125,137.02000427246094,137.13999938964844,15303700,MSFT
2019-10-08,127.56997680664062,135.6699981689453,137.75999450683594,135.6199951171875,137.0800018310547,25550500,MSFT
2019-10-09,129.9865264892578,138.24000549316406,138.6999969482422,136.97000122070312,137.4600067138672,19749900,MSFT
2019-10-10,130.79518127441406,139.10000610351562,139.6699981689453,138.25,138.49000549316406,17654600,MSFT
2019-10-11,131.34051513671875,139.67999267578125,141.02999877929688,139.5,140.1199951171875,25446000,MSFT
2019-10-14,131.21832275390625,139.5500030517578,140.2899932861328,139.52000427246094,139.69000244140625,13304300,MSFT
2019-10-15,133.11773681640625,141.57000732421875,141.7899932861328,139.80999755859375,140.05999755859375,19695700,MSFT
2019-10-16,132.02696228027344,140.41000366210938,140.99000549316406,139.52999877929688,140.7899932861328,20751600,MSFT
2019-10-17,131.34996032714844,139.69000244140625,141.4199981689453,139.02000427246094,140.9499969482422,21460600,MSFT
2019-10-18,129.20608520507812,137.41000366210938,140.0,136.55999755859375,139.75999450683594,32273500,MSFT
2019-10-21,130.1651611328125,138.42999267578125,138.5,137.00999450683594,138.4499969482422,20078200,MSFT
2019-10-22,128.22816467285156,136.3699951171875,140.00999450683594,136.25999450683594,138.97000122070312,27431000,MSFT
2019-10-23,129.04620361328125,137.24000549316406,137.4499969482422,135.61000061035156,136.8800048828125,29844600,MSFT
2019-10-24,131.58505249023438,139.94000244140625,140.4199981689453,138.6699981689453,139.38999938964844,37029300,MSFT
2019-10-25,132.32781982421875,140.72999572753906,141.13999938964844,139.1999969482422,139.33999633789062,25959700,MSFT
2019-10-28,135.581298828125,144.19000244140625,145.6699981689453,143.50999450683594,144.39999389648438,35280100,MSFT
2019-10-29,134.30250549316406,142.8300018310547,144.5,142.64999389648438,144.0800018310547,20589500,MSFT
2019-10-30,135.97625732421875,144.61000061035156,145.0,142.7899932861328,143.52000427246094,18496600,MSFT
2019-10-31,134.8102264404297,143.3699951171875,144.92999267578125,142.99000549316406,144.89999389648438,24605100,MSFT
2019-11-01,135.13934326171875,143.72000122070312,144.4199981689453,142.97000122070312,144.25999450683594,33128400,MSFT
2019-11-04,135.9198455810547,144.5500030517578,145.0,144.16000366210938,144.8300018310547,16912000,MSFT
2019-11-05,135.8351593017578,144.4600067138672,145.02000427246094,143.91000366210938,144.97000122070312,18250200,MSFT
2019-11-06,135.4590301513672,144.05999755859375,144.52000427246094,143.1999969482422,144.3699951171875,16575800,MSFT
2019-11-07,135.64710998535156,144.25999450683594,144.8800048828125,143.77000427246094,143.83999633789062,17786700,MSFT
2019-11-08,137.24563598632812,145.9600067138672,145.99000549316406,143.75999450683594,143.97999572753906,16732700,MSFT
2019-11-11,137.38668823242188,146.11000061035156,146.4199981689453,144.72999572753906,145.33999633789062,14362600,MSFT
2019-11-12,138.2893524169922,147.07000732421875,147.57000732421875,146.05999755859375,146.27999877929688,18641600,MSFT
2019-11-13,138.51499938964844,147.30999755859375,147.4600067138672,146.27999877929688,146.74000549316406,16919200,MSFT
2019-11-14,139.22019958496094,148.05999755859375,148.41000366210938,147.0,147.02000427246094,19729800,MSFT
2019-11-15,141.01617431640625,149.97000122070312,149.99000549316406,148.27000427246094,148.92999267578125,23485700,MSFT
2019-11-18,141.36412048339844,150.33999633789062,150.5500030517578,148.97999572753906,150.07000732421875,21534000,MSFT
2019-11-19,141.41110229492188,150.38999938964844,151.3300018310547,150.1999969482422,150.8800048828125,23935700,MSFT
2019-11-20,141.1658172607422,149.6199951171875,150.83999633789062,148.4600067138672,150.30999755859375,25696800,MSFT
2019-11-21,141.03370666503906,149.47999572753906,149.8000030517578,148.5,149.39999389648438,18576100,MSFT
2019-11-22,141.1374969482422,149.58999633789062,150.3000030517578,148.82000732421875,150.07000732421875,15901800,MSFT
2019-11-25,142.68482971191406,151.22999572753906,151.35000610351562,149.9199981689453,150.0,22420900,MSFT
2019-11-26,143.4396209716797,152.02999877929688,152.4199981689453,151.32000732421875,151.36000061035156,24620100,MSFT
2019-11-27,143.71328735351562,152.32000732421875,152.5,151.52000427246094,152.3300018310547,15184400,MSFT
2019-11-29,142.82635498046875,151.3800048828125,152.3000030517578,151.27999877929688,152.10000610351562,11977300,MSFT
2019-12-02,141.0998077392578,149.5500030517578,151.8300018310547,148.32000732421875,151.80999755859375,27418400,MSFT
2019-12-03,140.87332153320312,149.30999755859375,149.42999267578125,146.64999389648438,147.49000549316406,24066000,MSFT
2019-12-04,141.3828125,149.85000610351562,150.17999267578125,149.1999969482422,150.13999938964844,17574700,MSFT
2019-12-05,141.45828247070312,149.92999267578125,150.32000732421875,149.47999572753906,150.0500030517578,17869100,MSFT
2019-12-06,143.17547607421875,151.75,151.8699951171875,150.27000427246094,150.99000549316406,16403500,MSFT
2019-12-09,142.8074951171875,151.36000061035156,152.2100067138672,150.91000366210938,151.07000732421875,16687400,MSFT
2019-12-10,142.59054565429688,151.1300048828125,151.88999938964844,150.75999450683594,151.2899932861328,16476100,MSFT
2019-12-11,143.12826538085938,151.6999969482422,151.8699951171875,150.3300018310547,151.5399932861328,18856600,MSFT
2019-12-12,144.58128356933594,153.24000549316406,153.44000244140625,151.02000427246094,151.64999389648438,24612100,MSFT
2019-12-13,145.79843139648438,154.52999877929688,154.88999938964844,152.8300018310547,153.0,23845400,MSFT
2019-12-16,146.7418670654297,155.52999877929688,155.89999389648438,154.82000732421875,155.11000061035156,24144200,MSFT
2019-12-17,145.94937133789062,154.69000244140625,155.7100067138672,154.4499969482422,155.4499969482422,25425600,MSFT
2019-12-18,145.64739990234375,154.3699951171875,155.47999572753906,154.17999267578125,154.3000030517578,24129200,MSFT
2019-12-19,146.91172790527344,155.7100067138672,155.77000427246094,153.75,154.0,24958900,MSFT
2019-12-20,148.51565551757812,157.41000366210938,158.49000549316406,156.2899932861328,157.35000610351562,53477500,MSFT
2019-12-23,148.51565551757812,157.41000366210938,158.1199951171875,157.27000427246094,158.1199951171875,17718200,MSFT
2019-12-24,148.48736572265625,157.3800048828125,157.7100067138672,157.1199951171875,157.47999572753906,8989200,MSFT
2019-12-26,149.7044677734375,158.6699981689453,158.72999572753906,157.39999389648438,157.55999755859375,14520600,MSFT
2019-12-27,149.97804260253906,158.9600067138672,159.5500030517578,158.22000122070312,159.4499969482422,18412800,MSFT
2019-12-30,148.68545532226562,157.58999633789062,159.02000427246094,156.72999572753906,158.99000549316406,16348400,MSFT
2019-12-31,148.7892608642578,157.6999969482422,157.77000427246094,156.4499969482422,156.77000427246094,18369400,MSFT
2020-01-02,151.5443115234375,160.6199951171875,160.72999572753906,158.3300018310547,158.77999877929688,22622100,MSFT
2020-01-03,149.6572723388672,158.6199951171875,159.9499969482422,158.05999755859375,158.32000732421875,21116200,MSFT
2020-01-06,150.04409790039062,159.02999877929688,159.10000610351562,156.50999450683594,157.0800018310547,20813700,MSFT
2020-01-07,148.67604064941406,157.5800018310547,159.6699981689453,157.32000732421875,159.32000732421875,21634100,MSFT
2020-01-08,151.0442352294922,160.08999633789062,160.8000030517578,157.9499969482422,158.92999267578125,27746500,MSFT
2020-01-09,152.9311981201172,162.08999633789062,162.22000122070312,161.02999877929688,161.83999633789062,21385000,MSFT
2020-01-10,152.2235870361328,161.33999633789062,163.22000122070312,161.17999267578125,162.82000732421875,20725900,MSFT
2020-01-13,154.05393981933594,163.27999877929688,163.30999755859375,161.25999450683594,161.75999450683594,21626500,MSFT
2020-01-14,152.9689483642578,162.1300048828125,163.60000610351562,161.72000122070312,163.38999938964844,23477400,MSFT
2020-01-15,153.95965576171875,163.17999267578125,163.94000244140625,162.57000732421875,162.6199951171875,21417900,MSFT
2020-01-16,156.78065490722656,166.1699981689453,166.24000549316406,164.02999877929688,164.35000610351562,23865400,MSFT
2020-01-17,157.65814208984375,167.10000610351562,167.47000122070312,165.42999267578125,167.4199981689453,34371700,MSFT
2020-01-21,157.09201049804688,166.5,168.19000244140625,166.42999267578125,166.67999267578125,29517200,MSFT
2020-01-22,156.33718872070312,165.6999969482422,167.49000549316406,165.67999267578125,167.39999389648438,24138800,MSFT
2020-01-23,157.29959106445312,166.72000122070312,166.8000030517578,165.27000427246094,166.19000244140625,19680800,MSFT
2020-01-24,155.71450805664062,165.0399932861328,167.52999877929688,164.4499969482422,167.50999450683594,24918100,MSFT
2020-01-27,153.11045837402344,162.27999877929688,163.3800048828125,160.1999969482422,161.14999389648438,32078100,MSFT
2020-01-28,156.11082458496094,165.4600067138672,165.75999450683594,163.07000732421875,163.77999877929688,24899900,MSFT
2020-01-29,158.54498291015625,168.0399932861328,168.75,165.69000244140625,167.83999633789062,34754500,MSFT
2020-01-30,163.01715087890625,172.77999877929688,174.0500030517578,170.7899932861328,174.0500030517578,51597500,MSFT
2020-01-31,160.61123657226562,170.22999572753906,172.39999389648438,169.5800018310547,172.2100067138672,36142700,MSFT
2020-02-03,164.52679443359375,174.3800048828125,174.5,170.39999389648438,170.42999267578125,30107000,MSFT
2020-02-04,169.9424285888672,180.1199951171875,180.63999938964844,176.30999755859375,177.13999938964844,36433300,MSFT
2020-02-05,169.7348175048828,179.89999389648438,184.1999969482422,178.41000366210938,184.02999877929688,39186300,MSFT
2020-02-06,173.2540740966797,183.6300048828125,183.82000732421875,180.05999755859375,180.97000122070312,27751400,MSFT
2020-02-07,173.49942016601562,183.88999938964844,185.6300048828125,182.47999572753906,182.85000610351562,33529100,MSFT
2020-02-10,178.03762817382812,188.6999969482422,188.83999633789062,183.25,183.5800018310547,35844300,MSFT
2020-02-11,174.01834106445312,184.44000244140625,190.6999969482422,183.5,190.64999389648438,53159900,MSFT
2020-02-12,174.27310180664062,184.7100067138672,185.85000610351562,181.85000610351562,185.5800018310547,47062900,MSFT
2020-02-13,173.32962036132812,183.7100067138672,186.22999572753906,182.8699951171875,183.0800018310547,35295800,MSFT
2020-02-14,174.8768768310547,185.35000610351562,185.41000366210938,182.64999389648438,183.25,23149500,MSFT
2020-02-18,176.65069580078125,187.22999572753906,187.6999969482422,185.5,185.61000061035156,27792200,MSFT
2020-02-19,177.18052673339844,187.27999877929688,188.17999267578125,186.47000122070312,188.05999755859375,29997500,MSFT
2020-02-20,174.4747314453125,184.4199981689453,187.25,181.10000610351562,186.9499969482422,36862400,MSFT
2020-02-21,168.95909118652344,178.58999633789062,183.5,177.25,183.1699981689453,48572600,MSFT
2020-02-24,161.67434692382812,170.88999938964844,174.5500030517578,163.22999572753906,167.77000427246094,68311100,MSFT
2020-02-25,159.0064239501953,168.07000732421875,174.83999633789062,167.64999389648438,174.1999969482422,68073300,MSFT
2020-02-26,160.99319458007812,170.1699981689453,173.25999450683594,168.2100067138672,169.7100067138672,56206100,MSFT
2020-02-27,149.64976501464844,158.17999267578125,167.02999877929688,157.97999572753906,163.32000732421875,93174900,MSFT
2020-02-28,153.273193359375,162.00999450683594,163.7100067138672,152.0,152.41000366210938,97012700,MSFT
2020-03-02,163.47190856933594,172.7899932861328,172.9199981689453,162.30999755859375,165.30999755859375,71030800,MSFT
2020-03-03,155.6383819580078,164.50999450683594,175.0,162.25999450683594,173.8000030517578,71677000,MSFT
2020-03-04,161.35272216796875,170.5500030517578,170.6999969482422,165.6199951171875,168.49000549316406,49814400,MSFT
2020-03-05,157.30357360839844,166.27000427246094,170.8699951171875,165.69000244140625,166.0500030517578,47817300,MSFT
2020-03-06,152.8569793701172,161.57000732421875,163.11000061035156,156.0,162.61000061035156,72821100,MSFT
2020-03-09,142.4974822998047,150.6199951171875,157.75,150.0,151.0,70419300,MSFT
2020-03-10,152.24200439453125,160.9199981689453,161.02999877929688,152.5800018310547,158.16000366210938,65354400,MSFT
2020-03-11,145.34515380859375,153.6300048828125,157.6999969482422,151.14999389648438,157.1300048828125,56371600,MSFT
2020-03-12,131.56085205078125,139.05999755859375,153.47000122070312,138.5800018310547,145.3000030517578,93226400,MSFT
2020-03-13,150.2647247314453,158.8300018310547,161.91000366210938,140.72999572753906,147.5,92727400,MSFT
2020-03-16,128.1171417236328,135.4199981689453,149.35000610351562,135.0,140.0,87905900,MSFT
2020-03-17,138.6658477783203,146.57000732421875,147.5,135.0,140.0,81059800,MSFT
2020-03-18,132.82862854003906,140.39999389648438,146.0,135.02000427246094,138.0,81593200,MSFT
2020-03-19,135.01405334472656,142.7100067138672,150.14999389648438,139.0,142.77000427246094,85922700,MSFT
2020-03-20,129.94305419921875,137.35000610351562,147.10000610351562,135.86000061035156,146.0,84866200,MSFT
2020-03-23,128.6469268798828,135.97999572753906,140.57000732421875,132.52000427246094,137.00999450683594,78975200,MSFT
2020-03-24,140.34042358398438,148.33999633789062,149.60000610351562,141.27000427246094,143.75,82516700,MSFT
2020-03-25,138.99697875976562,146.9199981689453,154.3300018310547,144.44000244140625,148.91000366210938,75638200,MSFT
2020-03-26,147.69142150878906,156.11000061035156,156.66000366210938,148.3699951171875,148.39999389648438,64568100,MSFT
2020-03-27,141.62704467773438,149.6999969482422,154.88999938964844,149.1999969482422,151.75,57042300,MSFT
2020-03-30,151.58920288085938,160.22999572753906,160.60000610351562,150.00999450683594,152.44000244140625,63420300,MSFT
2020-03-31,149.2051239013672,157.7100067138672,164.77999877929688,156.55999755859375,159.39999389648438,77927200,MSFT
2020-04-01,143.90707397460938,152.11000061035156,157.75,150.82000732421875,153.0,57969900,MSFT
2020-04-02,146.8872528076172,155.25999450683594,155.47999572753906,150.36000061035156,151.86000061035156,49630700,MSFT
2020-04-03,145.5343780517578,153.8300018310547,157.3800048828125,152.19000244140625,155.10000610351562,41243300,MSFT
2020-04-06,156.35745239257812,165.27000427246094,166.5,157.5800018310547,160.32000732421875,67111700,MSFT
2020-04-07,154.67343139648438,163.49000549316406,170.0,163.25999450683594,169.58999633789062,62769000,MSFT
2020-04-08,156.22496032714844,165.1300048828125,166.6699981689453,163.5,165.6699981689453,48318200,MSFT
2020-04-09,156.2344512939453,165.13999938964844,167.3699951171875,163.3300018310547,166.36000061035156,51385100,MSFT
2020-04-13,156.58445739746094,165.50999450683594,165.57000732421875,162.3000030517578,164.35000610351562,41905300,MSFT
2020-04-14,164.3328399658203,173.6999969482422,173.75,168.0,169.0,52874300,MSFT
2020-04-15,162.61099243164062,171.8800048828125,173.57000732421875,169.24000549316406,171.1999969482422,40940800,MSFT
2020-04-16,167.49269104003906,177.0399932861328,177.27999877929688,172.89999389648438,174.3000030517578,50479600,MSFT
2020-04-17,168.96861267089844,178.60000610351562,180.0,175.8699951171875,179.5,52765600,MSFT
2020-04-20,165.6195068359375,175.05999755859375,178.75,174.99000549316406,176.6300048828125,36669600,MSFT
2020-04-21,158.7698974609375,167.82000732421875,173.6699981689453,166.11000061035156,173.5,56203700,MSFT
2020-04-22,164.1625518798828,173.52000427246094,174.0,170.82000732421875,171.38999938964844,34620200,MSFT
2020-04-23,162.17575073242188,171.4199981689453,175.05999755859375,170.91000366210938,174.11000061035156,32790800,MSFT
2020-04-24,165.136962890625,174.5500030517578,174.55999755859375,170.7100067138672,172.05999755859375,34277600,MSFT
2020-04-27,164.6639862060547,174.0500030517578,176.89999389648438,173.3000030517578,176.58999633789062,33194400,MSFT
2020-04-28,160.652587890625,169.80999755859375,175.6699981689453,169.38999938964844,175.58999633789062,34392700,MSFT
2020-04-29,167.86166381835938,177.42999267578125,177.67999267578125,171.8800048828125,173.22000122070312,51286600,MSFT
2020-04-30,169.54568481445312,179.2100067138672,180.39999389648438,176.22999572753906,180.0,53875900,MSFT
2020-05-01,165.15589904785156,174.57000732421875,178.63999938964844,174.00999450683594,175.8000030517578,39370500,MSFT
2020-05-04,169.19564819335938,178.83999633789062,179.0,173.8000030517578,174.49000549316406,30372900,MSFT
2020-05-05,171.01211547851562,180.75999450683594,183.64999389648438,179.89999389648438,180.6199951171875,36839200,MSFT
2020-05-06,172.69610595703125,182.5399932861328,184.1999969482422,181.6300048828125,182.0800018310547,32139300,MSFT
2020-05-07,173.6989288330078,183.60000610351562,184.5500030517578,182.5800018310547,184.1699981689453,28316000,MSFT
2020-05-08,174.720703125,184.67999267578125,185.0,183.36000061035156,184.97999572753906,30877800,MSFT
2020-05-11,176.6696319580078,186.74000549316406,187.50999450683594,182.85000610351562,183.14999389648438,30892700,MSFT
2020-05-12,172.66769409179688,182.50999450683594,187.0399932861328,182.3000030517578,186.8000030517578,32038200,MSFT
2020-05-13,170.05657958984375,179.75,184.0500030517578,176.5399932861328,182.5500030517578,44711500,MSFT
2020-05-14,170.7944793701172,180.52999877929688,180.69000244140625,175.67999267578125,177.5399932861328,41873900,MSFT
2020-05-15,173.2826690673828,183.16000366210938,187.05999755859375,177.0,179.05999755859375,46610400,MSFT
2020-05-18,174.93832397460938,184.91000366210938,186.1999969482422,183.9600067138672,185.75,35264500,MSFT
2020-05-19,173.72732543945312,183.6300048828125,186.60000610351562,183.49000549316406,185.02999877929688,26799100,MSFT
2020-05-20,176.13705444335938,185.66000366210938,185.85000610351562,183.94000244140625,184.80999755859375,31261300,MSFT
2020-05-21,174.0214080810547,183.42999267578125,186.6699981689453,183.2899932861328,185.39999389648438,29119500,MSFT
2020-05-22,174.09738159179688,183.50999450683594,184.4600067138672,182.5399932861328,183.19000244140625,20826900,MSFT
2020-05-26,172.25686645507812,181.57000732421875,186.5,181.10000610351562,186.33999633789062,36073600,MSFT
2020-05-27,172.48451232910156,181.80999755859375,181.99000549316406,176.60000610351562,180.1999969482422,39517100,MSFT
2020-05-28,172.0955352783203,181.39999389648438,184.14999389648438,180.3800048828125,180.74000549316406,33810200,MSFT
2020-05-29,173.8506317138672,183.25,184.27000427246094,180.41000366210938,182.72999572753906,42130400,MSFT
2020-06-01,173.4522247314453,182.8300018310547,183.0,181.4600067138672,182.5399932861328,22622400,MSFT
2020-06-02,175.425537109375,184.91000366210938,185.0,181.35000610351562,184.25,30794600,MSFT
2020-06-03,175.8524627685547,185.36000061035156,185.94000244140625,183.5800018310547,184.82000732421875,27311000,MSFT
2020-06-04,173.53758239746094,182.9199981689453,185.83999633789062,182.3000030517578,184.3000030517578,28761800,MSFT
2020-06-05,177.59803771972656,187.1999969482422,187.72999572753906,182.00999450683594,182.6199951171875,39893600,MSFT
2020-06-08,178.69854736328125,188.36000061035156,188.5500030517578,184.44000244140625,185.94000244140625,33211600,MSFT
2020-06-09,180.06471252441406,189.8000030517578,190.6999969482422,187.25999450683594,188.0,29783900,MSFT
2020-06-10,186.7436065673828,196.83999633789062,198.52000427246094,191.00999450683594,191.1300048828125,43872300,MSFT
2020-06-11,176.71575927734375,186.27000427246094,195.75999450683594,186.07000732421875,193.1300048828125,52854700,MSFT
2020-06-12,178.11033630371094,187.74000549316406,191.72000122070312,185.17999267578125,190.5399932861328,43373600,MSFT
2020-06-15,179.2488250732422,188.94000244140625,190.82000732421875,184.00999450683594,184.5800018310547,32770200,MSFT
2020-06-16,183.64134216308594,193.57000732421875,195.5800018310547,191.4600067138672,192.88999938964844,42556700,MSFT
2020-06-17,184.27694702148438,194.24000549316406,196.32000732421875,193.69000244140625,195.02999877929688,25687800,MSFT
2020-06-18,186.250244140625,196.32000732421875,196.49000549316406,194.0,194.0,23061600,MSFT
2020-06-19,185.14027404785156,195.14999389648438,199.2899932861328,194.3699951171875,198.58999633789062,44441100,MSFT
2020-06-22,190.2823028564453,200.57000732421875,200.75999450683594,195.22999572753906,195.7899932861328,32818900,MSFT
2020-06-23,191.55355834960938,201.91000366210938,203.9499969482422,201.42999267578125,202.08999633789062,30917400,MSFT
2020-06-24,187.6923065185547,197.83999633789062,203.25,196.55999755859375,201.60000610351562,36740600,MSFT
2020-06-25,190.0640869140625,200.33999633789062,200.61000061035156,195.47000122070312,197.8000030517578,27803900,MSFT
2020-06-26,186.25979614257812,196.3300018310547,199.88999938964844,194.8800048828125,199.72999572753906,54675800,MSFT
2020-06-29,188.2615509033203,198.44000244140625,198.52999877929688,193.5500030517578,195.77999877929688,26701600,MSFT
2020-06-30,193.07147216796875,203.50999450683594,204.39999389648438,197.74000549316406,197.8800048828125,34310300,MSFT
2020-07-01,194.20045471191406,204.6999969482422,206.35000610351562,201.77000427246094,203.13999938964844,32061200,MSFT
2020-07-02,195.68043518066406,206.25999450683594,208.02000427246094,205.0,205.67999267578125,29315800,MSFT
2020-07-06,199.8927001953125,210.6999969482422,211.1300048828125,208.08999633789062,208.8300018310547,31897600,MSFT
2020-07-07,197.56832885742188,208.25,214.6699981689453,207.99000549316406,210.4499969482422,33600700,MSFT
2020-07-08,201.91343688964844,212.8300018310547,213.25999450683594,208.69000244140625,210.07000732421875,33600000,MSFT
2020-07-09,203.32701110839844,214.32000732421875,216.3800048828125,211.47000122070312,216.3300018310547,33121700,MSFT
2020-07-10,202.7103271484375,213.6699981689453,214.0800018310547,211.0800018310547,213.6199951171875,26177600,MSFT
2020-07-13,196.44886779785156,207.07000732421875,215.8000030517578,206.5,214.47999572753906,38135600,MSFT
2020-07-14,197.6632080078125,208.35000610351562,208.85000610351562,202.02999877929688,206.1300048828125,37591800,MSFT
2020-07-15,197.36911010742188,208.0399932861328,211.3300018310547,205.02999877929688,209.55999755859375,32179400,MSFT
2020-07-16,193.46043395996094,203.9199981689453,205.6999969482422,202.30999755859375,205.39999389648438,29940700,MSFT
2020-07-17,192.4738006591797,202.8800048828125,205.0399932861328,201.38999938964844,204.47000122070312,31635300,MSFT
2020-07-20,200.7465362548828,211.60000610351562,212.3000030517578,203.00999450683594,205.0,36884800,MSFT
2020-07-21,198.0426788330078,208.75,213.94000244140625,208.02999877929688,213.66000366210938,37990400,MSFT
2020-07-22,200.8888397216797,211.75,212.3000030517578,208.38999938964844,209.1999969482422,49605700,MSFT
2020-07-23,192.15118408203125,202.5399932861328,210.9199981689453,202.14999389648438,207.19000244140625,67457000,MSFT
2020-07-24,190.97483825683594,201.3000030517578,202.86000061035156,197.50999450683594,200.4199981689453,39827000,MSFT
2020-07-27,193.39402770996094,203.85000610351562,203.97000122070312,200.86000061035156,201.47000122070312,30160900,MSFT
2020-07-28,191.65789794921875,202.02000427246094,204.6999969482422,201.74000549316406,203.61000061035156,23251400,MSFT
2020-07-29,193.59324645996094,204.05999755859375,204.64999389648438,202.00999450683594,202.5,19632600,MSFT
2020-07-30,193.44146728515625,203.89999389648438,204.4600067138672,199.57000732421875,201.0,25079600,MSFT
2020-07-31,194.4945526123047,205.00999450683594,205.10000610351562,199.00999450683594,204.39999389648438,51044000,MSFT
2020-08-03,205.43313598632812,216.5399932861328,217.63999938964844,210.44000244140625,211.52000427246094,78983000,MSFT
2020-08-04,202.34983825683594,213.2899932861328,214.77000427246094,210.30999755859375,214.1699981689453,49280100,MSFT
2020-08-05,202.01779174804688,212.94000244140625,215.0,211.57000732421875,214.89999389648438,28806400,MSFT
2020-08-06,205.25283813476562,216.35000610351562,216.3699951171875,211.5500030517578,212.33999633789062,32656800,MSFT
2020-08-07,201.5813751220703,212.47999572753906,215.6999969482422,210.92999267578125,214.85000610351562,27820400,MSFT
2020-08-10,197.56832885742188,208.25,211.8800048828125,206.35000610351562,211.6699981689453,36716500,MSFT
2020-08-11,192.94813537597656,203.3800048828125,207.64999389648438,203.13999938964844,207.16000366210938,36446500,MSFT
2020-08-12,198.46011352539062,209.19000244140625,210.27999877929688,204.75,205.2899932861328,28013100,MSFT
2020-08-13,197.99526977539062,208.6999969482422,211.35000610351562,208.14999389648438,209.44000244140625,22588900,MSFT
2020-08-14,198.1850128173828,208.89999389648438,209.58999633789062,207.50999450683594,208.75999450683594,17958900,MSFT
2020-08-17,199.49423217773438,210.27999877929688,211.19000244140625,208.9199981689453,209.60000610351562,20184800,MSFT
2020-08-18,200.64215087890625,211.49000549316406,212.36000061035156,209.2100067138672,210.52999877929688,21336200,MSFT
2020-08-19,199.4248809814453,209.6999969482422,212.10000610351562,209.25,211.49000549316406,27627600,MSFT
2020-08-20,204.06578063964844,214.5800018310547,215.0,208.91000366210938,209.5399932861328,26981500,MSFT
2020-08-21,202.58224487304688,213.02000427246094,216.25,212.85000610351562,213.86000061035156,36249300,MSFT
2020-08-24,203.21939086914062,213.69000244140625,215.52000427246094,212.42999267578125,214.7899932861328,25460100,MSFT
2020-08-25,205.86314392089844,216.47000122070312,216.61000061035156,213.10000610351562,213.10000610351562,23043700,MSFT
2020-08-26,210.31385803222656,221.14999389648438,222.08999633789062,217.36000061035156,217.8800048828125,39600800,MSFT
2020-08-27,215.47779846191406,226.5800018310547,231.14999389648438,219.39999389648438,222.88999938964844,57602200,MSFT
2020-08-28,217.693603515625,228.91000366210938,230.63999938964844,226.5800018310547,228.17999267578125,26292900,MSFT
2020-08-31,214.479248046875,225.52999877929688,228.6999969482422,224.30999755859375,227.0,28774200,MSFT
2020-09-01,216.13400268554688,227.27000427246094,227.4499969482422,224.42999267578125,225.50999450683594,25725500,MSFT
2020-09-02,220.2993621826172,231.64999389648438,232.86000061035156,227.35000610351562,227.97000122070312,34080800,MSFT
2020-09-03,206.65249633789062,217.3000030517578,229.30999755859375,214.9600067138672,229.27000427246094,58400300,MSFT
2020-09-04,203.75189208984375,214.25,218.36000061035156,205.19000244140625,215.10000610351562,59664100,MSFT
2020-09-08,192.7298583984375,202.66000366210938,210.02999877929688,202.1999969482422,206.5,52924300,MSFT
2020-09-09,200.93692016601562,211.2899932861328,214.83999633789062,206.6999969482422,207.60000610351562,45679000,MSFT
2020-09-10,195.3070526123047,205.3699951171875,214.74000549316406,204.11000061035156,213.39999389648438,35461500,MSFT
2020-09-11,194.03269958496094,204.02999877929688,208.6300048828125,201.24000549316406,207.1999969482422,33620100,MSFT
2020-09-14,195.34510803222656,205.41000366210938,209.1999969482422,204.02999877929688,204.24000549316406,30375800,MSFT
2020-09-15,198.54995727539062,208.77999877929688,209.77999877929688,206.92999267578125,208.4199981689453,21823900,MSFT
2020-09-16,195.0027313232422,205.0500030517578,210.64999389648438,204.63999938964844,210.6199951171875,26328100,MSFT
2020-09-17,192.9675750732422,202.91000366210938,204.3300018310547,199.9600067138672,200.0500030517578,34011300,MSFT
2020-09-18,190.571044921875,200.38999938964844,203.64999389648438,196.25,202.8000030517578,55225300,MSFT
2020-09-21,192.61569213867188,202.5399932861328,202.7100067138672,196.3800048828125,197.19000244140625,39839700,MSFT
2020-09-22,197.25660705566406,207.4199981689453,208.10000610351562,202.0800018310547,205.05999755859375,33517100,MSFT
2020-09-23,190.76126098632812,200.58999633789062,208.10000610351562,200.02999877929688,207.89999389648438,30803800,MSFT
2020-09-24,193.23390197753906,203.19000244140625,205.57000732421875,199.1999969482422,199.85000610351562,31202500,MSFT
2020-09-25,197.63699340820312,207.82000732421875,209.0399932861328,202.5399932861328,203.5500030517578,29437300,MSFT
2020-09-28,199.1776123046875,209.44000244140625,212.57000732421875,208.05999755859375,210.8800048828125,32004900,MSFT
2020-09-29,197.1044158935547,207.25999450683594,210.07000732421875,206.80999755859375,209.35000610351562,24221900,MSFT
2020-09-30,200.0240020751953,210.3300018310547,211.97999572753906,206.5399932861328,207.72999572753906,33829100,MSFT
2020-10-01,202.0496368408203,212.4600067138672,213.99000549316406,211.32000732421875,213.49000549316406,27158400,MSFT
2020-10-02,196.0868377685547,206.19000244140625,210.99000549316406,205.5399932861328,208.0,33154800,MSFT
2020-10-05,200.0716094970703,210.3800048828125,210.41000366210938,206.97999572753906,207.22000122070312,21331600,MSFT
2020-10-06,195.82054138183594,205.91000366210938,210.17999267578125,204.82000732421875,208.82000732421875,28554300,MSFT
2020-10-07,199.54847717285156,209.8300018310547,210.11000061035156,206.72000122070312,207.05999755859375,25681100,MSFT
2020-10-08,200.26177978515625,210.5800018310547,211.19000244140625,208.32000732421875,210.50999450683594,19925800,MSFT
2020-10-09,205.23548889160156,215.80999755859375,215.86000061035156,211.22999572753906,211.22999572753906,26458000,MSFT
2020-10-12,210.55160522460938,221.39999389648438,223.86000061035156,216.80999755859375,218.7899932861328,40461400,MSFT
2020-10-13,211.94003295898438,222.86000061035156,225.2100067138672,220.42999267578125,222.72000122070312,28950800,MSFT
2020-10-14,210.0380859375,220.86000061035156,224.22000122070312,219.1300048828125,223.0,23421700,MSFT
2020-10-15,208.8968963623047,219.66000366210938,220.36000061035156,216.00999450683594,217.10000610351562,22733100,MSFT
2020-10-16,208.8968963623047,219.66000366210938,222.2899932861328,219.32000732421875,220.14999389648438,26057900,MSFT
2020-10-19,203.72341918945312,214.22000122070312,222.3000030517578,213.72000122070312,220.4199981689453,27625800,MSFT
2020-10-20,204.13232421875,214.64999389648438,217.3699951171875,213.08999633789062,215.8000030517578,22753500,MSFT
2020-10-21,204.2749786376953,214.8000030517578,216.9199981689453,213.1199951171875,213.1199951171875,22724900,MSFT
2020-10-22,204.36053466796875,214.88999938964844,216.05999755859375,211.6999969482422,213.92999267578125,22351500,MSFT
2020-10-23,205.63494873046875,216.22999572753906,216.27999877929688,213.16000366210938,215.02999877929688,18879600,MSFT
2020-10-26,199.78627014160156,210.0800018310547,216.33999633789062,208.10000610351562,213.85000610351562,37111600,MSFT
2020-10-27,202.80093383789062,213.25,214.6699981689453,210.3300018310547,211.58999633789062,36700300,MSFT
2020-10-28,192.7488555908203,202.67999267578125,208.83999633789062,202.10000610351562,207.6699981689453,51195600,MSFT
2020-10-29,194.68890380859375,204.72000122070312,207.36000061035156,203.3699951171875,204.07000732421875,31432600,MSFT
2020-10-30,192.54917907714844,202.47000122070312,204.2899932861328,199.6199951171875,203.5,36953700,MSFT
2020-11-02,192.41603088378906,202.3300018310547,205.27999877929688,200.1199951171875,204.2899932861328,30842200,MSFT
2020-11-03,196.31512451171875,206.42999267578125,208.1199951171875,203.1199951171875,203.88999938964844,27512000,MSFT
2020-11-04,205.7870635986328,216.38999938964844,218.32000732421875,212.4199981689453,214.02000427246094,42311800,MSFT
2020-11-05,212.34896850585938,223.2899932861328,224.1199951171875,221.14999389648438,222.0399932861328,36080100,MSFT
2020-11-06,212.75791931152344,223.72000122070312,224.36000061035156,218.02999877929688,222.25999450683594,25231900,MSFT
2020-11-09,207.68905639648438,218.38999938964844,228.1199951171875,217.8800048828125,224.44000244140625,44395000,MSFT
2020-11-10,200.6707000732422,211.00999450683594,216.5,209.72000122070312,214.5,44045100,MSFT
2020-11-11,205.9392547607422,216.5500030517578,218.0399932861328,212.1999969482422,212.38999938964844,29440800,MSFT
2020-11-12,204.8836212158203,215.44000244140625,219.11000061035156,214.4600067138672,217.2100067138672,21593900,MSFT
2020-11-13,205.9011993408203,216.50999450683594,217.4199981689453,214.16000366210938,216.36000061035156,18621100,MSFT
2020-11-16,206.58595275878906,217.22999572753906,217.74000549316406,214.52000427246094,214.8699951171875,24953300,MSFT
2020-11-17,203.95166015625,214.4600067138672,217.67999267578125,214.0800018310547,216.10000610351562,24154100,MSFT
2020-11-18,201.26280212402344,211.0800018310547,215.1699981689453,210.92999267578125,213.64999389648438,28372800,MSFT
2020-11-19,202.5404815673828,212.4199981689453,213.02999877929688,209.92999267578125,211.3800048828125,24792700,MSFT
2020-11-20,200.6049041748047,210.38999938964844,213.2899932861328,210.0,212.1999969482422,22843100,MSFT
2020-11-23,200.33790588378906,210.11000061035156,212.2899932861328,208.16000366210938,210.9499969482422,25683500,MSFT
2020-11-24,203.9135284423828,213.86000061035156,214.25,208.86000061035156,209.58999633789062,33979700,MSFT
2020-11-25,203.92306518554688,213.8699951171875,215.2899932861328,212.4600067138672,215.11000061035156,21012900,MSFT
2020-11-27,205.21978759765625,215.22999572753906,216.27000427246094,214.0399932861328,214.85000610351562,14512200,MSFT
2020-11-30,204.1137237548828,214.07000732421875,214.75999450683594,210.83999633789062,214.10000610351562,33064800,MSFT
2020-12-01,206.15419006347656,216.2100067138672,217.32000732421875,213.35000610351562,214.50999450683594,30904500,MSFT
2020-12-02,205.35325622558594,215.3699951171875,215.47000122070312,212.8000030517578,214.8800048828125,23724500,MSFT
2020-12-03,204.27584838867188,214.24000549316406,216.3800048828125,213.64999389648438,214.61000061035156,25120900,MSFT
2020-12-04,204.3902587890625,214.36000061035156,215.3800048828125,213.17999267578125,214.22000122070312,24666000,MSFT
2020-12-07,204.32350158691406,214.2899932861328,215.5399932861328,212.99000549316406,214.3699951171875,24620000,MSFT
2020-12-08,205.96351623535156,216.00999450683594,216.9499969482422,212.88999938964844,213.97000122070312,23284100,MSFT
2020-12-09,201.9493408203125,211.8000030517578,215.22999572753906,211.2100067138672,215.16000366210938,32440600,MSFT
2020-12-10,200.72885131835938,210.52000427246094,213.0800018310547,210.36000061035156,211.77000427246094,26733300,MSFT
2020-12-11,203.34144592285156,213.25999450683594,213.32000732421875,209.11000061035156,210.0500030517578,30979400,MSFT
2020-12-14,204.23768615722656,214.1999969482422,216.2100067138672,212.8800048828125,213.10000610351562,28798400,MSFT
2020-12-15,204.17095947265625,214.1300048828125,215.4199981689453,212.24000549316406,215.1699981689453,27000600,MSFT
2020-12-16,209.0814208984375,219.27999877929688,220.11000061035156,214.72000122070312,214.75,35023300,MSFT
2020-12-17,209.21490478515625,219.4199981689453,220.88999938964844,217.9199981689453,219.8699951171875,32515800,MSFT
2020-12-18,208.42352294921875,218.58999633789062,219.69000244140625,216.02000427246094,218.58999633789062,63354900,MSFT
2020-12-21,212.23751831054688,222.58999633789062,224.0,217.27999877929688,217.5500030517578,37181900,MSFT
2020-12-22,213.52467346191406,223.94000244140625,225.6300048828125,221.85000610351562,222.69000244140625,22612200,MSFT
2020-12-23,210.74049377441406,221.02000427246094,223.55999755859375,220.8000030517578,223.11000061035156,18699600,MSFT
2020-12-24,212.39004516601562,222.75,223.61000061035156,221.1999969482422,221.4199981689453,10550600,MSFT
2020-12-28,214.49725341796875,224.9600067138672,226.02999877929688,223.02000427246094,224.4499969482422,17933500,MSFT
2020-12-29,213.7249298095703,224.14999389648438,227.17999267578125,223.5800018310547,226.30999755859375,17403200,MSFT
2020-12-30,211.3698272705078,221.67999267578125,225.6300048828125,221.47000122070312,225.22999572753906,20272300,MSFT
2020-12-31,212.07537841796875,222.4199981689453,223.0,219.67999267578125,221.6999969482422,20942100,MSFT
2021-01-04,207.5653839111328,217.69000244140625,223.0,214.80999755859375,222.52999877929688,37130100,MSFT
2021-01-05,207.76559448242188,217.89999389648438,218.52000427246094,215.6999969482422,217.25999450683594,23823000,MSFT
2021-01-06,202.37840270996094,212.25,216.49000549316406,211.94000244140625,212.1699981689453,35930700,MSFT
2021-01-07,208.1374969482422,218.2899932861328,219.33999633789062,213.7100067138672,214.0399932861328,27694500,MSFT
2021-01-08,209.4056396484375,219.6199951171875,220.5800018310547,217.02999877929688,218.67999267578125,22956200,MSFT
2021-01-11,207.37469482421875,217.49000549316406,218.91000366210938,216.72999572753906,218.47000122070312,23031300,MSFT
2021-01-12,204.93373107910156,214.92999267578125,217.10000610351562,213.32000732421875,216.5,23249300,MSFT
2021-01-13,206.27818298339844,216.33999633789062,216.75999450683594,213.92999267578125,214.02000427246094,20087100,MSFT
2021-01-14,203.11256408691406,213.02000427246094,217.4600067138672,212.74000549316406,215.91000366210938,29480800,MSFT
2021-01-15,202.75978088378906,212.64999389648438,214.50999450683594,212.02999877929688,213.52000427246094,31746500,MSFT
2021-01-19,206.37350463867188,216.44000244140625,216.97999572753906,212.6300048828125,213.75,30480900,MSFT
2021-01-20,213.9060821533203,224.33999633789062,225.7899932861328,217.2899932861328,217.6999969482422,37777300,MSFT
2021-01-21,214.5068359375,224.97000122070312,226.3000030517578,222.4199981689453,224.6999969482422,30709400,MSFT
2021-01-22,215.44119262695312,225.9499969482422,230.07000732421875,225.8000030517578,227.0800018310547,30172700,MSFT
2021-01-25,218.85472106933594,229.52999877929688,229.77999877929688,224.22000122070312,229.1199951171875,33152100,MSFT
2021-01-26,221.5244903564453,232.3300018310547,234.17999267578125,230.0800018310547,231.86000061035156,49169600,MSFT
2021-01-27,222.06796264648438,232.89999389648438,240.44000244140625,230.13999938964844,238.0,69870600,MSFT
2021-01-28,227.81753540039062,238.92999267578125,242.63999938964844,235.08999633789062,235.61000061035156,49111200,MSFT
2021-01-29,221.17169189453125,231.9600067138672,238.02000427246094,231.35000610351562,235.99000549316406,42503100,MSFT
2021-02-01,228.50404357910156,239.64999389648438,242.5,232.42999267578125,235.05999755859375,33314200,MSFT
2021-02-02,228.3705596923828,239.50999450683594,242.30999755859375,238.69000244140625,241.3000030517578,25916300,MSFT
2021-02-03,231.69822692871094,243.0,245.08999633789062,239.25999450683594,239.57000732421875,27158100,MSFT
2021-02-04,230.75430297851562,242.00999450683594,243.24000549316406,240.3699951171875,242.66000366210938,25296100,MSFT
2021-02-05,230.93544006347656,242.1999969482422,243.27999877929688,240.4199981689453,242.22999572753906,18054800,MSFT
2021-02-08,231.19288635253906,242.47000122070312,243.67999267578125,240.80999755859375,243.14999389648438,22211900,MSFT
2021-02-09,232.4324188232422,243.77000427246094,244.75999450683594,241.3800048828125,241.8699951171875,23565000,MSFT
2021-02-10,231.526611328125,242.82000732421875,245.9199981689453,240.88999938964844,245.0,22186700,MSFT
2021-02-11,233.118896484375,244.49000549316406,245.14999389648438,242.14999389648438,244.77999877929688,15751100,MSFT
2021-02-12,233.59568786621094,244.99000549316406,245.3000030517578,242.72999572753906,243.92999267578125,16561100,MSFT
2021-02-16,232.36572265625,243.6999969482422,246.1300048828125,242.9199981689453,245.02999877929688,26728500,MSFT
2021-02-17,233.37867736816406,244.1999969482422,244.30999755859375,240.94000244140625,241.32000732421875,21653500,MSFT
2021-02-18,232.98683166503906,243.7899932861328,243.92999267578125,240.86000061035156,241.8000030517578,16925600,MSFT
2021-02-19,230.29180908203125,240.97000122070312,243.86000061035156,240.17999267578125,243.75,25262600,MSFT
2021-02-22,224.11805725097656,234.50999450683594,237.92999267578125,232.39999389648438,237.4199981689453,36446900,MSFT
2021-02-23,222.93304443359375,233.27000427246094,234.8300018310547,228.72999572753906,230.3300018310547,30228700,MSFT
2021-02-24,224.1563262939453,234.5500030517578,235.1999969482422,229.0,230.00999450683594,26339700,MSFT
2021-02-25,218.84268188476562,228.99000549316406,234.58999633789062,227.8800048828125,232.0800018310547,39542200,MSFT
2021-02-26,222.08250427246094,232.3800048828125,235.3699951171875,229.5399932861328,231.52999877929688,37819200,MSFT
2021-03-01,226.44039916992188,236.94000244140625,237.47000122070312,233.14999389648438,235.89999389648438,25324000,MSFT
2021-03-02,223.50643920898438,233.8699951171875,237.3000030517578,233.4499969482422,237.00999450683594,22812500,MSFT
2021-03-03,217.47607421875,227.55999755859375,233.5800018310547,227.25999450683594,232.16000366210938,34029500,MSFT
2021-03-04,216.68289184570312,226.72999572753906,232.49000549316406,224.25999450683594,226.74000549316406,44727800,MSFT
2021-03-05,221.33702087402344,231.60000610351562,233.27000427246094,226.4600067138672,229.52000427246094,41872800,MSFT
2021-03-08,217.3135986328125,227.38999938964844,233.3699951171875,227.1300048828125,231.3699951171875,35267400,MSFT
2021-03-09,223.42044067382812,233.77999877929688,235.3800048828125,231.6699981689453,232.8800048828125,33080500,MSFT
2021-03-10,222.12071228027344,232.4199981689453,237.0,232.0399932861328,237.0,29746800,MSFT
2021-03-11,226.62197875976562,237.1300048828125,239.1699981689453,234.30999755859375,234.9600067138672,29907600,MSFT
2021-03-12,225.30316162109375,235.75,235.82000732421875,233.22999572753906,234.00999450683594,22653700,MSFT
2021-03-15,224.40478515625,234.80999755859375,235.19000244140625,231.80999755859375,234.9600067138672,26034900,MSFT
2021-03-16,227.17628479003906,237.7100067138672,240.05999755859375,235.94000244140625,236.27999877929688,28092200,MSFT
2021-03-17,226.53599548339844,237.0399932861328,238.5500030517578,233.22999572753906,236.14999389648438,29562100,MSFT
2021-03-18,220.49600219726562,230.72000122070312,234.19000244140625,230.3300018310547,232.55999755859375,34833000,MSFT
2021-03-19,220.14244079589844,230.35000610351562,232.47000122070312,229.35000610351562,231.02000427246094,46430700,MSFT
2021-03-22,225.5325164794922,235.99000549316406,236.89999389648438,230.13999938964844,230.27000427246094,30127000,MSFT
2021-03-23,227.0520782470703,237.5800018310547,241.0500030517578,237.07000732421875,237.49000549316406,31638400,MSFT
2021-03-24,225.0260009765625,235.4600067138672,238.0,235.32000732421875,237.85000610351562,25620100,MSFT
2021-03-25,222.04428100585938,232.33999633789062,236.94000244140625,231.57000732421875,235.3000030517578,34061900,MSFT
2021-03-26,226.00079345703125,236.47999572753906,236.7100067138672,231.5500030517578,231.5500030517578,25479900,MSFT
2021-03-29,224.8157501220703,235.24000549316406,236.8000030517578,231.8800048828125,236.58999633789062,25227500,MSFT
2021-03-30,221.5759735107422,231.85000610351562,233.85000610351562,231.10000610351562,233.52999877929688,24792000,MSFT
2021-03-31,225.32225036621094,235.77000427246094,239.10000610351562,232.38999938964844,232.91000366210938,43623500,MSFT
2021-04-01,231.61070251464844,242.35000610351562,242.83999633789062,238.0500030517578,238.47000122070312,30338000,MSFT
2021-04-05,238.03289794921875,249.07000732421875,249.9600067138672,242.6999969482422,242.75999450683594,36910600,MSFT
2021-04-06,236.8765106201172,247.86000061035156,249.39999389648438,246.8800048828125,247.61000061035156,22931900,MSFT
2021-04-07,238.8260955810547,249.89999389648438,250.92999267578125,247.19000244140625,247.80999755859375,22719800,MSFT
2021-04-08,242.02767944335938,253.25,254.13999938964844,252.0,252.77000427246094,23625200,MSFT
2021-04-09,244.512451171875,255.85000610351562,255.99000549316406,252.44000244140625,252.8699951171875,24326800,MSFT
2021-04-12,244.56979370117188,255.91000366210938,257.6700134277344,254.6199951171875,254.7100067138672,27148700,MSFT
2021-04-13,247.03546142578125,258.489990234375,259.19000244140625,256.8299865722656,257.260009765625,23837500,MSFT
2021-04-14,244.26394653320312,255.58999633789062,258.8299865722656,255.16000366210938,257.4800109863281,23070900,MSFT
2021-04-15,248.00071716308594,259.5,259.92999267578125,257.7300109863281,257.92999267578125,25627500,MSFT
2021-04-16,249.18576049804688,260.739990234375,261.0,257.6000061035156,259.4700012207031,24878600,MSFT
2021-04-19,247.27439880371094,258.739990234375,261.4800109863281,257.82000732421875,260.19000244140625,23209300,MSFT
2021-04-20,246.81565856933594,258.260009765625,260.20001220703125,256.8399963378906,257.82000732421875,19722900,MSFT
2021-04-21,249.03286743164062,260.5799865722656,260.67999267578125,257.25,258.94000244140625,24030400,MSFT
2021-04-22,245.77395629882812,257.1700134277344,261.7799987792969,255.63999938964844,260.2099914550781,25606200,MSFT
2021-04-23,249.57760620117188,261.1499938964844,261.510009765625,257.2699890136719,257.8800048828125,21462600,MSFT
2021-04-26,249.9598846435547,261.54998779296875,262.44000244140625,260.1700134277344,261.6600036621094,19763300,MSFT
2021-04-27,250.36123657226562,261.9700012207031,263.19000244140625,260.1199951171875,261.5799865722656,31014200,MSFT
2021-04-28,243.27960205078125,254.55999755859375,256.5400085449219,252.9499969482422,256.0799865722656,46903100,MSFT
2021-04-29,241.32041931152344,252.50999450683594,256.1000061035156,249.0,255.4600067138672,40589000,MSFT
2021-04-30,241.00503540039062,252.17999267578125,253.0800018310547,249.60000610351562,249.74000549316406,30945100,MSFT
2021-05-03,240.69924926757812,251.86000061035156,254.35000610351562,251.1199951171875,253.39999389648438,19626600,MSFT
2021-05-04,236.8096160888672,247.7899932861328,251.2100067138672,245.75999450683594,250.97000122070312,32756100,MSFT
2021-05-05,235.54811096191406,246.47000122070312,249.5,245.82000732421875,249.05999755859375,21901300,MSFT
2021-05-06,238.66363525390625,249.72999572753906,249.86000061035156,244.69000244140625,246.4499969482422,26491100,MSFT
2021-05-07,241.27267456054688,252.4600067138672,254.3000030517578,251.1699981689453,252.14999389648438,27032900,MSFT
2021-05-10,236.2266387939453,247.17999267578125,251.72999572753906,247.1199951171875,250.8699951171875,29299900,MSFT
2021-05-11,235.3187255859375,246.22999572753906,246.60000610351562,242.57000732421875,244.5500030517578,33641600,MSFT
2021-05-12,228.40911865234375,239.0,244.3800048828125,238.07000732421875,242.1699981689453,36684400,MSFT
2021-05-13,232.26052856445312,243.02999877929688,245.60000610351562,241.4199981689453,241.8000030517578,29624300,MSFT
2021-05-14,237.15365600585938,248.14999389648438,249.17999267578125,245.49000549316406,245.5800018310547,23901100,MSFT
2021-05-17,234.3152618408203,245.17999267578125,246.58999633789062,243.52000427246094,246.5500030517578,24970200,MSFT
2021-05-18,232.308349609375,243.0800018310547,246.41000366210938,242.89999389648438,246.27000427246094,20168000,MSFT
2021-05-19,232.88304138183594,243.1199951171875,243.22999572753906,238.60000610351562,239.30999755859375,25739800,MSFT
2021-05-20,236.1015625,246.47999572753906,247.9499969482422,243.86000061035156,243.9600067138672,21800700,MSFT
2021-05-21,234.8467254638672,245.1699981689453,248.3300018310547,244.74000549316406,247.57000732421875,21863100,MSFT
2021-05-24,240.22052001953125,250.77999877929688,251.16000366210938,247.50999450683594,247.7899932861328,21411500,MSFT
2021-05-25,241.1209716796875,251.72000122070312,252.75,250.82000732421875,251.77000427246094,17704300,MSFT
2021-05-26,240.900634765625,251.49000549316406,252.94000244140625,250.75,251.42999267578125,17771600,MSFT
2021-05-27,238.8124237060547,249.30999755859375,251.47999572753906,249.25,251.1699981689453,24426200,MSFT
2021-05-28,239.16683959960938,249.67999267578125,252.0800018310547,249.55999755859375,251.0,18270200,MSFT
2021-06-01,236.98281860351562,247.39999389648438,251.2899932861328,246.9600067138672,251.22999572753906,23213300,MSFT
2021-06-02,236.8870849609375,247.3000030517578,249.27000427246094,245.83999633789062,248.1300048828125,19406700,MSFT
2021-06-03,235.36399841308594,245.7100067138672,246.33999633789062,243.0,245.22000122070312,25307700,MSFT
2021-06-04,240.2301025390625,250.7899932861328,251.64999389648438,247.50999450683594,247.75999450683594,25281100,MSFT
2021-06-07,243.1229248046875,253.80999755859375,254.08999633789062,249.80999755859375,249.97999572753906,23079200,MSFT
2021-06-08,241.93516540527344,252.57000732421875,256.010009765625,252.50999450683594,255.16000366210938,22455000,MSFT
2021-06-09,242.91220092773438,253.58999633789062,255.52999877929688,253.2100067138672,253.80999755859375,17937600,MSFT
2021-06-10,246.40847778320312,257.239990234375,257.4599914550781,253.6699981689453,254.2899932861328,24563600,MSFT
2021-06-11,247.0311737060547,257.8900146484375,258.489990234375,256.6099853515625,257.989990234375,18999700,MSFT
2021-06-14,248.9469451904297,259.8900146484375,259.95001220703125,256.79998779296875,257.8999938964844,19150500,MSFT
2021-06-15,247.48133850097656,258.3599853515625,259.989990234375,257.67999267578125,259.7699890136719,18038900,MSFT
2021-06-16,246.54258728027344,257.3800048828125,260.5799865722656,254.4199981689453,259.3999938964844,27220000,MSFT
2021-06-17,249.9143829345703,260.8999938964844,261.75,256.010009765625,256.07000732421875,27565500,MSFT
2021-06-18,248.5063018798828,259.42999267578125,262.29998779296875,258.75,259.6300048828125,37202200,MSFT
2021-06-21,251.57156372070312,262.6300048828125,263.5199890136719,257.9200134277344,259.82000732421875,26696100,MSFT
2021-06-22,254.330322265625,265.510009765625,265.7900085449219,262.3999938964844,262.7200012207031,24694100,MSFT
2021-06-23,254.1004638671875,265.2699890136719,266.8299865722656,264.42999267578125,265.989990234375,19518700,MSFT
2021-06-24,255.46063232421875,266.69000244140625,267.8500061035156,265.4700012207031,266.1600036621094,21446900,MSFT
2021-06-25,253.86093139648438,265.0199890136719,267.25,264.760009765625,266.2300109863281,25611100,MSFT
2021-06-28,257.4051513671875,268.7200012207031,268.8999938964844,265.9100036621094,266.19000244140625,19590000,MSFT
2021-06-29,259.9723205566406,271.3999938964844,271.6499938964844,267.9800109863281,268.8699951171875,19937800,MSFT
2021-06-30,259.4933166503906,270.8999938964844,271.3599853515625,269.6000061035156,270.69000244140625,21656500,MSFT
2021-07-01,260.1638488769531,271.6000061035156,271.8399963378906,269.6000061035156,269.6099853515625,16725300,MSFT
2021-07-02,265.9590759277344,277.6499938964844,278.0,272.5,272.82000732421875,26458000,MSFT
2021-07-06,265.9687194824219,277.6600036621094,279.3699951171875,274.29998779296875,278.0299987792969,31565600,MSFT
2021-07-07,268.14306640625,279.92999267578125,280.69000244140625,277.1499938964844,279.3999938964844,23260000,MSFT
2021-07-08,265.7388610839844,277.4200134277344,278.7300109863281,274.8699951171875,276.8999938964844,24618600,MSFT
2021-07-09,266.2369079589844,277.94000244140625,278.04998779296875,275.32000732421875,275.7200012207031,23916700,MSFT
2021-07-12,265.6430358886719,277.32000732421875,279.7699890136719,276.5799865722656,279.1600036621094,18931700,MSFT
2021-07-13,269.14898681640625,280.9800109863281,282.8500061035156,277.3900146484375,277.5199890136719,26120100,MSFT
2021-07-14,270.614501953125,282.510009765625,283.6600036621094,280.54998779296875,282.3500061035156,23113700,MSFT
2021-07-15,269.19683837890625,281.0299987792969,282.510009765625,279.8299865722656,282.0,22604200,MSFT
2021-07-16,268.9285888671875,280.75,284.1000061035156,279.4599914550781,282.07000732421875,26186800,MSFT
2021-07-19,265.3460998535156,277.010009765625,280.3699951171875,274.45001220703125,278.92999267578125,32935600,MSFT
2021-07-20,267.55877685546875,279.32000732421875,280.9700012207031,276.260009765625,278.0299987792969,26259700,MSFT
2021-07-21,269.5512390136719,281.3999938964844,281.5199890136719,277.2900085449219,278.8999938964844,24364300,MSFT
2021-07-22,274.0915832519531,286.1400146484375,286.4200134277344,283.4200134277344,283.8399963378906,23384100,MSFT
2021-07-23,277.4730224609375,289.6700134277344,289.989990234375,286.5,287.3699951171875,22768100,MSFT
2021-07-26,276.8791198730469,289.04998779296875,289.69000244140625,286.6400146484375,289.0,23176100,MSFT
2021-07-27,274.4747619628906,286.5400085449219,289.5799865722656,282.95001220703125,289.42999267578125,33604100,MSFT
2021-07-28,274.1683654785156,286.2200012207031,290.1499938964844,283.8299865722656,288.989990234375,33566900,MSFT
2021-07-29,274.4365234375,286.5,288.6199951171875,286.0799865722656,286.239990234375,18168300,MSFT
2021-07-30,272.9134216308594,284.9100036621094,286.6600036621094,283.9100036621094,285.1700134277344,20944800,MSFT
2021-08-02,272.8272399902344,284.82000732421875,286.7699890136719,283.739990234375,286.3599853515625,16267400,MSFT
2021-08-03,275.0303649902344,287.1199951171875,287.2300109863281,284.0,285.4200134277344,17879000,MSFT
2021-08-04,274.446044921875,286.510009765625,287.5899963378906,284.6499938964844,286.2200012207031,16191300,MSFT
2021-08-05,277.3293762207031,289.5199890136719,289.6300048828125,286.1000061035156,286.8800048828125,13900200,MSFT
2021-08-06,277.2718200683594,289.4599914550781,289.5,287.6199951171875,288.510009765625,16589300,MSFT
2021-08-09,276.1894836425781,288.3299865722656,291.54998779296875,287.80999755859375,289.75,16117600,MSFT
2021-08-10,274.3789978027344,286.44000244140625,289.25,285.20001220703125,288.79998779296875,18616600,MSFT
2021-08-11,274.8675231933594,286.95001220703125,288.6600036621094,285.8599853515625,287.2099914550781,13955900,MSFT
2021-08-12,277.6071472167969,289.80999755859375,289.9700012207031,286.3399963378906,286.6300048828125,14561300,MSFT
2021-08-13,280.51910400390625,292.8500061035156,292.8999938964844,289.29998779296875,289.4800109863281,18249000,MSFT
2021-08-16,282.1954345703125,294.6000061035156,294.82000732421875,290.0199890136719,293.19000244140625,22507600,MSFT
2021-08-17,280.73944091796875,293.0799865722656,293.42999267578125,291.0799865722656,292.3900146484375,20075300,MSFT
2021-08-18,279.02154541015625,290.7300109863281,294.82000732421875,290.2699890136719,292.0400085449219,21813000,MSFT
2021-08-19,284.8182678222656,296.7699890136719,297.4700012207031,288.6400146484375,288.69000244140625,29850500,MSFT
2021-08-20,292.1025695800781,304.3599853515625,305.8399963378906,298.05999755859375,299.7200012207031,40817600,MSFT
2021-08-23,292.380859375,304.6499938964844,305.3999938964844,301.8500061035156,303.25,22830200,MSFT
2021-08-24,290.43267822265625,302.6199951171875,305.6499938964844,302.0,305.0199890136719,18175800,MSFT
2021-08-25,289.84722900390625,302.010009765625,304.5899963378906,300.4200134277344,304.29998779296875,20006100,MSFT
2021-08-26,287.0448303222656,299.0899963378906,302.42999267578125,298.95001220703125,300.989990234375,17666100,MSFT
2021-08-27,287.6494140625,299.7200012207031,300.8699951171875,296.8299865722656,298.989990234375,22605700,MSFT
2021-08-30,291.3635559082031,303.5899963378906,304.2200012207031,301.05999755859375,301.1199951171875,16348100,MSFT
2021-08-31,289.72247314453125,301.8800048828125,304.5,301.5,304.4200134277344,26285300,MSFT
2021-09-01,289.6744079589844,301.8299865722656,305.19000244140625,301.489990234375,302.8699951171875,18983800,MSFT
2021-09-02,289.02178955078125,301.1499938964844,303.3599853515625,300.17999267578125,302.20001220703125,16285600,MSFT
2021-09-03,289.01226806640625,301.1400146484375,302.6000061035156,300.260009765625,300.989990234375,14747900,MSFT
2021-09-07,288.0909423828125,300.17999267578125,301.0899963378906,298.20001220703125,301.010009765625,17180400,MSFT
2021-09-08,288.1197509765625,300.2099914550781,300.6099853515625,297.4700012207031,299.7799987792969,15046800,MSFT
2021-09-09,285.2789001464844,297.25,302.1400146484375,297.0,300.82000732421875,19927000,MSFT
2021-09-10,283.8009338378906,295.7099914550781,299.9200134277344,295.3800048828125,298.4200134277344,19633400,MSFT
2021-09-13,285.0294189453125,296.989990234375,298.5400085449219,294.0799865722656,297.54998779296875,23652900,MSFT
2021-09-14,287.7166748046875,299.7900085449219,301.3900146484375,298.1000061035156,299.55999755859375,21853400,MSFT
2021-09-15,292.5440368652344,304.82000732421875,305.32000732421875,301.82000732421875,303.260009765625,28356300,MSFT
2021-09-16,292.92791748046875,305.2200012207031,305.30999755859375,300.760009765625,303.760009765625,19550800,MSFT
2021-09-17,287.7934265136719,299.8699951171875,304.5,299.5299987792969,304.1700134277344,41372500,MSFT
2021-09-20,282.44775390625,294.29998779296875,298.7200012207031,289.5199890136719,296.3299865722656,38278700,MSFT
2021-09-21,282.92755126953125,294.79998779296875,297.5400085449219,294.07000732421875,295.69000244140625,22364100,MSFT
2021-09-22,286.55535888671875,298.5799865722656,300.2200012207031,294.510009765625,296.7300109863281,26626300,MSFT
2021-09-23,287.4959411621094,299.55999755859375,300.8999938964844,297.5299987792969,298.8500061035156,18604600,MSFT
2021-09-24,287.29443359375,299.3500061035156,299.79998779296875,296.92999267578125,298.2300109863281,14999000,MSFT
2021-09-27,282.3230285644531,294.1700134277344,296.4700012207031,292.94000244140625,296.1400146484375,23571700,MSFT
2021-09-28,272.1019287109375,283.5199890136719,290.7799987792969,282.75,289.79998779296875,43186200,MSFT
2021-09-29,272.5625,284.0,286.7699890136719,283.010009765625,285.1000061035156,26353700,MSFT
2021-09-30,270.56634521484375,281.9200134277344,287.8299865722656,281.6199951171875,285.7099914550781,32343600,MSFT
2021-10-01,277.4571228027344,289.1000061035156,289.9800109863281,281.2900085449219,282.1199951171875,30086300,MSFT
2021-10-04,271.7083740234375,283.1099853515625,287.75,280.25,287.3999938964844,31350700,MSFT
2021-10-05,277.1308898925781,288.760009765625,290.3999938964844,284.04998779296875,284.04998779296875,24993000,MSFT
2021-10-06,281.3056335449219,293.1099853515625,293.6300048828125,285.510009765625,285.7799987792969,28002600,MSFT
2021-10-07,282.9755859375,294.8500061035156,296.6400146484375,293.9200134277344,295.17999267578125,20430500,MSFT
2021-10-08,282.9755859375,294.8500061035156,296.6400146484375,293.760009765625,296.2200012207031,17685700,MSFT
2021-10-11,282.38055419921875,294.2300109863281,297.9700012207031,292.75,292.9200134277344,19298600,MSFT
2021-10-12,281.08489990234375,292.8800048828125,295.44000244140625,292.3500061035156,295.3399963378906,17974100,MSFT
2021-10-13,284.37677001953125,296.30999755859375,297.2799987792969,293.489990234375,294.9100036621094,23416300,MSFT
2021-10-14,290.5574035644531,302.75,303.2699890136719,297.8299865722656,299.2099914550781,27262900,MSFT
2021-10-15,291.9586181640625,304.2099914550781,304.45001220703125,300.5199890136719,302.3399963378906,25384800,MSFT
2021-10-18,294.91461181640625,307.2900085449219,308.2099914550781,302.69000244140625,303.57000732421875,22729300,MSFT
2021-10-19,295.8167724609375,308.2300109863281,309.29998779296875,307.2200012207031,308.3500061035156,17682100,MSFT
2021-10-20,295.02972412109375,307.4100036621094,309.70001220703125,306.1099853515625,309.2099914550781,16537100,MSFT
2021-10-21,298.2448425292969,310.760009765625,311.0199890136719,306.3599853515625,307.1700134277344,16918100,MSFT
2021-10-22,296.7093200683594,309.1600036621094,311.0899963378906,307.79998779296875,310.3999938964844,17449300,MSFT
2021-10-25,295.72076416015625,308.1300048828125,309.3999938964844,306.4599914550781,309.3599853515625,17554500,MSFT
2021-10-26,297.6210632324219,310.1099853515625,312.3999938964844,308.6000061035156,311.0,28107300,MSFT
2021-10-27,310.155029296875,323.1700134277344,326.1000061035156,316.0,316.0,52588700,MSFT
2021-10-28,311.2875671386719,324.3500061035156,324.8699951171875,321.3599853515625,324.3299865722656,26297900,MSFT
2021-10-29,318.2647705078125,331.6199951171875,332.0,323.8999938964844,324.1300048828125,34766000,MSFT
2021-11-01,316.10528564453125,329.3699951171875,331.489990234375,326.3699951171875,331.3599853515625,27073200,MSFT
2021-11-02,319.71392822265625,333.1300048828125,333.45001220703125,330.0,330.30999755859375,26487100,MSFT
2021-11-03,320.5489196777344,334.0,334.8999938964844,330.6499938964844,333.8999938964844,21500100,MSFT
2021-11-04,322.8907165527344,336.44000244140625,336.5400085449219,329.510009765625,332.8900146484375,23992200,MSFT
2021-11-05,322.5260009765625,336.05999755859375,338.7900085449219,334.4200134277344,338.510009765625,22570100,MSFT
2021-11-08,323.41851806640625,336.989990234375,337.6499938964844,334.44000244140625,337.29998779296875,20897000,MSFT
2021-11-09,322.4203796386719,335.95001220703125,338.7200012207031,334.5299987792969,337.1099853515625,21307400,MSFT
2021-11-10,317.477783203125,330.79998779296875,334.6300048828125,329.9200134277344,334.57000732421875,25500900,MSFT
2021-11-11,319.0421447753906,332.42999267578125,333.7699890136719,330.510009765625,331.25,16849800,MSFT
2021-11-12,323.159423828125,336.7200012207031,337.2300109863281,333.7900085449219,333.9200134277344,23831000,MSFT
2021-11-15,322.5355224609375,336.07000732421875,337.8800048828125,334.0299987792969,337.5400085449219,16723000,MSFT
2021-11-16,325.8370666503906,339.510009765625,340.6700134277344,335.510009765625,335.67999267578125,20886800,MSFT
2021-11-17,326.0581359863281,339.1199951171875,342.19000244140625,338.0,338.94000244140625,19053400,MSFT
2021-11-18,328.1253356933594,341.2699890136719,342.45001220703125,337.1199951171875,338.17999267578125,22463500,MSFT
2021-11-19,329.89447021484375,343.1099853515625,345.1000061035156,342.20001220703125,342.6400146484375,21963400,MSFT
2021-11-22,326.7407531738281,339.8299865722656,349.6700134277344,339.54998779296875,344.6199951171875,31031100,MSFT
2021-11-23,324.6736755371094,337.67999267578125,339.45001220703125,333.55999755859375,337.04998779296875,30427600,MSFT
2021-11-24,324.89471435546875,337.9100036621094,338.1600036621094,333.9100036621094,336.2799987792969,21661300,MSFT
2021-11-26,316.981689453125,329.67999267578125,337.92999267578125,328.1199951171875,334.3500061035156,24217200,MSFT
2021-11-29,323.6640625,336.6300048828125,339.0299987792969,334.739990234375,334.94000244140625,28563500,MSFT
2021-11-30,317.8567199707031,330.5899963378906,337.7799987792969,328.989990234375,335.32000732421875,42885600,MSFT
2021-12-01,317.3663024902344,330.0799865722656,339.2799987792969,329.3900146484375,335.1300048828125,33337600,MSFT
2021-12-02,316.7990417480469,329.489990234375,333.489990234375,327.79998779296875,330.29998779296875,30766000,MSFT
2021-12-03,310.5686950683594,323.010009765625,332.70001220703125,318.0299987792969,331.989990234375,41779300,MSFT
2021-12-06,313.6261291503906,326.19000244140625,327.45001220703125,319.2300109863281,323.95001220703125,30032600,MSFT
2021-12-07,322.0199890136719,334.9200134277344,335.79998779296875,330.1000061035156,331.6400146484375,31021900,MSFT
2021-12-08,322.0679626464844,334.9700012207031,335.5,330.79998779296875,335.30999755859375,24761000,MSFT
2021-12-09,320.2700500488281,333.1000061035156,336.489990234375,332.1199951171875,334.4100036621094,22214200,MSFT
2021-12-10,329.3464050292969,342.5400085449219,343.0,334.7900085449219,334.9800109863281,38095700,MSFT
2021-12-13,326.3273620605469,339.3999938964844,343.7900085449219,339.0799865722656,340.67999267578125,28899400,MSFT
2021-12-14,315.6933898925781,328.3399963378906,334.6400146484375,324.1099853515625,333.2200012207031,44438700,MSFT
2021-12-15,321.7603759765625,334.6499938964844,335.19000244140625,324.5,328.6099853515625,35381100,MSFT
2021-12-16,312.3857421875,324.8999938964844,336.760009765625,323.0199890136719,335.7099914550781,35034800,MSFT
2021-12-17,311.3282470703125,323.79998779296875,324.9200134277344,317.25,320.8800048828125,47750300,MSFT
2021-12-20,307.588134765625,319.9100036621094,322.79998779296875,317.57000732421875,320.04998779296875,28326500,MSFT
2021-12-21,314.6838684082031,327.2900085449219,327.7300109863281,319.79998779296875,323.2900085449219,24740600,MSFT
2021-12-22,320.36627197265625,333.20001220703125,333.6099853515625,325.75,328.29998779296875,24831500,MSFT
2021-12-23,321.7987976074219,334.69000244140625,336.3900146484375,332.7300109863281,332.75,19617800,MSFT
2021-12-27,329.2598876953125,342.45001220703125,342.4800109863281,335.42999267578125,335.4599914550781,19947000,MSFT
2021-12-28,328.1061096191406,341.25,343.80999755859375,340.32000732421875,343.1499938964844,15661500,MSFT
2021-12-29,328.7791748046875,341.95001220703125,344.29998779296875,339.67999267578125,341.29998779296875,15042000,MSFT
2021-12-30,326.2504577636719,339.32000732421875,343.1300048828125,338.82000732421875,341.9100036621094,15994500,MSFT
2021-12-31,323.3660583496094,336.32000732421875,339.3599853515625,335.8500061035156,338.510009765625,18000800,MSFT
2022-01-03,321.85650634765625,334.75,338.0,329.7799987792969,335.3500061035156,28865100,MSFT
2022-01-04,316.3375244140625,329.010009765625,335.20001220703125,326.1199951171875,334.8299865722656,32674300,MSFT
2022-01-05,304.1940002441406,316.3800048828125,326.07000732421875,315.9800109863281,325.8599853515625,40054300,MSFT
2022-01-06,301.7903137207031,313.8800048828125,318.70001220703125,311.489990234375,313.1499938964844,39646100,MSFT
2022-01-07,301.9441833496094,314.0400085449219,316.5,310.0899963378906,314.1499938964844,32720000,MSFT
2022-01-10,302.1652526855469,314.2699890136719,314.7200012207031,304.69000244140625,309.489990234375,44289500,MSFT
2022-01-11,302.8479309082031,314.9800109863281,316.6099853515625,309.8900146484375,313.3800048828125,29386800,MSFT
2022-01-12,306.01123046875,318.2699890136719,323.4100036621094,317.0799865722656,319.6700134277344,34372200,MSFT
2022-01-13,293.06005859375,304.79998779296875,320.8800048828125,304.0,320.4700012207031,45366000,MSFT
2022-01-14,298.2520751953125,310.20001220703125,310.82000732421875,303.75,304.25,39846400,MSFT
2022-01-18,290.99285888671875,302.6499938964844,309.79998779296875,301.739990234375,304.07000732421875,42333200,MSFT
2022-01-19,291.6466369628906,303.3299865722656,313.9100036621094,302.70001220703125,306.2900085449219,45933900,MSFT
2022-01-20,289.9833068847656,301.6000061035156,311.6499938964844,301.1400146484375,309.07000732421875,35380700,MSFT
2022-01-21,284.62786865234375,296.0299987792969,304.1099853515625,295.6099853515625,302.69000244140625,57984400,MSFT
2022-01-24,284.9548034667969,296.3699951171875,297.1099853515625,276.04998779296875,292.20001220703125,85731500,MSFT
2022-01-25,277.3782653808594,288.489990234375,294.989990234375,285.1700134277344,291.5199890136719,72848600,MSFT
2022-01-26,285.2816162109375,296.7099914550781,308.5,293.0299987792969,307.989990234375,90428900,MSFT
2022-01-27,288.29107666015625,299.8399963378906,307.29998779296875,297.92999267578125,302.6600036621094,53481300,MSFT
2022-01-28,296.3868103027344,308.260009765625,308.4800109863281,294.45001220703125,300.2300109863281,49743700,MSFT
2022-01-31,299.00201416015625,310.9800109863281,312.3800048828125,306.3699951171875,308.95001220703125,46444500,MSFT
2022-02-01,296.8675842285156,308.760009765625,310.6300048828125,305.1300048828125,310.4100036621094,40950400,MSFT
2022-02-02,301.3864440917969,313.4599914550781,315.1199951171875,308.8800048828125,309.6300048828125,36636000,MSFT
2022-02-03,289.6466979980469,301.25,311.2300109863281,299.9599914550781,309.489990234375,43730000,MSFT
2022-02-04,294.1561279296875,305.94000244140625,308.79998779296875,299.9700012207031,300.2099914550781,35096500,MSFT
2022-02-07,289.35833740234375,300.95001220703125,307.8399963378906,299.8999938964844,306.1700134277344,28533300,MSFT
2022-02-08,292.8292541503906,304.55999755859375,305.55999755859375,299.95001220703125,301.25,32421200,MSFT
2022-02-09,299.2231140136719,311.2099914550781,311.92999267578125,307.3900146484375,309.8699951171875,31284700,MSFT
2022-02-10,290.73321533203125,302.3800048828125,309.1199951171875,300.70001220703125,304.0400085449219,45386200,MSFT
2022-02-11,283.6760559082031,295.0400085449219,304.2900085449219,294.2200012207031,303.19000244140625,39175600,MSFT
2022-02-14,283.63751220703125,295.0,296.760009765625,291.3500061035156,293.7699890136719,36359500,MSFT
2022-02-15,288.8968200683594,300.4700012207031,300.79998779296875,297.0199890136719,300.010009765625,27058300,MSFT
2022-02-16,288.55963134765625,299.5,300.8699951171875,293.67999267578125,298.3699951171875,29982100,MSFT
2022-02-17,280.1100158691406,290.7300109863281,296.79998779296875,290.0,296.3599853515625,32461600,MSFT
2022-02-18,277.4122009277344,287.92999267578125,293.8599853515625,286.30999755859375,293.04998779296875,34264000,MSFT
2022-02-22,277.2099914550781,287.7200012207031,291.5400085449219,284.5,285.0,41736100,MSFT
2022-02-23,270.0321044921875,280.2699890136719,291.70001220703125,280.1000061035156,290.17999267578125,37811200,MSFT
2022-02-24,283.8290100097656,294.5899963378906,295.1600036621094,271.5199890136719,272.510009765625,56989700,MSFT
2022-02-25,286.44964599609375,297.30999755859375,297.6300048828125,291.6499938964844,295.1400146484375,32546700,MSFT
2022-02-28,287.8756103515625,298.7900085449219,299.1400146484375,293.0,294.30999755859375,34627500,MSFT
2022-03-01,284.17584228515625,294.95001220703125,299.9700012207031,292.1499938964844,296.3999938964844,31217800,MSFT
2022-03-02,289.2243957519531,300.19000244140625,301.4700012207031,293.70001220703125,295.3599853515625,31873000,MSFT
2022-03-03,285.1103515625,295.9200134277344,303.1300048828125,294.04998779296875,302.8900146484375,27314500,MSFT
2022-03-04,279.271728515625,289.8599853515625,295.6600036621094,287.1700134277344,294.2900085449219,32356500,MSFT
2022-03-07,268.7217102050781,278.9100036621094,289.69000244140625,278.5299987792969,288.5299987792969,43157200,MSFT
2022-03-08,265.7735290527344,275.8500061035156,283.9599914550781,270.0,277.79998779296875,48159500,MSFT
2022-03-09,277.96148681640625,288.5,289.6000061035156,280.7799987792969,283.44000244140625,35204500,MSFT
2022-03-10,275.1577453613281,285.5899963378906,286.6000061035156,280.5799865722656,283.0199890136719,30628000,MSFT
2022-03-11,269.8393859863281,280.07000732421875,289.510009765625,279.42999267578125,287.9599914550781,27209300,MSFT
2022-03-14,266.34197998046875,276.44000244140625,285.3999938964844,275.82000732421875,280.3399963378906,30660700,MSFT
2022-03-15,276.6607971191406,287.1499938964844,287.82000732421875,278.7300109863281,280.3500061035156,34245100,MSFT
2022-03-16,283.63629150390625,294.3900146484375,294.57000732421875,283.20001220703125,289.1099853515625,37826300,MSFT
2022-03-17,284.4359436035156,295.2200012207031,295.6099853515625,289.3699951171875,293.2900085449219,30816600,MSFT
2022-03-18,289.4555969238281,300.42999267578125,301.0,292.7300109863281,295.3699951171875,43390600,MSFT
2022-03-21,288.2320251464844,299.1600036621094,300.1400146484375,294.8999938964844,298.8900146484375,28351200,MSFT
2022-03-22,292.9530334472656,304.05999755859375,305.0,298.7699890136719,299.79998779296875,27599700,MSFT
2022-03-23,288.54998779296875,299.489990234375,303.2300109863281,297.7200012207031,300.510009765625,25715400,MSFT
2022-03-24,292.9916076660156,304.1000061035156,304.20001220703125,298.32000732421875,299.1400146484375,24484500,MSFT
2022-03-25,292.5868835449219,303.67999267578125,305.5,299.2900085449219,305.2300109863281,22566500,MSFT
2022-03-28,299.3505554199219,310.70001220703125,310.79998779296875,304.3299865722656,304.3299865722656,29578200,MSFT
2022-03-29,303.88848876953125,315.4100036621094,315.82000732421875,309.04998779296875,313.9100036621094,30393400,MSFT
2022-03-30,302.39501953125,313.8599853515625,315.95001220703125,311.5799865722656,313.760009765625,28163600,MSFT
2022-03-31,297.04779052734375,308.30999755859375,315.1400146484375,307.8900146484375,313.8999938964844,33422100,MSFT
2022-04-01,298.1173095703125,309.4200134277344,310.1300048828125,305.5400085449219,309.3699951171875,27110500,MSFT
2022-04-04,303.464599609375,314.9700012207031,315.1099853515625,309.7099914550781,310.0899963378906,24289600,MSFT
2022-04-05,299.5238952636719,310.8800048828125,314.8699951171875,309.8699951171875,313.2699890136719,23156700,MSFT
2022-04-06,288.55963134765625,299.5,307.0,296.7099914550781,305.19000244140625,40110400,MSFT
2022-04-07,290.36126708984375,301.3699951171875,303.6499938964844,296.3500061035156,296.6600036621094,31411200,MSFT
2022-04-08,286.1219787597656,296.9700012207031,301.1199951171875,296.2799987792969,300.44000244140625,24361900,MSFT
2022-04-11,274.8397521972656,285.260009765625,292.6099853515625,285.0,291.7900085449219,34569300,MSFT
2022-04-12,271.7566223144531,282.05999755859375,290.739990234375,280.489990234375,289.239990234375,30966700,MSFT
2022-04-13,277.1135559082031,287.6199951171875,288.5799865722656,281.29998779296875,282.7300109863281,21907200,MSFT
2022-04-14,269.60809326171875,279.8299865722656,288.30999755859375,279.32000732421875,288.0899963378906,28221600,MSFT
2022-04-18,270.27294921875,280.5199890136719,282.4599914550781,278.3399963378906,278.9100036621094,20778000,MSFT
2022-04-19,274.87835693359375,285.29998779296875,286.1700134277344,278.4100036621094,279.3800048828125,22297700,MSFT
2022-04-20,275.8996276855469,286.3599853515625,289.70001220703125,285.3699951171875,289.3999938964844,22906700,MSFT
2022-04-21,270.5523681640625,280.80999755859375,293.29998779296875,280.05999755859375,288.5799865722656,29454600,MSFT
2022-04-22,264.0200500488281,274.0299987792969,283.20001220703125,273.3800048828125,281.67999267578125,29405800,MSFT
2022-04-25,270.4656677246094,280.7200012207031,281.1099853515625,270.7699890136719,273.2900085449219,35678900,MSFT
2022-04-26,260.3491516113281,270.2200012207031,278.3599853515625,270.0,277.5,46518400,MSFT
2022-04-27,272.874267578125,283.2200012207031,290.9700012207031,279.1600036621094,282.1000061035156,63477700,MSFT
2022-04-28,279.0501403808594,289.6300048828125,290.9800109863281,281.4599914550781,285.19000244140625,33646600,MSFT
2022-04-29,267.382568359375,277.5199890136719,289.8800048828125,276.5,288.6099853515625,37073900,MSFT
2022-05-02,274.07861328125,284.4700012207031,284.94000244140625,276.2200012207031,277.7099914550781,35151100,MSFT
2022-05-03,271.4869079589844,281.7799987792969,284.1300048828125,280.1499938964844,283.9599914550781,25978600,MSFT
2022-05-04,279.3874816894531,289.9800109863281,290.8800048828125,276.7300109863281,282.5899963378906,33599300,MSFT
2022-05-05,267.21868896484375,277.3500061035156,286.3500061035156,274.3399963378906,285.5400085449219,43260400,MSFT
2022-05-06,264.6943664550781,274.7300109863281,279.25,271.2699890136719,274.80999755859375,37780300,MSFT
2022-05-09,254.91519165039062,264.5799865722656,272.3599853515625,263.32000732421875,270.05999755859375,47726000,MSFT
2022-05-10,259.65545654296875,269.5,273.75,265.07000732421875,271.69000244140625,39336400,MSFT
2022-05-11,251.03240966796875,260.54998779296875,271.3599853515625,259.29998779296875,265.67999267578125,48975900,MSFT
2022-05-12,246.02235412597656,255.35000610351562,259.8800048828125,250.02000427246094,257.69000244140625,51033800,MSFT
2022-05-13,251.58155822753906,261.1199951171875,263.0400085449219,255.35000610351562,257.3500061035156,34925100,MSFT
2022-05-16,251.94773864746094,261.5,265.82000732421875,255.77999877929688,259.9599914550781,32550900,MSFT
2022-05-17,257.0733337402344,266.82000732421875,268.3299865722656,262.4599914550781,266.1099853515625,28828800,MSFT
2022-05-18,245.3689422607422,254.0800018310547,263.6000061035156,252.77000427246094,263.0,31356000,MSFT
2022-05-19,244.4611358642578,253.13999938964844,257.6700134277344,251.8800048828125,253.89999389648438,32692300,MSFT
2022-05-20,243.90103149414062,252.55999755859375,258.5400085449219,246.44000244140625,257.239990234375,39199300,MSFT
2022-05-23,251.7136688232422,260.6499938964844,261.5,253.42999267578125,255.49000549316406,33175400,MSFT
2022-05-24,250.71897888183594,259.6199951171875,261.3299865722656,253.5,257.8900146484375,29043900,MSFT
2022-05-25,253.51959228515625,262.5199890136719,264.5799865722656,257.1300048828125,258.1400146484375,28547900,MSFT
2022-05-26,256.78363037109375,265.8999938964844,267.1099853515625,261.42999267578125,262.2699890136719,25002100,MSFT
2022-05-27,263.8720397949219,273.239990234375,273.3399963378906,267.55999755859375,268.4800109863281,26910800,MSFT
2022-05-31,262.5489807128906,271.8699951171875,274.7699890136719,268.92999267578125,272.5299987792969,37827700,MSFT
2022-06-01,263.08013916015625,272.4200134277344,277.69000244140625,270.0400085449219,275.20001220703125,25292200,MSFT
2022-06-02,265.1660461425781,274.5799865722656,274.6499938964844,261.6000061035156,264.45001220703125,44008200,MSFT
2022-06-03,260.76239013671875,270.0199890136719,273.45001220703125,268.4100036621094,270.30999755859375,28059000,MSFT
2022-06-06,259.5359802246094,268.75,274.17999267578125,267.2200012207031,272.05999755859375,22400300,MSFT
2022-06-07,263.1573486328125,272.5,273.1300048828125,265.94000244140625,266.6400146484375,22860700,MSFT
2022-06-08,261.1390075683594,270.4100036621094,273.0,269.6099853515625,271.7099914550781,17372300,MSFT
2022-06-09,255.7117156982422,264.7900085449219,272.7099914550781,264.6300048828125,267.7799987792969,26439700,MSFT
2022-06-10,244.31629943847656,252.99000549316406,260.5799865722656,252.52999877929688,260.5799865722656,31422800,MSFT
2022-06-13,233.95416259765625,242.25999450683594,249.02000427246094,241.52999877929688,245.11000061035156,46135800,MSFT
2022-06-14,236.1077117919922,244.49000549316406,245.74000549316406,241.50999450683594,243.86000061035156,28651500,MSFT
2022-06-15,243.12843322753906,251.75999450683594,255.3000030517578,246.4199981689453,248.30999755859375,33111700,MSFT
2022-06-16,236.57122802734375,244.97000122070312,247.4199981689453,243.02000427246094,245.97999572753906,33169200,MSFT
2022-06-17,239.15936279296875,247.64999389648438,250.5,244.02999877929688,244.6999969482422,43084800,MSFT
2022-06-21,245.0405731201172,253.74000549316406,254.75,249.50999450683594,250.25999450683594,29928300,MSFT
2022-06-22,244.4514923095703,253.1300048828125,257.1700134277344,250.3699951171875,251.88999938964844,25939900,MSFT
2022-06-23,249.98504638671875,258.8599853515625,259.3699951171875,253.6300048828125,255.57000732421875,25861400,MSFT
2022-06-24,258.52191162109375,267.70001220703125,267.9800109863281,261.7200012207031,261.80999755859375,33923200,MSFT
2022-06-27,255.8083038330078,264.8900146484375,268.29998779296875,263.2799987792969,268.2099914550781,24615100,MSFT
2022-06-28,247.6866455078125,256.4800109863281,266.9100036621094,256.32000732421875,263.9800109863281,27295500,MSFT
2022-06-29,251.3370361328125,260.260009765625,261.9700012207031,255.75999450683594,257.5899963378906,20069800,MSFT
2022-06-30,248.02464294433594,256.8299865722656,259.5299987792969,252.89999389648438,257.04998779296875,31730900,MSFT
2022-07-01,250.68035888671875,259.5799865722656,259.7699890136719,254.61000061035156,256.3900146484375,22837700,MSFT
2022-07-05,253.83824157714844,262.8500061035156,262.9800109863281,254.74000549316406,256.1600036621094,22941000,MSFT
2022-07-06,257.0830078125,266.2099914550781,267.989990234375,262.3999938964844,263.75,23824400,MSFT
2022-07-07,259.197998046875,268.3999938964844,269.05999755859375,265.0199890136719,265.1199951171875,20859900,MSFT
2022-07-08,258.4833679199219,267.6600036621094,268.1000061035156,263.2900085449219,264.7900085449219,19658800,MSFT
2022-07-11,255.44125366210938,264.510009765625,266.5299987792969,262.17999267578125,265.6499938964844,19455200,MSFT
2022-07-12,244.97296142578125,253.6699981689453,265.94000244140625,252.0399932861328,265.8800048828125,35868500,MSFT
2022-07-13,244.0555419921875,252.72000122070312,253.5500030517578,248.11000061035156,250.19000244140625,29497400,MSFT
2022-07-14,245.3689422607422,254.0800018310547,255.13999938964844,245.94000244140625,250.57000732421875,25102800,MSFT
2022-07-15,247.9184112548828,256.7200012207031,260.3699951171875,254.77000427246094,255.72000122070312,29774100,MSFT
2022-07-18,245.53309631347656,254.25,260.8399963378906,253.3000030517578,259.75,20975000,MSFT
2022-07-19,250.63201904296875,259.5299987792969,259.7200012207031,253.67999267578125,257.5799865722656,25012600,MSFT
2022-07-20,253.2781219482422,262.2699890136719,264.8699951171875,258.9100036621094,259.8999938964844,22788300,MSFT
2022-07-21,255.76004028320312,264.8399963378906,264.8900146484375,257.0299987792969,259.7900085449219,22404700,MSFT
2022-07-22,251.43359375,260.3599853515625,265.3299865722656,259.07000732421875,265.239990234375,21881300,MSFT
2022-07-25,249.9560546875,258.8299865722656,261.5,256.80999755859375,261.0,21056000,MSFT
2022-07-26,243.263671875,251.89999389648438,259.8800048828125,249.57000732421875,259.8599853515625,39348000,MSFT
2022-07-27,259.52630615234375,268.739990234375,270.04998779296875,258.8500061035156,261.1600036621094,45994000,MSFT
2022-07-28,266.933349609375,276.4100036621094,277.8399963378906,267.8699951171875,269.75,33459300,MSFT
2022-07-29,271.1148376464844,280.739990234375,282.0,276.6300048828125,277.70001220703125,32152800,MSFT
2022-08-01,268.478515625,278.010009765625,281.2799987792969,275.8399963378906,277.82000732421875,21539600,MSFT
2022-08-02,265.39788818359375,274.82000732421875,277.8900146484375,272.3800048828125,276.0,22754200,MSFT
2022-08-03,272.78558349609375,282.4700012207031,283.5,276.6099853515625,276.760009765625,23518900,MSFT
2022-08-04,273.92510986328125,283.6499938964844,283.79998779296875,280.1700134277344,281.79998779296875,18098700,MSFT
2022-08-05,273.2104797363281,282.9100036621094,283.6499938964844,278.67999267578125,279.1499938964844,16774600,MSFT
2022-08-08,270.70928955078125,280.32000732421875,285.9200134277344,279.32000732421875,284.04998779296875,18739200,MSFT
2022-08-09,272.6213684082031,282.29998779296875,283.0799865722656,277.6099853515625,279.6400146484375,23405200,MSFT
2022-08-10,279.2461853027344,289.1600036621094,289.80999755859375,286.94000244140625,288.1700134277344,24687800,MSFT
2022-08-11,277.17950439453125,287.0199890136719,291.2099914550781,286.510009765625,290.8500061035156,20065900,MSFT
2022-08-12,281.9019470214844,291.9100036621094,291.9100036621094,286.94000244140625,288.4800109863281,22619700,MSFT
2022-08-15,283.4084777832031,293.4700012207031,294.17999267578125,290.1099853515625,291.0,18085700,MSFT
2022-08-16,282.6744689941406,292.7099914550781,294.0400085449219,290.4200134277344,291.989990234375,18102900,MSFT
2022-08-17,281.92926025390625,291.32000732421875,293.3500061035156,289.4700012207031,289.739990234375,18253400,MSFT
2022-08-18,280.8164367675781,290.1700134277344,291.9100036621094,289.0799865722656,290.19000244140625,17186200,MSFT
2022-08-19,276.9259338378906,286.1499938964844,289.25,285.55999755859375,288.8999938964844,20570000,MSFT
2022-08-22,268.7967224121094,277.75,282.4599914550781,277.2200012207031,282.0799865722656,25061100,MSFT
2022-08-23,267.52899169921875,276.44000244140625,278.8599853515625,275.3999938964844,276.44000244140625,17527400,MSFT
2022-08-24,266.8998718261719,275.7900085449219,277.2300109863281,275.1099853515625,275.4100036621094,18137000,MSFT
2022-08-25,269.8612060546875,278.8500061035156,279.0199890136719,274.5199890136719,277.3299865722656,16583400,MSFT
2022-08-26,259.4481506347656,268.0899963378906,280.3399963378906,267.9800109863281,279.0799865722656,27549300,MSFT
2022-08-29,256.6803283691406,265.2300109863281,267.3999938964844,263.8500061035156,265.8500061035156,20338500,MSFT
2022-08-30,254.49317932128906,262.9700012207031,267.04998779296875,260.6600036621094,266.6700134277344,22767100,MSFT
2022-08-31,253.04151916503906,261.4700012207031,267.1099853515625,261.3299865722656,265.3900146484375,24791800,MSFT
2022-09-01,252.00601196289062,260.3999938964844,260.8900146484375,255.41000366210938,258.8699951171875,23263400,MSFT
2022-09-02,247.80592346191406,256.05999755859375,264.739990234375,254.47000122070312,261.70001220703125,22855400,MSFT
2022-09-06,245.08653259277344,253.25,257.8299865722656,251.94000244140625,256.20001220703125,21328200,MSFT
2022-09-07,249.77044677734375,258.0899963378906,258.8299865722656,253.22000122070312,254.6999969482422,24126700,MSFT
2022-09-08,250.1866455078125,258.5199890136719,260.42999267578125,254.7899932861328,257.510009765625,20319900,MSFT
2022-09-09,255.9351043701172,264.4599914550781,265.2300109863281,260.2900085449219,260.5,22084700,MSFT
2022-09-12,258.0545654296875,266.6499938964844,267.45001220703125,265.1600036621094,265.7799987792969,18747700,MSFT
2022-09-13,243.86712646484375,251.99000549316406,260.3999938964844,251.58999633789062,258.8399963378906,33353300,MSFT
2022-09-14,244.08966064453125,252.22000122070312,254.22999572753906,249.86000061035156,253.52999877929688,23913000,MSFT
2022-09-15,237.47021484375,245.3800048828125,251.39999389648438,244.02000427246094,249.77000427246094,31530900,MSFT
2022-09-16,236.85081481933594,244.74000549316406,245.3000030517578,242.05999755859375,244.25999450683594,39791800,MSFT
2022-09-19,236.63792419433594,244.52000427246094,245.13999938964844,240.85000610351562,242.47000122070312,26826900,MSFT
2022-09-20,234.6346435546875,242.4499969482422,243.50999450683594,239.63999938964844,242.07000732421875,26660300,MSFT
2022-09-21,231.24746704101562,238.9499969482422,247.66000366210938,238.89999389648438,244.27000427246094,28625600,MSFT
2022-09-22,233.21202087402344,240.97999572753906,243.86000061035156,237.57000732421875,237.8699951171875,31061200,MSFT
2022-09-23,230.25064086914062,237.9199981689453,241.1300048828125,235.1999969482422,239.5399932861328,34176000,MSFT
2022-09-26,229.79579162597656,237.4499969482422,241.4499969482422,236.89999389648438,237.0500030517578,27694200,MSFT
2022-09-27,228.78929138183594,236.41000366210938,241.8000030517578,234.5,239.97999572753906,27018700,MSFT
2022-09-28,233.2991180419922,241.07000732421875,242.3300018310547,234.72999572753906,236.80999755859375,29029700,MSFT
2022-09-29,229.8441619873047,237.5,239.9499969482422,234.41000366210938,238.88999938964844,27484200,MSFT
2022-09-30,225.3924560546875,232.89999389648438,240.5399932861328,232.72999572753906,238.2899932861328,35694800,MSFT
2022-10-03,232.97975158691406,240.74000549316406,241.61000061035156,234.66000366210938,235.41000366210938,28880400,MSFT
2022-10-04,240.85736083984375,248.8800048828125,250.36000061035156,244.97999572753906,245.08999633789062,34888400,MSFT
2022-10-05,241.16700744628906,249.1999969482422,250.5800018310547,244.10000610351562,245.99000549316406,20347100,MSFT
2022-10-06,238.83473205566406,246.7899932861328,250.33999633789062,246.0800018310547,247.92999267578125,20239900,MSFT
2022-10-07,226.6892852783203,234.24000549316406,241.32000732421875,233.1699981689453,240.89999389648438,37769600,MSFT
2022-10-10,221.86012268066406,229.25,234.55999755859375,226.72999572753906,233.0500030517578,29743600,MSFT
2022-10-11,218.14390563964844,225.41000366210938,229.05999755859375,224.11000061035156,227.6199951171875,30474000,MSFT
2022-10-12,218.4729461669922,225.75,227.86000061035156,223.9600067138672,225.39999389648438,21903900,MSFT
2022-10-13,226.6892852783203,234.24000549316406,236.10000610351562,219.1300048828125,219.85000610351562,42551800,MSFT
2022-10-14,221.1923828125,228.55999755859375,237.24000549316406,228.33999633789062,235.5399932861328,30198600,MSFT
2022-10-17,229.8732147216797,237.52999877929688,238.9600067138672,235.13999938964844,235.82000732421875,28142300,MSFT
2022-10-18,230.81198120117188,238.5,243.92999267578125,235.3699951171875,243.24000549316406,26329600,MSFT
2022-10-19,228.85707092285156,236.47999572753906,239.61000061035156,234.2899932861328,237.0399932861328,19985700,MSFT
2022-10-20,228.53770446777344,236.14999389648438,241.30999755859375,234.8699951171875,235.77000427246094,21811000,MSFT
2022-10-21,234.3152618408203,242.1199951171875,243.0,234.5,234.74000549316406,26299700,MSFT
2022-10-24,239.2799072265625,247.25,247.83999633789062,241.3000030517578,243.75999450683594,24911200,MSFT
2022-10-25,242.57998657226562,250.66000366210938,251.0399932861328,245.8300018310547,247.25999450683594,34775500,MSFT
2022-10-26,223.8634033203125,231.32000732421875,238.3000030517578,230.05999755859375,231.1699981689453,82543200,MSFT
2022-10-27,219.44070434570312,226.75,233.69000244140625,225.77999877929688,231.0399932861328,40424600,MSFT
2022-10-28,228.26675415039062,235.8699951171875,236.60000610351562,226.0500030517578,226.24000549316406,40647700,MSFT
2022-10-31,224.6472930908203,232.1300048828125,234.9199981689453,231.14999389648438,233.75999450683594,28357300,MSFT
2022-11-01,220.81495666503906,228.1699981689453,235.74000549316406,227.3300018310547,234.60000610351562,30592300,MSFT
2022-11-02,213.00509643554688,220.10000610351562,231.3000030517578,220.0399932861328,229.4600067138672,38407000,MSFT
2022-11-03,207.3436737060547,214.25,220.41000366210938,213.97999572753906,220.08999633789062,36633900,MSFT
2022-11-04,214.2534942626953,221.38999938964844,221.58999633789062,213.42999267578125,217.5500030517578,36789100,MSFT
2022-11-07,220.52459716796875,227.8699951171875,228.41000366210938,221.27999877929688,221.99000549316406,33498000,MSFT
2022-11-08,221.49237060546875,228.8699951171875,231.64999389648438,225.83999633789062,228.6999969482422,28192500,MSFT
2022-11-09,217.2729034423828,224.50999450683594,228.6300048828125,224.3300018310547,227.3699951171875,27852900,MSFT
2022-11-10,235.14755249023438,242.97999572753906,243.3300018310547,235.0,235.42999267578125,46268000,MSFT
2022-11-11,239.14442443847656,247.11000061035156,247.99000549316406,241.92999267578125,242.99000549316406,34620200,MSFT
2022-11-14,233.76365661621094,241.5500030517578,243.91000366210938,239.2100067138672,241.99000549316406,31123300,MSFT
2022-11-15,234.17007446289062,241.97000122070312,247.0,240.02999877929688,245.66000366210938,31390100,MSFT
2022-11-16,234.59707641601562,241.72999572753906,243.8000030517578,240.4199981689453,242.7899932861328,24093300,MSFT
2022-11-17,234.54856872558594,241.67999267578125,243.25,237.6300048828125,237.77999877929688,23123500,MSFT
2022-11-18,234.10214233398438,241.22000122070312,243.74000549316406,239.02999877929688,243.50999450683594,27613500,MSFT
2022-11-21,234.90769958496094,242.0500030517578,244.6699981689453,241.19000244140625,241.42999267578125,26394700,MSFT
2022-11-22,237.79971313476562,245.02999877929688,245.30999755859375,240.7100067138672,243.58999633789062,19665700,MSFT
2022-11-23,240.27447509765625,247.5800018310547,248.27999877929688,244.27000427246094,245.11000061035156,19508500,MSFT
2022-11-25,240.18714904785156,247.49000549316406,248.6999969482422,246.72999572753906,247.30999755859375,9200800,MSFT
2022-11-28,234.62620544433594,241.75999450683594,246.64999389648438,240.8000030517578,246.0800018310547,24778200,MSFT
2022-11-29,233.23843383789062,240.3300018310547,242.7899932861328,238.2100067138672,241.39999389648438,17956300,MSFT
2022-11-30,247.61143493652344,255.13999938964844,255.3300018310547,239.86000061035156,240.57000732421875,47594200,MSFT
2022-12-01,247.17469787597656,254.69000244140625,256.1199951171875,250.9199981689453,253.8699951171875,26041500,MSFT
2022-12-02,247.49497985839844,255.02000427246094,256.05999755859375,249.69000244140625,249.82000732421875,21528500,MSFT
2022-12-05,242.81719970703125,250.1999969482422,253.82000732421875,248.05999755859375,252.00999450683594,23435300,MSFT
2022-12-06,237.88706970214844,245.1199951171875,251.86000061035156,243.77999877929688,250.82000732421875,22463700,MSFT
2022-12-07,237.15919494628906,244.3699951171875,246.16000366210938,242.2100067138672,244.8300018310547,20481500,MSFT
2022-12-08,240.09979248046875,247.39999389648438,248.74000549316406,243.05999755859375,244.83999633789062,22611800,MSFT
2022-12-09,238.17822265625,245.4199981689453,248.30999755859375,244.16000366210938,244.6999969482422,20609700,MSFT
2022-12-12,245.0590057373047,252.50999450683594,252.5399932861328,247.1699981689453,247.4499969482422,30665100,MSFT
2022-12-13,249.3389129638672,256.9200134277344,263.9200134277344,253.07000732421875,261.69000244140625,42196900,MSFT
2022-12-14,249.6300506591797,257.2200012207031,262.5899963378906,254.30999755859375,257.1300048828125,35410900,MSFT
2022-12-15,241.6623077392578,249.00999450683594,254.1999969482422,247.33999633789062,253.72000122070312,35560400,MSFT
2022-12-16,237.4697723388672,244.69000244140625,249.83999633789062,243.50999450683594,248.5500030517578,86102000,MSFT
2022-12-19,233.3548583984375,240.4499969482422,245.2100067138672,238.7100067138672,244.86000061035156,29696400,MSFT
2022-12-20,234.6650390625,241.8000030517578,242.91000366210938,238.4199981689453,239.39999389648438,25150800,MSFT
2022-12-21,237.21743774414062,244.42999267578125,245.6199951171875,240.11000061035156,241.69000244140625,23690600,MSFT
2022-12-22,231.1615447998047,238.19000244140625,241.99000549316406,233.8699951171875,241.25999450683594,28651700,MSFT
2022-12-23,231.68563842773438,238.72999572753906,238.8699951171875,233.94000244140625,236.11000061035156,21207000,MSFT
2022-12-27,229.9678497314453,236.9600067138672,238.92999267578125,235.8300018310547,238.6999969482422,16688600,MSFT
2022-12-28,227.6095733642578,234.52999877929688,239.72000122070312,234.1699981689453,236.88999938964844,17457100,MSFT
2022-12-29,233.8983612060547,241.00999450683594,241.9199981689453,235.64999389648438,235.64999389648438,19770700,MSFT
2022-12-30,232.7434844970703,239.82000732421875,239.9600067138672,236.66000366210938,238.2100067138672,21938500,MSFT
2023-01-03,232.5105438232422,239.5800018310547,245.75,237.39999389648438,243.0800018310547,25740000,MSFT
2023-01-04,222.3397979736328,229.10000610351562,232.8699951171875,225.9600067138672,232.27999877929688,50623400,MSFT
2023-01-05,215.75013732910156,222.30999755859375,227.5500030517578,221.75999450683594,227.1999969482422,39585600,MSFT
2023-01-06,218.2928466796875,224.92999267578125,225.75999450683594,219.35000610351562,223.0,43613600,MSFT
2023-01-09,220.418212890625,227.1199951171875,231.24000549316406,226.41000366210938,226.4499969482422,27369800,MSFT
2023-01-10,222.09715270996094,228.85000610351562,231.30999755859375,227.3300018310547,227.75999450683594,27033900,MSFT
2023-01-11,228.81298828125,235.77000427246094,235.9499969482422,231.11000061035156,231.2899932861328,28669300,MSFT
2023-01-12,231.4721221923828,238.50999450683594,239.89999389648438,233.55999755859375,235.25999450683594,27269500,MSFT
2023-01-13,232.1708526611328,239.22999572753906,239.3699951171875,234.9199981689453,237.0,21333300,MSFT
2023-01-17,233.25782775878906,240.35000610351562,240.91000366210938,237.08999633789062,237.97000122070312,29831300,MSFT
2023-01-18,228.85183715820312,235.80999755859375,242.3800048828125,235.52000427246094,241.57000732421875,30028700,MSFT
2023-01-19,225.08628845214844,231.92999267578125,235.52000427246094,230.67999267578125,233.77999877929688,28623000,MSFT
2023-01-20,233.13168334960938,240.22000122070312,240.74000549316406,234.50999450683594,234.86000061035156,35389800,MSFT
2023-01-23,235.42202758789062,242.5800018310547,245.1699981689453,239.64999389648438,241.10000610351562,31934000,MSFT
2023-01-24,234.89796447753906,242.0399932861328,243.9499969482422,240.44000244140625,242.5,40234400,MSFT
2023-01-25,233.51014709472656,240.61000061035156,243.3000030517578,230.89999389648438,234.47999572753906,66526600,MSFT
2023-01-26,240.68209838867188,248.0,248.30999755859375,242.0,243.64999389648438,33454500,MSFT
2023-01-27,240.83738708496094,248.16000366210938,249.8300018310547,246.8300018310547,248.99000549316406,26498900,MSFT
2023-01-30,235.5482177734375,242.7100067138672,245.60000610351562,242.1999969482422,244.50999450683594,25867400,MSFT
2023-01-31,240.49769592285156,247.80999755859375,247.9499969482422,242.9499969482422,243.4499969482422,26541100,MSFT
2023-02-01,245.29196166992188,252.75,255.17999267578125,245.47000122070312,248.0,31259900,MSFT
2023-02-02,256.79229736328125,264.6000061035156,264.69000244140625,257.25,258.82000732421875,39940400,MSFT
2023-02-03,250.7266845703125,258.3500061035156,264.20001220703125,257.1000061035156,259.5400085449219,29077300,MSFT
2023-02-06,249.19334411621094,256.7699890136719,258.29998779296875,254.77999877929688,257.44000244140625,22518000,MSFT
2023-02-07,259.6648864746094,267.55999755859375,268.7699890136719,260.0799865722656,260.5299987792969,50841400,MSFT
2023-02-08,258.8594055175781,266.7300109863281,276.760009765625,266.2099914550781,273.20001220703125,54686000,MSFT
2023-02-09,255.84117126464844,263.6199951171875,273.9800109863281,262.79998779296875,273.79998779296875,42375100,MSFT
2023-02-10,255.33651733398438,263.1000061035156,264.0899963378906,260.6600036621094,261.5299987792969,25818500,MSFT
2023-02-13,263.31396484375,271.32000732421875,274.6000061035156,267.1499938964844,267.6400146484375,44630900,MSFT
2023-02-14,264.13885498046875,272.1700134277344,274.9700012207031,269.2799987792969,272.6700134277344,37047900,MSFT
2023-02-15,262.0276184082031,269.32000732421875,270.7300109863281,266.17999267578125,268.32000732421875,28922400,MSFT
2023-02-16,255.05178833007812,262.1499938964844,266.739990234375,261.8999938964844,264.0199890136719,29603600,MSFT
2023-02-17,251.07254028320312,258.05999755859375,260.0899963378906,256.0,259.3900146484375,30000100,MSFT
2023-02-21,245.82846069335938,252.6699981689453,255.49000549316406,251.58999633789062,254.47999572753906,28397400,MSFT
2023-02-22,244.69992065429688,251.50999450683594,254.33999633789062,250.33999633789062,254.08999633789062,22491100,MSFT
2023-02-23,247.87167358398438,254.77000427246094,256.8399963378906,250.47999572753906,255.55999755859375,29219100,MSFT
2023-02-24,242.47190856933594,249.22000122070312,251.0,248.10000610351562,249.9600067138672,24990900,MSFT
2023-02-27,243.38645935058594,250.16000366210938,252.82000732421875,249.38999938964844,252.4600067138672,21190000,MSFT
2023-02-28,242.66650390625,249.4199981689453,251.49000549316406,248.72999572753906,249.07000732421875,22491000,MSFT
2023-03-01,239.60179138183594,246.27000427246094,250.92999267578125,245.7899932861328,250.75999450683594,27565300,MSFT
2023-03-02,244.3107452392578,251.11000061035156,251.39999389648438,245.61000061035156,246.5500030517578,24808200,MSFT
2023-03-03,248.37753295898438,255.2899932861328,255.6199951171875,251.38999938964844,252.19000244140625,30760100,MSFT
2023-03-06,249.9147186279297,256.8699951171875,260.1199951171875,255.97999572753906,256.42999267578125,24109800,MSFT
2023-03-07,247.26841735839844,254.14999389648438,257.69000244140625,253.38999938964844,256.29998779296875,21473200,MSFT
2023-03-08,246.83059692382812,253.6999969482422,254.5399932861328,250.80999755859375,254.0399932861328,17340200,MSFT
2023-03-09,245.4879608154297,252.32000732421875,259.55999755859375,251.5800018310547,255.82000732421875,26653400,MSFT
2023-03-10,241.85897827148438,248.58999633789062,252.7899932861328,247.60000610351562,251.0800018310547,28333900,MSFT
2023-03-13,247.04461669921875,253.9199981689453,257.9100036621094,245.72999572753906,247.39999389648438,33339700,MSFT
2023-03-14,253.7286376953125,260.7900085449219,261.07000732421875,255.86000061035156,256.75,33620300,MSFT
2023-03-15,258.2527160644531,265.44000244140625,266.4800109863281,259.2099914550781,259.9800109863281,46028000,MSFT
2023-03-16,268.72137451171875,276.20001220703125,276.55999755859375,263.2799987792969,265.2099914550781,54768800,MSFT
2023-03-17,271.8639221191406,279.42999267578125,283.3299865722656,276.32000732421875,278.260009765625,69527400,MSFT
2023-03-20,264.85888671875,272.2300109863281,277.4800109863281,269.8500061035156,276.9800109863281,43466600,MSFT
2023-03-21,266.3668518066406,273.7799987792969,275.0,269.5199890136719,274.8800048828125,34558700,MSFT
2023-03-22,264.9172058105469,272.2900085449219,281.0400085449219,272.17999267578125,273.3999938964844,34873300,MSFT
2023-03-23,270.1418151855469,277.6600036621094,281.05999755859375,275.20001220703125,277.94000244140625,36610900,MSFT
2023-03-24,272.9730529785156,280.57000732421875,280.6300048828125,275.2799987792969,277.239990234375,28172000,MSFT
2023-03-27,268.8964538574219,276.3800048828125,281.4599914550781,275.5199890136719,280.5,26840200,MSFT
2023-03-28,267.77764892578125,275.2300109863281,276.1400146484375,272.04998779296875,275.7900085449219,21878600,MSFT
2023-03-29,272.9146728515625,280.510009765625,281.1400146484375,278.4100036621094,278.9599914550781,25087000,MSFT
2023-03-30,276.3587646484375,284.04998779296875,284.4599914550781,281.4800109863281,284.2300109863281,25053400,MSFT
2023-03-31,280.4937744140625,288.29998779296875,289.2699890136719,283.0,283.7300109863281,32766000,MSFT
2023-04-03,279.4527587890625,287.2300109863281,288.2699890136719,283.95001220703125,286.5199890136719,24883300,MSFT
2023-04-04,279.404052734375,287.17999267578125,290.45001220703125,285.6700134277344,287.2300109863281,25824300,MSFT
2023-04-05,276.6409606933594,284.3399963378906,287.1499938964844,282.9200134277344,285.8500061035156,22064800,MSFT
2023-04-06,283.704345703125,291.6000061035156,292.0799865722656,282.0299987792969,283.2099914550781,29770300,MSFT
2023-04-10,281.55426025390625,289.3900146484375,289.6000061035156,284.7099914550781,289.2099914550781,23103000,MSFT
2023-04-11,275.1718444824219,282.8299865722656,285.9800109863281,281.6400146484375,285.75,27276600,MSFT
2023-04-12,275.81402587890625,283.489990234375,287.010009765625,281.9599914550781,284.7900085449219,27403400,MSFT
2023-04-13,281.9920349121094,289.8399963378906,289.8999938964844,283.1700134277344,283.5899963378906,24222700,MSFT
2023-04-14,278.39227294921875,286.1400146484375,288.4800109863281,283.69000244140625,287.0,20987900,MSFT
2023-04-17,280.9802551269531,288.79998779296875,291.6000061035156,286.1600036621094,289.92999267578125,23836200,MSFT
2023-04-18,280.56182861328125,288.3699951171875,291.760009765625,287.010009765625,291.57000732421875,20161800,MSFT
2023-04-19,280.6397705078125,288.45001220703125,289.04998779296875,284.5400085449219,285.989990234375,17150300,MSFT
2023-04-20,278.363037109375,286.1099853515625,289.0299987792969,285.0799865722656,285.25,23244400,MSFT
2023-04-21,278.02252197265625,285.760009765625,286.2699890136719,283.05999755859375,285.010009765625,21676400,MSFT
2023-04-24,274.1405944824219,281.7699890136719,284.95001220703125,278.7200012207031,282.0899963378906,26611000,MSFT
2023-04-25,267.9624938964844,275.4200134277344,281.6000061035156,275.3699951171875,279.510009765625,45772200,MSFT
2023-04-26,287.3723449707031,295.3699951171875,299.57000732421875,292.7300109863281,296.70001220703125,64599200,MSFT
2023-04-27,296.57611083984375,304.8299865722656,305.20001220703125,295.25,295.9700012207031,46462600,MSFT
2023-04-28,298.94036865234375,307.260009765625,308.92999267578125,303.30999755859375,304.010009765625,36469600,MSFT
2023-05-01,297.2864074707031,305.55999755859375,308.6000061035156,305.1499938964844,306.9700012207031,21294100,MSFT
2023-05-02,297.1404724121094,305.4100036621094,309.17999267578125,303.9100036621094,307.760009765625,26404400,MSFT
2023-05-03,296.1577453613281,304.3999938964844,308.6099853515625,304.0899963378906,306.6199951171875,22360800,MSFT
2023-05-04,297.1404724121094,305.4100036621094,307.760009765625,303.3999938964844,306.239990234375,22519900,MSFT
2023-05-05,302.23858642578125,310.6499938964844,311.9700012207031,304.2699890136719,305.7200012207031,28197100,MSFT
2023-05-08,300.2927551269531,308.6499938964844,310.20001220703125,306.0899963378906,310.1300048828125,21318600,MSFT
2023-05-09,298.6873779296875,307.0,310.0400085449219,306.30999755859375,308.0,21340800,MSFT
2023-05-10,303.8536071777344,312.30999755859375,313.0,307.6700134277344,308.6199951171875,30078000,MSFT
2023-05-11,301.7131652832031,310.1099853515625,311.1199951171875,306.260009765625,310.1000061035156,31680200,MSFT
2023-05-12,300.60406494140625,308.9700012207031,310.6499938964844,306.6000061035156,310.54998779296875,19774700,MSFT
2023-05-15,301.0807800292969,309.4599914550781,309.8999938964844,307.5899963378906,309.1000061035156,16336500,MSFT
2023-05-16,303.2991027832031,311.739990234375,313.7099914550781,309.8299865722656,309.8299865722656,26730300,MSFT
2023-05-17,306.1657409667969,314.0,314.42999267578125,310.739990234375,312.2900085449219,24315000,MSFT
2023-05-18,310.5729064941406,318.5199890136719,319.0400085449219,313.7200012207031,314.5299987792969,27276000,MSFT
2023-05-19,310.3974304199219,318.3399963378906,318.75,316.3699951171875,316.739990234375,27546700,MSFT
2023-05-22,313.16656494140625,321.17999267578125,322.5899963378906,318.010009765625,318.6000061035156,24115700,MSFT
2023-05-23,307.394287109375,315.260009765625,322.7200012207031,315.25,320.0299987792969,30797200,MSFT
2023-05-24,306.0194091796875,313.8500061035156,316.5,312.6099853515625,314.7300109863281,23384900,MSFT
2023-05-25,317.788330078125,325.9200134277344,326.8999938964844,320.0,323.239990234375,43301700,MSFT
2023-05-26,324.5843811035156,332.8900146484375,333.3999938964844,323.8800048828125,324.0199890136719,36630600,MSFT
2023-05-30,322.9462890625,331.2099914550781,335.739990234375,330.5199890136719,335.2300109863281,29503100,MSFT
2023-05-31,320.19671630859375,328.3900146484375,335.94000244140625,327.3299865722656,332.2900085449219,45950600,MSFT
2023-06-01,324.2821350097656,332.5799865722656,333.5299987792969,324.7200012207031,325.92999267578125,26773900,MSFT
2023-06-02,327.03173828125,335.3999938964844,337.5,332.54998779296875,334.25,25873800,MSFT
2023-06-05,327.5583190917969,335.94000244140625,338.55999755859375,334.6600036621094,335.2200012207031,21307100,MSFT
2023-06-06,325.35467529296875,333.67999267578125,335.3699951171875,332.1700134277344,335.3299865722656,20396200,MSFT
2023-06-07,315.3116455078125,323.3800048828125,334.489990234375,322.5,331.6499938964844,40717100,MSFT
2023-06-08,317.1448059082031,325.260009765625,326.6400146484375,323.3500061035156,323.94000244140625,23277700,MSFT
2023-06-09,318.6365966796875,326.7900085449219,329.989990234375,324.4100036621094,324.989990234375,22529000,MSFT
2023-06-12,323.5703430175781,331.8500061035156,332.1000061035156,325.1600036621094,328.5799865722656,24260300,MSFT
2023-06-13,325.9494934082031,334.2900085449219,336.9800109863281,330.3900146484375,334.4700012207031,22951300,MSFT
2023-06-14,328.92340087890625,337.3399963378906,339.0400085449219,332.80999755859375,334.3399963378906,26003800,MSFT
2023-06-15,339.4148864746094,348.1000061035156,349.8399963378906,337.20001220703125,337.4800109863281,38899100,MSFT
2023-06-16,333.788818359375,342.3299865722656,351.4700012207031,341.95001220703125,351.32000732421875,46552000,MSFT
2023-06-20,329.6156311035156,338.04998779296875,342.0799865722656,335.8599853515625,339.30999755859375,26375400,MSFT
2023-06-21,325.2377014160156,333.55999755859375,337.7300109863281,332.07000732421875,336.3699951171875,25117800,MSFT
2023-06-22,331.2342529296875,339.7099914550781,340.1199951171875,333.3399963378906,334.1199951171875,23556800,MSFT
2023-06-23,326.6612548828125,335.0199890136719,337.9599914550781,333.45001220703125,334.3599853515625,23146900,MSFT
2023-06-26,320.4014892578125,328.6000061035156,336.1099853515625,328.489990234375,333.7200012207031,21520600,MSFT
2023-06-27,326.22247314453125,334.57000732421875,336.1499938964844,329.29998779296875,331.8599853515625,24354100,MSFT
2023-06-28,327.4705810546875,335.8500061035156,337.9800109863281,333.80999755859375,334.6600036621094,20259500,MSFT
2023-06-29,326.6905212402344,335.04998779296875,336.1099853515625,332.6199951171875,334.7099914550781,16997000,MSFT
2023-06-30,332.04351806640625,340.5400085449219,342.7300109863281,337.20001220703125,337.75,26832800,MSFT
2023-07-03,329.55712890625,337.989990234375,340.8999938964844,336.57000732421875,339.19000244140625,12508700,MSFT
2023-07-05,329.713134765625,338.1499938964844,341.6499938964844,334.7300109863281,335.0899963378906,18172400,MSFT
2023-07-06,332.7552795410156,341.2699890136719,342.989990234375,335.5,337.29998779296875,28161200,MSFT
2023-07-07,328.8063659667969,337.2200012207031,341.7900085449219,337.0,339.32000732421875,21214800,MSFT
2023-07-10,323.55084228515625,331.8299865722656,335.2300109863281,327.5899963378906,334.6000061035156,32791400,MSFT
2023-07-11,324.1748962402344,332.4700012207031,332.8599853515625,327.0,331.05999755859375,26698200,MSFT
2023-07-12,328.7868957519531,337.20001220703125,341.6499938964844,335.6700134277344,336.6000061035156,29995300,MSFT
2023-07-13,334.11065673828125,342.6600036621094,343.739990234375,339.0199890136719,339.55999755859375,20567200,MSFT
2023-07-14,336.6262512207031,345.239990234375,351.42999267578125,344.30999755859375,347.5899963378906,28352700,MSFT
2023-07-17,337.1040954589844,345.7300109863281,346.989990234375,342.20001220703125,345.67999267578125,20363900,MSFT
2023-07-18,350.5207214355469,359.489990234375,366.7799987792969,342.1700134277344,345.8299865722656,64738600,MSFT
2023-07-19,346.2207946777344,355.0799865722656,362.4599914550781,352.44000244140625,361.75,39732900,MSFT
2023-07-20,338.21551513671875,346.8699951171875,357.9700012207031,345.3699951171875,353.57000732421875,33778400,MSFT
2023-07-21,335.19293212890625,343.7699890136719,350.29998779296875,339.8299865722656,349.1499938964844,69405400,MSFT
2023-07-24,336.4995422363281,345.1099853515625,346.9200134277344,342.30999755859375,345.8500061035156,26678100,MSFT
2023-07-25,342.2229919433594,350.9800109863281,351.8900146484375,345.07000732421875,347.1099853515625,41637700,MSFT
2023-07-26,329.3426513671875,337.7699890136719,344.6700134277344,333.1099853515625,341.44000244140625,58383700,MSFT
2023-07-27,322.4685363769531,330.7200012207031,341.3299865722656,329.04998779296875,340.4800109863281,39635300,MSFT
2023-07-28,329.9276428222656,338.3699951171875,340.010009765625,333.1700134277344,333.6700134277344,28484900,MSFT
2023-07-31,327.53875732421875,335.9200134277344,337.70001220703125,333.3599853515625,336.9200134277344,25446000,MSFT
2023-08-01,327.9482727050781,336.3399963378906,338.5400085449219,333.70001220703125,335.19000244140625,18311900,MSFT
2023-08-02,319.328857421875,327.5,333.6300048828125,326.3599853515625,333.6300048828125,27761300,MSFT
2023-08-03,318.5098876953125,326.6600036621094,329.8800048828125,325.95001220703125,326.0,18253700,MSFT
2023-08-04,319.6019592285156,327.7799987792969,335.1400146484375,327.239990234375,331.8800048828125,23741500,MSFT
2023-08-07,321.873779296875,330.1099853515625,331.1099853515625,327.5199890136719,328.3699951171875,17741500,MSFT
2023-08-08,317.9150085449219,326.04998779296875,328.75,323.0,326.9599914550781,22327600,MSFT
2023-08-09,314.19036865234375,322.2300109863281,327.1099853515625,321.04998779296875,326.4700012207031,22373300,MSFT
2023-08-10,314.8728942871094,322.92999267578125,328.260009765625,321.17999267578125,326.0199890136719,20113700,MSFT
2023-08-11,313.0008239746094,321.010009765625,322.4100036621094,319.2099914550781,320.260009765625,24355500,MSFT
2023-08-14,315.9552001953125,324.0400085449219,324.05999755859375,320.0799865722656,321.3900146484375,18836100,MSFT
2023-08-15,313.82958984375,321.8599853515625,325.0899963378906,320.8999938964844,323.0,16966300,MSFT
2023-08-16,313.0674743652344,320.3999938964844,324.4200134277344,319.79998779296875,320.79998779296875,20698900,MSFT
2023-08-17,309.6279602050781,316.8800048828125,321.8699951171875,316.2099914550781,320.5400085449219,21257200,MSFT
2023-08-18,309.2371520996094,316.4800109863281,318.3800048828125,311.54998779296875,314.489990234375,24755000,MSFT
2023-08-21,314.51361083984375,321.8800048828125,322.7699890136719,317.0400085449219,317.92999267578125,24040000,MSFT
2023-08-22,315.080322265625,322.4599914550781,326.0799865722656,321.4599914550781,325.5,16084600,MSFT
2023-08-23,319.51641845703125,327.0,329.20001220703125,323.4599914550781,323.82000732421875,21166400,MSFT
2023-08-24,312.6473083496094,319.9700012207031,332.9800109863281,319.9599914550781,332.8500061035156,23281400,MSFT
2023-08-25,315.5884094238281,322.9800109863281,325.3599853515625,318.79998779296875,321.4700012207031,21684100,MSFT
2023-08-28,316.2919006347656,323.70001220703125,326.1499938964844,321.7200012207031,325.6600036621094,14808500,MSFT
2023-08-29,320.89410400390625,328.4100036621094,328.9800109863281,321.8800048828125,321.8800048828125,19284600,MSFT
2023-08-30,321.26544189453125,328.7900085449219,329.80999755859375,326.45001220703125,328.6700134277344,15222100,MSFT
2023-08-31,320.259033203125,327.760009765625,330.9100036621094,326.7799987792969,329.20001220703125,26411000,MSFT
2023-09-01,321.1383972167969,328.6600036621094,331.989990234375,326.7799987792969,331.30999755859375,14942000,MSFT
2023-09-05,325.91650390625,333.54998779296875,334.8500061035156,328.6600036621094,329.0,18553900,MSFT
2023-09-06,325.2618408203125,332.8800048828125,334.4599914550781,330.17999267578125,333.3800048828125,17535800,MSFT
2023-09-07,322.35986328125,329.9100036621094,333.0799865722656,329.0299987792969,331.2900085449219,18381000,MSFT
2023-09-08,326.62005615234375,334.2699890136719,336.1600036621094,329.4599914550781,330.0899963378906,19530100,MSFT
2023-09-11,330.2060546875,337.94000244140625,338.4200134277344,335.42999267578125,337.239990234375,16583300,MSFT
2023-09-12,324.1772155761719,331.7699890136719,336.7900085449219,331.4800109863281,335.82000732421875,17565500,MSFT
2023-09-13,328.3691101074219,336.05999755859375,336.8500061035156,331.1700134277344,331.30999755859375,16544400,MSFT
2023-09-14,330.9486389160156,338.70001220703125,340.8599853515625,336.57000732421875,339.1499938964844,20267000,MSFT
2023-09-15,322.6627502441406,330.2200012207031,337.3999938964844,329.6499938964844,336.9200134277344,37679800,MSFT
2023-09-18,321.52923583984375,329.05999755859375,330.3999938964844,326.3599853515625,327.79998779296875,16834200,MSFT
2023-09-19,321.1286926269531,328.6499938964844,329.3900146484375,324.510009765625,326.1700134277344,16505900,MSFT
2023-09-20,313.428955078125,320.7699890136719,329.5899963378906,320.510009765625,329.510009765625,21436500,MSFT
2023-09-21,312.2173767089844,319.5299987792969,325.3500061035156,315.0,319.260009765625,35560400,MSFT
2023-09-22,309.75506591796875,317.010009765625,321.45001220703125,316.1499938964844,321.32000732421875,21447900,MSFT
2023-09-25,310.2728576660156,317.5400085449219,317.6700134277344,315.0,316.5899963378906,17836000,MSFT
2023-09-26,304.99652099609375,312.1400146484375,315.8800048828125,310.0199890136719,315.1300048828125,26297600,MSFT
2023-09-27,305.6316223144531,312.7900085449219,314.29998779296875,309.69000244140625,312.29998779296875,19410100,MSFT
2023-09-28,306.4621887207031,313.6400146484375,315.4800109863281,309.45001220703125,310.989990234375,19683600,MSFT
2023-09-29,308.52392578125,315.75,319.4700012207031,314.9800109863281,317.75,24147300,MSFT
2023-10-02,314.43536376953125,321.79998779296875,321.8900146484375,315.17999267578125,316.2799987792969,20570000,MSFT
2023-10-03,306.2178955078125,313.3900146484375,321.3900146484375,311.2099914550781,320.8299865722656,21033500,MSFT
2023-10-04,311.6603698730469,318.9599914550781,320.0400085449219,314.0,314.0299987792969,20720100,MSFT
2023-10-05,312.05126953125,319.3599853515625,319.9800109863281,314.8999938964844,319.0899963378906,16965600,MSFT
2023-10-06,319.7704772949219,327.260009765625,329.19000244140625,316.29998779296875,316.54998779296875,25673600,MSFT
2023-10-09,322.27191162109375,329.82000732421875,330.29998779296875,323.17999267578125,324.75,19891200,MSFT
2023-10-10,320.8746643066406,328.3900146484375,331.1000061035156,327.6700134277344,330.9599914550781,20557100,MSFT
2023-10-11,324.8123779296875,332.4200134277344,332.82000732421875,329.1400146484375,331.2099914550781,20063200,MSFT
2023-10-12,323.5811462402344,331.1600036621094,333.6300048828125,328.7200012207031,330.57000732421875,19313100,MSFT
2023-10-13,320.2297058105469,327.7300109863281,333.8299865722656,326.3599853515625,332.3800048828125,21072400,MSFT
2023-10-16,325.02734375,332.6400146484375,336.1400146484375,330.6000061035156,331.04998779296875,22158000,MSFT
2023-10-17,324.46063232421875,332.05999755859375,333.4599914550781,327.4100036621094,329.5899963378906,18338500,MSFT
2023-10-18,322.5552673339844,330.1099853515625,335.5899963378906,328.29998779296875,332.489990234375,23153600,MSFT
2023-10-19,323.7376403808594,331.32000732421875,336.8800048828125,330.9100036621094,332.1499938964844,25052100,MSFT
2023-10-20,319.1940002441406,326.6700134277344,331.9200134277344,325.45001220703125,331.7200012207031,25027700,MSFT
2023-10-23,321.7833557128906,329.32000732421875,332.7300109863281,324.3900146484375,325.4700012207031,24374700,MSFT
2023-10-24,322.9656066894531,330.5299987792969,331.8399963378906,327.6000061035156,331.29998779296875,31153600,MSFT
2023-10-25,332.8735656738281,340.6700134277344,346.20001220703125,337.6199951171875,345.0199890136719,55053800,MSFT
2023-10-26,320.3861083984375,327.8900146484375,341.6300048828125,326.94000244140625,340.5400085449219,37828500,MSFT
2023-10-27,322.2620849609375,329.80999755859375,336.7200012207031,328.3999938964844,330.42999267578125,29856500,MSFT
2023-10-30,329.5904846191406,337.30999755859375,339.45001220703125,331.8299865722656,333.4100036621094,22828100,MSFT
2023-10-31,330.37213134765625,338.1099853515625,339.0,334.69000244140625,338.8500061035156,20265300,MSFT
2023-11-01,338.14996337890625,346.07000732421875,347.4200134277344,339.6499938964844,339.7900085449219,28158800,MSFT
2023-11-02,340.34844970703125,348.32000732421875,348.8299865722656,344.7699890136719,347.239990234375,24348100,MSFT
2023-11-03,344.7259521484375,352.79998779296875,354.3900146484375,347.3299865722656,349.6300048828125,23637700,MSFT
2023-11-06,348.3706970214844,356.5299987792969,357.5400085449219,353.3500061035156,353.45001220703125,23828300,MSFT
2023-11-07,352.279052734375,360.5299987792969,362.4599914550781,357.6300048828125,359.3999938964844,25833900,MSFT
2023-11-08,354.8879699707031,363.20001220703125,363.8699951171875,360.54998779296875,361.67999267578125,26767800,MSFT
2023-11-09,352.4354553222656,360.69000244140625,364.7900085449219,360.3599853515625,362.29998779296875,24847300,MSFT
2023-11-10,361.2099304199219,369.6700134277344,370.1000061035156,361.07000732421875,361.489990234375,28042100,MSFT
2023-11-13,358.2882995605469,366.67999267578125,368.4700012207031,365.8999938964844,368.2200012207031,19986500,MSFT
2023-11-14,361.79620361328125,370.2699890136719,371.95001220703125,367.3500061035156,371.010009765625,27683900,MSFT
2023-11-15,361.94305419921875,369.6700134277344,373.1300048828125,367.1099853515625,371.2799987792969,26860100,MSFT
2023-11-16,368.3071594238281,376.1700134277344,376.3500061035156,370.17999267578125,370.9599914550781,27182300,MSFT
2023-11-17,362.1192626953125,369.8500061035156,374.3699951171875,367.0,373.6099853515625,40157000,MSFT
2023-11-20,369.55059814453125,377.44000244140625,378.8699951171875,371.0,371.2200012207031,52465100,MSFT
2023-11-21,365.27197265625,373.07000732421875,376.2200012207031,371.1199951171875,375.6700134277344,28423100,MSFT
2023-11-22,369.95208740234375,377.8500061035156,379.7900085449219,374.9700012207031,378.0,23345300,MSFT
2023-11-24,369.540771484375,377.42999267578125,377.9700012207031,375.1400146484375,377.3299865722656,10176600,MSFT
2023-11-27,370.69610595703125,378.6099853515625,380.6400146484375,376.20001220703125,376.7799987792969,22179200,MSFT
2023-11-28,374.70068359375,382.70001220703125,383.0,378.1600036621094,378.3500061035156,20453100,MSFT
2023-11-29,370.93115234375,378.8500061035156,384.29998779296875,377.44000244140625,383.760009765625,28963400,MSFT
2023-11-30,370.98992919921875,378.9100036621094,380.0899963378906,375.4700012207031,378.489990234375,30554400,MSFT
2023-12-01,366.6819152832031,374.510009765625,378.1600036621094,371.30999755859375,376.760009765625,33040500,MSFT
2023-12-04,361.42413330078125,369.1400146484375,369.5199890136719,362.8999938964844,369.1000061035156,32063300,MSFT
2023-12-05,364.7333984375,372.5199890136719,373.0799865722656,365.6199951171875,366.45001220703125,23065000,MSFT
2023-12-06,361.0912170410156,368.79998779296875,374.17999267578125,368.0299987792969,373.5400085449219,21182100,MSFT
2023-12-07,363.1962890625,370.95001220703125,371.45001220703125,366.32000732421875,368.2300109863281,23118900,MSFT
2023-12-08,366.4076843261719,374.2300109863281,374.4599914550781,368.2300109863281,369.20001220703125,20154400,MSFT
2023-12-11,363.5389404296875,371.29998779296875,371.6000061035156,366.1000061035156,368.4800109863281,27708800,MSFT
2023-12-12,366.5545654296875,374.3800048828125,374.4200134277344,370.4599914550781,370.8500061035156,24838300,MSFT
2023-12-13,366.5447692871094,374.3699951171875,377.6400146484375,370.7699890136719,376.0199890136719,30955500,MSFT
2023-12-14,358.2812194824219,365.92999267578125,373.760009765625,364.1300048828125,373.30999755859375,43277500,MSFT
2023-12-15,362.9808349609375,370.7300109863281,372.3999938964844,366.2799987792969,366.8500061035156,78502300,MSFT
2023-12-18,364.8607177734375,372.6499938964844,373.0,368.67999267578125,369.45001220703125,21802900,MSFT
2023-12-19,365.4580078125,373.260009765625,373.260009765625,369.8399963378906,371.489990234375,20603700,MSFT
2023-12-20,362.8731689453125,370.6199951171875,376.0299987792969,370.5299987792969,375.0,26316700,MSFT
2023-12-21,365.7321472167969,373.5400085449219,374.4100036621094,370.0400085449219,372.55999755859375,17708000,MSFT
2023-12-22,366.7503356933594,374.5799865722656,375.17999267578125,372.7099914550781,373.67999267578125,17107500,MSFT
2023-12-26,366.8287353515625,374.6600036621094,376.94000244140625,373.5,375.0,12673100,MSFT
2023-12-27,366.2510070800781,374.07000732421875,375.05999755859375,372.80999755859375,373.69000244140625,14905400,MSFT
2023-12-28,367.43572998046875,375.2799987792969,376.4599914550781,374.1600036621094,375.3699951171875,14327000,MSFT
2023-12-29,368.17987060546875,376.0400085449219,377.1600036621094,373.4800109863281,376.0,18730800,MSFT
2024-01-02,363.1180114746094,370.8699951171875,375.8999938964844,366.7699890136719,373.8599853515625,25258600,MSFT
2024-01-03,362.8536071777344,370.6000061035156,373.260009765625,368.510009765625,369.010009765625,23083500,MSFT
2024-01-04,360.2491760253906,367.94000244140625,373.1000061035156,367.1700134277344,370.6700134277344,20901500,MSFT
2024-01-05,360.0631103515625,367.75,372.05999755859375,366.5,368.9700012207031,21004600,MSFT
2024-01-08,366.85809326171875,374.69000244140625,375.20001220703125,369.010009765625,369.29998779296875,23134000,MSFT
2024-01-09,367.93511962890625,375.7900085449219,375.989990234375,371.19000244140625,372.010009765625,20830000,MSFT
2024-01-10,374.7691650390625,382.7699890136719,384.1700134277344,376.32000732421875,376.3699951171875,25514200,MSFT
2024-01-11,376.5903015136719,384.6300048828125,390.67999267578125,380.3800048828125,386.0,27850800,MSFT
2024-01-12,380.3500671386719,388.4700012207031,388.67999267578125,384.6499938964844,385.489990234375,21661200,MSFT
2024-01-16,382.1124267578125,390.2699890136719,394.0299987792969,387.6199951171875,393.6600036621094,27202300,MSFT
2024-01-17,381.32916259765625,389.4700012207031,390.1099853515625,384.80999755859375,387.9800109863281,22234100,MSFT
2024-01-18,385.63720703125,393.8699951171875,393.989990234375,390.1199951171875,391.7200012207031,23392100,MSFT
2024-01-19,390.33685302734375,398.6700134277344,398.6700134277344,393.5,395.760009765625,29331100,MSFT
2024-01-22,388.22198486328125,396.510009765625,400.6199951171875,393.5899963378906,400.0199890136719,27016900,MSFT
2024-01-23,390.56201171875,398.8999938964844,399.3800048828125,393.92999267578125,395.75,20525900,MSFT
2024-01-24,394.1455383300781,402.55999755859375,405.6300048828125,400.45001220703125,401.5400085449219,24867000,MSFT
2024-01-25,396.4072570800781,404.8699951171875,407.010009765625,402.5299987792969,404.32000732421875,21021200,MSFT
2024-01-26,395.4869079589844,403.92999267578125,406.1700134277344,402.42999267578125,404.3699951171875,17803300,MSFT
2024-01-29,401.1558837890625,409.7200012207031,409.9800109863281,404.3299865722656,406.05999755859375,24510200,MSFT
2024-01-30,400.0494689941406,408.5899963378906,413.04998779296875,406.45001220703125,412.260009765625,33477600,MSFT
2024-01-31,389.2696228027344,397.5799865722656,415.32000732421875,397.2099914550781,406.9599914550781,47871100,MSFT
2024-02-01,395.3400573730469,403.7799987792969,408.0,401.79998779296875,401.8299865722656,30657700,MSFT
2024-02-02,402.6245422363281,411.2200012207031,412.6499938964844,403.55999755859375,403.80999755859375,28256700,MSFT
2024-02-05,397.1709899902344,405.6499938964844,411.1600036621094,403.989990234375,409.8999938964844,25352300,MSFT
2024-02-06,397.0142822265625,405.489990234375,407.9700012207031,402.9100036621094,405.8800048828125,18382600,MSFT
2024-02-07,405.3953552246094,414.04998779296875,414.29998779296875,407.3999938964844,407.44000244140625,22340500,MSFT
2024-02-08,405.4541320800781,414.1099853515625,415.55999755859375,412.5299987792969,414.04998779296875,21225300,MSFT
2024-02-09,411.759521484375,420.54998779296875,420.82000732421875,415.0899963378906,415.25,22032800,MSFT
2024-02-12,406.580078125,415.260009765625,420.739990234375,414.75,420.55999755859375,21202900,MSFT
2024-02-13,397.82696533203125,406.32000732421875,410.07000732421875,403.3900146484375,404.94000244140625,27824900,MSFT
2024-02-14,401.6720886230469,409.489990234375,409.8399963378906,404.57000732421875,408.07000732421875,20401200,MSFT
2024-02-15,398.798095703125,406.55999755859375,409.1300048828125,404.2900085449219,408.1400146484375,21825500,MSFT
2024-02-16,396.3458251953125,404.05999755859375,408.2900085449219,403.44000244140625,407.9599914550781,22296500,MSFT
2024-02-20,395.1000061035156,402.7900085449219,404.489990234375,398.010009765625,403.239990234375,24307900,MSFT
2024-02-21,394.50164794921875,402.17999267578125,402.2900085449219,397.2200012207031,400.1700134277344,18518900,MSFT
2024-02-22,403.7908935546875,411.6499938964844,412.8299865722656,408.57000732421875,410.19000244140625,27009900,MSFT
2024-02-23,402.505859375,410.3399963378906,415.8599853515625,408.9700012207031,415.6700134277344,16295900,MSFT
2024-02-26,399.7594299316406,407.5400085449219,412.1600036621094,407.3599853515625,411.4599914550781,16193500,MSFT
2024-02-27,399.7004699707031,407.4800109863281,408.32000732421875,403.8500061035156,407.989990234375,14835800,MSFT
2024-02-28,399.9358825683594,407.7200012207031,409.29998779296875,405.32000732421875,408.17999267578125,13183100,MSFT
2024-02-29,405.7428894042969,413.6400146484375,414.20001220703125,405.9200134277344,408.6400146484375,31947300,MSFT
2024-03-01,407.5673522949219,415.5,415.8699951171875,410.8800048828125,411.2699890136719,17823400,MSFT
2024-03-04,406.9984436035156,414.9200134277344,417.3500061035156,412.32000732421875,413.44000244140625,17596000,MSFT
2024-03-05,394.9626770019531,402.6499938964844,414.25,400.6400146484375,413.9599914550781,26919200,MSFT
2024-03-06,394.41339111328125,402.0899963378906,405.1600036621094,398.3900146484375,402.9700012207031,22344100,MSFT
2024-03-07,401.32879638671875,409.1400146484375,409.7799987792969,402.239990234375,406.1199951171875,18718500,MSFT
2024-03-08,398.46453857421875,406.2200012207031,410.4200134277344,404.3299865722656,407.9599914550781,18002200,MSFT
2024-03-11,396.7969970703125,404.5199890136719,405.67999267578125,401.260009765625,403.760009765625,16120800,MSFT
2024-03-12,407.3515625,415.2799987792969,415.57000732421875,406.7900085449219,407.6199951171875,22457000,MSFT
2024-03-13,407.17498779296875,415.1000061035156,418.17999267578125,411.45001220703125,418.1000061035156,17115900,MSFT
2024-03-14,417.10174560546875,425.2200012207031,427.82000732421875,417.989990234375,420.239990234375,34157300,MSFT
2024-03-15,408.46978759765625,416.4200134277344,422.6000061035156,412.7900085449219,419.2900085449219,45079900,MSFT
2024-03-18,409.3525695800781,417.32000732421875,420.7300109863281,413.7799987792969,414.25,20106000,MSFT
2024-03-19,413.364501953125,421.4100036621094,421.6700134277344,415.54998779296875,417.8299865722656,19837900,MSFT
2024-03-20,417.1116027832031,425.2300109863281,425.9599914550781,420.6600036621094,422.0,17860100,MSFT
2024-03-21,421.1725158691406,429.3699951171875,430.82000732421875,427.1600036621094,429.8299865722656,21296200,MSFT
2024-03-22,420.5545959472656,428.739990234375,429.8599853515625,426.07000732421875,429.70001220703125,17648500,MSFT
2024-03-25,414.78680419921875,422.8599853515625,427.4100036621094,421.6099853515625,425.239990234375,18060500,MSFT
2024-03-26,413.5998840332031,421.6499938964844,425.989990234375,421.3500061035156,425.6099853515625,16725600,MSFT
2024-03-27,413.3841552734375,421.42999267578125,424.45001220703125,419.010009765625,424.44000244140625,16705000,MSFT
2024-03-28,412.6876525878906,420.7200012207031,421.8699951171875,419.1199951171875,420.9599914550781,21871200,MSFT
2024-04-01,416.4642333984375,424.57000732421875,427.8900146484375,422.2200012207031,423.95001220703125,16316000,MSFT
2024-04-02,413.39398193359375,421.44000244140625,422.3800048828125,417.8399963378906,420.1099853515625,17912000,MSFT
2024-04-03,412.4228820800781,420.45001220703125,423.260009765625,419.0899963378906,419.7300109863281,16502300,MSFT
2024-04-04,409.9019775390625,417.8800048828125,428.6700134277344,417.57000732421875,424.989990234375,19370900,MSFT
2024-04-05,417.39605712890625,425.5199890136719,426.510009765625,418.32000732421875,420.010009765625,16554800,MSFT
2024-04-08,416.48382568359375,424.5899963378906,427.2799987792969,423.29998779296875,425.1700134277344,14272400,MSFT
2024-04-09,418.14154052734375,426.2799987792969,427.739990234375,421.6199951171875,426.44000244140625,12496900,MSFT
2024-04-10,415.17919921875,423.260009765625,424.0299987792969,419.70001220703125,422.19000244140625,16216600,MSFT
2024-04-11,419.760009765625,427.92999267578125,429.3699951171875,422.3599853515625,425.82000732421875,17966400,MSFT
2024-04-12,413.84515380859375,421.8999938964844,425.17999267578125,419.7699890136719,424.04998779296875,19253800,MSFT
2024-04-15,405.7428894042969,413.6400146484375,426.82000732421875,413.42999267578125,426.6000061035156,20273500,MSFT
2024-04-16,406.6648864746094,414.5799865722656,418.3999938964844,413.7300109863281,414.57000732421875,16765600,MSFT
2024-04-17,403.9772644042969,411.8399963378906,418.8800048828125,410.3299865722656,417.25,15855500,MSFT
2024-04-18,396.5517272949219,404.2699890136719,411.8900146484375,403.95001220703125,410.6300048828125,21029900,MSFT
2024-04-19,391.5000915527344,399.1199951171875,405.4800109863281,397.7699890136719,404.0299987792969,30565800,MSFT
2024-04-22,393.3049621582031,400.9599914550781,402.8500061035156,395.75,400.0799865722656,20286900,MSFT
2024-04-23,399.788818359375,407.57000732421875,408.20001220703125,403.05999755859375,404.239990234375,15734500,MSFT
2024-04-24,401.2503356933594,409.05999755859375,412.4700012207031,406.7799987792969,409.55999755859375,15065300,MSFT
2024-04-25,391.4216613769531,399.0400085449219,399.8900146484375,388.0299987792969,394.0299987792969,40586500,MSFT
2024-04-26,398.5626220703125,406.32000732421875,413.0,405.760009765625,412.1700134277344,29694700,MSFT
2024-04-29,394.5703430175781,402.25,406.32000732421875,399.19000244140625,405.25,19582100,MSFT
2024-04-30,381.8970031738281,389.3299865722656,402.1600036621094,389.1700134277344,401.489990234375,28781400,MSFT
2024-05-01,387.39990234375,394.94000244140625,401.7200012207031,390.30999755859375,392.6099853515625,23562500,MSFT
2024-05-02,390.2445068359375,397.8399963378906,399.92999267578125,394.6499938964844,397.6600036621094,17709400,MSFT
2024-05-03,398.8961181640625,406.6600036621094,407.1499938964844,401.8599853515625,402.2799987792969,17446700,MSFT
2024-05-06,405.644775390625,413.5400085449219,413.92999267578125,406.3699951171875,408.760009765625,16996600,MSFT
2024-05-07,401.5249938964844,409.3399963378906,414.6700134277344,409.0899963378906,414.6600036621094,20018200,MSFT
2024-05-08,402.7020263671875,410.5400085449219,412.2300109863281,406.7099914550781,408.1700134277344,11792300,MSFT
2024-05-09,404.44805908203125,412.32000732421875,412.7200012207031,409.1000061035156,410.57000732421875,14689700,MSFT
2024-05-10,406.8218688964844,414.739990234375,415.3800048828125,411.79998779296875,412.94000244140625,13402300,MSFT
2024-05-13,405.8212890625,413.7200012207031,418.3500061035156,410.82000732421875,418.010009765625,15440200,MSFT
2024-05-14,408.60711669921875,416.55999755859375,417.489990234375,411.54998779296875,412.0199890136719,15109300,MSFT
2024-05-15,415.75115966796875,423.0799865722656,423.80999755859375,417.2699890136719,417.8999938964844,22239500,MSFT
2024-05-16,413.6973571777344,420.989990234375,425.4200134277344,420.3500061035156,421.79998779296875,17530100,MSFT
2024-05-17,412.930908203125,420.2099914550781,422.9200134277344,418.0299987792969,422.5400085449219,15352200,MSFT
2024-05-20,417.9720458984375,425.3399963378906,426.7699890136719,419.989990234375,420.2099914550781,16272100,MSFT
2024-05-21,421.6080017089844,429.0400085449219,432.9700012207031,424.8500061035156,426.8299865722656,21453300,MSFT
2024-05-22,423.06231689453125,430.5199890136719,432.4100036621094,427.1300048828125,430.0899963378906,18073700,MSFT
2024-05-23,419.60333251953125,427.0,433.6000061035156,425.4200134277344,432.9700012207031,17211700,MSFT
2024-05-24,422.70855712890625,430.1600036621094,431.05999755859375,424.4100036621094,427.19000244140625,11855300,MSFT
2024-05-28,422.8657531738281,430.32000732421875,430.82000732421875,426.6000061035156,429.6300048828125,15718000,MSFT
2024-05-29,421.7357177734375,429.1700134277344,430.94000244140625,425.69000244140625,425.69000244140625,15517100,MSFT
2024-05-30,407.4869079589844,414.6700134277344,424.29998779296875,414.239990234375,424.29998779296875,28394500,MSFT
2024-05-31,407.93890380859375,415.1300048828125,416.75,404.510009765625,416.75,47995300,MSFT
2024-06-03,406.35675048828125,413.5199890136719,416.42999267578125,408.9200134277344,415.5299987792969,17484700,MSFT
2024-06-04,408.8626403808594,416.07000732421875,416.44000244140625,409.67999267578125,412.42999267578125,14348900,MSFT
2024-06-05,416.66510009765625,424.010009765625,424.0799865722656,416.29998779296875,417.80999755859375,16988000,MSFT
2024-06-06,417.1662292480469,424.5199890136719,425.30999755859375,420.5799865722656,424.010009765625,14861300,MSFT
2024-06-07,416.5079040527344,423.8500061035156,426.2799987792969,423.0,426.20001220703125,13621700,MSFT
2024-06-10,420.458251953125,427.8699951171875,428.0799865722656,423.8900146484375,424.70001220703125,13982900,MSFT
2024-06-11,425.1849365234375,432.67999267578125,432.82000732421875,425.25,425.4800109863281,14551100,MSFT
2024-06-12,433.41973876953125,441.05999755859375,443.3999938964844,433.25,435.32000732421875,22366200,MSFT
2024-06-13,433.9307556152344,441.5799865722656,443.3900146484375,439.3699951171875,440.8500061035156,15960600,MSFT
2024-06-14,434.9035949707031,442.57000732421875,443.1400146484375,436.7200012207031,438.2799987792969,13582000,MSFT
2024-06-17,440.6031188964844,448.3699951171875,450.94000244140625,440.7200012207031,442.5899963378906,20790000,MSFT
2024-06-18,438.6082763671875,446.3399963378906,450.1400146484375,444.8900146484375,449.7099914550781,17112500,MSFT
2024-06-20,437.9794006347656,445.70001220703125,446.5299987792969,441.2699890136719,446.29998779296875,19877400,MSFT
2024-06-21,441.98870849609375,449.7799987792969,450.5799865722656,446.510009765625,447.3800048828125,34187100,MSFT
2024-06-24,439.9152526855469,447.6700134277344,452.75,446.4100036621094,449.79998779296875,15913700,MSFT
2024-06-25,443.1383972167969,450.95001220703125,451.4200134277344,446.75,448.25,16413400,MSFT
2024-06-26,444.3274841308594,452.1600036621094,453.6000061035156,448.19000244140625,449.0,16507000,MSFT
2024-06-27,445.0055236816406,452.8500061035156,456.1700134277344,451.7699890136719,452.17999267578125,14806300,MSFT
2024-06-28,439.20770263671875,446.95001220703125,455.3800048828125,446.4100036621094,453.07000732421875,28362300,MSFT
2024-07-01,448.8183288574219,456.7300109863281,457.3699951171875,445.6600036621094,448.6600036621094,17662800,MSFT
2024-07-02,451.3241271972656,459.2799987792969,459.5899963378906,453.1099853515625,453.20001220703125,13979800,MSFT
2024-07-03,452.78826904296875,460.7699890136719,461.0199890136719,457.8800048828125,458.19000244140625,9932800,MSFT
2024-07-05,459.460693359375,467.55999755859375,468.3500061035156,458.9700012207031,459.6099853515625,16000300,MSFT
2024-07-08,458.1635437011719,466.239990234375,467.70001220703125,464.4599914550781,466.54998779296875,12962300,MSFT
2024-07-09,451.5796203613281,459.5400085449219,467.3299865722656,458.0,467.0,17207200,MSFT
2024-07-10,458.1733703613281,466.25,466.4599914550781,458.8599853515625,461.2200012207031,18196100,MSFT
2024-07-11,446.8235168457031,454.70001220703125,464.7799987792969,451.54998779296875,462.9800109863281,23111200,MSFT
2024-07-12,445.693359375,453.54998779296875,456.3599853515625,450.6499938964844,454.3299865722656,16324300,MSFT
2024-07-15,446.0962829589844,453.9599914550781,457.260009765625,451.42999267578125,453.29998779296875,14429400,MSFT
2024-07-16,441.7331848144531,449.5199890136719,454.29998779296875,446.6600036621094,454.2200012207031,17175700,MSFT
2024-07-17,435.83709716796875,443.5199890136719,444.8500061035156,439.17999267578125,442.5899963378906,21778000,MSFT
2024-07-18,432.74169921875,440.3699951171875,444.6499938964844,434.3999938964844,444.3399963378906,20794800,MSFT
2024-07-19,429.53814697265625,437.1099853515625,441.1400146484375,432.0,433.1000061035156,20940400,MSFT
2024-07-22,435.26715087890625,442.94000244140625,444.6000061035156,438.9100036621094,441.7900085449219,15808800,MSFT
2024-07-23,437.14404296875,444.8500061035156,448.3900146484375,443.1000061035156,443.8999938964844,13107100,MSFT
2024-07-24,421.47039794921875,428.8999938964844,441.4800109863281,427.5899963378906,440.45001220703125,26805800,MSFT
2024-07-25,411.15228271484375,418.3999938964844,429.79998779296875,417.510009765625,428.79998779296875,29943800,MSFT
2024-07-26,417.9032287597656,425.2699890136719,428.9200134277344,417.2699890136719,418.20001220703125,23583800,MSFT
2024-07-29,419.3379821777344,426.7300109863281,432.1499938964844,424.70001220703125,431.5799865722656,15125800,MSFT
2024-07-30,415.59393310546875,422.9200134277344,429.04998779296875,417.3599853515625,427.7200012207031,32687600,MSFT
2024-07-31,411.1031799316406,418.3500061035156,421.7799987792969,412.2099914550781,420.5,42891400,MSFT
2024-08-01,409.88458251953125,417.1099853515625,427.4599914550781,413.0899963378906,420.7900085449219,30296400,MSFT
2024-08-02,401.4139099121094,408.489990234375,415.0,404.3399963378906,412.489990234375,29437900,MSFT
2024-08-05,388.3049621582031,395.1499938964844,401.0400085449219,385.5799865722656,389.1700134277344,40709200,MSFT
2024-08-06,392.687744140625,399.6099853515625,405.6700134277344,398.5,400.0,24946500,MSFT
2024-08-07,391.52813720703125,398.42999267578125,410.0799865722656,397.4700012207031,408.6400146484375,20650900,MSFT
2024-08-08,395.71441650390625,402.69000244140625,405.8599853515625,399.94000244140625,402.44000244140625,20203000,MSFT
2024-08-09,398.9866943359375,406.0199890136719,408.04998779296875,402.260009765625,404.0299987792969,19276700,MSFT
2024-08-12,399.76300048828125,406.80999755859375,408.760009765625,404.239990234375,407.05999755859375,16762900,MSFT
2024-08-13,406.83831787109375,414.010009765625,414.95001220703125,409.57000732421875,409.5899963378906,19414300,MSFT
2024-08-14,409.63897705078125,416.8599853515625,417.7200012207031,412.45001220703125,414.79998779296875,18267000,MSFT
2024-08-15,414.482421875,421.0299987792969,421.1099853515625,417.6600036621094,419.79998779296875,20752100,MSFT
2024-08-16,411.9622497558594,418.4700012207031,421.3399963378906,417.29998779296875,420.6000061035156,22775600,MSFT
2024-08-19,414.9746398925781,421.5299987792969,421.75,416.4599914550781,418.9599914550781,15234000,MSFT
2024-08-20,418.19378662109375,424.79998779296875,425.8599853515625,421.6400146484375,421.70001220703125,16387600,MSFT
2024-08-21,417.5440979003906,424.1400146484375,426.3999938964844,421.7200012207031,424.0799865722656,16067300,MSFT
2024-08-22,409.0876159667969,415.54998779296875,426.7900085449219,414.6099853515625,424.3599853515625,19361900,MSFT
2024-08-23,410.30841064453125,416.7900085449219,419.260009765625,412.0899963378906,416.9800109863281,18493800,MSFT
2024-08-26,407.0597229003906,413.489990234375,417.2799987792969,411.3399963378906,416.3699951171875,13152800,MSFT
2024-08-27,407.40423583984375,413.8399963378906,414.3599853515625,410.25,412.8599853515625,13492900,MSFT
2024-08-28,404.2146301269531,410.6000061035156,415.0,407.30999755859375,414.8800048828125,14882700,MSFT
2024-08-29,406.6954345703125,413.1199951171875,422.04998779296875,410.6000061035156,414.94000244140625,17045200,MSFT
2024-08-30,410.6529235839844,417.1400146484375,417.489990234375,412.1300048828125,415.6000061035156,24308300,MSFT
2024-09-03,403.0726318359375,409.44000244140625,419.8800048828125,407.0299987792969,417.9100036621094,20313600,MSFT
2024-09-04,402.5410461425781,408.8999938964844,411.239990234375,404.3699951171875,405.9100036621094,15135800,MSFT
2024-09-05,402.0389709472656,408.3900146484375,413.1000061035156,406.1300048828125,407.6199951171875,14195500,MSFT
2024-09-06,395.45306396484375,401.70001220703125,410.6499938964844,400.79998779296875,409.05999755859375,19609500,MSFT
2024-09-09,399.4104919433594,405.7200012207031,408.6499938964844,402.1499938964844,407.239990234375,15295100,MSFT
2024-09-10,407.7586364746094,414.20001220703125,416.3299865722656,407.70001220703125,408.20001220703125,19594300,MSFT
2024-09-11,416.461181640625,423.0400085449219,423.989990234375,409.5799865722656,415.5,19266900,MSFT
2024-09-12,420.3595886230469,427.0,427.3699951171875,419.75,423.30999755859375,17395700,MSFT
2024-09-13,423.89373779296875,430.5899963378906,431.8299865722656,425.4599914550781,425.8299865722656,15874600,MSFT
2024-09-16,424.6321105957031,431.3399963378906,433.5299987792969,428.2200012207031,430.6000061035156,13834700,MSFT
2024-09-17,428.3828430175781,435.1499938964844,441.8500061035156,432.2699890136719,440.2300109863281,18874200,MSFT
2024-09-18,424.1103210449219,430.80999755859375,436.0299987792969,430.4100036621094,435.0,18898000,MSFT
2024-09-19,431.8677978515625,438.69000244140625,441.5,436.8999938964844,441.2300109863281,21706600,MSFT
2024-09-20,428.5009460449219,435.2699890136719,439.239990234375,434.2200012207031,437.2200012207031,55167100,MSFT
2024-09-23,426.7684020996094,433.510009765625,436.4599914550781,430.3900146484375,434.2799987792969,15128900,MSFT
2024-09-24,422.495849609375,429.1700134277344,433.3500061035156,426.1000061035156,433.0,17015800,MSFT
2024-09-25,425.3901062011719,432.1099853515625,433.1199951171875,428.57000732421875,429.8299865722656,13396400,MSFT
2024-09-26,424.60260009765625,431.30999755859375,435.29998779296875,429.1300048828125,435.0899963378906,14492000,MSFT
2024-09-27,421.3637390136719,428.0199890136719,431.8500061035156,427.4700012207031,431.5199890136719,14896100,MSFT
2024-09-30,423.6082458496094,430.29998779296875,430.4200134277344,425.3699951171875,428.2099914550781,16807300,MSFT
2024-10-01,414.147705078125,420.69000244140625,428.4800109863281,418.80999755859375,428.45001220703125,19092900,MSFT
2024-10-02,410.64312744140625,417.1300048828125,422.82000732421875,416.7099914550781,422.5799865722656,16582300,MSFT
2024-10-03,410.06231689453125,416.5400085449219,419.54998779296875,414.2900085449219,417.6300048828125,13686400,MSFT
2024-10-04,409.5897216796875,416.05999755859375,419.75,414.9700012207031,418.239990234375,19169700,MSFT
2024-10-07,403.1711120605469,409.5400085449219,417.1099853515625,409.0,416.0,20919800,MSFT
2024-10-08,408.2607116699219,414.7099914550781,415.6600036621094,408.1700134277344,410.8999938964844,19229300,MSFT
2024-10-09,410.9679260253906,417.4599914550781,420.3800048828125,414.29998779296875,415.8599853515625,14974300,MSFT
2024-10-10,409.37310791015625,415.8399963378906,417.3500061035156,413.1499938964844,415.2300109863281,13848400,MSFT
2024-10-11,409.845703125,416.32000732421875,417.1300048828125,413.25,416.1400146484375,14144900,MSFT
2024-10-14,412.6218566894531,419.1400146484375,424.0400085449219,417.5199890136719,417.7699890136719,16653100,MSFT
2024-10-15,412.22802734375,418.739990234375,422.4800109863281,415.260009765625,422.17999267578125,18900200,MSFT
2024-10-16,409.6487731933594,416.1199951171875,416.3599853515625,410.4800109863281,415.1700134277344,15508900,MSFT
2024-10-17,410.2394714355469,416.7200012207031,422.5,415.5899963378906,422.3599853515625,14820000,MSFT
2024-10-18,411.6570739746094,418.1600036621094,419.6499938964844,416.260009765625,417.1400146484375,17145300,MSFT
2024-10-21,412.26739501953125,418.7799987792969,418.9599914550781,413.75,416.1199951171875,14206100,MSFT
2024-10-22,420.86163330078125,427.510009765625,430.5799865722656,418.0400085449219,418.489990234375,25482200,MSFT
2024-10-23,417.9969177246094,424.6000061035156,431.0799865722656,422.5299987792969,430.8599853515625,19654400,MSFT
2024-10-24,418.1248779296875,424.7300109863281,425.9800109863281,422.3999938964844,425.3299865722656,13581600,MSFT
2024-10-25,421.49169921875,428.1499938964844,432.5199890136719,426.57000732421875,426.760009765625,16899100,MSFT
2024-10-28,419.9559631347656,426.5899963378906,431.94000244140625,426.29998779296875,431.6600036621094,14882400,MSFT
2024-10-29,425.2326354980469,431.95001220703125,433.1700134277344,425.79998779296875,428.0,17644100,MSFT
2024-10-30,425.8036193847656,432.5299987792969,438.5,432.1000061035156,437.44000244140625,29749100,MSFT
2024-10-31,400.0307312011719,406.3500061035156,416.1600036621094,406.29998779296875,415.3599853515625,53971000,MSFT
2024-11-01,403.9881896972656,410.3699951171875,415.5,407.5,409.010009765625,24230400,MSFT
2024-11-04,402.10784912109375,408.4599914550781,410.4200134277344,405.57000732421875,409.79998779296875,19672300,MSFT
2024-11-05,405.0612487792969,411.4599914550781,414.8999938964844,408.0799865722656,408.3699951171875,17626000,MSFT
2024-11-06,413.6456604003906,420.17999267578125,420.45001220703125,410.5199890136719,412.4200134277344,26681800,MSFT
2024-11-07,418.81396484375,425.42999267578125,426.8500061035156,419.8800048828125,421.2799987792969,19901800,MSFT
2024-11-08,415.9689636230469,422.5400085449219,426.5,421.7799987792969,425.32000732421875,16891400,MSFT
2024-11-11,411.5093994140625,418.010009765625,424.80999755859375,416.0,422.5199890136719,24503300,MSFT
2024-11-12,416.4512939453125,423.0299987792969,424.44000244140625,417.20001220703125,418.25,19401200,MSFT
2024-11-13,418.5876159667969,425.20001220703125,429.3299865722656,418.2099914550781,421.6400146484375,21502200,MSFT
2024-11-14,420.2513427734375,426.8900146484375,428.1700134277344,420.0,425.0,30246900,MSFT
2024-11-15,408.5462646484375,415.0,422.79998779296875,413.6400146484375,419.82000732421875,28247600,MSFT
2024-11-18,409.2944030761719,415.760009765625,418.3999938964844,412.1000061035156,414.8699951171875,24727000,MSFT
2024-11-19,411.2928466796875,417.7900085449219,417.94000244140625,411.54998779296875,413.1099853515625,18133500,MSFT
2024-11-20,409.0285949707031,415.489990234375,417.2900085449219,410.5799865722656,416.8699951171875,19191700,MSFT
2024-11-21,407.2629089355469,412.8699951171875,419.7799987792969,410.2900085449219,419.5,20780200,MSFT
2024-11-22,411.3367614746094,417.0,417.3999938964844,411.05999755859375,411.3699951171875,24814600,MSFT
2024-11-25,413.1025085449219,418.7900085449219,421.0799865722656,414.8500061035156,418.3800048828125,27691100,MSFT
2024-11-26,422.17755126953125,427.989990234375,429.0400085449219,418.8500061035156,419.5899963378906,23458900,MSFT
2024-11-27,417.2454528808594,422.989990234375,427.2300109863281,422.0199890136719,425.1099853515625,18332400,MSFT
2024-11-29,417.70904541015625,423.4599914550781,424.8800048828125,417.79998779296875,420.0899963378906,16271900,MSFT
2024-12-02,425.126953125,430.9800109863281,433.0,421.30999755859375,421.57000732421875,20207200,MSFT
2024-12-03,425.3439636230469,431.20001220703125,432.4700012207031,427.739990234375,429.8399963378906,18302000,MSFT
2024-12-04,431.4795227050781,437.4200134277344,439.6700134277344,432.6300048828125,433.0299987792969,26009400,MSFT
2024-12-05,436.6088562011719,442.6199951171875,444.6600036621094,436.1700134277344,437.9200134277344,21697800,MSFT
2024-12-06,437.54595947265625,443.57000732421875,446.1000061035156,441.7699890136719,442.29998779296875,18821000,MSFT
2024-12-09,439.962646484375,446.0199890136719,448.3299865722656,440.5,442.6000061035156,19144400,MSFT
2024-12-10,437.3092041015625,443.3299865722656,449.6199951171875,441.6000061035156,444.3900146484375,18469500,MSFT
2024-12-11,442.8923645019531,448.989990234375,450.3500061035156,444.04998779296875,444.04998779296875,19200200,MSFT
2024-12-12,443.45458984375,449.55999755859375,456.1600036621094,449.1099853515625,449.1099853515625,20834800,MSFT
2024-12-13,441.1957092285156,447.2699890136719,451.42999267578125,445.5799865722656,448.44000244140625,20177800,MSFT
2024-12-16,445.4570007324219,451.5899963378906,452.17999267578125,445.2799987792969,447.2699890136719,23598800,MSFT
2024-12-17,448.2881164550781,454.4599914550781,455.2900085449219,449.57000732421875,451.010009765625,22733500,MSFT
2024-12-18,431.4499206542969,437.3900146484375,452.6499938964844,437.0199890136719,451.32000732421875,24444500,MSFT
2024-12-19,431.0948181152344,437.0299987792969,443.17999267578125,436.32000732421875,441.6199951171875,22963700,MSFT
2024-12-20,430.670654296875,436.6000061035156,443.739990234375,428.6300048828125,433.1099853515625,64263700,MSFT
2024-12-23,429.3389587402344,435.25,437.6499938964844,432.8299865722656,436.739990234375,19152500,MSFT
2024-12-24,433.3634948730469,439.3299865722656,439.6000061035156,434.19000244140625,434.6499938964844,7164500,MSFT
2024-12-26,432.16009521484375,438.1099853515625,440.94000244140625,436.6300048828125,439.0799865722656,8194200,MSFT
2024-12-27,424.68310546875,430.5299987792969,435.2200012207031,426.3500061035156,434.6000061035156,18117700,MSFT
2024-12-30,419.0604553222656,424.8299865722656,427.54998779296875,421.8999938964844,426.05999755859375,13158700,MSFT
2024-12-31,415.7756652832031,421.5,426.7300109863281,420.6600036621094,426.1000061035156,13246500,MSFT
